CustomerID,first_purchase,last_purchase,total_items_bought,total_orders,total_quantity,avg_quantity_per_line,total_spend,avg_order_value,unique_products_bought,weekend_purchase_ratio,is_churned,days_as_customer,purchase_frequency_days,R_Score,F_Score,M_Score,RFM_Segment
12346,2009-12-14 08:34:00,2011-01-18 10:01:00,34,12,74285,2184.8529411764707,77556.46,2281.0723529411766,27,0.25,1,401,33.4,2,5,5,At Risk
12347,2010-10-31 14:20:00,2011-12-07 15:52:00,222,8,2967,13.364864864864865,4921.53,22.169054054054055,126,0.25,0,403,50.4,5,4,5,Champions
12348,2010-09-27 14:59:00,2011-09-25 13:13:00,51,5,2714,53.21568627450981,2019.4,39.596078431372554,25,0.25,0,363,72.6,3,4,4,Loyal Customers
12349,2010-04-29 13:20:00,2011-11-21 09:51:00,175,4,1624,9.28,4428.69,25.3068,138,0.25,0,571,142.8,5,3,5,Loyal Customers
12350,2011-02-02 16:01:00,2011-02-02 16:01:00,17,1,197,11.588235294117647,334.4,19.670588235294115,17,0.25,1,1,1.0,2,1,2,Lost / Inactive
12351,2010-11-29 15:23:00,2010-11-29 15:23:00,21,1,261,12.428571428571429,300.93,14.33,21,0.25,1,1,1.0,2,1,2,Lost / Inactive
12352,2010-11-12 10:20:00,2011-11-03 14:37:00,103,10,724,7.029126213592233,2849.84,27.668349514563108,70,0.25,0,357,35.7,4,5,4,Champions
12353,2010-10-27 12:44:00,2011-05-19 17:47:00,24,2,212,8.833333333333334,406.76,16.948333333333334,23,0.25,1,205,102.5,2,2,2,Lost / Inactive
12354,2011-04-21 13:11:00,2011-04-21 13:11:00,58,1,530,9.137931034482758,1079.4,18.610344827586207,58,0.25,1,1,1.0,2,1,3,Lost / Inactive
12355,2010-05-21 11:59:00,2011-05-09 13:49:00,35,2,543,15.514285714285714,947.61,27.074571428571428,35,0.25,1,354,177.0,2,2,3,Lost / Inactive
12356,2010-10-11 09:42:00,2011-11-17 08:40:00,142,6,3416,24.056338028169016,6371.73,44.87133802816901,104,0.25,0,402,67.0,4,4,5,Champions
12357,2010-11-16 10:05:00,2011-11-06 16:07:00,296,3,6587,22.25337837837838,18287.66,61.78263513513514,261,0.25,0,356,118.7,4,3,5,Loyal Customers
12358,2009-12-08 07:59:00,2011-12-08 10:26:00,77,5,1079,14.012987012987013,3887.07,50.48142857142857,56,0.25,0,731,146.2,5,4,5,Champions
12359,2009-12-05 13:32:00,2011-10-13 12:47:00,362,10,2739,7.566298342541437,8873.39,24.5121270718232,305,0.25,0,677,67.7,4,5,5,Champions
12360,2010-02-22 09:32:00,2011-10-18 15:22:00,217,8,2459,11.331797235023041,4252.89,19.59857142857143,160,0.25,0,604,75.5,4,4,5,Champions
12361,2010-01-26 14:37:00,2011-02-25 13:51:00,29,4,235,8.10344827586207,511.25,17.629310344827587,18,0.25,1,395,98.8,2,3,2,At Risk
12362,2009-12-01 10:10:00,2011-12-06 15:40:00,267,11,2230,8.352059925093632,5356.23,20.06078651685393,201,0.25,0,736,66.9,5,5,5,Champions
12363,2011-04-11 13:29:00,2011-08-22 10:18:00,23,2,408,17.73913043478261,552.0,24.0,23,0.25,1,133,66.5,3,2,2,Needs Attention
12364,2011-08-19 15:24:00,2011-12-02 10:22:00,85,4,1506,17.71764705882353,1313.1,15.448235294117646,70,0.25,0,105,26.2,5,3,4,Loyal Customers
12365,2011-02-21 13:51:00,2011-02-21 14:04:00,22,2,174,7.909090909090909,641.38,29.153636363636362,22,0.25,1,1,0.5,2,2,3,Lost / Inactive
12366,2010-03-16 10:28:00,2010-03-16 10:28:00,3,1,296,98.66666666666667,500.24,166.74666666666667,3,0.25,1,1,1.0,1,1,2,Lost / Inactive
12367,2011-12-05 16:48:00,2011-12-05 16:48:00,11,1,173,15.727272727272727,168.9,15.354545454545455,11,0.25,0,1,1.0,5,1,1,Promising / New
12368,2010-03-21 15:56:00,2010-03-21 15:56:00,18,1,330,18.333333333333332,917.7,50.983333333333334,18,0.25,1,1,1.0,1,1,3,Lost / Inactive
12369,2010-03-08 08:09:00,2010-10-22 13:13:00,93,3,1241,13.344086021505376,1791.1499999999999,19.259677419354837,90,0.25,1,229,76.3,1,3,4,At Risk
12370,2010-02-09 09:41:00,2011-10-19 14:51:00,201,7,2604,12.955223880597014,4316.5599999999995,21.475422885572137,168,0.25,0,618,88.3,4,4,5,Champions
12371,2010-03-04 18:23:00,2011-10-26 10:16:00,167,5,1436,8.598802395209582,4067.38,24.35556886227545,134,0.25,0,601,120.2,4,4,5,Champions
12372,2011-02-16 12:46:00,2011-09-29 12:12:00,52,3,794,15.26923076923077,1298.04,24.962307692307693,34,0.25,0,225,75.0,3,3,4,Loyal Customers
12373,2010-02-04 12:08:00,2011-02-01 13:10:00,51,3,516,10.117647058823529,1127.65,22.110784313725492,36,0.25,1,363,121.0,2,3,3,At Risk
12374,2010-04-30 14:01:00,2011-11-14 15:37:00,83,4,1362,16.40963855421687,2989.22,36.01469879518072,79,0.25,0,564,141.0,4,3,5,Loyal Customers
12375,2011-09-02 14:23:00,2011-11-29 10:36:00,17,2,178,10.470588235294118,457.5,26.91176470588235,14,0.25,0,88,44.0,5,2,2,Promising / New
12376,2010-10-18 08:42:00,2010-11-15 12:15:00,13,2,240,18.46153846153846,503.15,38.70384615384615,11,0.25,1,29,14.5,2,2,2,Lost / Inactive
12377,2010-04-29 15:34:00,2011-01-28 15:45:00,152,4,2105,13.848684210526315,3426.32,22.54157894736842,129,0.25,1,275,68.8,2,3,5,At Risk
12378,2010-05-26 14:07:00,2011-08-02 10:34:00,301,2,3316,11.016611295681063,5416.32,17.994418604651162,281,0.25,1,433,216.5,3,2,5,Needs Attention
12379,2010-06-23 12:49:00,2011-09-19 10:09:00,81,4,815,10.061728395061728,1620.22,20.002716049382716,58,0.25,0,453,113.2,3,3,4,Loyal Customers
12380,2010-02-15 12:05:00,2011-11-18 11:27:00,277,11,3355,12.111913357400722,9676.3,34.93249097472924,156,0.25,0,641,58.3,4,5,5,Champions
12381,2011-08-12 09:57:00,2011-12-05 12:44:00,87,5,808,9.28735632183908,1845.31,21.21045977011494,70,0.25,0,116,23.2,5,4,4,Champions
12383,2010-12-22 14:28:00,2011-06-08 08:02:00,99,5,1532,15.474747474747474,1850.56,18.69252525252525,84,0.25,1,168,33.6,3,4,4,Loyal Customers
12384,2011-08-10 11:23:00,2011-11-11 08:39:00,27,2,126,4.666666666666667,585.27,21.676666666666666,26,0.25,0,93,46.5,4,2,2,Promising / New
12385,2010-11-25 15:14:00,2010-11-25 15:14:00,65,1,612,9.415384615384616,1938.4,29.821538461538463,65,0.25,1,1,1.0,2,1,4,Lost / Inactive
12386,2010-12-08 09:53:00,2011-01-06 12:37:00,10,2,354,35.4,401.9,40.19,10,0.25,1,30,15.0,2,2,2,Lost / Inactive
12387,2010-10-20 16:27:00,2010-10-20 16:27:00,9,1,134,14.88888888888889,143.94,15.993333333333332,9,0.25,1,1,1.0,1,1,1,Lost / Inactive
12388,2010-05-06 12:54:00,2011-11-24 12:30:00,146,8,2001,13.705479452054794,3901.11,26.719931506849317,83,0.25,0,567,70.9,5,4,5,Champions
12389,2010-02-22 10:15:00,2010-11-02 11:52:00,49,3,614,12.53061224489796,1433.33,29.251632653061222,41,0.25,1,254,84.7,2,3,4,At Risk
12390,2011-09-21 09:33:00,2011-09-21 09:33:00,32,1,353,11.03125,549.84,17.1825,32,0.25,0,1,1.0,3,1,2,Needs Attention
12391,2010-02-15 10:12:00,2011-11-18 12:07:00,267,6,1204,4.50936329588015,2724.84,10.205393258426966,241,0.25,0,642,107.0,4,4,4,Champions
12392,2010-04-27 14:04:00,2010-04-27 14:04:00,7,1,73,10.428571428571429,234.75,33.535714285714285,7,0.25,1,1,1.0,1,1,1,Lost / Inactive
12393,2010-10-07 13:49:00,2011-09-28 15:41:00,107,6,1311,12.25233644859813,2399.45,22.424766355140186,63,0.25,0,357,59.5,3,4,4,Loyal Customers
12394,2011-05-06 14:01:00,2011-10-07 08:08:00,27,2,819,30.333333333333332,1272.48,47.12888888888889,26,0.25,0,154,77.0,3,2,4,Needs Attention
12395,2010-04-16 10:16:00,2011-11-20 15:21:00,242,15,3205,13.243801652892563,4721.17,19.50896694214876,145,0.25,0,584,38.9,5,5,5,Champions
12396,2010-02-03 13:22:00,2010-02-03 13:22:00,65,1,591,9.092307692307692,931.43,14.329692307692307,65,0.25,1,1,1.0,1,1,3,Lost / Inactive
12397,2011-07-27 14:21:00,2011-11-04 09:52:00,126,2,1263,10.023809523809524,2409.9,19.126190476190477,110,0.25,0,100,50.0,4,2,4,Promising / New
12398,2011-10-25 10:27:00,2011-10-25 10:27:00,85,1,1394,16.4,1635.6599999999999,19.24305882352941,85,0.25,0,1,1.0,4,1,4,Promising / New
12399,2010-03-05 08:45:00,2011-08-12 13:15:00,110,7,2198,19.98181818181818,1962.3,17.83909090909091,67,0.25,1,526,75.1,3,4,4,Loyal Customers
12400,2010-10-21 13:45:00,2010-10-21 13:45:00,11,1,91,8.272727272727273,205.25,18.65909090909091,11,0.25,1,1,1.0,1,1,1,Lost / Inactive
12401,2011-02-09 13:50:00,2011-02-09 13:50:00,5,1,11,2.2,84.3,16.86,5,0.25,1,1,1.0,2,1,1,Lost / Inactive
12402,2010-02-07 12:41:00,2011-01-20 13:49:00,70,6,584,8.342857142857143,1256.9,17.955714285714286,43,0.25,1,348,58.0,2,4,4,At Risk
12403,2010-07-06 11:39:00,2011-10-21 10:51:00,9,2,260,28.88888888888889,1019.36,113.26222222222222,5,0.25,0,472,236.0,4,2,3,Promising / New
12404,2010-01-26 16:25:00,2010-01-26 16:25:00,1,1,1,1.0,63.24,63.24,1,0.25,1,1,1.0,1,1,1,Lost / Inactive
12405,2011-07-14 08:52:00,2011-07-14 08:52:00,54,1,857,15.87037037037037,1710.3899999999999,31.673888888888886,54,0.25,1,1,1.0,3,1,4,Needs Attention
12406,2010-01-11 14:04:00,2011-11-17 19:22:00,166,5,3416,20.57831325301205,6390.36,38.49614457831325,114,0.25,0,676,135.2,4,4,5,Champions
12407,2011-03-20 13:21:00,2011-10-21 10:11:00,77,5,1416,18.38961038961039,1708.12,22.18337662337662,57,0.25,0,215,43.0,4,4,4,Champions
12408,2010-07-29 13:27:00,2011-11-07 12:27:00,159,8,2229,14.018867924528301,4340.77,27.30044025157233,104,0.25,0,466,58.2,4,4,5,Champions
12409,2010-05-23 15:21:00,2011-09-22 10:38:00,264,7,13143,49.78409090909091,23419.29,88.70943181818183,177,0.25,0,487,69.6,3,4,5,Loyal Customers
12410,2010-07-25 13:26:00,2011-02-04 10:39:00,40,3,341,8.525,1013.71,25.342750000000002,36,0.25,1,194,64.7,2,3,3,At Risk
12411,2010-10-26 09:25:00,2010-10-26 09:25:00,22,1,138,6.2727272727272725,346.9,15.768181818181818,22,0.25,1,1,1.0,2,1,2,Lost / Inactive
12412,2010-06-18 13:22:00,2011-09-26 10:16:00,127,6,1997,15.724409448818898,2596.93,20.448267716535433,82,0.25,0,465,77.5,3,4,4,Loyal Customers
12413,2010-11-02 13:26:00,2011-10-04 09:00:00,51,4,319,6.254901960784314,999.45,19.597058823529412,41,0.25,0,336,84.0,3,3,3,Loyal Customers
12414,2010-09-02 12:22:00,2011-05-06 14:51:00,28,6,495,17.678571428571427,952.41,34.01464285714285,21,0.25,1,247,41.2,2,4,3,At Risk
12415,2010-06-30 08:30:00,2011-11-15 14:22:00,926,28,91447,98.7548596112311,144458.37,156.00255939524837,498,0.25,0,504,18.0,4,5,5,Champions
12416,2010-02-21 10:19:00,2010-02-21 10:19:00,11,1,132,12.0,202.56,18.414545454545454,11,0.25,1,1,1.0,1,1,1,Lost / Inactive
12417,2009-12-06 10:30:00,2011-12-06 14:52:00,369,20,2884,7.815718157181572,6797.41,18.421165311653116,270,0.25,0,731,36.6,5,5,5,Champions
12418,2010-03-19 14:47:00,2011-08-19 11:08:00,102,4,1088,10.666666666666666,2021.2,19.815686274509805,90,0.25,1,518,129.5,3,3,4,Loyal Customers
12419,2010-10-22 10:40:00,2010-11-19 10:04:00,25,2,231,9.24,503.01,20.1204,23,0.25,1,28,14.0,2,2,2,Lost / Inactive
12420,2011-10-07 08:55:00,2011-10-07 08:55:00,29,1,345,11.89655172413793,600.39,20.70310344827586,29,0.25,0,1,1.0,3,1,2,Needs Attention
12421,2010-07-22 13:57:00,2011-11-24 09:07:00,65,6,652,10.03076923076923,1098.6,16.90153846153846,44,0.25,0,490,81.7,5,4,3,Champions
12422,2009-12-18 12:44:00,2011-09-05 09:48:00,172,17,2596,15.093023255813954,5231.8,30.417441860465118,137,0.25,1,626,36.8,3,5,5,Loyal Customers
12423,2010-08-31 09:31:00,2011-12-09 10:10:00,165,10,1793,10.866666666666667,2622.39,15.893272727272727,128,0.25,0,466,46.6,5,5,4,Champions
12424,2010-06-09 15:15:00,2011-06-30 12:06:00,92,4,2025,22.01086956521739,3340.0299999999997,36.30467391304347,78,0.25,1,386,96.5,3,3,5,Loyal Customers
12425,2010-09-17 14:10:00,2011-09-22 17:31:00,91,2,1147,12.604395604395604,1741.41,19.136373626373626,87,0.25,0,371,185.5,3,2,4,Needs Attention
12426,2010-02-15 08:41:00,2011-05-29 12:26:00,77,2,584,7.584415584415584,1345.21,17.470259740259742,73,0.25,1,469,234.5,2,2,4,Lost / Inactive
12427,2010-12-03 10:44:00,2011-11-18 08:56:00,31,3,533,17.193548387096776,825.8000000000001,26.638709677419357,26,0.25,0,350,116.7,4,3,3,Loyal Customers
12428,2011-03-01 09:33:00,2011-11-14 08:22:00,294,9,3536,12.02721088435374,7956.46,27.062789115646257,258,0.25,0,258,28.7,4,5,5,Champions
12429,2010-06-11 13:28:00,2011-11-30 17:22:00,153,8,2890,18.88888888888889,6204.41,40.55169934640523,124,0.25,0,538,67.2,5,4,5,Champions
12430,2011-10-27 15:09:00,2011-10-27 15:09:00,11,1,117,10.636363636363637,256.4,23.30909090909091,11,0.25,0,1,1.0,4,1,1,Promising / New
12431,2010-01-15 09:04:00,2011-11-04 11:55:00,390,27,4600,11.794871794871796,10432.22,26.749282051282048,244,0.25,0,659,24.4,4,5,5,Champions
12432,2011-06-20 13:27:00,2011-10-28 11:43:00,108,5,1801,16.675925925925927,5059.32,46.845555555555556,107,0.25,0,130,26.0,4,4,5,Champions
12433,2010-08-20 09:23:00,2011-12-09 10:02:00,559,10,13534,24.211091234347048,16794.14,30.04318425760286,285,0.25,0,477,47.7,5,5,5,Champions
12434,2010-11-23 13:38:00,2011-09-16 12:38:00,70,3,532,7.6,1103.43,15.763285714285715,62,0.25,0,297,99.0,3,3,3,Loyal Customers
12435,2009-12-02 13:58:00,2011-09-21 09:06:00,112,6,4958,44.267857142857146,13925.93,124.33866071428572,88,0.25,0,658,109.7,3,4,5,Loyal Customers
12436,2011-09-01 12:09:00,2011-09-01 12:09:00,16,1,211,13.1875,509.01,31.813125,16,0.25,1,1,1.0,3,1,2,Needs Attention
12437,2009-12-02 16:24:00,2011-12-08 11:35:00,563,39,8000,14.209591474245116,12683.4,22.52824156305506,273,0.25,0,736,18.9,5,5,5,Champions
12438,2011-07-22 13:29:00,2011-11-25 13:28:00,98,2,1180,12.040816326530612,2906.85,29.66173469387755,84,0.25,0,126,63.0,5,2,4,Promising / New
12439,2009-12-14 08:40:00,2010-01-26 12:11:00,71,2,478,6.732394366197183,1142.88,16.096901408450705,69,0.25,1,44,22.0,1,2,3,Lost / Inactive
12440,2009-12-22 12:03:00,2010-09-03 13:11:00,32,2,331,10.34375,859.2,26.85,21,0.25,1,256,128.0,1,2,3,Lost / Inactive
12441,2010-12-08 10:45:00,2010-12-08 10:45:00,11,1,121,11.0,173.55,15.77727272727273,11,0.25,1,1,1.0,2,1,1,Lost / Inactive
12442,2011-12-06 14:22:00,2011-12-06 14:22:00,12,1,182,15.166666666666666,172.06,14.338333333333333,12,0.25,0,1,1.0,5,1,1,Promising / New
12443,2009-12-07 15:42:00,2009-12-07 15:42:00,21,1,182,8.666666666666666,485.31,23.11,21,0.25,1,1,1.0,1,1,2,Lost / Inactive
12444,2011-06-21 14:00:00,2011-11-18 13:23:00,176,5,1153,6.551136363636363,5005.46,28.440113636363638,138,0.25,0,150,30.0,4,4,5,Champions
12445,2010-10-15 12:28:00,2011-11-17 18:43:00,24,2,206,8.583333333333334,434.98,18.124166666666667,24,0.25,0,399,199.5,4,2,2,Promising / New
12446,2011-10-13 12:50:00,2011-10-13 12:50:00,57,1,351,6.157894736842105,1002.31,17.58438596491228,57,0.25,0,1,1.0,4,1,3,Promising / New
12447,2011-04-10 13:25:00,2011-04-10 13:25:00,26,1,190,7.3076923076923075,476.49,18.326538461538462,26,0.25,1,1,1.0,2,1,2,Lost / Inactive
12448,2011-10-26 13:46:00,2011-10-26 13:46:00,22,1,243,11.045454545454545,449.45,20.429545454545455,22,0.25,0,1,1.0,4,1,2,Promising / New
12449,2010-09-27 09:37:00,2011-11-17 13:46:00,201,6,2282,11.35323383084577,4835.89,24.05915422885572,125,0.25,0,417,69.5,4,4,5,Champions
12450,2010-08-22 13:11:00,2011-07-06 14:41:00,37,5,442,11.945945945945946,688.2,18.6,31,0.25,1,319,63.8,3,4,3,Loyal Customers
12451,2010-06-28 12:58:00,2011-11-29 08:40:00,511,8,9359,18.315068493150687,12669.88,24.794285714285714,352,0.25,0,519,64.9,5,4,5,Champions
12452,2011-11-23 08:05:00,2011-11-23 10:28:00,22,2,185,8.409090909090908,430.57,19.571363636363635,21,0.25,0,1,0.5,5,2,2,Promising / New
12453,2011-07-28 14:08:00,2011-07-28 14:08:00,43,1,473,11.0,707.09,16.443953488372095,43,0.25,1,1,1.0,3,1,3,Needs Attention
12454,2010-10-14 17:33:00,2011-10-14 17:13:00,40,5,7703,192.575,16679.78,416.99449999999996,24,0.25,0,365,73.0,4,4,5,Champions
12455,2009-12-18 12:33:00,2011-09-27 15:31:00,227,10,3302,14.54625550660793,5879.95,25.902863436123347,199,0.25,0,649,64.9,3,5,5,Loyal Customers
12456,2011-03-30 09:12:00,2011-10-26 14:41:00,125,3,1633,13.064,3181.04,25.44832,105,0.25,0,211,70.3,4,3,5,Loyal Customers
12457,2010-09-30 17:59:00,2011-10-04 13:13:00,84,8,1094,13.023809523809524,2995.91,35.665595238095236,63,0.25,0,369,46.1,3,4,5,Loyal Customers
12458,2010-08-09 10:33:00,2011-09-29 15:25:00,84,4,986,11.738095238095237,1777.49,21.160595238095237,71,0.25,0,417,104.2,3,3,4,Loyal Customers
12459,2010-04-13 14:53:00,2010-04-13 14:53:00,23,1,258,11.217391304347826,454.36,19.754782608695653,23,0.25,1,1,1.0,1,1,2,Lost / Inactive
12460,2010-09-09 13:51:00,2010-09-09 13:51:00,18,1,170,9.444444444444445,326.65,18.147222222222222,18,0.25,1,1,1.0,1,1,2,Lost / Inactive
12461,2011-07-08 10:23:00,2011-09-06 16:57:00,35,2,287,8.2,826.88,23.62514285714286,35,0.25,1,61,30.5,3,2,3,Needs Attention
12462,2011-02-09 14:44:00,2011-11-21 09:11:00,62,2,536,8.64516129032258,1189.59,19.186935483870965,51,0.25,0,285,142.5,5,2,3,Promising / New
12463,2011-04-12 12:47:00,2011-10-17 13:44:00,83,4,776,9.349397590361447,1344.78,16.202168674698793,65,0.25,0,189,47.2,4,3,4,Loyal Customers
12464,2011-02-03 13:30:00,2011-11-29 13:33:00,29,8,112,3.8620689655172415,1212.05,41.79482758620689,6,0.25,0,300,37.5,5,4,3,Champions
12465,2011-06-23 13:37:00,2011-11-22 16:34:00,47,2,479,10.191489361702128,742.1899999999999,15.79127659574468,46,0.25,0,153,76.5,5,2,3,Promising / New
12466,2010-01-26 16:26:00,2010-01-26 16:26:00,1,1,1,1.0,56.73,56.73,1,0.25,1,1,1.0,1,1,1,Lost / Inactive
12467,2010-10-12 15:41:00,2010-10-12 15:41:00,9,1,129,14.333333333333334,132.8,14.755555555555556,9,0.25,1,1,1.0,1,1,1,Lost / Inactive
12468,2010-01-26 10:09:00,2011-06-05 11:36:00,150,5,2201,14.673333333333334,3670.74,24.4716,127,0.25,1,496,99.2,3,4,5,Loyal Customers
12469,2010-06-21 10:30:00,2010-07-05 12:40:00,76,2,2552,33.578947368421055,3070.54,40.40184210526316,76,0.25,1,15,7.5,1,2,5,Lost / Inactive
12470,2010-01-19 11:01:00,2010-01-19 11:01:00,23,1,95,4.130434782608695,211.95,9.215217391304348,23,0.25,1,1,1.0,1,1,1,Lost / Inactive
12471,2009-12-07 10:41:00,2011-12-07 15:43:00,1135,79,16858,14.852863436123348,39918.19,35.17021145374449,255,0.25,0,731,9.3,5,5,5,Champions
12472,2009-12-14 10:49:00,2011-11-07 14:01:00,841,19,10378,12.340071343638526,16249.289999999999,19.321391200951247,397,0.25,0,694,36.5,4,5,5,Champions
12473,2011-06-01 10:15:00,2011-11-10 13:46:00,167,5,2414,14.455089820359282,3928.05,23.521257485029942,140,0.25,0,163,32.6,4,4,5,Champions
12474,2010-02-11 09:41:00,2011-11-22 14:39:00,708,31,7940,11.214689265536723,12372.75,17.47563559322034,369,0.25,0,650,21.0,5,5,5,Champions
12475,2010-10-26 08:49:00,2011-10-17 10:10:00,61,2,771,12.639344262295081,1149.64,18.846557377049184,54,0.25,0,357,178.5,4,2,3,Promising / New
12476,2010-07-26 09:04:00,2011-11-24 12:40:00,514,23,5631,10.955252918287938,14083.91,27.400603112840468,358,0.25,0,487,21.2,5,5,5,Champions
12477,2010-03-26 14:01:00,2011-11-17 09:51:00,564,9,6119,10.849290780141844,20276.37,35.95101063829787,295,0.25,0,601,66.8,4,5,5,Champions
12478,2011-12-06 09:56:00,2011-12-06 09:56:00,36,1,236,6.555555555555555,680.99,18.91638888888889,36,0.25,0,1,1.0,5,1,3,Promising / New
12479,2011-11-28 13:26:00,2011-11-28 13:26:00,31,1,385,12.419354838709678,527.2,17.006451612903227,31,0.25,0,1,1.0,5,1,2,Promising / New
12480,2010-07-20 13:21:00,2011-11-11 14:52:00,242,7,2952,12.198347107438016,5464.85,22.58202479338843,177,0.25,0,480,68.6,4,4,5,Champions
12481,2010-04-11 13:10:00,2011-11-17 08:29:00,380,15,7158,18.83684210526316,12185.51,32.06713157894737,248,0.25,0,585,39.0,4,5,5,Champions
12482,2010-02-24 10:24:00,2010-05-12 16:51:00,204,29,27042,132.55882352941177,23691.4,116.1343137254902,42,0.25,1,78,2.7,1,5,5,At Risk
12483,2010-01-31 13:28:00,2011-11-22 17:02:00,138,19,2160,15.652173913043478,5097.18,36.93608695652174,68,0.25,0,661,34.8,5,5,5,Champions
12484,2010-01-27 16:41:00,2011-11-07 11:37:00,471,12,3266,6.934182590233545,6354.1,13.490658174097666,329,0.25,0,649,54.1,4,5,5,Champions
12485,2010-06-28 15:22:00,2010-06-28 15:22:00,34,1,414,12.176470588235293,708.1,20.826470588235296,34,0.25,1,1,1.0,1,1,3,Lost / Inactive
12486,2010-10-04 12:14:00,2010-10-04 12:14:00,49,1,523,10.673469387755102,1037.28,21.168979591836734,49,0.25,1,1,1.0,1,1,3,Lost / Inactive
12487,2009-12-09 11:36:00,2009-12-09 11:36:00,2,1,174,87.0,285.3,142.65,2,0.25,1,1,1.0,1,1,1,Lost / Inactive
12488,2011-09-25 10:34:00,2011-11-30 08:50:00,55,3,529,9.618181818181819,1298.66,23.612000000000002,46,0.25,0,66,22.0,5,3,4,Loyal Customers
12489,2011-01-07 13:13:00,2011-01-07 13:13:00,15,1,105,7.0,334.93,22.328666666666667,15,0.25,1,1,1.0,2,1,2,Lost / Inactive
12490,2009-12-01 12:52:00,2011-12-04 16:07:00,462,21,5906,12.783549783549784,9823.64,21.26329004329004,195,0.25,0,734,35.0,5,5,5,Champions
12491,2011-11-01 12:18:00,2011-11-01 12:18:00,26,1,260,10.0,460.4,17.707692307692305,25,0.25,0,1,1.0,4,1,2,Promising / New
12492,2010-11-01 14:58:00,2011-10-07 15:15:00,42,3,444,10.571428571428571,715.21,17.028809523809525,38,0.25,0,341,113.7,3,3,3,Loyal Customers
12493,2011-05-26 14:53:00,2011-06-27 10:17:00,22,2,207,9.409090909090908,433.74,19.715454545454545,20,0.25,1,32,16.0,3,2,2,Needs Attention
12494,2010-05-12 13:52:00,2011-11-24 09:34:00,108,9,979,9.064814814814815,1815.27,16.808055555555555,83,0.25,0,561,62.3,5,5,4,Champions
12495,2010-03-09 10:53:00,2010-03-09 10:53:00,17,1,130,7.647058823529412,357.4,21.023529411764706,17,0.25,1,1,1.0,1,1,2,Lost / Inactive
12496,2010-03-29 13:57:00,2010-03-29 14:06:00,10,2,30,3.0,45.34,4.534000000000001,10,0.25,1,1,0.5,1,2,1,Lost / Inactive
12497,2010-03-05 09:39:00,2011-09-19 12:29:00,57,3,5685,99.73684210526316,6248.5,109.62280701754386,41,0.25,0,564,188.0,3,3,5,Loyal Customers
12498,2011-10-13 09:30:00,2011-11-18 12:53:00,23,3,159,6.913043478260869,403.7,17.55217391304348,21,0.25,0,37,12.3,4,3,2,Loyal Customers
12499,2010-05-28 15:12:00,2010-05-28 15:12:00,27,1,302,11.185185185185185,393.72,14.582222222222223,27,0.25,1,1,1.0,1,1,2,Lost / Inactive
12500,2010-02-04 15:05:00,2011-11-16 16:20:00,146,19,3377,23.13013698630137,5955.21,40.7891095890411,88,0.25,0,651,34.3,4,5,5,Champions
12501,2011-01-07 12:28:00,2011-01-07 12:28:00,149,1,1783,11.966442953020135,2169.39,14.559664429530201,149,0.25,1,1,1.0,2,1,4,Lost / Inactive
12502,2011-02-03 10:41:00,2011-09-05 11:52:00,147,5,820,5.578231292517007,3723.87,25.332448979591835,102,0.25,1,215,43.0,3,4,5,Loyal Customers
12503,2010-05-04 13:59:00,2010-05-04 13:59:00,2,1,561,280.5,1126.0,563.0,2,0.25,1,1,1.0,1,1,3,Lost / Inactive
12504,2010-04-22 10:24:00,2011-11-21 16:02:00,20,4,458,22.9,779.05,38.9525,11,0.25,0,579,144.8,5,3,3,Loyal Customers
12505,2010-10-27 09:18:00,2010-10-27 09:18:00,42,1,324,7.714285714285714,955.2,22.742857142857144,42,0.25,1,1,1.0,2,1,3,Lost / Inactive
12506,2011-04-21 08:54:00,2011-04-21 08:54:00,23,1,23,1.0,73.5,3.1956521739130435,23,0.25,1,1,1.0,2,1,1,Lost / Inactive
12507,2010-05-04 09:23:00,2011-07-28 17:09:00,49,4,1256,25.632653061224488,1844.06,37.633877551020404,46,0.25,1,451,112.8,3,3,4,Loyal Customers
12508,2011-11-10 16:27:00,2011-11-13 15:37:00,68,2,271,3.985294117647059,397.88,5.851176470588236,57,0.25,0,3,1.5,4,2,2,Promising / New
12509,2011-02-28 14:45:00,2011-02-28 14:45:00,7,1,55,7.857142857142857,176.5,25.214285714285715,7,0.25,1,1,1.0,2,1,1,Lost / Inactive
12510,2009-12-04 13:47:00,2011-07-20 10:15:00,145,9,2049,14.13103448275862,5178.02,35.71048275862069,94,0.25,1,593,65.9,3,5,5,Loyal Customers
12511,2010-10-07 10:39:00,2010-10-07 10:39:00,190,1,1753,9.226315789473684,3084.02,16.231684210526314,190,0.25,1,1,1.0,1,1,5,Lost / Inactive
12512,2011-10-04 14:53:00,2011-10-04 14:55:00,31,2,96,3.096774193548387,132.18,4.263870967741935,31,0.25,0,1,0.5,3,2,1,Needs Attention
12513,2011-08-19 10:51:00,2011-08-19 10:51:00,35,1,462,13.2,612.29,17.494,35,0.25,1,1,1.0,3,1,3,Needs Attention
12514,2010-03-08 12:18:00,2011-03-17 16:38:00,84,2,840,10.0,1597.76,19.02095238095238,76,0.25,1,375,187.5,2,2,4,Lost / Inactive
12515,2010-12-21 15:43:00,2010-12-21 15:43:00,16,1,131,8.1875,383.7,23.98125,16,0.25,1,1,1.0,2,1,2,Lost / Inactive
12516,2010-04-19 14:14:00,2011-09-23 09:13:00,74,4,1952,26.37837837837838,2648.62,35.792162162162164,49,0.25,0,522,130.5,3,3,4,Loyal Customers
12517,2011-06-02 15:13:00,2011-11-11 14:04:00,279,5,1361,4.878136200716846,2481.6,8.894623655913978,232,0.25,0,162,32.4,4,4,4,Champions
12518,2011-08-21 13:18:00,2011-12-09 10:13:00,124,5,1318,10.629032258064516,2056.89,16.58782258064516,84,0.25,0,110,22.0,5,4,4,Champions
12519,2010-08-20 08:21:00,2011-10-07 09:26:00,39,2,387,9.923076923076923,716.54,18.37282051282051,34,0.25,0,414,207.0,3,2,3,Needs Attention
12520,2011-03-11 11:35:00,2011-09-21 15:23:00,152,5,1439,9.467105263157896,2634.2599999999998,17.33065789473684,121,0.25,0,195,39.0,3,4,4,Loyal Customers
12521,2011-07-20 10:51:00,2011-07-20 10:51:00,38,1,309,8.131578947368421,599.68,15.781052631578946,38,0.25,1,1,1.0,3,1,2,Needs Attention
12522,2011-10-19 14:41:00,2011-10-31 15:30:00,12,2,194,16.166666666666668,192.72,16.06,11,0.25,0,13,6.5,4,2,1,Promising / New
12523,2009-12-07 13:46:00,2011-11-20 12:55:00,249,23,2263,9.088353413654618,4352.35,17.479317269076308,176,0.25,0,713,31.0,5,5,5,Champions
12524,2010-02-08 14:41:00,2011-11-30 15:31:00,240,17,7178,29.908333333333335,11126.11,46.35879166666667,157,0.25,0,661,38.9,5,5,5,Champions
12525,2010-03-02 14:01:00,2010-07-29 16:08:00,60,3,509,8.483333333333333,973.73,16.228833333333334,56,0.25,1,150,50.0,1,3,3,At Risk
12526,2011-09-06 14:19:00,2011-12-09 12:09:00,71,3,632,8.901408450704226,1316.66,18.54450704225352,64,0.25,0,94,31.3,5,3,4,Loyal Customers
12527,2010-06-28 15:37:00,2011-09-19 11:55:00,32,5,526,16.4375,735.51,22.9846875,26,0.25,0,448,89.6,3,4,3,Loyal Customers
12528,2011-01-31 09:05:00,2011-11-30 14:40:00,92,6,756,8.217391304347826,1933.48,21.01608695652174,50,0.25,0,304,50.7,5,4,4,Champions
12529,2010-06-29 13:10:00,2010-06-29 13:10:00,21,1,192,9.142857142857142,316.48,15.07047619047619,21,0.25,1,1,1.0,1,1,2,Lost / Inactive
12530,2010-03-07 14:37:00,2011-10-11 12:34:00,158,9,2713,17.170886075949365,3759.2599999999998,23.79278481012658,94,0.25,0,583,64.8,3,5,5,Loyal Customers
12531,2010-01-22 14:17:00,2011-11-25 11:12:00,127,2,1119,8.811023622047244,1933.2,15.222047244094489,126,0.25,0,672,336.0,5,2,4,Promising / New
12532,2011-11-09 13:47:00,2011-11-09 13:47:00,16,1,153,9.5625,349.83,21.864375,16,0.25,0,1,1.0,4,1,2,Promising / New
12533,2009-12-01 11:50:00,2010-03-22 10:56:00,72,2,704,9.777777777777779,1367.89,18.998472222222222,63,0.25,1,111,55.5,1,2,4,Lost / Inactive
12534,2011-08-01 10:26:00,2011-08-01 10:26:00,63,1,651,10.333333333333334,1089.18,17.28857142857143,63,0.25,1,1,1.0,3,1,3,Needs Attention
12535,2011-06-06 12:47:00,2011-09-09 08:48:00,34,2,219,6.4411764705882355,716.35,21.069117647058825,28,0.25,1,95,47.5,3,2,3,Needs Attention
12536,2011-10-11 14:52:00,2011-10-27 14:20:00,261,3,2803,10.739463601532567,12601.830000000002,48.282873563218395,260,0.25,0,16,5.3,4,3,5,Loyal Customers
12537,2010-10-27 08:36:00,2010-10-27 08:36:00,43,1,449,10.44186046511628,732.9399999999999,17.045116279069767,43,0.25,1,1,1.0,2,1,3,Lost / Inactive
12538,2010-11-26 13:02:00,2011-11-10 17:16:00,34,2,336,9.882352941176471,640.45,18.836764705882356,33,0.25,0,350,175.0,4,2,3,Promising / New
12539,2009-12-23 13:00:00,2011-11-17 13:30:00,504,7,4535,8.998015873015873,11214.75,22.251488095238095,276,0.25,0,695,99.3,4,4,5,Champions
12540,2009-12-07 16:56:00,2011-11-20 11:31:00,771,33,11019,14.29182879377432,22254.489999999998,28.86444876783398,354,0.25,0,713,21.6,4,5,5,Champions
12541,2011-03-04 09:32:00,2011-11-10 10:40:00,52,3,680,13.076923076923077,981.18,18.868846153846153,46,0.25,0,252,84.0,4,3,3,Loyal Customers
12542,2010-03-09 16:26:00,2010-08-12 19:12:00,39,2,522,13.384615384615385,481.88,12.355897435897436,39,0.25,1,157,78.5,1,2,2,Lost / Inactive
12543,2010-09-17 15:51:00,2010-09-17 15:51:00,43,1,688,16.0,980.25,22.796511627906977,43,0.25,1,1,1.0,1,1,3,Lost / Inactive
12544,2011-11-03 16:15:00,2011-11-03 16:15:00,19,1,136,7.157894736842105,372.7,19.61578947368421,19,0.25,0,1,1.0,4,1,2,Promising / New
12545,2011-03-25 12:04:00,2011-09-25 13:39:00,50,2,523,10.46,1000.39,20.0078,42,0.25,0,185,92.5,3,2,3,Needs Attention
12546,2011-09-23 09:44:00,2011-10-24 12:09:00,69,2,633,9.173913043478262,1161.5,16.833333333333332,59,0.25,0,32,16.0,4,2,3,Promising / New
12547,2010-07-27 13:55:00,2011-05-26 12:38:00,21,3,309,14.714285714285714,383.58,18.265714285714285,13,0.25,1,303,101.0,2,3,2,At Risk
12548,2011-06-26 15:35:00,2011-06-26 15:35:00,5,1,49,9.8,95.19999999999999,19.04,5,0.25,1,1,1.0,3,1,1,Needs Attention
12549,2010-01-11 12:29:00,2010-05-13 12:05:00,49,6,1366,27.877551020408163,1575.6799999999998,32.156734693877546,38,0.25,1,122,20.3,1,4,4,At Risk
12550,2011-09-21 14:35:00,2011-09-21 14:35:00,57,1,569,9.982456140350877,964.83,16.92684210526316,57,0.25,0,1,1.0,3,1,3,Needs Attention
12551,2010-12-17 11:23:00,2010-12-17 11:23:00,10,1,100,10.0,168.0,16.8,10,0.25,1,1,1.0,2,1,1,Lost / Inactive
12552,2011-10-31 12:11:00,2011-11-01 10:02:00,20,2,88,4.4,437.82,21.891,20,0.25,0,1,0.5,4,2,2,Promising / New
12553,2010-10-12 13:35:00,2011-12-01 16:38:00,238,12,2325,9.768907563025211,4608.75,19.36449579831933,109,0.25,0,416,34.7,5,5,5,Champions
12554,2010-09-17 12:29:00,2010-09-17 12:29:00,26,1,240,9.23076923076923,468.5,18.01923076923077,26,0.25,1,1,1.0,1,1,2,Lost / Inactive
12555,2010-01-26 16:26:00,2010-01-26 16:26:00,1,1,1,1.0,129.23,129.23,1,0.25,1,1,1.0,1,1,1,Lost / Inactive
12556,2011-07-11 13:35:00,2011-10-20 13:06:00,119,2,355,2.9831932773109244,599.56,5.038319327731092,100,0.25,0,101,50.5,4,2,2,Promising / New
12557,2009-12-17 10:39:00,2011-11-23 16:59:00,53,8,6382,120.41509433962264,18096.14,341.4366037735849,15,0.25,0,707,88.4,5,4,5,Champions
12558,2011-12-02 10:41:00,2011-12-02 10:41:00,11,1,196,17.818181818181817,269.96,24.54181818181818,11,0.25,0,1,1.0,5,1,1,Promising / New
12559,2011-01-24 10:12:00,2011-02-02 09:49:00,21,2,283,13.476190476190476,561.71,26.74809523809524,21,0.25,1,9,4.5,2,2,2,Lost / Inactive
12560,2011-07-19 15:55:00,2011-12-04 13:54:00,105,3,1110,10.571428571428571,2134.0099999999998,20.32390476190476,91,0.25,0,138,46.0,5,3,4,Loyal Customers
12561,2011-02-10 11:39:00,2011-02-10 11:39:00,16,1,177,11.0625,238.85,14.928125,16,0.25,1,1,1.0,2,1,1,Lost / Inactive
12562,2010-09-30 13:13:00,2011-12-01 17:20:00,207,9,2327,11.241545893719806,4966.92,23.99478260869565,113,0.25,0,428,47.6,5,5,5,Champions
12563,2010-10-27 09:52:00,2010-10-27 09:52:00,13,1,113,8.692307692307692,249.24,19.172307692307694,13,0.25,1,1,1.0,2,1,1,Lost / Inactive
12564,2011-03-23 14:55:00,2011-03-23 14:55:00,21,1,133,6.333333333333333,456.9,21.757142857142856,21,0.25,1,1,1.0,2,1,2,Lost / Inactive
12565,2011-02-24 10:34:00,2011-02-24 10:34:00,9,1,80,8.88888888888889,145.92,16.21333333333333,9,0.25,1,1,1.0,2,1,1,Lost / Inactive
12566,2011-09-14 14:30:00,2011-09-14 14:30:00,19,1,265,13.947368421052632,351.65,18.507894736842104,19,0.25,0,1,1.0,3,1,2,Needs Attention
12567,2010-02-11 10:30:00,2011-11-17 11:02:00,556,15,5308,9.546762589928058,11767.48,21.16453237410072,365,0.25,0,645,43.0,4,5,5,Champions
12568,2010-03-05 09:15:00,2010-03-05 09:15:00,5,1,48,9.6,70.0,14.0,5,0.25,1,1,1.0,1,1,1,Lost / Inactive
12569,2011-04-01 13:47:00,2011-12-07 16:24:00,188,32,1801,9.579787234042554,4124.69,21.939840425531912,92,0.25,0,251,7.8,5,5,5,Champions
12570,2010-01-26 17:28:00,2010-01-26 17:28:00,1,1,1,1.0,77.52,77.52,1,0.25,1,1,1.0,1,1,1,Lost / Inactive
12571,2011-08-10 12:35:00,2011-10-31 10:19:00,34,2,523,15.382352941176471,519.61,15.28264705882353,31,0.25,0,82,41.0,4,2,2,Promising / New
12572,2011-10-19 08:20:00,2011-12-01 09:20:00,60,2,452,7.533333333333333,1020.42,17.006999999999998,53,0.25,0,44,22.0,5,2,3,Promising / New
12573,2010-08-31 17:25:00,2011-04-26 15:52:00,119,5,479,4.025210084033613,717.41,6.028655462184874,107,0.25,1,238,47.6,2,4,3,At Risk
12574,2011-01-28 09:20:00,2011-01-28 09:20:00,11,1,61,5.545454545454546,218.45,19.85909090909091,11,0.25,1,1,1.0,2,1,1,Lost / Inactive
12575,2010-07-01 09:15:00,2010-09-08 13:09:00,38,2,315,8.289473684210526,622.82,16.39,34,0.25,1,70,35.0,1,2,3,Lost / Inactive
12576,2010-07-01 13:46:00,2011-11-04 10:11:00,142,8,1494,10.52112676056338,2142.72,15.08957746478873,114,0.25,0,491,61.4,4,4,4,Champions
12577,2009-12-03 19:31:00,2011-11-04 13:24:00,298,8,1191,3.9966442953020134,1617.1,5.426510067114093,259,0.25,0,701,87.6,4,4,4,Champions
12578,2010-09-22 11:19:00,2011-11-18 13:30:00,172,4,2380,13.837209302325581,4642.45,26.99098837209302,149,0.25,0,423,105.8,4,3,5,Loyal Customers
12579,2011-09-22 17:15:00,2011-09-22 17:15:00,29,1,285,9.827586206896552,440.42,15.18689655172414,29,0.25,0,1,1.0,3,1,2,Needs Attention
12580,2010-05-12 11:45:00,2011-04-07 10:24:00,58,2,569,9.810344827586206,1052.9,18.153448275862072,52,0.25,1,330,165.0,2,2,3,Lost / Inactive
12581,2011-10-31 08:56:00,2011-10-31 08:56:00,15,1,161,10.733333333333333,197.71,13.180666666666667,15,0.25,0,1,1.0,4,1,1,Promising / New
12582,2010-05-11 09:55:00,2011-04-15 08:45:00,103,4,985,9.563106796116505,1980.4,19.22718446601942,88,0.25,1,339,84.8,2,3,4,At Risk
12583,2009-12-06 11:57:00,2011-12-07 08:07:00,446,27,8535,19.13677130044843,13591.58,30.47439461883408,141,0.25,0,731,27.1,5,5,5,Champions
12584,2011-03-04 15:15:00,2011-12-06 09:35:00,96,9,416,4.333333333333333,2338.15,24.355729166666666,44,0.25,0,277,30.8,5,5,4,Champions
12585,2010-12-23 12:58:00,2011-04-19 13:39:00,87,2,1279,14.701149425287356,2040.1,23.44942528735632,77,0.25,1,118,59.0,2,2,4,Lost / Inactive
12586,2009-12-16 13:15:00,2011-11-22 16:24:00,94,4,687,7.308510638297872,2062.67,21.943297872340427,82,0.25,0,707,176.8,5,3,4,Loyal Customers
12587,2011-12-02 12:47:00,2011-12-02 12:47:00,4,1,51,12.75,144.0,36.0,4,0.25,0,1,1.0,5,1,1,Promising / New
12588,2010-04-21 12:22:00,2011-10-31 15:01:00,46,4,438,9.521739130434783,958.78,20.84304347826087,31,0.25,0,559,139.8,4,3,3,Loyal Customers
12589,2010-01-19 12:26:00,2011-11-11 10:19:00,180,8,1764,9.8,4695.66,26.087,121,0.25,0,661,82.6,4,4,5,Champions
12590,2011-05-12 14:46:00,2011-05-12 14:52:00,68,2,4283,62.98529411764706,9864.26,145.06264705882353,68,0.25,1,1,0.5,2,2,5,Lost / Inactive
12591,2010-10-27 10:42:00,2011-01-26 14:35:00,68,3,653,9.602941176470589,1338.95,19.69044117647059,63,0.25,1,92,30.7,2,3,4,At Risk
12592,2010-07-08 14:06:00,2011-09-08 15:04:00,81,5,1875,23.14814814814815,2582.66,31.88469135802469,42,0.25,1,428,85.6,3,4,4,Loyal Customers
12593,2011-05-05 09:29:00,2011-08-23 12:43:00,21,3,206,9.80952380952381,418.1,19.90952380952381,14,0.25,1,111,37.0,3,3,2,Loyal Customers
12594,2010-03-03 13:51:00,2011-11-02 12:20:00,199,15,2768,13.909547738693467,5090.11,25.578442211055275,78,0.25,0,609,40.6,4,5,5,Champions
12595,2010-07-23 09:10:00,2010-07-23 09:10:00,19,1,271,14.263157894736842,299.02,15.737894736842104,19,0.25,1,1,1.0,1,1,2,Lost / Inactive
12596,2011-04-11 13:22:00,2011-10-19 13:02:00,27,2,474,17.555555555555557,618.27,22.898888888888887,25,0.25,0,191,95.5,4,2,3,Promising / New
12597,2011-03-16 14:00:00,2011-11-20 13:33:00,206,4,2236,10.854368932038835,3811.22,18.50106796116505,184,0.25,0,249,62.2,5,3,5,Loyal Customers
12598,2010-03-01 09:58:00,2011-11-30 12:18:00,206,11,2906,14.106796116504855,4534.09,22.01014563106796,130,0.25,0,640,58.2,5,5,5,Champions
12599,2010-05-11 10:42:00,2011-11-10 13:34:00,133,13,2189,16.458646616541355,2296.72,17.268571428571427,47,0.25,0,549,42.2,4,5,4,Champions
12600,2009-12-07 13:37:00,2011-11-11 10:29:00,130,21,1383,10.638461538461538,4967.42,38.21092307692308,53,0.25,0,704,33.5,4,5,5,Champions
12601,2010-10-31 10:57:00,2011-06-03 10:17:00,34,6,290,8.529411764705882,681.26,20.03705882352941,24,0.25,1,215,35.8,2,4,3,At Risk
12602,2011-10-12 11:22:00,2011-10-12 11:22:00,12,1,162,13.5,153.12,12.76,12,0.25,0,1,1.0,4,1,1,Promising / New
12603,2011-11-18 10:42:00,2011-11-18 10:42:00,2,1,63,31.5,739.2,369.6,2,0.25,0,1,1.0,4,1,3,Promising / New
12604,2011-03-23 12:06:00,2011-09-21 14:08:00,16,2,201,12.5625,254.17999999999998,15.886249999999999,15,0.25,0,183,91.5,3,2,1,Needs Attention
12605,2010-09-07 14:21:00,2010-11-28 14:18:00,76,4,929,12.223684210526315,1232.95,16.223026315789475,63,0.25,1,82,20.5,2,3,4,At Risk
12606,2010-01-26 16:23:00,2010-01-26 16:23:00,1,1,1,1.0,21.0,21.0,1,0.25,1,1,1.0,1,1,1,Lost / Inactive
12607,2011-10-10 16:06:00,2011-10-10 16:06:00,101,1,1228,12.158415841584159,1579.51,15.63871287128713,101,0.25,0,1,1.0,3,1,4,Needs Attention
12608,2010-10-31 10:49:00,2010-10-31 10:49:00,16,1,323,20.1875,415.79,25.986875,16,0.25,1,1,1.0,2,1,2,Lost / Inactive
12609,2009-12-20 13:30:00,2011-09-22 16:34:00,175,9,1553,8.874285714285714,3435.86,19.633485714285715,129,0.25,0,642,71.3,3,5,5,Loyal Customers
12610,2011-08-05 13:52:00,2011-11-17 09:34:00,106,5,1049,9.89622641509434,2099.54,19.80698113207547,85,0.25,0,104,20.8,4,4,4,Champions
12611,2011-10-18 13:12:00,2011-10-18 13:12:00,65,1,846,13.015384615384615,1193.32,18.35876923076923,65,0.25,0,1,1.0,4,1,3,Promising / New
12612,2011-09-26 15:35:00,2011-09-26 15:35:00,19,1,262,13.789473684210526,704.04,37.054736842105264,19,0.25,0,1,1.0,3,1,3,Needs Attention
12613,2009-12-14 13:10:00,2011-10-13 14:59:00,326,10,4157,12.751533742331288,6817.37,20.91217791411043,218,0.25,0,669,66.9,4,5,5,Champions
12614,2011-03-07 10:22:00,2011-03-07 10:22:00,20,1,76,3.8,315.6,15.780000000000001,20,0.25,1,1,1.0,2,1,2,Lost / Inactive
12615,2010-03-18 14:09:00,2011-12-07 15:02:00,270,8,3317,12.285185185185185,5740.98,21.262888888888888,198,0.25,0,630,78.8,5,4,5,Champions
12616,2010-11-16 11:38:00,2011-09-05 15:17:00,54,3,498,9.222222222222221,1131.1,20.946296296296296,32,0.25,1,294,98.0,3,3,3,Loyal Customers
12617,2011-11-10 14:39:00,2011-11-10 14:39:00,41,1,210,5.121951219512195,352.98,8.609268292682927,39,0.25,0,1,1.0,4,1,2,Promising / New
12618,2011-11-18 11:10:00,2011-11-18 11:10:00,11,1,96,8.727272727272727,177.31,16.11909090909091,11,0.25,0,1,1.0,4,1,1,Promising / New
12619,2010-05-28 12:52:00,2011-11-23 14:52:00,100,10,3518,35.18,3781.38,37.8138,55,0.25,0,545,54.5,5,5,5,Champions
12620,2011-05-19 12:10:00,2011-11-25 10:20:00,92,3,1181,12.83695652173913,1339.41,14.558804347826088,89,0.25,0,190,63.3,5,3,4,Loyal Customers
12621,2010-02-09 12:01:00,2011-12-08 11:25:00,756,35,13706,18.12962962962963,24311.2,32.15767195767196,344,0.25,0,667,19.1,5,5,5,Champions
12622,2011-04-21 16:39:00,2011-04-21 16:39:00,11,1,69,6.2727272727272725,180.1,16.37272727272727,11,0.25,1,1,1.0,2,1,1,Lost / Inactive
12623,2010-01-12 11:45:00,2011-03-08 13:50:00,173,7,1971,11.393063583815028,3747.84,21.663815028901734,112,0.25,1,421,60.1,2,4,5,At Risk
12624,2011-06-15 12:34:00,2011-08-25 15:04:00,38,2,355,9.342105263157896,641.13,16.87184210526316,36,0.25,1,72,36.0,3,2,3,Needs Attention
12625,2010-04-22 11:33:00,2011-05-12 09:54:00,183,4,3309,18.081967213114755,5164.88,28.22338797814208,144,0.25,1,385,96.2,2,3,5,At Risk
12626,2011-01-17 11:01:00,2011-11-16 16:06:00,294,9,3453,11.744897959183673,6620.48,22.51863945578231,232,0.25,0,304,33.8,4,5,5,Champions
12627,2011-07-22 13:59:00,2011-11-29 12:07:00,230,7,2752,11.965217391304348,4478.53,19.47186956521739,162,0.25,0,130,18.6,5,4,5,Champions
12628,2011-10-06 09:28:00,2011-12-05 13:15:00,41,3,448,10.926829268292684,786.46,19.181951219512197,34,0.25,0,61,20.3,5,3,3,Loyal Customers
12629,2010-10-12 16:40:00,2010-11-19 09:18:00,45,2,722,16.044444444444444,1558.22,34.62711111111111,40,0.25,1,38,19.0,2,2,4,Lost / Inactive
12630,2011-10-27 10:41:00,2011-11-30 10:48:00,64,2,548,8.5625,1270.88,19.8575,60,0.25,0,35,17.5,5,2,4,Promising / New
12631,2010-01-15 14:50:00,2011-10-13 13:53:00,183,6,1607,8.781420765027322,3481.57,19.024972677595628,131,0.25,0,636,106.0,4,4,5,Champions
12632,2010-05-24 09:07:00,2010-07-07 09:39:00,35,2,694,19.82857142857143,804.88,22.99657142857143,32,0.25,1,45,22.5,1,2,3,Lost / Inactive
12633,2010-07-02 11:44:00,2011-10-12 11:40:00,306,7,3238,10.581699346405228,5678.16,18.556078431372548,220,0.25,0,467,66.7,4,4,5,Champions
12634,2010-06-09 15:41:00,2010-06-22 10:05:00,20,2,337,16.85,490.0,24.5,20,0.25,1,13,6.5,1,2,2,Lost / Inactive
12635,2010-09-09 10:50:00,2011-09-11 11:04:00,179,4,1949,10.888268156424582,2930.41,16.37100558659218,159,0.25,0,368,92.0,3,3,5,Loyal Customers
12636,2009-12-01 09:55:00,2009-12-01 09:55:00,1,1,1,1.0,141.0,141.0,1,0.25,1,1,1.0,1,1,1,Lost / Inactive
12637,2010-06-14 13:36:00,2011-10-03 13:46:00,614,12,4257,6.9332247557003255,8283.81,13.491547231270358,295,0.25,0,477,39.8,3,5,5,Loyal Customers
12638,2010-03-10 10:30:00,2011-11-06 13:11:00,48,2,663,13.8125,921.49,19.197708333333335,47,0.25,0,607,303.5,4,2,3,Promising / New
12639,2010-03-22 09:05:00,2011-04-15 12:48:00,64,3,631,9.859375,1312.37,20.50578125,58,0.25,1,390,130.0,2,3,4,At Risk
12640,2011-09-19 12:01:00,2011-11-16 11:52:00,53,3,311,5.867924528301887,1174.58,22.16188679245283,47,0.25,0,58,19.3,4,3,3,Loyal Customers
12641,2011-08-16 13:26:00,2011-08-16 13:26:00,10,1,72,7.2,185.9,18.59,10,0.25,1,1,1.0,3,1,1,Needs Attention
12642,2011-08-24 09:23:00,2011-11-14 15:03:00,47,3,552,11.74468085106383,1013.26,21.558723404255318,39,0.25,0,83,27.7,4,3,3,Loyal Customers
12643,2010-04-07 14:16:00,2011-08-03 12:56:00,51,12,4665,91.47058823529412,8304.82,162.83960784313726,14,0.25,1,483,40.2,3,5,5,Loyal Customers
12644,2010-01-14 13:02:00,2011-08-02 10:33:00,111,4,1032,9.297297297297296,1918.49,17.283693693693692,106,0.25,1,565,141.2,3,3,4,Loyal Customers
12645,2010-02-09 10:49:00,2011-11-06 12:38:00,160,8,2125,13.28125,3539.2999999999997,22.120624999999997,111,0.25,0,636,79.5,4,4,5,Champions
12646,2011-10-21 12:52:00,2011-12-05 10:14:00,45,2,897,19.933333333333334,1346.97,29.932666666666666,43,0.25,0,45,22.5,5,2,4,Promising / New
12647,2010-01-13 15:06:00,2011-11-17 12:56:00,515,36,6633,12.879611650485437,16955.55,32.923398058252424,240,0.25,0,673,18.7,4,5,5,Champions
12648,2010-01-07 18:38:00,2011-07-08 11:55:00,65,4,518,7.969230769230769,1112.0,17.107692307692307,38,0.25,1,547,136.8,3,3,3,Loyal Customers
12649,2010-01-12 17:24:00,2011-08-24 14:41:00,118,8,1959,16.60169491525424,2294.65,19.446186440677966,94,0.25,1,589,73.6,3,4,4,Loyal Customers
12650,2011-12-06 16:34:00,2011-12-06 16:34:00,20,1,254,12.7,314.44,15.722,20,0.25,0,1,1.0,5,1,2,Promising / New
12651,2010-08-31 15:21:00,2011-01-09 12:46:00,30,4,265,8.833333333333334,377.75,12.591666666666667,30,0.25,1,131,32.8,2,3,2,At Risk
12652,2010-10-01 15:16:00,2011-01-12 15:00:00,51,2,536,10.509803921568627,1017.03,19.941764705882353,51,0.25,1,103,51.5,2,2,3,Lost / Inactive
12653,2010-07-01 09:56:00,2011-07-14 10:41:00,86,3,1681,19.546511627906977,4160.83,48.38174418604651,76,0.25,1,379,126.3,3,3,5,Loyal Customers
12654,2011-02-17 13:16:00,2011-11-29 10:10:00,38,5,264,6.947368421052632,601.98,15.841578947368422,31,0.25,0,285,57.0,5,4,2,Champions
12655,2010-10-12 09:17:00,2010-10-12 09:17:00,16,1,80,5.0,261.35,16.334375,16,0.25,1,1,1.0,1,1,1,Lost / Inactive
12656,2010-05-26 09:00:00,2011-11-22 13:42:00,247,8,2860,11.578947368421053,6407.83,25.942631578947367,174,0.25,0,546,68.2,5,4,5,Champions
12657,2011-09-22 11:40:00,2011-11-28 15:47:00,47,4,1044,22.21276595744681,1643.18,34.961276595744685,35,0.25,0,68,17.0,5,3,4,Loyal Customers
12658,2011-11-21 10:22:00,2011-11-21 10:22:00,36,1,320,8.88888888888889,686.05,19.056944444444444,36,0.25,0,1,1.0,5,1,3,Promising / New
12659,2011-11-10 11:53:00,2011-11-10 11:53:00,5,1,105,21.0,91.68,18.336000000000002,5,0.25,0,1,1.0,4,1,1,Promising / New
12660,2011-11-28 13:26:00,2011-11-28 13:26:00,13,1,127,9.76923076923077,245.1,18.853846153846153,13,0.25,0,1,1.0,5,1,1,Promising / New
12661,2010-09-29 16:46:00,2010-09-29 16:46:00,11,1,216,19.636363636363637,162.0,14.727272727272727,11,0.25,1,1,1.0,1,1,1,Lost / Inactive
12662,2010-04-01 09:50:00,2011-12-09 11:59:00,391,20,3424,8.757033248081841,6726.54,17.203427109974424,163,0.25,0,618,30.9,5,5,5,Champions
12663,2010-02-09 14:28:00,2010-03-25 09:40:00,10,2,181,18.1,239.4,23.94,9,0.25,1,44,22.0,1,2,1,Lost / Inactive
12664,2009-12-13 10:28:00,2011-12-01 17:07:00,45,11,1495,33.22222222222222,6070.04,134.88977777777777,10,0.25,0,719,65.4,5,5,5,Champions
12665,2010-02-08 15:11:00,2011-01-19 08:34:00,17,3,165,9.705882352941176,313.6,18.447058823529414,13,0.25,1,345,115.0,2,3,2,At Risk
12666,2010-11-10 16:40:00,2010-11-10 16:40:00,31,1,370,11.935483870967742,1248.42,40.27161290322581,31,0.25,1,1,1.0,2,1,4,Lost / Inactive
12667,2011-10-12 17:00:00,2011-10-12 17:00:00,33,1,395,11.969696969696969,620.13,18.791818181818183,33,0.25,0,1,1.0,4,1,3,Promising / New
12668,2010-01-31 15:45:00,2011-11-28 10:56:00,536,10,5049,9.419776119402986,11383.03,21.236996268656718,263,0.25,0,666,66.6,5,5,5,Champions
12669,2011-03-28 10:15:00,2011-07-12 09:54:00,101,3,1115,11.03960396039604,2744.0299999999997,27.168613861386135,98,0.25,1,106,35.3,3,3,4,Loyal Customers
12670,2010-02-11 10:13:00,2011-11-29 15:23:00,115,7,1627,14.147826086956522,3760.29,32.698173913043476,71,0.25,0,657,93.9,5,4,5,Champions
12671,2010-04-12 16:30:00,2010-04-12 16:30:00,45,1,1460,32.44444444444444,2622.48,58.27733333333333,45,0.25,1,1,1.0,1,1,4,Lost / Inactive
12672,2010-04-23 09:57:00,2011-01-14 09:20:00,22,2,138,6.2727272727272725,437.05,19.865909090909092,22,0.25,1,266,133.0,2,2,2,Lost / Inactive
12673,2010-11-03 10:46:00,2011-12-04 13:55:00,74,3,700,9.45945945945946,1230.02,16.62189189189189,68,0.25,0,397,132.3,5,3,4,Loyal Customers
12674,2011-05-16 09:10:00,2011-11-01 12:12:00,83,4,1133,13.650602409638553,1970.6,23.742168674698792,52,0.25,0,170,42.5,4,3,4,Loyal Customers
12675,2010-05-10 16:44:00,2010-06-04 09:49:00,112,2,336,3.0,957.25,8.546875,111,0.25,1,25,12.5,1,2,3,Lost / Inactive
12676,2010-08-13 13:29:00,2011-11-15 12:25:00,107,11,1867,17.44859813084112,2843.09,26.570934579439253,67,0.25,0,459,41.7,4,5,4,Champions
12677,2010-02-11 13:55:00,2010-06-02 14:30:00,21,2,176,8.380952380952381,395.1,18.814285714285717,13,0.25,1,112,56.0,1,2,2,Lost / Inactive
12678,2010-01-07 16:46:00,2011-10-28 13:04:00,376,21,22372,59.5,34281.18,91.17335106382978,199,0.25,0,659,31.4,4,5,5,Champions
12679,2011-03-01 12:26:00,2011-10-12 12:30:00,48,4,554,11.541666666666666,1113.02,23.187916666666666,43,0.25,0,226,56.5,4,3,3,Loyal Customers
12680,2011-08-18 15:44:00,2011-12-09 12:50:00,53,4,444,8.377358490566039,880.81,16.619056603773583,33,0.25,0,113,28.2,5,3,3,Loyal Customers
12681,2009-12-13 13:31:00,2011-11-25 11:33:00,1424,45,17011,11.945926966292134,29834.76,20.951376404494383,459,0.25,0,712,15.8,5,5,5,Champions
12682,2009-12-01 09:28:00,2011-12-06 10:00:00,989,52,10522,10.639029322548028,22950.22,23.20548028311426,327,0.25,0,736,14.2,5,5,5,Champions
12683,2009-12-13 15:01:00,2011-12-05 16:31:00,487,21,7019,14.412731006160165,11633.7,23.888501026694048,236,0.25,0,723,34.4,5,5,5,Champions
12684,2011-05-10 12:55:00,2011-12-02 09:53:00,105,7,1985,18.904761904761905,2283.63,21.748857142857144,61,0.25,0,206,29.4,5,4,4,Champions
12685,2011-09-07 10:28:00,2011-11-11 13:46:00,157,6,1523,9.700636942675159,2863.08,18.236178343949042,117,0.25,0,66,11.0,4,4,4,Champions
12686,2010-12-03 09:51:00,2010-12-03 09:51:00,7,1,107,15.285714285714286,89.14,12.734285714285715,7,0.25,1,1,1.0,2,1,1,Lost / Inactive
12687,2010-08-16 12:10:00,2010-08-16 12:12:00,126,2,1403,11.134920634920634,2138.91,16.97547619047619,126,0.25,1,1,0.5,1,2,4,Lost / Inactive
12688,2011-08-18 08:49:00,2011-08-18 08:49:00,171,1,3028,17.707602339181285,4873.81,28.50181286549708,171,0.25,1,1,1.0,3,1,5,Needs Attention
12689,2011-08-04 10:04:00,2011-11-14 08:31:00,72,2,628,8.722222222222221,1247.61,17.327916666666667,57,0.25,0,102,51.0,4,2,4,Promising / New
12690,2011-05-18 09:09:00,2011-05-18 09:09:00,16,1,106,6.625,389.01,24.313125,16,0.25,1,1,1.0,2,1,2,Lost / Inactive
12691,2010-10-15 12:00:00,2011-11-11 16:49:00,39,7,445,11.41025641025641,1170.4,30.010256410256414,24,0.25,0,393,56.1,4,4,3,Champions
12692,2010-03-12 14:02:00,2010-03-12 14:02:00,13,1,36,2.769230769230769,110.95,8.534615384615385,13,0.25,1,1,1.0,1,1,1,Lost / Inactive
12693,2010-07-05 13:56:00,2011-08-04 17:51:00,79,7,536,6.784810126582278,1703.02,21.557215189873418,63,0.25,1,396,56.6,3,4,4,Loyal Customers
12694,2010-10-14 19:39:00,2011-09-30 13:06:00,83,3,1355,16.325301204819276,1843.35,22.209036144578313,69,0.25,0,351,117.0,3,3,4,Loyal Customers
12695,2010-02-12 13:22:00,2011-12-02 13:22:00,59,7,454,7.694915254237288,1407.1200000000001,23.84949152542373,46,0.25,0,659,94.1,5,4,4,Champions
12696,2010-07-19 10:02:00,2010-10-01 10:43:00,49,2,564,11.510204081632653,851.91,17.38591836734694,43,0.25,1,75,37.5,1,2,3,Lost / Inactive
12697,2011-06-23 15:44:00,2011-11-11 08:47:00,41,3,508,12.390243902439025,957.59,23.355853658536585,37,0.25,0,141,47.0,4,3,3,Loyal Customers
12698,2010-04-28 15:51:00,2010-04-28 15:51:00,16,1,111,6.9375,339.75,21.234375,16,0.25,1,1,1.0,1,1,2,Lost / Inactive
12699,2010-10-18 12:07:00,2010-10-18 12:07:00,41,1,373,9.097560975609756,638.11,15.563658536585367,41,0.25,1,1,1.0,1,1,3,Lost / Inactive
12700,2011-05-08 16:10:00,2011-12-02 10:47:00,268,4,2967,11.07089552238806,4939.99,18.432798507462685,193,0.25,0,208,52.0,5,3,5,Loyal Customers
12701,2010-03-16 13:23:00,2011-09-21 10:47:00,147,6,1727,11.748299319727892,2446.41,16.642244897959184,118,0.25,0,554,92.3,3,4,4,Loyal Customers
12702,2011-11-20 10:36:00,2011-11-20 10:36:00,12,1,53,4.416666666666667,219.0,18.25,12,0.25,0,1,1.0,4,1,1,Promising / New
12703,2010-01-24 12:05:00,2011-09-29 17:52:00,74,4,595,8.04054054054054,1006.53,13.601756756756757,56,0.25,0,614,153.5,3,3,3,Loyal Customers
12704,2011-06-23 10:20:00,2011-12-02 13:15:00,88,8,1006,11.431818181818182,2340.84,26.600454545454546,64,0.25,0,163,20.4,5,4,4,Champions
12705,2010-06-24 09:51:00,2011-11-24 13:17:00,599,14,7188,12.0,11762.1,19.636227045075128,320,0.25,0,519,37.1,5,5,5,Champions
12707,2011-02-21 08:38:00,2011-02-21 08:38:00,33,1,256,7.757575757575758,603.42,18.285454545454545,33,0.25,1,1,1.0,2,1,2,Lost / Inactive
12708,2009-12-18 10:25:00,2011-11-10 09:52:00,296,18,2432,8.216216216216216,5117.66,17.289391891891892,130,0.25,0,692,38.4,4,5,5,Champions
12709,2009-12-09 13:49:00,2011-11-24 15:38:00,490,34,13772,28.10612244897959,30291.76,61.819918367346936,189,0.25,0,716,21.1,5,5,5,Champions
12710,2011-05-22 14:05:00,2011-09-04 12:00:00,77,3,851,11.051948051948052,1149.02,14.922337662337663,75,0.25,1,105,35.0,3,3,3,Loyal Customers
12711,2010-02-01 11:30:00,2010-04-07 11:59:00,60,2,770,12.833333333333334,1339.05,22.3175,56,0.25,1,66,33.0,1,2,4,Lost / Inactive
12712,2009-12-09 10:46:00,2011-11-11 08:19:00,256,21,2205,8.61328125,6723.03,26.2618359375,126,0.25,0,702,33.4,4,5,5,Champions
12713,2011-12-09 12:16:00,2011-12-09 12:16:00,38,1,508,13.368421052631579,848.55,22.330263157894734,38,0.25,0,1,1.0,5,1,3,Promising / New
12714,2009-12-04 10:00:00,2011-11-30 15:43:00,696,12,8774,12.60632183908046,14093.71,20.249583333333334,436,0.25,0,727,60.6,5,5,5,Champions
12715,2011-08-25 15:22:00,2011-08-25 15:22:00,20,1,192,9.6,343.36,17.168,20,0.25,1,1,1.0,3,1,2,Needs Attention
12716,2011-07-29 13:28:00,2011-12-06 08:55:00,69,2,708,10.26086956521739,1053.49,15.267971014492753,60,0.25,0,130,65.0,5,2,3,Promising / New
12717,2010-04-28 14:34:00,2011-07-11 14:47:00,71,3,600,8.450704225352112,1308.91,18.435352112676057,60,0.25,1,440,146.7,3,3,4,Loyal Customers
12718,2011-09-29 16:38:00,2011-09-29 16:38:00,19,1,203,10.68421052631579,238.25,12.539473684210526,19,0.25,0,1,1.0,3,1,1,Needs Attention
12719,2011-10-05 14:50:00,2011-12-04 13:45:00,39,2,374,9.58974358974359,644.95,16.53717948717949,34,0.25,0,60,30.0,5,2,3,Promising / New
12720,2010-07-21 09:46:00,2011-12-07 08:03:00,479,30,6018,12.563674321503132,7787.28,16.257369519832984,262,0.25,0,504,16.8,5,5,5,Champions
12721,2010-08-25 11:07:00,2011-11-08 12:13:00,239,8,2655,11.108786610878662,4013.08,16.79112970711297,183,0.25,0,441,55.1,4,4,5,Champions
12722,2011-07-12 11:55:00,2011-09-15 14:50:00,53,4,566,10.679245283018869,997.63,18.82320754716981,50,0.25,0,66,16.5,3,3,3,Loyal Customers
12723,2011-10-05 15:52:00,2011-12-06 10:19:00,69,5,434,6.2898550724637685,725.07,10.508260869565218,53,0.25,0,62,12.4,5,4,3,Champions
12724,2010-06-22 14:00:00,2011-12-04 16:02:00,129,7,1379,10.689922480620154,2317.52,17.96527131782946,94,0.25,0,531,75.9,5,4,4,Champions
12725,2010-05-04 13:59:00,2010-12-03 15:45:00,106,4,1142,10.773584905660377,2266.7599999999998,21.38452830188679,92,0.25,1,214,53.5,2,3,4,At Risk
12726,2010-03-25 16:25:00,2011-11-11 13:35:00,179,11,4618,25.798882681564248,4014.6,22.427932960893855,63,0.25,0,596,54.2,4,5,5,Champions
12727,2010-02-23 09:54:00,2011-11-29 11:46:00,203,10,2832,13.950738916256158,5679.53,27.9779802955665,132,0.25,0,645,64.5,5,5,5,Champions
12728,2010-11-21 11:34:00,2011-09-29 15:31:00,61,5,543,8.901639344262295,1070.17,17.54377049180328,48,0.25,0,313,62.6,3,4,3,Loyal Customers
12729,2011-08-18 11:40:00,2011-08-18 11:40:00,26,1,233,8.961538461538462,453.01,17.423461538461538,26,0.25,1,1,1.0,3,1,2,Needs Attention
12730,2010-07-06 12:19:00,2010-07-06 12:19:00,47,1,234,4.9787234042553195,829.25,17.643617021276597,47,0.25,1,1,1.0,1,1,3,Lost / Inactive
12731,2010-03-02 09:23:00,2011-11-16 11:59:00,393,17,11641,29.62086513994911,25775.71,65.58704834605598,137,0.25,0,625,36.8,4,5,5,Champions
12732,2011-06-13 11:33:00,2011-06-13 11:33:00,12,1,111,9.25,236.26,19.688333333333333,12,0.25,1,1,1.0,3,1,1,Needs Attention
12733,2010-01-19 13:23:00,2011-04-19 16:19:00,157,4,896,5.707006369426751,2424.87,15.445031847133757,117,0.25,1,456,114.0,2,3,4,At Risk
12734,2010-11-12 13:26:00,2010-12-22 12:47:00,19,3,265,13.947368421052632,639.65,33.66578947368421,17,0.25,1,40,13.3,2,3,3,At Risk
12735,2011-01-06 14:26:00,2011-01-28 13:37:00,43,2,368,8.55813953488372,779.5699999999999,18.12953488372093,38,0.25,1,22,11.0,2,2,3,Lost / Inactive
12736,2011-01-11 07:57:00,2011-01-11 07:57:00,4,1,173,43.25,234.0,58.5,4,0.25,1,1,1.0,2,1,1,Lost / Inactive
12737,2010-07-29 12:27:00,2010-07-29 12:29:00,2,2,2,1.0,3710.5,1855.25,2,0.25,1,1,0.5,1,2,5,Lost / Inactive
12738,2010-12-02 18:27:00,2010-12-02 18:27:00,11,1,148,13.454545454545455,155.35,14.122727272727273,11,0.25,1,1,1.0,2,1,1,Lost / Inactive
12739,2010-11-10 14:27:00,2011-09-22 13:00:00,89,4,951,10.685393258426966,2726.73,30.63741573033708,85,0.25,0,316,79.0,3,3,4,Loyal Customers
12740,2011-10-07 10:44:00,2011-10-07 10:44:00,27,1,342,12.666666666666666,427.6,15.837037037037037,27,0.25,0,1,1.0,3,1,2,Needs Attention
12741,2010-06-24 16:24:00,2010-06-28 14:36:00,16,2,214,13.375,406.07,25.379375,16,0.25,1,4,2.0,1,2,2,Lost / Inactive
12742,2010-03-24 12:43:00,2010-03-24 12:43:00,67,1,1359,20.28358208955224,1201.52,17.933134328358207,67,0.25,1,1,1.0,1,1,3,Lost / Inactive
12743,2011-07-28 16:06:00,2011-07-28 16:21:00,131,2,315,2.404580152671756,540.13,4.123129770992366,114,0.25,1,1,0.5,3,2,2,Needs Attention
12744,2010-04-27 16:19:00,2011-10-19 11:18:00,339,11,6994,20.63126843657817,25317.06,74.68159292035399,245,0.25,0,540,49.1,4,5,5,Champions
12745,2010-01-26 16:22:00,2010-08-10 10:14:00,23,3,468,20.347826086956523,925.41,40.235217391304346,21,0.25,1,196,65.3,1,3,3,At Risk
12746,2010-06-17 10:41:00,2010-06-17 10:41:00,17,1,97,5.705882352941177,254.55,14.973529411764707,17,0.25,1,1,1.0,1,1,1,Lost / Inactive
12747,2009-12-07 13:23:00,2011-12-07 14:34:00,249,26,2640,10.602409638554217,8898.48,35.73686746987951,85,0.25,0,731,28.1,5,5,5,Champions
12748,2009-12-04 17:31:00,2011-12-09 12:20:00,6585,336,37109,5.635383447228549,53539.64,8.130545178435838,2286,0.25,0,735,2.2,5,5,5,Champions
12749,2010-07-06 15:05:00,2011-12-06 09:56:00,338,9,2360,6.982248520710059,6897.36,20.40639053254438,260,0.25,0,518,57.6,5,5,5,Champions
12750,2011-08-03 09:13:00,2011-08-03 09:13:00,15,1,137,9.133333333333333,275.88,18.392,15,0.25,1,1,1.0,3,1,1,Needs Attention
12751,2010-09-21 12:49:00,2010-09-21 12:49:00,62,1,189,3.0483870967741935,268.27,4.326935483870967,61,0.25,1,1,1.0,1,1,1,Lost / Inactive
12752,2011-09-19 13:32:00,2011-09-19 13:32:00,53,1,2262,42.679245283018865,4366.78,82.3920754716981,53,0.25,0,1,1.0,3,1,5,Needs Attention
12753,2010-12-12 11:44:00,2011-11-17 10:52:00,197,6,11421,57.974619289340104,21429.39,108.77862944162436,132,0.25,0,340,56.7,4,4,5,Champions
12754,2011-02-04 10:31:00,2011-04-18 09:00:00,63,3,6481,102.87301587301587,3010.7400000000002,47.789523809523814,49,0.25,1,73,24.3,2,3,5,At Risk
12755,2010-01-15 11:57:00,2011-03-04 12:42:00,63,11,2293,36.3968253968254,5236.26,83.1152380952381,34,0.25,1,414,37.6,2,5,5,At Risk
12756,2011-09-14 09:31:00,2011-09-14 09:31:00,4,1,144,36.0,112.08,28.02,4,0.25,0,1,1.0,3,1,1,Needs Attention
12757,2011-05-12 19:01:00,2011-11-24 12:30:00,364,13,2395,6.579670329670329,7834.650000000001,21.52376373626374,237,0.25,0,196,15.1,5,5,5,Champions
12758,2009-12-01 14:40:00,2011-08-15 10:22:00,313,7,6155,19.664536741214057,9903.24,31.639744408945685,187,0.25,1,622,88.9,3,4,5,Loyal Customers
12759,2009-12-04 10:47:00,2011-10-18 14:49:00,302,8,3202,10.602649006622517,5020.74,16.62496688741722,206,0.25,0,684,85.5,4,4,5,Champions
12760,2010-09-10 08:50:00,2010-09-10 08:50:00,21,1,198,9.428571428571429,347.8,16.561904761904763,21,0.25,1,1,1.0,1,1,2,Lost / Inactive
12761,2010-09-01 10:47:00,2010-09-08 12:17:00,27,2,281,10.407407407407407,782.95,28.99814814814815,27,0.25,1,8,4.0,1,2,3,Lost / Inactive
12762,2011-11-14 14:23:00,2011-12-02 10:23:00,69,2,1227,17.782608695652176,1898.52,27.51478260869565,62,0.25,0,18,9.0,5,2,4,Promising / New
12763,2010-12-05 15:46:00,2011-07-24 14:12:00,18,2,316,17.555555555555557,494.08,27.448888888888888,16,0.25,1,231,115.5,3,2,2,Needs Attention
12764,2011-01-27 10:19:00,2011-01-27 10:19:00,45,1,386,8.577777777777778,1693.88,37.64177777777778,45,0.25,1,1,1.0,2,1,4,Lost / Inactive
12765,2010-03-08 09:43:00,2010-08-24 13:51:00,68,6,1009,14.838235294117647,1404.58,20.65558823529412,49,0.25,1,170,28.3,1,4,4,At Risk
12766,2010-10-28 09:29:00,2011-12-06 08:46:00,402,9,5022,12.492537313432836,8918.99,22.186542288557213,253,0.25,0,404,44.9,5,5,5,Champions
12767,2010-11-29 09:38:00,2010-11-29 09:38:00,43,1,598,13.906976744186046,949.8199999999999,22.088837209302323,43,0.25,1,1,1.0,2,1,3,Lost / Inactive
12768,2010-09-15 12:08:00,2010-09-15 12:08:00,10,1,102,10.2,168.69,16.869,10,0.25,1,1,1.0,1,1,1,Lost / Inactive
12769,2011-04-15 10:25:00,2011-04-15 10:25:00,32,1,356,11.125,1143.6,35.7375,32,0.25,1,1,1.0,2,1,3,Lost / Inactive
12770,2010-09-09 11:43:00,2011-05-13 09:33:00,28,2,1843,65.82142857142857,3246.45,115.94464285714285,19,0.25,1,246,123.0,2,2,5,Lost / Inactive
12771,2010-08-11 11:51:00,2010-08-11 11:51:00,15,1,104,6.933333333333334,282.3,18.82,15,0.25,1,1,1.0,1,1,1,Lost / Inactive
12772,2011-10-11 09:19:00,2011-10-11 09:19:00,55,1,556,10.10909090909091,892.47,16.226727272727274,55,0.25,0,1,1.0,3,1,3,Needs Attention
12773,2010-05-24 17:30:00,2010-05-24 17:30:00,6,1,109,18.166666666666668,124.25,20.708333333333332,6,0.25,1,1,1.0,1,1,1,Lost / Inactive
12774,2010-06-22 10:38:00,2010-06-22 10:38:00,6,1,53,8.833333333333334,98.7,16.45,6,0.25,1,1,1.0,1,1,1,Lost / Inactive
12775,2010-10-26 14:24:00,2011-11-22 16:33:00,81,7,1083,13.37037037037037,1686.12,20.816296296296294,55,0.25,0,393,56.1,5,4,4,Champions
12776,2010-02-10 12:11:00,2010-02-10 12:11:00,4,1,46,11.5,55.5,13.875,4,0.25,1,1,1.0,1,1,1,Lost / Inactive
12777,2010-09-08 11:35:00,2010-09-08 11:35:00,26,1,458,17.615384615384617,519.45,19.978846153846156,26,0.25,1,1,1.0,1,1,2,Lost / Inactive
12778,2010-04-16 09:57:00,2011-11-20 11:30:00,114,9,1735,15.219298245614034,1775.68,15.576140350877193,77,0.25,0,584,64.9,4,5,4,Champions
12779,2009-12-03 07:25:00,2011-11-02 11:43:00,269,14,3501,13.014869888475836,6474.11,24.06732342007435,142,0.25,0,700,50.0,4,5,5,Champions
12780,2010-04-20 09:40:00,2010-04-20 09:40:00,20,1,285,14.25,337.4,16.869999999999997,20,0.25,1,1,1.0,1,1,2,Lost / Inactive
12781,2011-02-28 08:43:00,2011-10-07 10:37:00,25,2,671,26.84,826.74,33.0696,25,0.25,0,222,111.0,3,2,3,Needs Attention
12782,2010-07-08 13:31:00,2011-12-05 09:16:00,227,11,2017,8.885462555066079,4618.24,20.344669603524228,142,0.25,0,515,46.8,5,5,5,Champions
12783,2011-09-25 15:35:00,2011-12-07 15:56:00,84,6,624,7.428571428571429,2225.91,26.49892857142857,76,0.25,0,74,12.3,5,4,4,Champions
12784,2010-06-28 13:06:00,2011-11-30 15:38:00,129,3,862,6.682170542635659,1763.15,13.667829457364341,121,0.25,0,521,173.7,5,3,4,Loyal Customers
12785,2009-12-08 13:56:00,2010-12-10 13:48:00,56,3,453,8.089285714285714,1100.4,19.650000000000002,42,0.25,1,367,122.3,2,3,3,At Risk
12786,2010-04-09 12:12:00,2010-04-09 12:12:00,18,1,324,18.0,728.5,40.47222222222222,18,0.25,1,1,1.0,1,1,3,Lost / Inactive
12787,2010-10-22 14:57:00,2011-11-30 08:44:00,44,4,510,11.590909090909092,862.18,19.595,30,0.25,0,404,101.0,5,3,3,Loyal Customers
12788,2010-06-29 13:05:00,2010-09-02 14:21:00,26,4,194,7.461538461538462,444.9,17.111538461538462,20,0.25,1,66,16.5,1,3,2,At Risk
12789,2010-01-15 12:06:00,2011-10-05 13:34:00,8,3,36,4.5,273.35,34.16875,5,0.25,0,629,209.7,3,3,1,Loyal Customers
12790,2010-10-25 13:04:00,2011-05-31 14:14:00,37,2,306,8.27027027027027,591.85,15.995945945945946,36,0.25,1,219,109.5,2,2,2,Lost / Inactive
12791,2010-03-25 17:29:00,2010-12-01 11:27:00,28,6,353,12.607142857142858,863.51,30.839642857142856,17,0.25,1,251,41.8,2,4,3,At Risk
12792,2010-06-23 10:49:00,2011-03-28 11:36:00,47,2,394,8.382978723404255,827.01,17.59595744680851,39,0.25,1,279,139.5,2,2,3,Lost / Inactive
12793,2010-11-03 13:05:00,2011-01-09 12:12:00,44,3,461,10.477272727272727,885.53,20.125681818181818,34,0.25,1,67,22.3,2,3,3,At Risk
12794,2011-09-02 12:01:00,2011-10-17 14:54:00,45,2,592,13.155555555555555,860.41,19.12022222222222,43,0.25,0,46,23.0,4,2,3,Promising / New
12795,2011-11-21 10:27:00,2011-11-21 10:27:00,14,1,68,4.857142857142857,430.48,30.74857142857143,14,0.25,0,1,1.0,5,1,2,Promising / New
12796,2010-03-21 15:49:00,2010-03-21 15:49:00,7,1,182,26.0,381.0,54.42857142857143,7,0.25,1,1,1.0,1,1,2,Lost / Inactive
12797,2010-10-11 12:53:00,2010-12-09 10:55:00,30,2,215,7.166666666666667,552.08,18.40266666666667,27,0.25,1,59,29.5,2,2,2,Lost / Inactive
12798,2010-10-14 12:27:00,2011-11-29 15:52:00,33,4,8455,256.2121212121212,8510.93,257.9069696969697,27,0.25,0,412,103.0,5,3,5,Loyal Customers
12799,2010-06-28 15:57:00,2010-06-28 15:57:00,15,1,137,9.133333333333333,219.35,14.623333333333333,15,0.25,1,1,1.0,1,1,1,Lost / Inactive
12800,2010-02-01 11:02:00,2010-08-26 14:11:00,34,3,284,8.352941176470589,584.25,17.183823529411764,31,0.25,1,207,69.0,1,3,2,At Risk
12801,2010-07-27 09:38:00,2010-07-27 09:38:00,50,1,505,10.1,1071.82,21.4364,50,0.25,1,1,1.0,1,1,3,Lost / Inactive
12802,2010-05-25 09:34:00,2011-06-06 09:36:00,138,7,1972,14.289855072463768,2416.42,17.510289855072465,108,0.25,1,378,54.0,3,4,4,Loyal Customers
12803,2010-11-11 14:57:00,2010-11-11 14:57:00,55,1,872,15.854545454545455,1092.81,19.869272727272726,55,0.25,1,1,1.0,2,1,3,Lost / Inactive
12804,2010-07-27 13:52:00,2010-08-31 11:58:00,66,2,270,4.090909090909091,325.37,4.929848484848485,60,0.25,1,35,17.5,1,2,2,Lost / Inactive
12805,2010-02-03 09:06:00,2010-11-23 12:27:00,58,4,593,10.224137931034482,1434.95,24.74051724137931,44,0.25,1,294,73.5,2,3,4,At Risk
12806,2010-04-30 10:44:00,2010-09-30 13:34:00,67,4,2087,31.149253731343283,2878.96,42.96955223880597,58,0.25,1,154,38.5,1,3,4,At Risk
12807,2010-11-21 14:21:00,2010-11-21 14:21:00,16,1,145,9.0625,330.35,20.646875,16,0.25,1,1,1.0,2,1,2,Lost / Inactive
12808,2010-09-03 10:24:00,2011-11-03 10:05:00,47,5,322,6.851063829787234,776.7,16.52553191489362,46,0.25,0,426,85.2,4,4,3,Champions
12809,2010-03-02 14:19:00,2011-06-15 10:51:00,81,3,518,6.395061728395062,1755.94,21.67827160493827,75,0.25,1,470,156.7,3,3,4,Loyal Customers
12810,2010-02-01 09:52:00,2010-06-23 10:53:00,32,2,389,12.15625,534.99,16.7184375,32,0.25,1,143,71.5,1,2,2,Lost / Inactive
12811,2010-10-08 12:20:00,2011-03-24 09:42:00,56,5,435,7.767857142857143,1033.9,18.462500000000002,47,0.25,1,167,33.4,2,4,3,At Risk
12812,2011-10-26 09:54:00,2011-10-26 09:54:00,15,1,164,10.933333333333334,229.64,15.309333333333333,15,0.25,0,1,1.0,4,1,1,Promising / New
12813,2010-01-15 16:52:00,2010-07-26 09:50:00,45,3,1141,25.355555555555554,1687.8,37.50666666666667,37,0.25,1,192,64.0,1,3,4,At Risk
12814,2011-08-30 12:11:00,2011-08-30 12:11:00,2,1,49,24.5,125.92,62.96,2,0.25,1,1,1.0,3,1,1,Needs Attention
12815,2011-05-25 13:34:00,2011-07-15 10:21:00,47,2,379,8.063829787234043,1063.46,22.6268085106383,38,0.25,1,51,25.5,3,2,3,Needs Attention
12816,2011-06-16 13:24:00,2011-09-05 12:41:00,29,2,128,4.413793103448276,572.2,19.731034482758623,27,0.25,1,81,40.5,3,2,2,Needs Attention
12817,2010-10-01 08:57:00,2011-03-03 16:28:00,25,3,219,8.76,690.98,27.639200000000002,16,0.25,1,154,51.3,2,3,3,At Risk
12818,2011-03-23 12:06:00,2011-03-23 12:06:00,14,1,929,66.35714285714286,1542.08,110.14857142857143,14,0.25,1,1,1.0,2,1,4,Lost / Inactive
12819,2010-09-07 15:20:00,2010-09-07 15:20:00,19,1,344,18.105263157894736,540.52,28.448421052631577,19,0.25,1,1,1.0,1,1,2,Lost / Inactive
12820,2009-12-05 13:37:00,2011-12-06 15:12:00,159,11,1964,12.352201257861635,2689.52,16.915220125786163,131,0.25,0,732,66.5,5,5,4,Champions
12821,2010-04-07 15:14:00,2011-05-09 15:51:00,13,2,162,12.461538461538462,220.8,16.984615384615385,13,0.25,1,398,199.0,2,2,1,Lost / Inactive
12822,2011-09-13 13:46:00,2011-09-30 10:04:00,46,2,550,11.956521739130435,948.88,20.62782608695652,41,0.25,0,17,8.5,3,2,3,Needs Attention
12823,2010-01-29 12:52:00,2011-09-26 07:35:00,18,18,930,51.666666666666664,6501.5,361.19444444444446,1,0.25,0,605,33.6,3,5,5,Loyal Customers
12824,2011-10-11 12:49:00,2011-10-11 12:49:00,25,1,232,9.28,397.12,15.8848,25,0.25,0,1,1.0,3,1,2,Needs Attention
12825,2010-03-08 10:17:00,2010-07-06 13:56:00,24,2,139,5.791666666666667,518.63,21.609583333333333,20,0.25,1,121,60.5,1,2,2,Lost / Inactive
12826,2009-12-18 10:43:00,2011-12-07 10:25:00,157,12,1915,12.197452229299364,2800.75,17.839171974522294,93,0.25,0,719,59.9,5,5,4,Champions
12827,2011-10-26 15:44:00,2011-12-04 12:17:00,25,3,197,7.88,430.15,17.206,19,0.25,0,39,13.0,5,3,2,Loyal Customers
12828,2011-08-01 16:16:00,2011-12-07 08:45:00,56,6,494,8.821428571428571,1018.7099999999999,18.19125,46,0.25,0,128,21.3,5,4,3,Champions
12829,2010-06-07 15:04:00,2011-01-07 11:13:00,19,3,550,28.94736842105263,385.3,20.278947368421054,17,0.25,1,214,71.3,2,3,2,At Risk
12830,2011-06-21 10:53:00,2011-11-02 11:54:00,38,6,9848,259.1578947368421,6814.64,179.33263157894737,13,0.25,0,135,22.5,4,4,5,Champions
12831,2010-09-02 15:58:00,2011-03-22 13:02:00,22,3,303,13.772727272727273,451.11,20.505,16,0.25,1,201,67.0,2,3,2,At Risk
12832,2011-09-02 13:48:00,2011-11-07 13:30:00,27,2,195,7.222222222222222,383.03000000000003,14.186296296296298,27,0.25,0,66,33.0,4,2,2,Promising / New
12833,2011-07-17 13:46:00,2011-07-17 13:46:00,24,1,156,6.5,417.38,17.390833333333333,24,0.25,1,1,1.0,3,1,2,Needs Attention
12834,2011-03-02 09:49:00,2011-03-02 09:49:00,18,1,110,6.111111111111111,312.38,17.354444444444443,18,0.25,1,1,1.0,2,1,2,Lost / Inactive
12835,2009-12-03 12:13:00,2010-10-08 10:59:00,615,41,2349,3.819512195121951,5996.83,9.750943089430894,138,0.25,1,309,7.5,1,5,5,At Risk
12836,2009-12-01 14:19:00,2011-10-11 15:10:00,411,15,2231,5.428223844282239,6559.73,15.960413625304135,280,0.25,0,680,45.3,4,5,5,Champions
12837,2010-05-19 15:10:00,2011-06-19 16:07:00,88,2,194,2.2045454545454546,662.66,7.530227272727273,83,0.25,1,397,198.5,3,2,3,Needs Attention
12838,2010-04-26 09:59:00,2011-11-06 12:20:00,356,10,1606,4.51123595505618,2975.91,8.359297752808988,230,0.25,0,560,56.0,4,5,5,Champions
12839,2009-12-07 09:18:00,2011-12-07 12:33:00,554,26,6578,11.873646209386282,9669.12,17.453285198555957,156,0.25,0,731,28.1,5,5,5,Champions
12840,2010-02-03 14:51:00,2011-07-19 09:29:00,176,7,2258,12.829545454545455,4041.97,22.965738636363636,109,0.25,1,531,75.9,3,4,5,Loyal Customers
12841,2010-07-08 15:38:00,2011-12-05 11:13:00,644,40,5008,7.77639751552795,6958.2,10.804658385093168,307,0.25,0,515,12.9,5,5,5,Champions
12842,2009-12-02 08:15:00,2011-09-30 15:33:00,48,4,887,18.479166666666668,1917.99,39.958125,45,0.25,0,668,167.0,3,3,4,Loyal Customers
12843,2009-12-13 11:41:00,2011-10-05 12:09:00,219,30,3028,13.826484018264841,6583.36,30.061004566210045,130,0.25,0,662,22.1,3,5,5,Loyal Customers
12844,2010-04-25 11:51:00,2011-11-10 13:31:00,103,4,223,2.1650485436893203,648.6,6.297087378640777,88,0.25,0,565,141.2,4,3,3,Loyal Customers
12845,2011-02-22 14:10:00,2011-03-17 13:34:00,27,4,204,7.555555555555555,354.09000000000003,13.114444444444446,26,0.25,1,23,5.8,2,3,2,At Risk
12846,2010-01-26 16:29:00,2010-01-26 16:29:00,1,1,1,1.0,15.58,15.58,1,0.25,1,1,1.0,1,1,1,Lost / Inactive
12847,2010-11-17 12:44:00,2011-11-17 13:16:00,119,2,1497,12.579831932773109,1609.0,13.521008403361344,100,0.25,0,366,183.0,4,2,4,Promising / New
12848,2010-02-02 12:45:00,2010-02-02 12:45:00,16,1,58,3.625,208.0,13.0,16,0.25,1,1,1.0,1,1,1,Lost / Inactive
12849,2010-04-27 13:44:00,2011-11-08 13:41:00,144,6,1855,12.881944444444445,3042.47,21.12826388888889,123,0.25,0,560,93.3,4,4,5,Champions
12850,2010-09-20 12:26:00,2010-09-20 12:26:00,2,1,200,100.0,330.0,165.0,2,0.25,1,1,1.0,1,1,2,Lost / Inactive
12851,2010-08-19 15:13:00,2011-09-04 12:41:00,77,2,157,2.038961038961039,280.76,3.6462337662337663,71,0.25,1,381,190.5,3,2,1,Needs Attention
12852,2011-02-18 08:47:00,2011-02-18 08:47:00,17,1,149,8.764705882352942,311.55,18.326470588235296,17,0.25,1,1,1.0,2,1,2,Lost / Inactive
12853,2010-02-05 11:57:00,2011-07-28 11:29:00,148,11,1668,11.27027027027027,3907.5,26.402027027027028,111,0.25,1,538,48.9,3,5,5,Loyal Customers
12854,2009-12-11 12:55:00,2011-09-22 12:15:00,261,7,1630,6.245210727969349,2970.97,11.383026819923371,188,0.25,0,650,92.9,3,4,5,Loyal Customers
12855,2010-11-02 18:16:00,2010-12-02 09:37:00,67,4,240,3.582089552238806,612.84,9.146865671641791,65,0.25,1,30,7.5,2,3,3,At Risk
12856,2011-10-07 12:38:00,2011-12-02 10:52:00,311,6,1076,3.459807073954984,2170.78,6.98,155,0.25,0,56,9.3,5,4,4,Champions
12857,2010-01-25 15:37:00,2011-05-13 10:20:00,121,6,1420,11.735537190082646,3688.0,30.479338842975206,71,0.25,1,473,78.8,2,4,5,At Risk
12858,2010-11-21 12:55:00,2010-11-21 12:55:00,37,1,51,1.3783783783783783,147.27,3.9802702702702706,36,0.25,1,1,1.0,2,1,1,Lost / Inactive
12859,2010-09-07 12:20:00,2010-09-07 12:20:00,21,1,292,13.904761904761905,575.1,27.385714285714286,21,0.25,1,1,1.0,1,1,2,Lost / Inactive
12860,2010-01-15 15:22:00,2010-01-15 15:22:00,16,1,26,1.625,54.22,3.38875,16,0.25,1,1,1.0,1,1,1,Lost / Inactive
12861,2010-03-30 11:39:00,2010-03-30 11:39:00,4,1,27,6.75,68.25,17.0625,4,0.25,1,1,1.0,1,1,1,Lost / Inactive
12862,2010-08-01 15:20:00,2010-10-10 11:47:00,131,2,611,4.66412213740458,984.62,7.51618320610687,119,0.25,1,70,35.0,1,2,3,Lost / Inactive
12863,2010-04-29 13:54:00,2011-10-18 14:15:00,48,6,895,18.645833333333332,2792.55,58.178125,24,0.25,0,538,89.7,4,4,4,Champions
12864,2010-07-19 17:22:00,2011-07-24 13:03:00,7,2,447,63.857142857142854,299.57,42.79571428571428,5,0.25,1,370,185.0,3,2,2,Needs Attention
12865,2010-08-20 12:20:00,2011-11-13 14:31:00,195,4,1973,10.117948717948718,3323.47,17.043435897435895,156,0.25,0,451,112.8,4,3,5,Loyal Customers
12866,2010-07-25 11:37:00,2011-03-01 14:11:00,63,3,553,8.777777777777779,1227.35,19.48174603174603,58,0.25,1,220,73.3,2,3,4,At Risk
12867,2009-12-16 16:25:00,2011-11-13 15:30:00,1050,13,7876,7.500952380952381,7829.26,7.456438095238095,365,0.25,0,697,53.6,4,5,5,Champions
12868,2010-11-12 10:05:00,2011-06-07 10:42:00,134,8,1170,8.73134328358209,2043.76,15.251940298507463,86,0.25,1,208,26.0,3,4,4,Loyal Customers
12869,2010-01-27 12:10:00,2010-01-27 12:10:00,37,1,144,3.891891891891892,337.66999999999996,9.126216216216216,35,0.25,1,1,1.0,1,1,2,Lost / Inactive
12870,2010-03-25 14:32:00,2010-11-29 13:42:00,93,3,906,9.741935483870968,1676.95,18.031720430107526,85,0.25,1,249,83.0,2,3,4,At Risk
12871,2010-09-26 10:34:00,2011-09-16 15:07:00,18,3,484,26.88888888888889,744.02,41.33444444444444,13,0.25,0,356,118.7,3,3,3,Loyal Customers
12872,2009-12-03 20:03:00,2011-01-17 10:52:00,394,12,1642,4.16751269035533,3283.96,8.33492385786802,217,0.25,1,410,34.2,2,5,5,At Risk
12873,2010-01-27 09:50:00,2011-03-02 14:58:00,35,3,786,22.457142857142856,2027.3,57.92285714285714,33,0.25,1,400,133.3,2,3,4,At Risk
12874,2010-06-03 12:51:00,2010-11-19 15:23:00,48,2,623,12.979166666666666,948.42,19.75875,44,0.25,1,170,85.0,2,2,3,Lost / Inactive
12875,2010-01-11 12:37:00,2011-07-19 15:30:00,8,5,5187,648.375,1356.99,169.62375,2,0.25,1,555,111.0,3,4,4,Loyal Customers
12876,2010-04-28 13:26:00,2011-10-13 12:26:00,170,4,3047,17.923529411764704,4081.79,24.010529411764704,117,0.25,0,533,133.2,4,3,5,Loyal Customers
12877,2010-01-18 10:23:00,2011-12-06 10:30:00,274,20,2237,8.164233576642335,2942.14,10.737737226277371,149,0.25,0,688,34.4,5,5,5,Champions
12878,2011-03-18 14:02:00,2011-04-17 13:07:00,47,2,547,11.638297872340425,854.99,18.191276595744682,38,0.25,1,30,15.0,2,2,3,Lost / Inactive
12879,2011-09-09 12:11:00,2011-10-26 12:24:00,10,3,370,37.0,573.22,57.322,7,0.25,0,48,16.0,4,3,2,Loyal Customers
12880,2010-05-14 11:57:00,2010-11-23 10:50:00,36,2,279,7.75,640.13,17.781388888888888,32,0.25,1,193,96.5,2,2,3,Lost / Inactive
12881,2011-03-09 11:44:00,2011-03-09 11:44:00,7,1,21,3.0,298.0,42.57142857142857,7,0.25,1,1,1.0,2,1,2,Lost / Inactive
12882,2011-11-06 11:22:00,2011-11-30 16:18:00,13,2,246,18.923076923076923,1463.04,112.54153846153847,12,0.25,0,25,12.5,5,2,4,Promising / New
12883,2011-09-11 15:18:00,2011-11-15 09:32:00,42,4,196,4.666666666666667,703.47,16.749285714285715,39,0.25,0,65,16.2,4,3,3,Loyal Customers
12884,2011-09-12 13:10:00,2011-09-12 13:10:00,7,1,43,6.142857142857143,309.05,44.15,7,0.25,0,1,1.0,3,1,2,Needs Attention
12885,2011-08-08 11:45:00,2011-10-07 13:40:00,71,3,655,9.225352112676056,1175.22,16.552394366197184,66,0.25,0,61,20.3,3,3,3,Loyal Customers
12886,2011-05-04 11:21:00,2011-10-03 10:09:00,82,2,770,9.390243902439025,1378.4,16.809756097560978,75,0.25,0,152,76.0,3,2,4,Needs Attention
12887,2010-11-21 11:18:00,2010-11-21 11:18:00,13,1,100,7.6923076923076925,222.4,17.107692307692307,13,0.25,1,1,1.0,2,1,1,Lost / Inactive
12888,2011-03-29 14:31:00,2011-05-09 16:02:00,5,2,76,15.2,354.12,70.824,4,0.25,1,42,21.0,2,2,2,Lost / Inactive
12889,2010-07-25 14:32:00,2010-11-23 16:08:00,25,4,124,4.96,385.46,15.418399999999998,25,0.25,1,122,30.5,2,3,2,At Risk
12890,2010-11-17 14:05:00,2011-11-15 17:26:00,135,2,457,3.3851851851851853,706.02,5.229777777777778,124,0.25,0,364,182.0,4,2,3,Promising / New
12891,2010-02-18 14:32:00,2011-06-07 12:31:00,11,11,2325,211.36363636363637,840.5,76.4090909090909,2,0.25,1,474,43.1,3,5,3,Loyal Customers
12892,2010-11-08 09:51:00,2010-11-08 09:51:00,18,1,140,7.777777777777778,263.38,14.632222222222222,18,0.25,1,1,1.0,2,1,1,Lost / Inactive
12893,2011-11-09 12:34:00,2011-11-09 12:34:00,31,1,90,2.903225806451613,176.55,5.695161290322581,27,0.25,0,1,1.0,4,1,1,Promising / New
12894,2010-05-13 14:47:00,2010-05-13 14:47:00,21,1,33,1.5714285714285714,157.35,7.492857142857143,21,0.25,1,1,1.0,1,1,1,Lost / Inactive
12895,2011-09-14 08:35:00,2011-10-28 13:51:00,22,2,210,9.545454545454545,372.8,16.945454545454545,22,0.25,0,45,22.5,4,2,2,Promising / New
12897,2010-06-14 11:58:00,2011-05-19 12:13:00,14,4,249,17.785714285714285,514.25,36.732142857142854,10,0.25,1,340,85.0,2,3,2,At Risk
12898,2010-02-18 12:36:00,2010-09-02 08:08:00,27,2,235,8.703703703703704,296.21,10.97074074074074,27,0.25,1,196,98.0,1,2,2,Lost / Inactive
12899,2010-10-22 09:53:00,2010-10-22 09:53:00,17,1,108,6.352941176470588,366.4,21.552941176470586,17,0.25,1,1,1.0,1,1,2,Lost / Inactive
12900,2010-10-13 15:17:00,2010-10-13 15:17:00,13,1,139,10.692307692307692,340.33,26.179230769230767,13,0.25,1,1,1.0,1,1,2,Lost / Inactive
12901,2011-03-14 10:41:00,2011-12-01 10:07:00,116,28,23075,198.92241379310346,17654.54,152.19431034482758,30,0.25,0,262,9.4,5,5,5,Champions
12902,2011-03-20 12:06:00,2011-03-20 12:06:00,10,1,66,6.6,138.68,13.868,10,0.25,1,1,1.0,2,1,1,Lost / Inactive
12903,2010-10-07 12:39:00,2010-10-07 12:39:00,41,1,493,12.024390243902438,833.53,20.33,41,0.25,1,1,1.0,1,1,3,Lost / Inactive
12904,2011-06-20 13:18:00,2011-11-21 14:34:00,71,2,294,4.140845070422535,496.06,6.986760563380281,59,0.25,0,155,77.5,5,2,2,Promising / New
12905,2010-01-26 14:06:00,2010-05-12 10:05:00,54,2,532,9.851851851851851,1018.42,18.85962962962963,52,0.25,1,106,53.0,1,2,3,Lost / Inactive
12906,2011-09-22 15:03:00,2011-11-28 09:55:00,63,5,1749,27.761904761904763,2919.81,46.34619047619047,55,0.25,0,67,13.4,5,4,5,Champions
12907,2010-08-02 14:33:00,2010-11-09 12:08:00,25,2,177,7.08,508.91,20.3564,23,0.25,1,99,49.5,2,2,2,Lost / Inactive
12908,2010-03-19 15:59:00,2011-06-16 15:39:00,5,5,3000,600.0,1776.0,355.2,1,0.25,1,454,90.8,3,4,4,Loyal Customers
12909,2010-02-24 12:14:00,2011-10-31 12:43:00,158,8,1948,12.329113924050633,3103.19,19.640443037974684,120,0.25,0,615,76.9,4,4,5,Champions
12910,2010-03-28 13:10:00,2011-11-16 14:28:00,137,13,3632,26.51094890510949,5796.5199999999995,42.310364963503645,75,0.25,0,599,46.1,4,5,5,Champions
12911,2010-06-06 12:13:00,2010-06-06 12:13:00,236,1,807,3.419491525423729,1651.72,6.998813559322034,220,0.25,1,1,1.0,1,1,4,Lost / Inactive
12912,2011-10-30 11:35:00,2011-12-07 08:55:00,24,5,670,27.916666666666668,1662.3,69.2625,17,0.25,0,38,7.6,5,4,4,Champions
12913,2009-12-01 12:18:00,2011-12-05 12:11:00,92,13,3086,33.54347826086956,6283.24,68.29608695652173,52,0.25,0,734,56.5,5,5,5,Champions
12914,2010-11-04 12:28:00,2010-11-04 12:28:00,9,1,336,37.333333333333336,223.98,24.886666666666667,9,0.25,1,1,1.0,2,1,1,Lost / Inactive
12915,2010-04-29 19:36:00,2011-07-14 11:34:00,60,4,411,6.85,975.1,16.25166666666667,46,0.25,1,441,110.2,3,3,3,Loyal Customers
12916,2010-01-24 11:26:00,2011-07-24 10:35:00,172,7,1681,9.773255813953488,4479.73,26.044941860465112,82,0.25,1,546,78.0,3,4,5,Loyal Customers
12917,2009-12-09 14:22:00,2011-08-03 16:42:00,50,6,1104,22.08,4359.2,87.184,45,0.25,1,603,100.5,3,4,5,Loyal Customers
12918,2010-03-23 15:22:00,2010-03-23 15:22:00,1,1,1,1.0,10953.5,10953.5,1,0.25,1,1,1.0,1,1,5,Lost / Inactive
12919,2011-06-23 09:22:00,2011-12-01 13:47:00,50,6,673,13.46,1335.19,26.7038,34,0.25,0,162,27.0,5,4,4,Champions
12920,2009-12-14 15:58:00,2011-11-22 15:05:00,59,4,420,7.11864406779661,486.64,8.248135593220338,59,0.25,0,708,177.0,5,3,2,Loyal Customers
12921,2009-12-01 13:43:00,2011-11-30 16:22:00,1499,74,21328,14.228152101400934,35233.24,23.504496330887257,322,0.25,0,730,9.9,5,5,5,Champions
12922,2011-07-01 15:35:00,2011-07-01 15:35:00,28,1,370,13.214285714285714,405.38,14.477857142857143,28,0.25,1,1,1.0,3,1,2,Needs Attention
12923,2010-05-13 14:55:00,2011-10-06 16:20:00,60,3,230,3.8333333333333335,770.42,12.840333333333332,54,0.25,0,512,170.7,3,3,3,Loyal Customers
12924,2009-12-09 12:40:00,2011-09-12 13:55:00,74,12,1423,19.22972972972973,2469.4,33.37027027027027,56,0.25,0,643,53.6,3,5,4,Loyal Customers
12925,2010-04-26 10:32:00,2011-12-05 11:11:00,50,3,649,12.98,729.33,14.5866,46,0.25,0,589,196.3,5,3,3,Loyal Customers
12926,2009-12-14 14:35:00,2010-10-24 15:57:00,262,4,754,2.877862595419847,1523.97,5.816679389312977,202,0.25,1,315,78.8,1,3,4,At Risk
12927,2010-11-10 10:02:00,2010-11-10 10:02:00,11,1,145,13.181818181818182,197.31,17.937272727272727,11,0.25,1,1,1.0,2,1,1,Lost / Inactive
12928,2010-06-08 10:16:00,2011-11-04 14:24:00,179,12,2899,16.195530726256983,4304.89,24.049664804469277,94,0.25,0,515,42.9,4,5,5,Champions
12929,2011-02-01 12:08:00,2011-02-01 12:08:00,8,1,37,4.625,117.85,14.73125,8,0.25,1,1,1.0,2,1,1,Lost / Inactive
12930,2011-06-21 13:25:00,2011-09-22 15:18:00,25,2,252,10.08,415.8,16.632,20,0.25,0,94,47.0,3,2,2,Needs Attention
12931,2009-12-01 11:46:00,2011-11-18 12:39:00,218,57,62906,288.5596330275229,92347.34,423.61165137614677,37,0.25,0,718,12.6,4,5,5,Champions
12932,2010-02-10 08:46:00,2010-06-18 14:22:00,95,8,1609,16.936842105263157,1698.56,17.87957894736842,69,0.25,1,129,16.1,1,4,4,At Risk
12933,2009-12-10 16:39:00,2011-11-15 16:38:00,289,8,949,3.283737024221453,1636.63,5.663079584775087,227,0.25,0,705,88.1,4,4,4,Champions
12934,2009-12-03 10:51:00,2009-12-03 10:51:00,2,1,31,15.5,181.65,90.825,2,0.25,1,1,1.0,1,1,1,Lost / Inactive
12935,2010-04-11 15:59:00,2011-12-07 17:25:00,254,15,3201,12.60236220472441,4243.86,16.70811023622047,113,0.25,0,606,40.4,5,5,5,Champions
12936,2011-09-22 13:51:00,2011-11-22 17:32:00,62,4,559,9.016129032258064,1063.9,17.15967741935484,56,0.25,0,62,15.5,5,3,3,Loyal Customers
12937,2009-12-03 15:43:00,2011-11-24 15:05:00,217,9,1983,9.138248847926267,3097.61,14.274700460829493,128,0.25,0,721,80.1,5,5,5,Champions
12938,2011-11-14 11:21:00,2011-11-14 11:21:00,9,1,140,15.555555555555555,114.14,12.682222222222222,9,0.25,0,1,1.0,4,1,1,Promising / New
12939,2010-01-12 11:27:00,2011-10-06 14:33:00,86,20,10328,120.09302325581395,25264.8,293.7767441860465,24,0.25,0,633,31.6,3,5,5,Loyal Customers
12940,2011-09-13 10:16:00,2011-10-16 12:09:00,96,2,404,4.208333333333333,899.69,9.371770833333334,87,0.25,0,34,17.0,4,2,3,Promising / New
12941,2009-12-15 13:12:00,2009-12-15 13:12:00,27,1,381,14.11111111111111,377.49,13.981111111111112,27,0.25,1,1,1.0,1,1,2,Lost / Inactive
12942,2010-12-09 09:34:00,2011-07-31 14:39:00,70,3,198,2.8285714285714287,675.6,9.651428571428571,68,0.25,1,235,78.3,3,3,3,Loyal Customers
12943,2010-04-13 11:03:00,2010-05-30 13:52:00,25,2,222,8.88,496.5,19.86,22,0.25,1,48,24.0,1,2,2,Lost / Inactive
12944,2010-12-20 10:41:00,2011-11-04 11:04:00,30,2,289,9.633333333333333,604.51,20.150333333333332,29,0.25,0,320,160.0,4,2,2,Promising / New
12945,2010-02-21 15:18:00,2011-02-24 14:15:00,51,2,446,8.745098039215685,900.11,17.64921568627451,47,0.25,1,368,184.0,2,2,3,Lost / Inactive
12946,2010-09-29 10:14:00,2010-09-29 10:14:00,20,1,149,7.45,324.45,16.2225,20,0.25,1,1,1.0,1,1,2,Lost / Inactive
12947,2010-12-01 16:21:00,2011-07-19 10:06:00,97,6,1165,12.010309278350515,1603.99,16.535979381443298,83,0.25,1,230,38.3,3,4,4,Loyal Customers
12948,2009-12-02 12:28:00,2011-11-23 17:10:00,125,9,1304,10.432,2317.43,18.53944,89,0.25,0,722,80.2,5,5,4,Champions
12949,2009-12-03 15:56:00,2011-11-09 11:25:00,715,22,8233,11.514685314685314,15526.7,21.715664335664336,347,0.25,0,706,32.1,4,5,5,Champions
12950,2011-11-15 13:48:00,2011-12-07 13:17:00,23,3,1380,60.0,1843.0,80.1304347826087,13,0.25,0,22,7.3,5,3,4,Loyal Customers
12951,2010-01-10 12:43:00,2011-12-01 12:14:00,194,15,1662,8.56701030927835,3213.72,16.565567010309277,110,0.25,0,690,46.0,5,5,5,Champions
12952,2011-09-22 16:37:00,2011-12-04 10:35:00,79,4,653,8.265822784810126,1387.79,17.566962025316457,64,0.25,0,73,18.2,5,3,4,Loyal Customers
12953,2010-07-05 13:37:00,2011-11-30 09:24:00,48,2,364,7.583333333333333,828.81,17.266875,45,0.25,0,513,256.5,5,2,3,Promising / New
12954,2010-03-11 10:16:00,2010-03-11 10:16:00,10,1,83,8.3,162.45,16.244999999999997,10,0.25,1,1,1.0,1,1,1,Lost / Inactive
12955,2011-03-17 09:03:00,2011-12-08 16:29:00,180,11,3664,20.355555555555554,4757.16,26.428666666666665,81,0.25,0,267,24.3,5,5,5,Champions
12956,2009-12-15 19:03:00,2011-02-06 16:08:00,42,4,340,8.095238095238095,521.89,12.425952380952381,42,0.25,1,418,104.5,2,3,2,At Risk
12957,2009-12-11 12:01:00,2011-11-30 09:53:00,490,13,4686,9.56326530612245,8706.97,17.769326530612243,402,0.25,0,719,55.3,5,5,5,Champions
12958,2010-05-05 16:22:00,2010-11-04 16:16:00,49,2,118,2.4081632653061225,467.34000000000003,9.537551020408165,45,0.25,1,183,91.5,2,2,2,Lost / Inactive
12959,2010-08-12 17:20:00,2010-08-12 17:20:00,8,1,109,13.625,150.95,18.86875,8,0.25,1,1,1.0,1,1,1,Lost / Inactive
12960,2010-02-16 13:32:00,2010-10-22 09:31:00,70,4,1379,19.7,1322.07,18.886714285714284,49,0.25,1,248,62.0,1,3,4,At Risk
12961,2010-11-25 16:44:00,2010-11-25 16:44:00,40,1,180,4.5,211.99,5.29975,37,0.25,1,1,1.0,2,1,1,Lost / Inactive
12962,2011-08-18 13:38:00,2011-12-02 15:55:00,16,2,129,8.0625,266.39,16.649375,15,0.25,0,107,53.5,5,2,1,Promising / New
12963,2010-07-08 14:45:00,2011-12-01 12:55:00,174,12,1637,9.408045977011493,3235.79,18.596494252873562,129,0.25,0,511,42.6,5,5,5,Champions
12964,2010-09-28 17:47:00,2010-09-28 17:47:00,26,1,56,2.1538461538461537,132.24,5.086153846153847,26,0.25,1,1,1.0,1,1,1,Lost / Inactive
12965,2011-09-11 15:31:00,2011-09-11 15:31:00,108,1,282,2.611111111111111,769.8100000000001,7.1278703703703705,108,0.25,0,1,1.0,3,1,3,Needs Attention
12966,2011-11-30 12:38:00,2011-11-30 12:38:00,10,1,75,7.5,160.18,16.018,10,0.25,0,1,1.0,5,1,1,Promising / New
12967,2010-11-21 11:03:00,2010-12-16 19:10:00,65,3,912,14.03076923076923,2938.52,45.208,47,0.25,1,26,8.7,2,3,5,At Risk
12968,2011-08-19 15:44:00,2011-08-19 15:44:00,5,1,73,14.6,135.95,27.189999999999998,5,0.25,1,1,1.0,3,1,1,Needs Attention
12969,2010-04-16 10:50:00,2010-04-16 10:50:00,5,1,55,11.0,122.45,24.490000000000002,5,0.25,1,1,1.0,1,1,1,Lost / Inactive
12970,2009-12-04 14:19:00,2011-12-02 14:30:00,345,10,954,2.765217391304348,1453.6,4.213333333333333,280,0.25,0,729,72.9,5,5,4,Champions
12971,2009-12-15 19:04:00,2011-12-06 12:20:00,407,116,14306,35.14987714987715,15704.6,38.586240786240786,102,0.25,0,721,6.2,5,5,5,Champions
12972,2010-02-16 14:30:00,2010-10-22 08:41:00,77,4,844,10.96103896103896,1161.2,15.08051948051948,69,0.25,1,248,62.0,1,3,3,At Risk
12973,2010-10-22 10:14:00,2010-10-22 10:14:00,6,1,31,5.166666666666667,385.55,64.25833333333334,6,0.25,1,1,1.0,1,1,2,Lost / Inactive
12974,2010-05-23 11:45:00,2011-05-26 09:33:00,32,2,104,3.25,408.95,12.7796875,27,0.25,1,368,184.0,2,2,2,Lost / Inactive
12975,2009-12-06 10:38:00,2010-09-29 09:46:00,112,6,911,8.133928571428571,2100.09,18.750803571428573,92,0.25,1,297,49.5,1,4,4,At Risk
12976,2010-02-12 15:46:00,2011-05-12 09:55:00,154,8,2684,17.428571428571427,3156.38,20.495974025974025,106,0.25,1,454,56.8,2,4,5,At Risk
12977,2010-07-16 16:25:00,2011-07-06 16:40:00,58,4,128,2.206896551724138,513.88,8.86,54,0.25,1,356,89.0,3,3,2,Loyal Customers
12978,2009-12-10 12:10:00,2010-11-19 14:29:00,163,5,1394,8.552147239263803,2502.82,15.35472392638037,126,0.25,1,345,69.0,2,4,4,At Risk
12979,2009-12-10 15:45:00,2009-12-10 15:45:00,56,1,520,9.285714285714286,517.7,9.244642857142859,56,0.25,1,1,1.0,1,1,2,Lost / Inactive
12980,2009-12-02 11:26:00,2011-07-05 09:34:00,52,21,1910,36.73076923076923,16245.78,312.4188461538462,7,0.25,1,580,27.6,3,5,5,Loyal Customers
12981,2011-07-29 14:14:00,2011-11-10 12:00:00,20,2,242,12.1,372.21999999999997,18.610999999999997,12,0.25,0,104,52.0,4,2,2,Promising / New
12982,2010-04-12 13:50:00,2011-04-11 11:51:00,178,8,1729,9.713483146067416,2744.81,15.420280898876404,139,0.25,1,364,45.5,2,4,4,At Risk
12983,2010-04-20 12:58:00,2010-04-20 12:58:00,30,1,638,21.266666666666666,490.08,16.336,30,0.25,1,1,1.0,1,1,2,Lost / Inactive
12984,2011-11-21 12:37:00,2011-11-21 12:37:00,4,1,26,6.5,97.5,24.375,4,0.25,0,1,1.0,5,1,1,Promising / New
12985,2011-11-11 12:44:00,2011-12-09 10:46:00,76,2,1533,20.17105263157895,1239.38,16.30763157894737,73,0.25,0,28,14.0,5,2,4,Promising / New
12986,2010-01-21 10:45:00,2010-10-07 11:57:00,102,10,1164,11.411764705882353,2729.84,26.763137254901963,61,0.25,1,260,26.0,1,5,4,At Risk
12987,2010-01-20 09:57:00,2011-09-27 12:03:00,66,5,585,8.863636363636363,1312.21,19.881969696969698,61,0.25,0,616,123.2,3,4,4,Loyal Customers
12988,2011-02-20 14:31:00,2011-02-20 14:31:00,83,1,126,1.5180722891566265,505.82,6.094216867469879,75,0.25,1,1,1.0,2,1,2,Lost / Inactive
12989,2009-12-10 13:27:00,2011-12-06 15:28:00,97,33,6935,71.49484536082474,13551.75,139.70876288659792,50,0.25,0,727,22.0,5,5,5,Champions
12990,2010-03-30 11:36:00,2011-11-08 13:01:00,27,7,480,17.77777777777778,955.5,35.388888888888886,9,0.25,0,589,84.1,4,4,3,Champions
12991,2010-11-15 13:43:00,2011-11-16 15:34:00,45,3,483,10.733333333333333,764.82,16.996000000000002,45,0.25,0,367,122.3,4,3,3,Loyal Customers
12992,2009-12-14 16:46:00,2009-12-14 16:46:00,6,1,21,3.5,93.35,15.558333333333332,6,0.25,1,1,1.0,1,1,1,Lost / Inactive
12993,2010-02-18 10:35:00,2011-11-16 15:49:00,76,8,751,9.881578947368421,1259.63,16.574078947368424,57,0.25,0,637,79.6,4,4,4,Champions
12994,2011-03-16 08:31:00,2011-12-05 15:43:00,61,3,459,7.524590163934426,974.42,15.974098360655738,52,0.25,0,265,88.3,5,3,3,Loyal Customers
12995,2011-09-15 15:44:00,2011-09-15 15:44:00,3,1,108,36.0,211.32,70.44,3,0.25,0,1,1.0,3,1,1,Needs Attention
12996,2010-11-29 09:27:00,2010-11-29 09:27:00,22,1,122,5.545454545454546,355.5,16.15909090909091,22,0.25,1,1,1.0,2,1,2,Lost / Inactive
12997,2010-04-06 11:06:00,2011-11-17 15:47:00,107,8,1186,11.08411214953271,2110.91,19.728130841121494,65,0.25,0,591,73.9,4,4,4,Champions
12998,2010-02-24 11:55:00,2010-08-04 08:05:00,58,3,1124,19.379310344827587,920.0799999999999,15.863448275862067,58,0.25,1,161,53.7,1,3,3,At Risk
12999,2011-04-08 10:26:00,2011-05-27 13:24:00,28,3,342,12.214285714285714,455.88,16.28142857142857,25,0.25,1,50,16.7,2,3,2,At Risk
13000,2009-12-14 17:03:00,2011-08-25 10:43:00,62,4,548,8.838709677419354,1032.5,16.653225806451612,57,0.25,1,619,154.8,3,3,3,Loyal Customers
13001,2009-12-03 16:21:00,2011-12-05 14:51:00,1015,33,13448,13.249261083743843,24042.65,23.687339901477834,300,0.25,0,732,22.2,5,5,5,Champions
13002,2010-10-01 11:58:00,2011-01-25 15:18:00,23,3,201,8.73913043478261,414.13,18.00565217391304,19,0.25,1,117,39.0,2,3,2,At Risk
13003,2011-05-09 08:23:00,2011-08-26 10:50:00,6,3,103,17.166666666666668,149.05,24.84166666666667,4,0.25,1,110,36.7,3,3,1,Loyal Customers
13004,2009-12-15 09:44:00,2011-11-28 11:27:00,815,36,8768,10.758282208588957,11650.85,14.295521472392638,417,0.25,0,714,19.8,5,5,5,Champions
13005,2010-09-08 12:52:00,2011-06-19 10:53:00,56,4,462,8.25,999.68,17.85142857142857,41,0.25,1,284,71.0,3,3,3,Loyal Customers
13006,2011-10-14 13:49:00,2011-10-14 13:49:00,4,1,55,13.75,81.57,20.3925,4,0.25,0,1,1.0,4,1,1,Promising / New
13007,2010-05-09 10:38:00,2010-05-09 10:38:00,11,1,59,5.363636363636363,175.25,15.931818181818182,11,0.25,1,1,1.0,1,1,1,Lost / Inactive
13008,2009-12-16 16:07:00,2011-01-20 14:24:00,35,3,379,10.82857142857143,612.13,17.489428571428572,31,0.25,1,400,133.3,2,3,3,At Risk
13009,2010-02-05 12:22:00,2010-02-05 12:22:00,4,1,120,30.0,234.0,58.5,4,0.25,1,1,1.0,1,1,1,Lost / Inactive
13010,2010-03-01 11:28:00,2010-11-30 15:09:00,12,2,323,26.916666666666668,330.12,27.51,10,0.25,1,275,137.5,2,2,2,Lost / Inactive
13011,2010-12-02 17:22:00,2010-12-02 17:22:00,3,1,13,4.333333333333333,50.55,16.849999999999998,3,0.25,1,1,1.0,2,1,1,Lost / Inactive
13012,2010-04-26 14:14:00,2011-11-30 13:05:00,153,11,1559,10.18954248366013,2957.83,19.33222222222222,95,0.25,0,583,53.0,5,5,5,Champions
13013,2009-12-14 10:34:00,2011-12-08 15:01:00,487,29,5661,11.624229979466119,11097.43,22.787330595482548,289,0.25,0,725,25.0,5,5,5,Champions
13014,2010-10-03 11:35:00,2011-11-29 12:27:00,224,11,1979,8.834821428571429,5381.08,24.02267857142857,140,0.25,0,423,38.5,5,5,5,Champions
13015,2010-04-15 16:35:00,2011-10-17 13:19:00,348,11,3527,10.135057471264368,6579.78,18.907413793103448,260,0.25,0,550,50.0,4,5,5,Champions
13016,2011-08-08 15:00:00,2011-09-27 14:08:00,47,3,527,11.212765957446809,789.89,16.806170212765956,39,0.25,0,50,16.7,3,3,3,Loyal Customers
13017,2011-12-02 15:53:00,2011-12-02 15:53:00,1,1,48,48.0,204.0,204.0,1,0.25,0,1,1.0,5,1,1,Promising / New
13018,2010-03-01 12:34:00,2011-11-23 13:28:00,603,35,6746,11.187396351575456,9763.16,16.190978441127694,401,0.25,0,633,18.1,5,5,5,Champions
13019,2009-12-06 15:40:00,2010-11-25 14:56:00,55,6,397,7.218181818181818,1229.95,22.362727272727273,46,0.25,1,354,59.0,2,4,4,At Risk
13020,2010-02-18 10:35:00,2010-05-26 11:12:00,39,2,278,7.128205128205129,618.96,15.870769230769232,38,0.25,1,98,49.0,1,2,3,Lost / Inactive
13021,2009-12-05 12:02:00,2011-12-05 16:37:00,257,17,2546,9.906614785992218,4887.24,19.016498054474706,166,0.25,0,731,43.0,5,5,5,Champions
13022,2010-10-06 10:50:00,2010-10-06 10:50:00,5,1,35,7.0,65.3,13.059999999999999,5,0.25,1,1,1.0,1,1,1,Lost / Inactive
13023,2010-06-29 09:51:00,2011-10-06 16:27:00,76,3,585,7.697368421052632,1449.03,19.066184210526316,69,0.25,0,465,155.0,3,3,4,Loyal Customers
13024,2010-05-06 14:25:00,2010-08-26 09:42:00,31,2,181,5.838709677419355,555.87,17.931290322580644,26,0.25,1,112,56.0,1,2,2,Lost / Inactive
13025,2009-12-08 10:02:00,2009-12-08 10:02:00,13,1,241,18.53846153846154,323.39,24.876153846153844,13,0.25,1,1,1.0,1,1,2,Lost / Inactive
13026,2009-12-13 11:34:00,2011-12-08 16:58:00,82,9,2466,30.073170731707318,1733.08,21.13512195121951,52,0.25,0,726,80.7,5,5,4,Champions
13027,2010-01-20 10:41:00,2011-08-18 09:39:00,85,19,42840,504.0,17239.2,202.81411764705882,7,0.25,1,575,30.3,3,5,5,Loyal Customers
13028,2011-10-25 14:09:00,2011-11-17 11:10:00,45,2,798,17.733333333333334,661.3199999999999,14.695999999999998,40,0.25,0,23,11.5,4,2,3,Promising / New
13029,2010-07-04 13:46:00,2011-11-09 09:13:00,17,5,194,11.411764705882353,1927.3,113.37058823529412,13,0.25,0,493,98.6,4,4,4,Champions
13030,2010-12-06 14:31:00,2011-11-28 14:30:00,92,2,348,3.782608695652174,752.4399999999999,8.178695652173912,76,0.25,0,357,178.5,5,2,3,Promising / New
13031,2010-06-03 14:57:00,2010-10-28 15:34:00,407,5,2309,5.673218673218673,3292.84,8.090515970515971,275,0.25,1,148,29.6,2,4,5,At Risk
13032,2010-09-05 14:01:00,2011-10-18 15:54:00,207,9,1274,6.154589371980676,2815.96,13.603671497584541,147,0.25,0,409,45.4,4,5,4,Champions
13033,2010-10-06 09:37:00,2010-12-17 14:23:00,13,2,98,7.538461538461538,220.55,16.965384615384615,12,0.25,1,73,36.5,2,2,1,Lost / Inactive
13034,2010-11-03 15:22:00,2011-10-16 12:21:00,44,3,406,9.227272727272727,756.8199999999999,17.200454545454544,42,0.25,0,347,115.7,4,3,3,Loyal Customers
13035,2010-10-04 15:41:00,2011-09-27 08:57:00,42,3,926,22.047619047619047,1364.2,32.48095238095238,27,0.25,0,358,119.3,3,3,4,Loyal Customers
13036,2010-01-24 11:35:00,2010-01-24 11:35:00,6,1,38,6.333333333333333,307.1,51.18333333333334,6,0.25,1,1,1.0,1,1,2,Lost / Inactive
13037,2009-12-03 17:04:00,2011-07-24 15:46:00,232,12,2130,9.181034482758621,3914.95,16.87478448275862,181,0.25,1,598,49.8,3,5,5,Loyal Customers
13038,2011-02-22 11:43:00,2011-09-20 14:37:00,28,3,360,12.857142857142858,908.46,32.445,24,0.25,0,211,70.3,3,3,3,Loyal Customers
13039,2009-12-17 16:43:00,2010-05-04 16:45:00,55,4,290,5.2727272727272725,1010.73,18.37690909090909,37,0.25,1,139,34.8,1,3,3,At Risk
13040,2011-11-06 13:53:00,2011-12-01 10:38:00,43,2,355,8.255813953488373,676.99,15.743953488372092,38,0.25,0,25,12.5,5,2,3,Promising / New
13041,2010-04-29 08:43:00,2010-09-15 11:44:00,35,4,335,9.571428571428571,799.13,22.832285714285714,23,0.25,1,140,35.0,1,3,3,At Risk
13042,2009-12-07 15:42:00,2010-04-20 13:43:00,184,3,812,4.413043478260869,1488.59,8.09016304347826,164,0.25,1,134,44.7,1,3,4,At Risk
13043,2011-03-11 14:52:00,2011-03-11 14:52:00,13,1,254,19.53846153846154,516.42,39.72461538461538,13,0.25,1,1,1.0,2,1,2,Lost / Inactive
13044,2010-01-08 14:46:00,2011-02-21 15:20:00,416,11,2548,6.125,4848.05,11.653966346153847,356,0.25,1,410,37.3,2,5,5,At Risk
13045,2010-08-10 13:02:00,2011-09-01 15:04:00,45,3,405,9.0,808.92,17.976,41,0.25,1,388,129.3,3,3,3,Loyal Customers
13046,2010-09-09 13:09:00,2011-11-09 08:36:00,56,3,505,9.017857142857142,949.25,16.950892857142858,50,0.25,0,426,142.0,4,3,3,Loyal Customers
13047,2009-12-16 11:43:00,2011-11-08 12:06:00,378,24,3328,8.804232804232804,8428.53,22.297698412698413,190,0.25,0,693,28.9,4,5,5,Champions
13048,2010-01-27 12:55:00,2011-11-25 13:23:00,265,9,2661,10.041509433962265,4049.13,15.279735849056603,125,0.25,0,668,74.2,5,5,5,Champions
13049,2010-11-03 15:39:00,2011-10-06 15:31:00,26,4,620,23.846153846153847,1408.24,54.16307692307692,19,0.25,0,337,84.2,3,3,4,Loyal Customers
13050,2009-12-15 15:06:00,2011-11-25 09:18:00,984,35,7015,7.129065040650406,11986.52,12.181422764227642,513,0.25,0,710,20.3,5,5,5,Champions
13051,2010-03-30 11:11:00,2010-05-10 09:14:00,4,2,72,18.0,155.8,38.95,4,0.25,1,41,20.5,1,2,1,Lost / Inactive
13052,2010-02-23 12:31:00,2011-05-11 14:12:00,248,7,1424,5.741935483870968,3119.33,12.577943548387097,161,0.25,1,443,63.3,2,4,5,At Risk
13053,2010-03-28 11:28:00,2010-03-28 11:28:00,17,1,47,2.764705882352941,127.65,7.508823529411765,17,0.25,1,1,1.0,1,1,1,Lost / Inactive
13055,2010-10-06 08:17:00,2011-09-22 14:26:00,154,4,1821,11.824675324675324,2321.11,15.072142857142858,145,0.25,0,352,88.0,3,3,4,Loyal Customers
13056,2010-06-06 14:10:00,2010-06-06 14:10:00,19,1,158,8.31578947368421,209.48,11.025263157894736,18,0.25,1,1,1.0,1,1,1,Lost / Inactive
13057,2010-03-18 12:14:00,2010-06-27 15:44:00,40,3,456,11.4,709.59,17.73975,34,0.25,1,102,34.0,1,3,3,At Risk
13058,2011-07-11 12:01:00,2011-11-15 12:43:00,8,3,52,6.5,271.40000000000003,33.925000000000004,5,0.25,0,128,42.7,4,3,1,Loyal Customers
13059,2010-03-31 12:23:00,2011-04-04 10:40:00,198,10,860,4.343434343434343,2291.77,11.574595959595959,155,0.25,1,369,36.9,2,5,4,At Risk
13060,2011-03-31 11:37:00,2011-03-31 11:37:00,15,1,123,8.2,307.53,20.502,15,0.25,1,1,1.0,2,1,2,Lost / Inactive
13061,2011-09-28 16:04:00,2011-09-28 16:04:00,10,1,107,10.7,248.60999999999999,24.860999999999997,10,0.25,0,1,1.0,3,1,1,Needs Attention
13062,2011-06-01 15:12:00,2011-06-01 15:12:00,11,1,343,31.181818181818183,346.98,31.543636363636367,11,0.25,1,1,1.0,2,1,2,Lost / Inactive
13063,2010-08-16 12:27:00,2010-08-16 12:27:00,12,1,116,9.666666666666666,188.4,15.700000000000001,12,0.25,1,1,1.0,1,1,1,Lost / Inactive
13064,2010-04-27 10:08:00,2011-11-27 12:31:00,93,6,668,7.182795698924731,1666.84,17.92301075268817,58,0.25,0,580,96.7,5,4,4,Champions
13065,2010-06-10 11:44:00,2010-12-01 16:52:00,62,5,381,6.145161290322581,1055.05,17.016935483870967,49,0.25,1,175,35.0,2,4,3,At Risk
13066,2011-11-07 17:06:00,2011-11-15 12:57:00,48,2,322,6.708333333333333,470.8,9.808333333333334,48,0.25,0,8,4.0,4,2,2,Promising / New
13067,2010-09-19 13:43:00,2011-09-18 13:38:00,32,3,131,4.09375,508.51,15.8909375,24,0.25,0,364,121.3,3,3,2,Loyal Customers
13068,2011-01-24 08:20:00,2011-11-29 15:00:00,2,2,200,100.0,344.0,172.0,1,0.25,0,310,155.0,5,2,2,Promising / New
13069,2010-06-14 14:27:00,2011-12-09 08:39:00,1038,38,15171,14.615606936416185,9284.45,8.944556840077071,573,0.25,0,543,14.3,5,5,5,Champions
13070,2009-12-07 14:44:00,2011-05-31 13:45:00,33,4,372,11.272727272727273,751.7,22.77878787878788,12,0.25,1,540,135.0,2,3,3,At Risk
13071,2010-04-06 13:37:00,2010-04-06 13:37:00,12,1,30,2.5,129.22,10.768333333333333,12,0.25,1,1,1.0,1,1,1,Lost / Inactive
13072,2011-03-18 08:12:00,2011-03-18 08:12:00,7,1,69,9.857142857142858,177.15,25.307142857142857,7,0.25,1,1,1.0,2,1,1,Lost / Inactive
13073,2010-09-28 09:27:00,2010-10-24 14:06:00,27,2,261,9.666666666666666,418.08,15.484444444444444,25,0.25,1,27,13.5,1,2,2,Lost / Inactive
13074,2009-12-16 11:46:00,2010-07-16 16:53:00,29,4,826,28.482758620689655,1378.74,47.54275862068965,26,0.25,1,213,53.2,1,3,4,At Risk
13075,2011-08-02 10:19:00,2011-08-02 10:19:00,22,1,485,22.045454545454547,919.61,41.80045454545455,22,0.25,1,1,1.0,3,1,3,Needs Attention
13076,2010-09-08 10:27:00,2010-09-08 10:27:00,9,1,44,4.888888888888889,135.4,15.044444444444444,9,0.25,1,1,1.0,1,1,1,Lost / Inactive
13077,2009-12-11 11:17:00,2011-12-08 19:24:00,330,11,2468,7.4787878787878785,2740.65,8.305,208,0.25,0,728,66.2,5,5,4,Champions
13078,2009-12-01 09:06:00,2011-12-06 15:36:00,791,57,12032,15.211125158027812,29018.06,36.685284450063214,153,0.25,0,736,12.9,5,5,5,Champions
13079,2010-10-18 14:15:00,2011-12-05 16:53:00,17,6,158,9.294117647058824,419.18,24.657647058823528,11,0.25,0,414,69.0,5,4,2,Champions
13080,2010-04-09 13:07:00,2011-06-13 14:59:00,19,4,193,10.157894736842104,280.73,14.775263157894738,17,0.25,1,431,107.8,3,3,1,Loyal Customers
13081,2009-12-08 13:58:00,2011-11-28 10:54:00,2280,28,40077,17.57763157894737,56838.37,24.929109649122807,738,0.25,0,720,25.7,5,5,5,Champions
13082,2009-12-22 15:37:00,2011-08-05 16:16:00,129,21,8466,65.62790697674419,7335.75,56.866279069767444,99,0.25,1,592,28.2,3,5,5,Loyal Customers
13083,2010-10-10 13:38:00,2011-12-05 15:01:00,22,3,307,13.954545454545455,395.43,17.974090909090908,19,0.25,0,422,140.7,5,3,2,Loyal Customers
13084,2010-08-05 08:49:00,2010-08-05 08:49:00,2,1,144,72.0,122.39999999999999,61.199999999999996,2,0.25,1,1,1.0,1,1,1,Lost / Inactive
13085,2009-12-01 07:45:00,2011-07-05 12:11:00,84,8,944,11.238095238095237,2433.28,28.96761904761905,50,0.25,1,582,72.8,3,4,4,Loyal Customers
13086,2010-11-22 10:28:00,2010-11-22 10:28:00,47,1,155,3.297872340425532,439.33,9.347446808510638,47,0.25,1,1,1.0,2,1,2,Lost / Inactive
13087,2009-12-13 15:16:00,2009-12-13 15:16:00,15,1,86,5.733333333333333,313.64,20.909333333333333,15,0.25,1,1,1.0,1,1,2,Lost / Inactive
13088,2010-10-18 15:35:00,2010-10-18 15:35:00,20,1,76,3.8,236.11,11.8055,19,0.25,1,1,1.0,1,1,1,Lost / Inactive
13089,2009-12-02 15:44:00,2011-12-07 09:02:00,3315,203,58932,17.77737556561086,113416.91,34.21324585218703,857,0.25,0,735,3.6,5,5,5,Champions
13090,2010-08-02 13:58:00,2011-12-01 12:39:00,274,24,3247,11.85036496350365,13091.74,47.78007299270073,163,0.25,0,486,20.2,5,5,5,Champions
13091,2009-12-10 11:50:00,2011-11-11 15:54:00,45,3,1339,29.755555555555556,2321.82,51.596000000000004,41,0.25,0,702,234.0,4,3,4,Loyal Customers
13092,2010-02-10 08:44:00,2011-09-30 11:18:00,105,12,664,6.3238095238095235,2140.28,20.38361904761905,52,0.25,0,598,49.8,3,5,4,Loyal Customers
13093,2009-12-04 10:32:00,2011-03-09 12:14:00,1037,55,25971,25.044358727097396,54144.25,52.212391513982645,199,0.25,1,461,8.4,2,5,5,At Risk
13094,2010-11-15 14:15:00,2011-11-18 14:07:00,29,13,1896,65.37931034482759,2209.44,76.18758620689655,5,0.25,0,368,28.3,4,5,4,Champions
13095,2011-09-30 12:03:00,2011-09-30 12:03:00,6,1,144,24.0,74.4,12.4,6,0.25,0,1,1.0,3,1,1,Needs Attention
13096,2010-11-10 14:08:00,2010-11-10 14:08:00,1,1,6,6.0,419.7,419.7,1,0.25,1,1,1.0,2,1,2,Lost / Inactive
13097,2009-12-01 13:31:00,2011-11-07 10:43:00,1004,28,5345,5.323705179282869,13324.1,13.271015936254981,390,0.25,0,706,25.2,4,5,5,Champions
13098,2011-01-26 13:46:00,2011-12-08 14:14:00,572,28,15968,27.916083916083917,28882.44,50.49377622377622,156,0.25,0,317,11.3,5,5,5,Champions
13099,2011-09-01 17:40:00,2011-09-01 17:40:00,1,1,288,288.0,207.36,207.36,1,0.25,1,1,1.0,3,1,1,Needs Attention
13101,2010-01-27 15:49:00,2011-04-19 14:37:00,51,4,478,9.372549019607844,695.4,13.635294117647058,48,0.25,1,447,111.8,2,3,3,At Risk
13102,2010-05-06 13:12:00,2011-12-08 12:52:00,481,37,6366,13.234927234927236,11380.1,23.65925155925156,212,0.25,0,581,15.7,5,5,5,Champions
13103,2010-05-11 14:41:00,2011-10-31 09:38:00,33,3,426,12.909090909090908,709.64,21.504242424242424,27,0.25,0,538,179.3,4,3,3,Loyal Customers
13104,2010-02-24 15:06:00,2011-12-06 13:10:00,30,9,834,27.8,1709.1,56.97,15,0.25,0,650,72.2,5,5,4,Champions
13105,2010-09-29 13:41:00,2010-09-29 13:41:00,1,1,100,100.0,72.0,72.0,1,0.25,1,1,1.0,1,1,1,Lost / Inactive
13106,2010-10-22 13:10:00,2011-07-29 15:12:00,16,2,231,14.4375,603.46,37.71625,15,0.25,1,281,140.5,3,2,2,Needs Attention
13107,2010-02-04 10:50:00,2011-10-26 14:52:00,178,9,4316,24.247191011235955,5253.07,29.511629213483143,142,0.25,0,630,70.0,4,5,5,Champions
13108,2010-09-30 17:09:00,2010-12-02 10:35:00,35,2,745,21.285714285714285,748.46,21.38457142857143,27,0.25,1,63,31.5,2,2,3,Lost / Inactive
13109,2010-06-06 12:59:00,2011-10-11 10:16:00,70,3,757,10.814285714285715,1134.03,16.20042857142857,57,0.25,0,492,164.0,3,3,3,Loyal Customers
13110,2009-12-01 14:14:00,2011-11-08 14:30:00,252,12,763,3.0277777777777777,2957.47,11.735992063492063,167,0.25,0,708,59.0,4,5,5,Champions
13111,2009-12-21 09:00:00,2009-12-21 09:00:00,12,1,180,15.0,321.88000000000005,26.823333333333338,12,0.25,1,1,1.0,1,1,2,Lost / Inactive
13112,2010-06-16 17:03:00,2010-06-16 17:03:00,2,1,11,5.5,20.599999999999998,10.299999999999999,2,0.25,1,1,1.0,1,1,1,Lost / Inactive
13113,2010-03-28 16:13:00,2011-12-09 12:49:00,377,37,4435,11.76392572944297,18230.07,48.355623342175065,166,0.25,0,621,16.8,5,5,5,Champions
13114,2009-12-09 09:56:00,2009-12-09 09:56:00,16,1,74,4.625,234.38,14.64875,16,0.25,1,1,1.0,1,1,1,Lost / Inactive
13115,2010-04-19 13:29:00,2011-11-28 12:38:00,314,10,3934,12.528662420382165,5494.7,17.49904458598726,178,0.25,0,588,58.8,5,5,5,Champions
13116,2011-07-24 14:33:00,2011-07-24 14:33:00,30,1,291,9.7,501.14,16.704666666666665,30,0.25,1,1,1.0,3,1,2,Needs Attention
13117,2010-03-26 13:50:00,2011-11-18 12:02:00,162,18,1852,11.432098765432098,2255.66,13.923827160493826,122,0.25,0,602,33.4,4,5,4,Champions
13118,2010-09-26 15:46:00,2011-11-20 12:46:00,148,9,834,5.635135135135135,2415.41,16.320337837837837,111,0.25,0,420,46.7,4,5,4,Champions
13119,2010-02-09 08:38:00,2010-02-09 08:38:00,11,1,110,10.0,134.9,12.263636363636364,11,0.25,1,1,1.0,1,1,1,Lost / Inactive
13120,2011-04-15 10:19:00,2011-04-15 10:19:00,1,1,12,12.0,30.6,30.6,1,0.25,1,1,1.0,2,1,1,Lost / Inactive
13121,2011-03-15 16:47:00,2011-03-15 16:47:00,50,1,252,5.04,283.73,5.674600000000001,50,0.25,1,1,1.0,2,1,1,Lost / Inactive
13122,2011-04-13 14:12:00,2011-09-06 15:53:00,55,2,585,10.636363636363637,922.39,16.77072727272727,54,0.25,1,147,73.5,3,2,3,Needs Attention
13123,2010-06-28 12:43:00,2010-08-24 10:18:00,45,2,268,5.955555555555556,506.75,11.261111111111111,36,0.25,1,57,28.5,1,2,2,Lost / Inactive
13124,2010-11-19 15:50:00,2011-09-11 12:45:00,283,4,2738,9.674911660777385,4641.66,16.401625441696112,216,0.25,0,296,74.0,3,3,5,Loyal Customers
13125,2010-07-04 11:58:00,2010-07-04 11:58:00,20,1,53,2.65,148.62,7.431,20,0.25,1,1,1.0,1,1,1,Lost / Inactive
13126,2010-03-02 12:24:00,2011-12-05 10:00:00,238,13,3289,13.819327731092438,3774.81,15.860546218487395,183,0.25,0,643,49.5,5,5,5,Champions
13127,2011-09-23 10:26:00,2011-09-23 10:26:00,15,1,127,8.466666666666667,259.17,17.278000000000002,15,0.25,0,1,1.0,3,1,1,Needs Attention
13128,2010-03-18 15:08:00,2010-03-18 15:08:00,1,1,31,31.0,263.5,263.5,1,0.25,1,1,1.0,1,1,1,Lost / Inactive
13129,2010-06-28 11:54:00,2010-09-13 13:47:00,11,2,296,26.90909090909091,233.25,21.204545454545453,10,0.25,1,78,39.0,1,2,1,Lost / Inactive
13130,2011-09-06 15:30:00,2011-09-06 15:30:00,2,1,32,16.0,64.0,32.0,2,0.25,1,1,1.0,3,1,1,Needs Attention
13131,2010-02-09 09:47:00,2011-11-16 13:21:00,149,7,1523,10.221476510067115,3313.77,22.24006711409396,107,0.25,0,646,92.3,4,4,5,Champions
13132,2011-03-23 12:44:00,2011-03-23 12:44:00,3,1,20,6.666666666666667,77.3,25.766666666666666,3,0.25,1,1,1.0,2,1,1,Lost / Inactive
13133,2010-09-06 15:30:00,2011-03-11 10:31:00,12,3,55,4.583333333333333,200.45,16.704166666666666,12,0.25,1,186,62.0,2,3,1,At Risk
13134,2010-10-19 13:21:00,2011-09-15 10:35:00,121,6,1364,11.272727272727273,2475.23,20.456446280991734,110,0.25,0,331,55.2,3,4,4,Loyal Customers
13135,2010-08-05 17:28:00,2011-05-27 10:52:00,18,2,4423,245.72222222222223,3371.45,187.30277777777778,18,0.25,1,295,147.5,2,2,5,Lost / Inactive
13136,2009-12-08 18:30:00,2011-10-14 13:41:00,315,13,3109,9.86984126984127,6274.56,19.919238095238097,204,0.25,0,675,51.9,4,5,5,Champions
13137,2010-07-25 15:40:00,2011-11-29 12:09:00,1394,16,4238,3.0401721664275465,7586.94,5.442568149210904,628,0.25,0,492,30.8,5,5,5,Champions
13138,2010-11-08 11:45:00,2011-11-17 16:51:00,85,7,593,6.976470588235294,1274.01,14.98835294117647,41,0.25,0,375,53.6,4,4,4,Champions
13139,2010-09-28 09:12:00,2011-11-23 13:54:00,265,8,4614,17.411320754716982,8202.98,30.954641509433962,214,0.25,0,422,52.8,5,4,5,Champions
13140,2010-08-05 19:05:00,2011-08-23 15:33:00,105,5,572,5.447619047619048,1054.92,10.046857142857144,89,0.25,1,383,76.6,3,4,3,Loyal Customers
13141,2009-12-09 13:34:00,2011-09-16 09:54:00,424,17,5159,12.16745283018868,7656.08,18.056792452830187,285,0.25,0,646,38.0,3,5,5,Loyal Customers
13142,2011-11-20 16:07:00,2011-11-20 16:07:00,23,1,258,11.217391304347826,307.09000000000003,13.351739130434783,23,0.25,0,1,1.0,5,1,2,Promising / New
13143,2010-05-04 12:22:00,2010-05-04 12:22:00,23,1,198,8.608695652173912,405.1,17.61304347826087,23,0.25,1,1,1.0,1,1,2,Lost / Inactive
13144,2010-10-04 14:14:00,2011-01-11 11:15:00,6,2,29,4.833333333333333,135.35,22.558333333333334,6,0.25,1,99,49.5,2,2,1,Lost / Inactive
13145,2010-04-19 11:11:00,2011-10-31 12:45:00,9,7,265,29.444444444444443,1128.52,125.39111111111112,5,0.25,0,561,80.1,4,4,3,Champions
13146,2011-11-13 15:29:00,2011-11-13 15:29:00,17,1,154,9.058823529411764,228.91,13.465294117647058,16,0.25,0,1,1.0,4,1,1,Promising / New
13147,2011-09-01 12:28:00,2011-11-29 13:59:00,4,4,144,36.0,712.8,178.2,1,0.25,0,90,22.5,5,3,3,Loyal Customers
13148,2009-12-07 15:26:00,2011-11-10 15:23:00,763,26,4487,5.8807339449541285,8497.82,11.13737876802097,451,0.25,0,703,27.0,4,5,5,Champions
13149,2011-02-23 13:57:00,2011-11-25 13:09:00,86,4,1280,14.883720930232558,1676.06,19.48906976744186,76,0.25,0,275,68.8,5,3,4,Loyal Customers
13150,2010-03-19 09:03:00,2010-08-12 12:59:00,8,3,171,21.375,449.96999999999997,56.246249999999996,7,0.25,1,147,49.0,1,3,2,At Risk
13151,2010-03-22 10:26:00,2011-02-17 12:29:00,158,3,813,5.1455696202531644,2465.21,15.602594936708861,131,0.25,1,333,111.0,2,3,4,At Risk
13152,2010-01-14 10:01:00,2010-10-18 13:44:00,135,7,977,7.237037037037037,2146.38,15.899111111111113,114,0.25,1,278,39.7,1,4,4,At Risk
13153,2011-12-04 12:14:00,2011-12-04 12:14:00,15,1,418,27.866666666666667,486.22,32.41466666666667,15,0.25,0,1,1.0,5,1,2,Promising / New
13154,2009-12-04 08:46:00,2010-11-05 16:00:00,93,3,976,10.494623655913978,1624.84,17.471397849462363,78,0.25,1,337,112.3,2,3,4,At Risk
13155,2010-08-05 09:30:00,2011-11-06 15:41:00,112,6,741,6.616071428571429,1370.48,12.236428571428572,79,0.25,0,459,76.5,4,4,4,Champions
13156,2010-02-01 13:45:00,2010-11-19 13:09:00,104,3,914,8.788461538461538,1586.54,15.255192307692308,94,0.25,1,291,97.0,2,3,4,At Risk
13157,2010-03-08 11:59:00,2011-10-21 13:50:00,251,9,4762,18.97211155378486,5687.36,22.658804780876494,173,0.25,0,593,65.9,4,5,5,Champions
13158,2010-11-16 17:12:00,2011-09-06 11:58:00,100,5,992,9.92,1508.18,15.081800000000001,70,0.25,1,294,58.8,3,4,4,Loyal Customers
13159,2011-08-16 11:44:00,2011-12-01 11:20:00,120,4,1058,8.816666666666666,1429.35,11.911249999999999,114,0.25,0,107,26.8,5,3,4,Loyal Customers
13160,2011-11-17 13:07:00,2011-11-17 13:07:00,4,1,56,14.0,91.8,22.95,4,0.25,0,1,1.0,4,1,1,Promising / New
13161,2010-07-27 12:44:00,2011-01-30 14:03:00,33,2,105,3.1818181818181817,472.13,14.306969696969697,30,0.25,1,188,94.0,2,2,2,Lost / Inactive
13162,2009-12-04 13:59:00,2011-08-09 15:59:00,238,16,5755,24.180672268907564,9275.49,38.972647058823526,186,0.25,1,614,38.4,3,5,5,Loyal Customers
13163,2010-04-08 16:21:00,2010-04-08 16:21:00,2,1,3,1.5,17.65,8.825,2,0.25,1,1,1.0,1,1,1,Lost / Inactive
13164,2010-02-10 11:52:00,2010-05-19 13:52:00,10,2,120,12.0,372.2,37.22,7,0.25,1,99,49.5,1,2,2,Lost / Inactive
13165,2010-10-22 17:04:00,2011-10-24 15:05:00,49,3,1736,35.42857142857143,1451.16,29.615510204081634,47,0.25,0,367,122.3,4,3,4,Loyal Customers
13166,2010-10-21 14:29:00,2011-03-01 15:16:00,68,2,522,7.676470588235294,875.93,12.881323529411764,55,0.25,1,132,66.0,2,2,3,Lost / Inactive
13167,2010-11-14 12:58:00,2011-11-21 12:24:00,81,5,1007,12.432098765432098,1125.15,13.890740740740743,64,0.25,0,372,74.4,5,4,3,Champions
13168,2010-06-15 15:00:00,2011-11-03 12:56:00,173,5,898,5.190751445086705,1840.73,10.640057803468208,127,0.25,0,506,101.2,4,4,4,Champions
13169,2010-05-26 15:58:00,2011-10-07 12:11:00,18,3,296,16.444444444444443,840.08,46.67111111111112,16,0.25,0,499,166.3,3,3,3,Loyal Customers
13170,2011-11-13 12:19:00,2011-11-13 12:19:00,30,1,141,4.7,108.81,3.6270000000000002,29,0.25,0,1,1.0,4,1,1,Promising / New
13171,2011-02-13 14:16:00,2011-11-18 10:27:00,46,3,229,4.978260869565218,468.41,10.182826086956522,37,0.25,0,278,92.7,4,3,2,Loyal Customers
13172,2010-11-04 15:10:00,2010-11-04 15:10:00,1,1,48,48.0,69.6,69.6,1,0.25,1,1,1.0,2,1,1,Lost / Inactive
13173,2009-12-10 12:52:00,2011-12-05 15:51:00,216,11,1481,6.856481481481482,2399.82,11.110277777777778,160,0.25,0,726,66.0,5,5,4,Champions
13174,2009-12-04 15:40:00,2011-11-23 14:35:00,938,12,3794,4.044776119402985,7995.36,8.523837953091684,602,0.25,0,719,59.9,5,5,5,Champions
13175,2009-12-04 12:11:00,2010-05-06 13:13:00,46,2,423,9.195652173913043,831.45,18.075,40,0.25,1,154,77.0,1,2,3,Lost / Inactive
13176,2011-10-24 15:43:00,2011-10-24 15:43:00,67,1,448,6.686567164179104,481.49,7.186417910447761,66,0.25,0,1,1.0,4,1,2,Promising / New
13177,2010-10-05 10:35:00,2011-10-06 09:56:00,30,2,180,6.0,512.2,17.073333333333334,23,0.25,0,366,183.0,3,2,2,Needs Attention
13178,2009-12-16 14:00:00,2011-11-13 16:14:00,687,21,8778,12.777292576419214,14059.19,20.46461426491994,194,0.25,0,698,33.2,4,5,5,Champions
13179,2010-03-31 11:40:00,2010-03-31 11:40:00,34,1,368,10.823529411764707,572.31,16.83264705882353,34,0.25,1,1,1.0,1,1,2,Lost / Inactive
13180,2010-04-11 13:37:00,2010-04-11 13:37:00,4,1,42,10.5,86.1,21.525,4,0.25,1,1,1.0,1,1,1,Lost / Inactive
13181,2010-11-23 15:05:00,2010-11-23 15:05:00,19,1,171,9.0,359.69,18.931052631578947,19,0.25,1,1,1.0,2,1,2,Lost / Inactive
13182,2011-10-25 13:46:00,2011-10-25 13:46:00,11,1,201,18.272727272727273,121.18,11.016363636363637,11,0.25,0,1,1.0,4,1,1,Promising / New
13183,2010-03-14 12:32:00,2011-12-02 10:30:00,156,15,4027,25.814102564102566,7036.18,45.10371794871795,64,0.25,0,628,41.9,5,5,5,Champions
13184,2011-02-22 17:25:00,2011-11-25 12:02:00,179,10,1662,9.28491620111732,1668.95,9.323743016759776,138,0.25,0,276,27.6,5,5,4,Champions
13185,2011-03-17 11:56:00,2011-03-17 11:56:00,1,1,12,12.0,71.4,71.4,1,0.25,1,1,1.0,2,1,1,Lost / Inactive
13186,2011-08-03 09:09:00,2011-10-31 11:40:00,79,3,820,10.379746835443038,1575.89,19.947974683544306,69,0.25,0,90,30.0,4,3,4,Loyal Customers
13187,2010-03-25 17:18:00,2011-01-06 18:57:00,56,4,296,5.285714285714286,341.36,6.095714285714286,51,0.25,1,288,72.0,2,3,2,At Risk
13188,2011-11-28 15:28:00,2011-11-28 15:28:00,2,1,25,12.5,114.6,57.3,2,0.25,0,1,1.0,5,1,1,Promising / New
13189,2011-08-16 13:12:00,2011-11-21 10:39:00,29,2,842,29.03448275862069,260.68,8.988965517241379,29,0.25,0,97,48.5,5,2,1,Promising / New
13190,2009-12-07 12:13:00,2010-06-13 15:47:00,17,3,308,18.11764705882353,570.66,33.56823529411764,16,0.25,1,189,63.0,1,3,2,At Risk
13191,2010-02-19 17:02:00,2010-02-19 17:02:00,59,1,115,1.9491525423728813,164.69,2.79135593220339,58,0.25,1,1,1.0,1,1,1,Lost / Inactive
13192,2010-01-22 08:37:00,2011-09-05 14:13:00,162,6,1629,10.055555555555555,2558.58,15.793703703703704,135,0.25,1,592,98.7,3,4,4,Loyal Customers
13193,2011-10-09 14:30:00,2011-10-09 14:30:00,25,1,46,1.84,112.08,4.4832,22,0.25,0,1,1.0,3,1,1,Needs Attention
13194,2010-10-14 11:54:00,2011-07-27 09:01:00,10,2,326,32.6,472.78,47.278,10,0.25,1,286,143.0,3,2,2,Needs Attention
13195,2010-10-21 13:07:00,2010-10-21 13:07:00,46,1,70,1.5217391304347827,136.73,2.972391304347826,43,0.25,1,1,1.0,1,1,1,Lost / Inactive
13196,2010-04-01 12:54:00,2011-11-28 13:54:00,188,7,2006,10.670212765957446,3068.84,16.323617021276597,141,0.25,0,607,86.7,5,4,5,Champions
13197,2010-04-09 09:14:00,2010-04-09 09:14:00,19,1,204,10.736842105263158,373.01,19.632105263157893,19,0.25,1,1,1.0,1,1,2,Lost / Inactive
13198,2010-10-01 13:27:00,2011-11-29 15:17:00,314,8,3449,10.98407643312102,4974.23,15.841496815286623,265,0.25,0,425,53.1,5,4,5,Champions
13199,2009-12-05 10:11:00,2011-12-06 12:30:00,203,67,11567,56.98029556650246,15964.210000000001,78.64142857142858,61,0.25,0,732,10.9,5,5,5,Champions
13200,2011-08-05 14:50:00,2011-11-20 15:35:00,46,4,516,11.217391304347826,870.09,18.915,42,0.25,0,108,27.0,5,3,3,Loyal Customers
13201,2010-03-07 11:01:00,2010-07-25 14:30:00,86,4,1036,12.046511627906977,1233.06,14.337906976744186,65,0.25,1,141,35.2,1,3,4,At Risk
13202,2009-12-09 10:48:00,2010-11-10 16:24:00,69,7,572,8.289855072463768,1580.3,22.902898550724636,55,0.25,1,337,48.1,2,4,4,At Risk
13203,2009-12-17 14:15:00,2011-11-30 10:45:00,169,10,2413,14.278106508875739,2648.25,15.670118343195266,158,0.25,0,713,71.3,5,5,4,Champions
13204,2009-12-08 14:56:00,2009-12-08 14:56:00,57,1,428,7.508771929824562,966.66,16.95894736842105,57,0.25,1,1,1.0,1,1,3,Lost / Inactive
13205,2010-09-22 16:26:00,2010-09-22 16:26:00,1,1,256,256.0,2803.2,2803.2,1,0.25,1,1,1.0,1,1,4,Lost / Inactive
13206,2009-12-07 13:48:00,2010-11-04 16:50:00,566,13,7086,12.519434628975265,8308.19,14.678780918727917,393,0.25,1,333,25.6,2,5,5,At Risk
13207,2010-04-06 16:37:00,2011-11-24 14:52:00,13,4,178,13.692307692307692,535.86,41.22,10,0.25,0,597,149.2,5,3,2,Loyal Customers
13208,2009-12-03 13:25:00,2011-10-12 09:54:00,252,9,1343,5.329365079365079,1976.3,7.842460317460318,198,0.25,0,678,75.3,4,5,4,Champions
13209,2010-01-24 14:30:00,2011-11-09 13:54:00,366,13,5781,15.795081967213115,8509.51,23.25002732240437,284,0.25,0,654,50.3,4,5,5,Champions
13210,2011-09-07 08:18:00,2011-09-07 08:18:00,22,1,316,14.363636363636363,353.48,16.067272727272726,22,0.25,1,1,1.0,3,1,2,Needs Attention
13211,2009-12-06 15:24:00,2011-11-29 14:43:00,201,10,1845,9.17910447761194,2618.77,13.028706467661692,98,0.25,0,723,72.3,5,5,4,Champions
13212,2011-10-09 14:48:00,2011-11-20 12:40:00,141,3,309,2.1914893617021276,786.83,5.580354609929079,128,0.25,0,42,14.0,4,3,3,Loyal Customers
13213,2010-05-20 14:50:00,2011-10-14 11:42:00,204,11,2962,14.519607843137255,3851.52,18.88,181,0.25,0,512,46.5,4,5,5,Champions
13214,2010-03-03 14:10:00,2010-10-18 10:00:00,229,7,2966,12.951965065502183,3264.23,14.254279475982532,207,0.25,1,229,32.7,1,4,5,At Risk
13215,2010-11-02 18:26:00,2010-11-02 18:26:00,1,1,96,96.0,81.6,81.6,1,0.25,1,1,1.0,2,1,1,Lost / Inactive
13216,2011-03-17 12:18:00,2011-03-17 12:18:00,5,1,297,59.4,333.74,66.748,5,0.25,1,1,1.0,2,1,2,Lost / Inactive
13217,2010-02-22 12:49:00,2011-08-09 15:32:00,5,4,512,102.4,666.48,133.296,3,0.25,1,534,133.5,3,3,3,Loyal Customers
13218,2011-08-04 16:59:00,2011-08-04 16:59:00,5,1,88,17.6,62.64,12.528,5,0.25,1,1,1.0,3,1,1,Needs Attention
13219,2010-03-31 14:18:00,2010-03-31 14:18:00,11,1,11,1.0,76.23,6.930000000000001,11,0.25,1,1,1.0,1,1,1,Lost / Inactive
13220,2010-05-13 10:35:00,2011-09-22 13:38:00,53,5,396,7.471698113207547,1336.0900000000001,25.20924528301887,46,0.25,0,498,99.6,3,4,4,Loyal Customers
13221,2010-12-15 13:24:00,2011-04-13 16:58:00,66,2,244,3.696969696969697,847.41,12.839545454545455,62,0.25,1,120,60.0,2,2,3,Lost / Inactive
13222,2010-05-11 13:54:00,2010-05-11 13:54:00,1,1,30,30.0,88.5,88.5,1,0.25,1,1,1.0,1,1,1,Lost / Inactive
13223,2010-02-12 13:27:00,2011-05-23 13:03:00,13,6,568,43.69230769230769,969.12,74.5476923076923,8,0.25,1,465,77.5,2,4,3,At Risk
13224,2011-07-11 14:10:00,2011-10-10 14:55:00,108,2,1518,14.055555555555555,2155.95,19.9625,101,0.25,0,92,46.0,3,2,4,Needs Attention
13225,2009-12-17 09:09:00,2011-12-06 13:29:00,125,16,7401,59.208,16260.07,130.08056,60,0.25,0,720,45.0,5,5,5,Champions
13226,2010-11-11 13:46:00,2011-03-11 14:35:00,28,2,179,6.392857142857143,312.46,11.159285714285714,28,0.25,1,121,60.5,2,2,2,Lost / Inactive
13227,2011-05-22 11:47:00,2011-05-22 11:47:00,9,1,99,11.0,257.7,28.633333333333333,9,0.25,1,1,1.0,2,1,1,Lost / Inactive
13228,2011-09-19 14:28:00,2011-09-19 14:28:00,2,1,200,100.0,358.0,179.0,2,0.25,0,1,1.0,3,1,2,Needs Attention
13229,2011-04-28 12:07:00,2011-04-28 12:07:00,10,1,63,6.3,160.95,16.095,10,0.25,1,1,1.0,2,1,1,Lost / Inactive
13230,2010-03-18 20:02:00,2011-12-05 16:03:00,1251,30,3520,2.8137490007993606,6120.01,4.892094324540368,653,0.25,0,627,20.9,5,5,5,Champions
13232,2011-04-10 13:48:00,2011-11-27 10:39:00,202,7,773,3.8267326732673266,1328.35,6.575990099009901,147,0.25,0,231,33.0,5,4,4,Champions
13233,2010-01-14 14:10:00,2011-09-26 13:25:00,76,4,1604,21.105263157894736,1176.46,15.479736842105263,74,0.25,0,620,155.0,3,3,3,Loyal Customers
13234,2009-12-07 12:32:00,2010-02-05 11:41:00,61,2,159,2.6065573770491803,346.5,5.680327868852459,56,0.25,1,60,30.0,1,2,2,Lost / Inactive
13235,2011-05-11 17:13:00,2011-05-11 17:13:00,58,1,441,7.603448275862069,1031.07,17.77706896551724,53,0.25,1,1,1.0,2,1,3,Lost / Inactive
13236,2011-08-25 08:58:00,2011-11-15 12:50:00,36,2,416,11.555555555555555,744.85,20.69027777777778,34,0.25,0,83,41.5,4,2,3,Promising / New
13237,2010-11-17 10:07:00,2010-11-17 10:07:00,24,1,128,5.333333333333333,643.0,26.791666666666668,24,0.25,1,1,1.0,2,1,3,Lost / Inactive
13238,2010-04-28 15:02:00,2011-11-22 15:37:00,47,6,442,9.404255319148936,1006.63,21.417659574468086,24,0.25,0,574,95.7,5,4,3,Champions
13239,2010-07-25 13:34:00,2011-03-23 10:25:00,93,5,1151,12.376344086021506,1594.69,17.14720430107527,86,0.25,1,241,48.2,2,4,4,At Risk
13240,2010-02-25 13:17:00,2011-09-04 14:08:00,201,8,709,3.527363184079602,1475.79,7.342238805970149,160,0.25,1,557,69.6,3,4,4,Loyal Customers
13241,2010-10-24 11:17:00,2010-10-24 11:17:00,40,1,46,1.15,112.53,2.81325,40,0.25,1,1,1.0,1,1,1,Lost / Inactive
13242,2010-02-09 13:12:00,2011-08-19 12:53:00,35,7,350,10.0,699.4,19.982857142857142,19,0.25,1,556,79.4,3,4,3,Loyal Customers
13243,2010-03-18 13:10:00,2011-05-20 13:14:00,205,5,554,2.702439024390244,1220.38,5.953073170731708,165,0.25,1,429,85.8,2,4,3,At Risk
13244,2011-09-08 11:46:00,2011-09-08 11:46:00,27,1,38,1.4074074074074074,121.74000000000001,4.508888888888889,27,0.25,1,1,1.0,3,1,1,Needs Attention
13245,2010-10-03 14:03:00,2011-10-20 11:40:00,45,2,371,8.244444444444444,989.22,21.982666666666667,43,0.25,0,382,191.0,4,2,3,Promising / New
13246,2010-07-02 13:36:00,2011-11-21 16:50:00,371,11,2796,7.536388140161725,3351.75,9.034366576819407,229,0.25,0,508,46.2,5,5,5,Champions
13247,2011-09-18 11:31:00,2011-11-22 10:59:00,25,4,328,13.12,501.12,20.0448,18,0.25,0,65,16.2,5,3,2,Loyal Customers
13248,2011-06-03 13:05:00,2011-08-07 12:40:00,26,2,305,11.73076923076923,465.68,17.91076923076923,25,0.25,1,65,32.5,3,2,2,Needs Attention
13249,2010-01-24 12:11:00,2011-09-08 13:26:00,35,9,1246,35.6,1608.9299999999998,45.969428571428566,21,0.25,1,593,65.9,3,5,4,Loyal Customers
13250,2010-07-25 14:01:00,2010-09-05 11:33:00,19,2,107,5.631578947368421,253.09,13.320526315789474,17,0.25,1,42,21.0,1,2,1,Lost / Inactive
13251,2010-11-02 13:20:00,2010-11-02 13:20:00,25,1,215,8.6,252.68,10.1072,25,0.25,1,1,1.0,2,1,1,Lost / Inactive
13252,2010-03-24 10:30:00,2010-11-10 16:00:00,19,2,134,7.052631578947368,399.3,21.01578947368421,19,0.25,1,232,116.0,2,2,2,Lost / Inactive
13253,2010-01-05 12:13:00,2011-07-06 10:09:00,75,4,3015,40.2,2951.11,39.34813333333334,73,0.25,1,547,136.8,3,3,5,Loyal Customers
13254,2010-11-28 15:42:00,2010-11-28 15:42:00,4,1,43,10.75,51.41,12.8525,4,0.25,1,1,1.0,2,1,1,Lost / Inactive
13255,2010-07-15 13:20:00,2011-11-30 13:14:00,26,3,407,15.653846153846153,678.76,26.106153846153845,26,0.25,0,503,167.7,5,3,3,Loyal Customers
13257,2010-09-29 14:58:00,2010-09-29 14:58:00,7,1,33,4.714285714285714,149.75,21.392857142857142,7,0.25,1,1,1.0,1,1,1,Lost / Inactive
13258,2010-11-04 12:45:00,2011-11-28 09:31:00,44,5,446,10.136363636363637,1009.43,22.94159090909091,29,0.25,0,389,77.8,5,4,3,Champions
13259,2010-01-10 10:26:00,2011-10-09 10:48:00,313,9,503,1.6070287539936101,1402.54,4.480958466453674,234,0.25,0,638,70.9,3,5,4,Loyal Customers
13260,2011-10-09 13:21:00,2011-10-09 13:21:00,8,1,142,17.75,557.62,69.7025,8,0.25,0,1,1.0,3,1,2,Needs Attention
13261,2011-02-27 10:41:00,2011-03-16 12:22:00,9,2,210,23.333333333333332,944.1,104.9,8,0.25,1,18,9.0,2,2,3,Lost / Inactive
13262,2010-04-18 12:14:00,2011-03-21 15:06:00,50,3,247,4.94,573.45,11.469000000000001,48,0.25,1,338,112.7,2,3,2,At Risk
13263,2010-10-22 17:07:00,2011-12-08 13:59:00,1905,39,5372,2.8199475065616797,8676.2,4.554435695538058,507,0.25,0,412,10.6,5,5,5,Champions
13264,2010-09-23 12:42:00,2010-09-23 12:42:00,38,1,375,9.868421052631579,722.56,19.01473684210526,38,0.25,1,1,1.0,1,1,3,Lost / Inactive
13265,2011-03-11 09:54:00,2011-10-17 15:02:00,90,5,1740,19.333333333333332,2092.66,23.251777777777775,66,0.25,0,221,44.2,4,4,4,Champions
13266,2009-12-17 10:52:00,2011-11-28 14:39:00,307,19,6837,22.270358306188925,6135.04,19.98384364820847,154,0.25,0,712,37.5,5,5,5,Champions
13267,2009-12-07 16:56:00,2011-12-07 11:12:00,411,36,3959,9.632603406326034,9429.81,22.943576642335763,152,0.25,0,730,20.3,5,5,5,Champions
13268,2011-03-17 13:20:00,2011-11-22 11:51:00,433,11,3624,8.369515011547344,3174.75,7.331986143187067,257,0.25,0,250,22.7,5,5,5,Champions
13269,2009-12-02 11:47:00,2011-12-08 14:53:00,486,28,6366,13.098765432098766,8537.32,17.566502057613167,238,0.25,0,737,26.3,5,5,5,Champions
13270,2010-12-08 14:53:00,2010-12-08 14:53:00,1,1,200,200.0,590.0,590.0,1,0.25,1,1,1.0,2,1,2,Lost / Inactive
13271,2011-11-02 14:31:00,2011-11-02 14:31:00,87,1,240,2.7586206896551726,211.49,2.430919540229885,79,0.25,0,1,1.0,4,1,1,Promising / New
13272,2011-09-11 12:06:00,2011-11-08 14:00:00,15,2,96,6.4,276.56,18.437333333333335,15,0.25,0,59,29.5,4,2,1,Promising / New
13273,2011-08-18 14:02:00,2011-08-18 14:02:00,16,1,153,9.5625,138.98,8.68625,16,0.25,1,1,1.0,3,1,1,Needs Attention
13274,2010-10-26 13:48:00,2010-10-26 13:48:00,19,1,199,10.473684210526315,360.85,18.992105263157896,19,0.25,1,1,1.0,2,1,2,Lost / Inactive
13275,2010-03-17 14:05:00,2010-11-21 12:09:00,48,2,138,2.875,238.86,4.97625,48,0.25,1,249,124.5,2,2,1,Lost / Inactive
13276,2010-03-07 14:05:00,2011-10-07 12:44:00,239,5,840,3.514644351464435,1891.91,7.915941422594143,209,0.25,0,579,115.8,3,4,4,Loyal Customers
13277,2010-06-18 08:45:00,2011-11-24 09:21:00,23,7,382,16.608695652173914,523.3,22.752173913043475,10,0.25,0,525,75.0,5,4,2,Champions
13278,2010-04-08 11:59:00,2011-10-30 11:49:00,108,4,1358,12.574074074074074,1435.85,13.294907407407406,80,0.25,0,570,142.5,4,3,4,Loyal Customers
13279,2011-09-22 17:24:00,2011-09-22 17:24:00,9,1,73,8.11111111111111,137.75,15.305555555555555,9,0.25,0,1,1.0,3,1,1,Needs Attention
13280,2010-03-05 09:07:00,2011-08-09 13:14:00,205,7,1489,7.263414634146342,2293.33,11.186975609756097,159,0.25,1,523,74.7,3,4,4,Loyal Customers
13281,2010-09-26 16:03:00,2010-09-26 16:03:00,22,1,201,9.136363636363637,350.85,15.947727272727274,22,0.25,1,1,1.0,1,1,2,Lost / Inactive
13282,2010-10-29 14:11:00,2011-11-21 15:33:00,51,4,410,8.03921568627451,1313.19,25.748823529411766,42,0.25,0,389,97.2,5,3,4,Loyal Customers
13283,2010-03-09 14:36:00,2011-10-11 09:50:00,20,4,204,10.2,373.36,18.668,19,0.25,0,581,145.2,3,3,2,Loyal Customers
13284,2011-01-13 09:23:00,2011-01-13 09:23:00,13,1,91,7.0,201.19,15.476153846153846,13,0.25,1,1,1.0,2,1,1,Lost / Inactive
13285,2010-03-25 14:26:00,2011-11-16 13:19:00,231,6,2457,10.636363636363637,3364.59,14.565324675324677,182,0.25,0,601,100.2,4,4,5,Champions
13286,2010-04-18 15:35:00,2010-04-18 15:35:00,49,1,274,5.591836734693878,734.91,14.998163265306122,46,0.25,1,1,1.0,1,1,3,Lost / Inactive
13287,2010-01-04 10:43:00,2010-04-15 15:26:00,53,3,429,8.09433962264151,781.59,14.746981132075472,46,0.25,1,102,34.0,1,3,3,At Risk
13288,2010-02-11 14:59:00,2010-09-22 16:32:00,10,5,379,37.9,927.61,92.761,7,0.25,1,224,44.8,1,4,3,At Risk
13289,2009-12-16 11:53:00,2009-12-16 11:53:00,16,1,119,7.4375,307.95,19.246875,16,0.25,1,1,1.0,1,1,2,Lost / Inactive
13290,2010-09-27 16:29:00,2010-09-27 16:29:00,1,1,1,1.0,208.63,208.63,1,0.25,1,1,1.0,1,1,1,Lost / Inactive
13291,2010-02-11 18:36:00,2011-07-07 10:36:00,318,11,1600,5.031446540880503,3270.79,10.285503144654088,155,0.25,1,511,46.5,3,5,5,Loyal Customers
13292,2010-07-01 14:36:00,2011-11-01 10:04:00,59,5,530,8.983050847457626,994.51,16.856101694915253,55,0.25,0,488,97.6,4,4,3,Champions
13293,2010-02-09 12:05:00,2010-11-12 13:28:00,72,6,555,7.708333333333333,1192.94,16.56861111111111,51,0.25,1,277,46.2,2,4,3,At Risk
13294,2010-03-03 12:54:00,2011-06-03 08:54:00,102,3,996,9.764705882352942,1689.53,16.564019607843136,93,0.25,1,457,152.3,2,3,4,At Risk
13295,2010-05-12 09:13:00,2010-12-15 11:21:00,67,4,733,10.940298507462687,1101.97,16.44731343283582,56,0.25,1,218,54.5,2,3,3,At Risk
13296,2010-05-11 14:29:00,2011-07-25 13:46:00,53,6,653,12.320754716981131,792.51,14.953018867924529,50,0.25,1,440,73.3,3,4,3,Loyal Customers
13297,2010-06-15 12:35:00,2011-12-02 09:32:00,123,7,2694,21.902439024390244,4368.62,35.51723577235772,108,0.25,0,535,76.4,5,4,5,Champions
13298,2011-12-08 13:11:00,2011-12-08 13:11:00,2,1,96,48.0,360.0,180.0,2,0.25,0,1,1.0,5,1,2,Promising / New
13299,2010-06-29 11:30:00,2011-03-16 12:55:00,62,3,416,6.709677419354839,1218.7,19.656451612903226,56,0.25,1,261,87.0,2,3,3,At Risk
13300,2010-05-14 15:56:00,2011-06-23 13:09:00,55,3,455,8.272727272727273,1285.51,23.37290909090909,44,0.25,1,405,135.0,3,3,4,Loyal Customers
13301,2011-02-20 13:13:00,2011-08-28 11:25:00,81,4,345,4.2592592592592595,618.09,7.630740740740741,75,0.25,1,189,47.2,3,3,3,Loyal Customers
13302,2010-07-01 12:32:00,2011-07-07 17:56:00,3,2,12,4.0,159.2,53.06666666666666,3,0.25,1,372,186.0,3,2,1,Needs Attention
13303,2010-11-04 14:55:00,2010-11-04 14:55:00,4,1,26,6.5,61.72,15.43,4,0.25,1,1,1.0,2,1,1,Lost / Inactive
13304,2010-02-08 12:42:00,2010-12-23 14:35:00,78,4,716,9.179487179487179,1217.99,15.61525641025641,59,0.25,1,319,79.8,2,3,3,At Risk
13305,2010-03-10 14:49:00,2011-12-05 15:15:00,200,16,2228,11.14,3616.41,18.08205,153,0.25,0,636,39.8,5,5,5,Champions
13306,2010-10-05 14:55:00,2010-10-05 14:55:00,4,1,74,18.5,53.65,13.4125,4,0.25,1,1,1.0,1,1,1,Lost / Inactive
13307,2010-04-26 13:28:00,2011-08-11 17:14:00,15,3,140,9.333333333333334,273.34,18.222666666666665,15,0.25,1,473,157.7,3,3,1,Loyal Customers
13308,2010-04-22 09:22:00,2011-11-17 09:31:00,71,4,1073,15.112676056338028,1670.37,23.52633802816901,65,0.25,0,575,143.8,4,3,4,Loyal Customers
13309,2010-11-12 12:10:00,2011-12-02 16:34:00,130,6,1914,14.723076923076922,1706.37,13.125923076923076,95,0.25,0,386,64.3,5,4,4,Champions
13310,2010-11-02 17:03:00,2011-11-11 17:23:00,95,5,816,8.589473684210526,1541.2,16.223157894736843,80,0.25,0,375,75.0,4,4,4,Champions
13311,2011-07-12 14:26:00,2011-12-05 12:55:00,26,2,305,11.73076923076923,598.5699999999999,23.021923076923073,25,0.25,0,146,73.0,5,2,2,Promising / New
13312,2010-09-14 14:36:00,2010-09-14 14:36:00,5,1,41,8.2,124.75,24.95,5,0.25,1,1,1.0,1,1,1,Lost / Inactive
13313,2009-12-02 16:18:00,2011-11-17 16:48:00,187,12,2308,12.342245989304812,3445.32,18.424171122994654,105,0.25,0,716,59.7,4,5,5,Champions
13314,2011-09-27 10:20:00,2011-12-08 12:29:00,62,3,560,9.03225806451613,775.9399999999999,12.51516129032258,55,0.25,0,73,24.3,5,3,3,Loyal Customers
13315,2010-01-19 15:34:00,2010-01-19 15:34:00,22,1,232,10.545454545454545,310.26,14.102727272727272,22,0.25,1,1,1.0,1,1,2,Lost / Inactive
13316,2010-03-10 10:01:00,2011-11-02 13:40:00,173,10,19931,115.20809248554913,12940.82,74.80242774566474,115,0.25,0,603,60.3,4,5,5,Champions
13317,2009-12-13 11:11:00,2011-10-04 13:35:00,344,19,3149,9.154069767441861,6486.09,18.854912790697675,222,0.25,0,661,34.8,3,5,5,Loyal Customers
13318,2011-11-02 13:26:00,2011-12-08 18:51:00,20,3,304,15.2,640.76,32.038,14,0.25,0,37,12.3,5,3,3,Loyal Customers
13319,2009-12-06 14:46:00,2011-12-04 13:34:00,923,58,8974,9.722643553629469,21323.22,23.10208017334778,345,0.25,0,728,12.6,5,5,5,Champions
13320,2010-08-18 10:29:00,2011-09-22 18:07:00,149,6,1509,10.12751677852349,2211.6,14.842953020134228,98,0.25,0,401,66.8,3,4,4,Loyal Customers
13321,2011-09-14 15:18:00,2011-09-28 15:24:00,11,2,372,33.81818181818182,567.36,51.57818181818182,10,0.25,0,15,7.5,3,2,2,Needs Attention
13322,2011-11-22 14:21:00,2011-11-22 14:21:00,25,1,117,4.68,199.48000000000002,7.9792000000000005,25,0.25,0,1,1.0,5,1,1,Promising / New
13323,2011-09-16 13:23:00,2011-12-06 17:12:00,21,5,175,8.333333333333334,787.85,37.516666666666666,6,0.25,0,82,16.4,5,4,3,Champions
13324,2010-05-25 10:23:00,2011-11-03 16:28:00,132,18,8448,64.0,10513.47,79.6475,36,0.25,0,528,29.3,4,5,5,Champions
13325,2011-09-19 10:36:00,2011-09-19 10:36:00,12,1,240,20.0,675.3,56.275,12,0.25,0,1,1.0,3,1,3,Needs Attention
13326,2010-10-03 16:00:00,2010-10-03 16:00:00,13,1,140,10.76923076923077,281.76,21.673846153846153,13,0.25,1,1,1.0,1,1,1,Lost / Inactive
13327,2009-12-18 15:35:00,2011-11-01 10:21:00,321,20,4203,13.093457943925234,9134.48,28.45632398753894,175,0.25,0,683,34.2,4,5,5,Champions
13328,2011-01-27 15:22:00,2011-01-27 15:22:00,17,1,680,40.0,1308.48,76.96941176470588,17,0.25,1,1,1.0,2,1,4,Lost / Inactive
13329,2009-12-04 15:41:00,2011-11-08 10:29:00,118,8,3311,28.059322033898304,4808.7699999999995,40.75228813559322,68,0.25,0,704,88.0,4,4,5,Champions
13330,2010-02-23 10:12:00,2011-09-08 12:27:00,117,6,1951,16.675213675213676,2796.1,23.898290598290597,80,0.25,1,563,93.8,3,4,4,Loyal Customers
13331,2010-11-03 08:04:00,2010-11-03 08:04:00,12,1,54,4.5,262.4,21.866666666666664,12,0.25,1,1,1.0,2,1,1,Lost / Inactive
13332,2011-11-25 13:30:00,2011-11-25 13:30:00,21,1,179,8.523809523809524,350.9,16.70952380952381,21,0.25,0,1,1.0,5,1,2,Promising / New
13333,2010-02-19 09:26:00,2010-10-24 13:24:00,55,3,685,12.454545454545455,1015.74,18.468,54,0.25,1,248,82.7,1,3,3,At Risk
13334,2010-02-25 12:21:00,2011-09-18 15:21:00,474,5,3198,6.746835443037975,6201.8,13.083966244725739,307,0.25,0,571,114.2,3,4,5,Loyal Customers
13336,2011-09-23 14:05:00,2011-09-23 14:05:00,51,1,559,10.96078431372549,795.12,15.590588235294117,51,0.25,0,1,1.0,3,1,3,Needs Attention
13337,2010-06-11 13:27:00,2010-06-11 13:27:00,87,1,980,11.264367816091953,1575.26,18.106436781609194,87,0.25,1,1,1.0,1,1,4,Lost / Inactive
13338,2010-01-05 12:25:00,2011-07-05 09:06:00,128,4,1151,8.9921875,2445.62,19.10640625,113,0.25,1,546,136.5,3,3,4,Loyal Customers
13339,2011-05-23 08:31:00,2011-05-23 08:31:00,54,1,326,6.037037037037037,860.12,15.928148148148148,54,0.25,1,1,1.0,2,1,3,Lost / Inactive
13340,2010-02-22 14:54:00,2011-10-25 13:15:00,215,12,9636,44.818604651162794,22100.56,102.79330232558141,190,0.25,0,610,50.8,4,5,5,Champions
13341,2011-03-24 09:50:00,2011-03-24 09:50:00,42,1,301,7.166666666666667,775.85,18.472619047619048,42,0.25,1,1,1.0,2,1,3,Lost / Inactive
13343,2011-06-15 12:24:00,2011-06-15 12:24:00,19,1,135,7.105263157894737,353.43,18.60157894736842,19,0.25,1,1,1.0,3,1,2,Needs Attention
13344,2011-03-07 10:28:00,2011-10-03 09:45:00,116,3,952,8.206896551724139,2511.69,21.6525,115,0.25,0,210,70.0,3,3,4,Loyal Customers
13345,2011-02-25 09:01:00,2011-02-25 09:01:00,20,1,141,7.05,389.5,19.475,20,0.25,1,1,1.0,2,1,2,Lost / Inactive
13346,2010-04-22 12:34:00,2010-09-03 11:41:00,6,6,180,30.0,299.4,49.9,4,0.25,1,134,22.3,1,4,2,At Risk
13347,2011-09-30 13:28:00,2011-09-30 13:28:00,8,1,205,25.625,341.36,42.67,8,0.25,0,1,1.0,3,1,2,Needs Attention
13348,2011-10-06 17:28:00,2011-10-06 17:28:00,14,1,136,9.714285714285714,233.76,16.697142857142858,14,0.25,0,1,1.0,3,1,1,Needs Attention
13349,2011-11-29 08:07:00,2011-11-29 08:07:00,16,1,225,14.0625,247.32,15.4575,16,0.25,0,1,1.0,5,1,1,Promising / New
13350,2011-09-21 13:33:00,2011-11-23 16:33:00,40,2,287,7.175,979.12,24.478,36,0.25,0,64,32.0,5,2,3,Promising / New
13351,2011-10-04 12:55:00,2011-10-04 12:55:00,16,1,117,7.3125,373.94,23.37125,16,0.25,0,1,1.0,3,1,2,Needs Attention
13352,2011-10-10 13:55:00,2011-10-10 13:55:00,24,1,321,13.375,397.98,16.5825,24,0.25,0,1,1.0,3,1,2,Needs Attention
13354,2011-09-29 13:17:00,2011-09-29 13:17:00,51,1,604,11.843137254901961,743.53,14.579019607843136,51,0.25,0,1,1.0,3,1,3,Needs Attention
13355,2011-08-09 14:48:00,2011-08-09 14:48:00,32,1,314,9.8125,674.7,21.084375,32,0.25,1,1,1.0,3,1,3,Needs Attention
13356,2011-09-20 14:33:00,2011-09-20 14:33:00,42,1,325,7.738095238095238,768.24,18.291428571428572,42,0.25,0,1,1.0,3,1,3,Needs Attention
13357,2010-03-22 14:30:00,2011-03-27 13:56:00,394,5,2112,5.3604060913705585,3805.51,9.658654822335025,284,0.25,1,370,74.0,2,4,5,At Risk
13358,2011-03-16 11:52:00,2011-03-16 11:52:00,29,1,285,9.827586206896552,439.03,15.138965517241378,29,0.25,1,1,1.0,2,1,2,Lost / Inactive
13359,2010-11-01 15:05:00,2011-10-07 09:30:00,56,2,381,6.803571428571429,1043.31,18.630535714285713,52,0.25,0,340,170.0,3,2,3,Needs Attention
13360,2010-01-08 11:16:00,2010-10-04 12:37:00,66,4,942,14.272727272727273,1553.6499999999999,23.540151515151514,58,0.25,1,270,67.5,1,3,4,At Risk
13361,2010-04-01 07:49:00,2010-08-24 14:56:00,34,2,324,9.529411764705882,1450.5,42.661764705882355,29,0.25,1,146,73.0,1,2,4,Lost / Inactive
13362,2010-10-10 15:27:00,2011-11-30 14:41:00,298,7,2481,8.325503355704697,5394.07,18.100906040268455,186,0.25,0,416,59.4,5,4,5,Champions
13363,2010-10-26 11:07:00,2011-11-22 12:40:00,102,3,1146,11.235294117647058,1723.86,16.900588235294116,78,0.25,0,393,131.0,5,3,4,Loyal Customers
13364,2011-09-29 18:13:00,2011-09-29 18:13:00,10,1,71,7.1,134.96,13.496,10,0.25,0,1,1.0,3,1,1,Needs Attention
13365,2011-05-06 12:00:00,2011-11-06 12:36:00,128,2,1247,9.7421875,2225.37,17.385703125,122,0.25,0,185,92.5,4,2,4,Promising / New
13366,2011-10-20 13:37:00,2011-10-20 13:37:00,1,1,144,144.0,56.16,56.16,1,0.25,0,1,1.0,4,1,1,Promising / New
13367,2010-10-04 10:00:00,2010-10-04 10:00:00,20,1,253,12.65,510.2,25.509999999999998,20,0.25,1,1,1.0,1,1,2,Lost / Inactive
13368,2010-10-12 10:43:00,2011-03-28 09:59:00,52,4,606,11.653846153846153,1121.5,21.567307692307693,45,0.25,1,167,41.8,2,3,3,At Risk
13369,2010-12-09 11:30:00,2010-12-09 11:30:00,14,1,149,10.642857142857142,308.28,22.02,14,0.25,1,1,1.0,2,1,2,Lost / Inactive
13370,2010-12-03 10:26:00,2010-12-03 10:26:00,39,1,343,8.794871794871796,754.87,19.355641025641027,39,0.25,1,1,1.0,2,1,3,Lost / Inactive
13371,2010-03-17 15:29:00,2010-07-22 17:33:00,92,2,1019,11.076086956521738,2297.66,24.9745652173913,75,0.25,1,128,64.0,1,2,4,Lost / Inactive
13372,2011-09-11 12:46:00,2011-09-11 12:46:00,23,1,159,6.913043478260869,378.64,16.46260869565217,23,0.25,0,1,1.0,3,1,2,Needs Attention
13373,2009-12-06 12:34:00,2011-10-10 10:51:00,358,6,4263,11.90782122905028,7587.19,21.19326815642458,292,0.25,0,673,112.2,3,4,5,Loyal Customers
13374,2010-09-16 10:29:00,2010-10-21 10:04:00,17,2,135,7.9411764705882355,422.8,24.870588235294118,17,0.25,1,35,17.5,1,2,2,Lost / Inactive
13375,2010-09-21 08:12:00,2011-09-12 10:19:00,71,2,1124,15.830985915492958,1792.23,25.242676056338027,62,0.25,0,357,178.5,3,2,4,Needs Attention
13376,2011-04-19 13:03:00,2011-09-01 16:16:00,53,3,493,9.30188679245283,1019.76,19.240754716981133,45,0.25,1,136,45.3,3,3,3,Loyal Customers
13377,2010-03-04 10:06:00,2010-11-08 12:20:00,78,2,748,9.58974358974359,1552.88,19.90871794871795,71,0.25,1,250,125.0,2,2,4,Lost / Inactive
13379,2011-07-26 12:26:00,2011-11-13 13:45:00,97,3,601,6.195876288659794,572.56,5.902680412371134,85,0.25,0,111,37.0,4,3,2,Loyal Customers
13380,2010-10-03 10:18:00,2010-10-03 10:18:00,3,1,48,16.0,62.4,20.8,3,0.25,1,1,1.0,1,1,1,Lost / Inactive
13381,2009-12-01 15:19:00,2011-11-08 11:58:00,356,12,5125,14.396067415730338,8224.37,23.102162921348317,154,0.25,0,707,58.9,4,5,5,Champions
13382,2009-12-08 09:56:00,2011-03-04 10:03:00,86,5,863,10.034883720930232,1387.58,16.134651162790696,74,0.25,1,452,90.4,2,4,4,At Risk
13383,2010-06-14 11:45:00,2010-06-14 11:45:00,1,1,288,288.0,305.28,305.28,1,0.25,1,1,1.0,1,1,2,Lost / Inactive
13384,2010-07-27 12:22:00,2011-11-09 11:04:00,264,11,4142,15.68939393939394,6680.83,25.30617424242424,192,0.25,0,470,42.7,4,5,5,Champions
13385,2011-01-14 09:52:00,2011-01-14 09:52:00,35,1,281,8.028571428571428,534.57,15.273428571428573,35,0.25,1,1,1.0,2,1,2,Lost / Inactive
13386,2010-09-28 13:09:00,2010-10-21 12:52:00,31,2,514,16.580645161290324,835.46,26.950322580645164,24,0.25,1,23,11.5,1,2,3,Lost / Inactive
13387,2010-10-18 14:07:00,2010-10-18 14:07:00,71,1,123,1.732394366197183,186.94,2.632957746478873,71,0.25,1,1,1.0,1,1,1,Lost / Inactive
13388,2010-04-15 10:18:00,2011-07-31 12:52:00,69,3,701,10.159420289855072,1185.65,17.183333333333334,68,0.25,1,473,157.7,3,3,3,Loyal Customers
13389,2011-04-21 12:12:00,2011-11-28 14:01:00,51,3,429,8.411764705882353,797.96,15.646274509803922,50,0.25,0,222,74.0,5,3,3,Loyal Customers
13390,2011-09-26 08:38:00,2011-09-26 08:38:00,13,1,224,17.23076923076923,544.08,41.8523076923077,13,0.25,0,1,1.0,3,1,2,Needs Attention
13391,2011-05-20 10:50:00,2011-05-20 10:50:00,1,1,4,4.0,59.8,59.8,1,0.25,1,1,1.0,2,1,1,Lost / Inactive
13392,2010-01-31 13:34:00,2010-01-31 13:34:00,8,1,82,10.25,91.14,11.3925,8,0.25,1,1,1.0,1,1,1,Lost / Inactive
13393,2009-12-07 18:12:00,2010-05-05 09:34:00,69,4,662,9.594202898550725,1131.45,16.397826086956524,53,0.25,1,149,37.2,1,3,3,At Risk
13394,2009-12-01 11:58:00,2011-12-08 11:36:00,409,19,5354,13.09046454767726,6621.7,16.18997555012225,254,0.25,0,737,38.8,5,5,5,Champions
13395,2010-10-14 13:00:00,2011-06-07 15:04:00,81,3,1660,20.493827160493826,1180.23,14.57074074074074,77,0.25,1,237,79.0,3,3,3,Loyal Customers
13396,2011-01-24 13:37:00,2011-11-10 16:59:00,43,2,600,13.953488372093023,1360.99,31.65093023255814,42,0.25,0,291,145.5,4,2,4,Promising / New
13397,2010-01-20 09:50:00,2011-09-28 10:56:00,89,10,1336,15.01123595505618,3191.87,35.863707865168536,68,0.25,0,617,61.7,3,5,5,Loyal Customers
13398,2010-09-17 09:34:00,2011-05-31 13:17:00,39,2,341,8.743589743589743,670.34,17.18820512820513,37,0.25,1,257,128.5,2,2,3,Lost / Inactive
13399,2010-07-08 17:47:00,2010-09-01 13:59:00,15,3,120,8.0,275.4,18.36,10,0.25,1,55,18.3,1,3,1,At Risk
13400,2010-05-06 09:00:00,2010-05-06 09:00:00,23,1,284,12.347826086956522,310.83,13.514347826086956,23,0.25,1,1,1.0,1,1,2,Lost / Inactive
13402,2010-05-24 10:56:00,2011-08-04 15:51:00,79,4,917,11.60759493670886,1226.85,15.529746835443037,55,0.25,1,438,109.5,3,3,4,Loyal Customers
13403,2009-12-16 13:23:00,2011-11-22 08:28:00,9,3,114,12.666666666666666,229.5,25.5,9,0.25,0,706,235.3,5,3,1,Loyal Customers
13404,2011-05-11 11:57:00,2011-12-08 15:37:00,11,2,111,10.090909090909092,252.49,22.953636363636363,11,0.25,0,212,106.0,5,2,1,Promising / New
13405,2009-12-15 14:13:00,2011-09-26 17:01:00,43,6,855,19.88372093023256,1213.81,28.22813953488372,33,0.25,0,651,108.5,3,4,3,Loyal Customers
13406,2010-03-18 07:29:00,2010-10-08 14:44:00,9,2,292,32.44444444444444,568.92,63.21333333333333,7,0.25,1,205,102.5,1,2,2,Lost / Inactive
13407,2010-02-16 11:13:00,2010-05-10 12:41:00,85,3,1690,19.88235294117647,2244.7,26.408235294117645,85,0.25,1,84,28.0,1,3,4,At Risk
13408,2009-12-04 09:31:00,2011-12-08 09:05:00,826,106,28675,34.71549636803874,50174.78,60.74428571428571,321,0.25,0,734,6.9,5,5,5,Champions
13410,2009-12-08 13:43:00,2011-11-15 15:33:00,50,9,1244,24.88,2201.96,44.0392,25,0.25,0,708,78.7,4,5,4,Champions
13411,2011-08-24 13:57:00,2011-08-24 13:57:00,18,1,72,4.0,213.55,11.863888888888889,17,0.25,1,1,1.0,3,1,1,Needs Attention
13412,2010-03-29 16:28:00,2010-03-29 16:28:00,34,1,176,5.176470588235294,487.35,14.333823529411765,33,0.25,1,1,1.0,1,1,2,Lost / Inactive
13413,2010-01-21 17:43:00,2010-03-10 12:17:00,43,6,455,10.581395348837209,429.44,9.986976744186046,38,0.25,1,48,8.0,1,4,2,At Risk
13414,2010-04-15 17:00:00,2011-07-29 11:45:00,55,6,2702,49.127272727272725,2494.14,45.348,48,0.25,1,470,78.3,3,4,4,Loyal Customers
13415,2009-12-11 14:20:00,2010-08-24 11:38:00,101,4,496,4.910891089108911,784.17,7.764059405940594,85,0.25,1,256,64.0,1,3,3,At Risk
13416,2009-12-03 13:02:00,2011-10-27 08:56:00,26,3,208,8.0,940.8,36.184615384615384,16,0.25,0,693,231.0,4,3,3,Loyal Customers
13417,2010-02-08 12:39:00,2011-12-05 08:49:00,77,6,532,6.909090909090909,1669.49,21.681688311688312,57,0.25,0,665,110.8,5,4,4,Champions
13418,2009-12-11 12:51:00,2011-11-28 10:23:00,537,31,7354,13.694599627560521,11559.66,21.526368715083798,328,0.25,0,717,23.1,5,5,5,Champions
13419,2011-10-07 12:49:00,2011-10-07 12:49:00,16,1,275,17.1875,221.06,13.81625,16,0.25,0,1,1.0,3,1,1,Needs Attention
13420,2011-06-22 11:35:00,2011-07-13 08:48:00,8,2,101,12.625,159.85,19.98125,8,0.25,1,21,10.5,3,2,1,Needs Attention
13421,2010-02-14 14:45:00,2011-10-30 14:21:00,265,8,2351,8.871698113207547,4058.75,15.316037735849056,174,0.25,0,623,77.9,4,4,5,Champions
13422,2011-10-06 13:42:00,2011-10-06 13:42:00,127,1,1326,10.440944881889763,2626.3,20.67952755905512,127,0.25,0,1,1.0,3,1,4,Needs Attention
13423,2010-10-07 09:02:00,2010-10-07 09:02:00,12,1,141,11.75,217.03,18.085833333333333,12,0.25,1,1,1.0,1,1,1,Lost / Inactive
13424,2010-09-16 10:49:00,2010-09-16 10:49:00,40,1,529,13.225,572.77,14.31925,40,0.25,1,1,1.0,1,1,2,Lost / Inactive
13425,2010-05-09 14:35:00,2011-08-23 17:13:00,177,5,2358,13.322033898305085,3390.43,19.15497175141243,124,0.25,1,472,94.4,3,4,5,Loyal Customers
13426,2009-12-09 15:16:00,2011-12-09 08:59:00,343,22,4868,14.192419825072886,8167.38,23.811603498542276,162,0.25,0,730,33.2,5,5,5,Champions
13427,2009-12-17 13:44:00,2011-11-20 13:02:00,52,6,880,16.923076923076923,1006.53,19.356346153846154,35,0.25,0,703,117.2,5,4,3,Champions
13428,2010-07-13 13:20:00,2011-11-29 14:20:00,138,3,356,2.579710144927536,478.54,3.46768115942029,122,0.25,0,505,168.3,5,3,2,Loyal Customers
13429,2011-09-25 15:59:00,2011-11-29 09:10:00,67,4,1390,20.746268656716417,1006.8,15.02686567164179,55,0.25,0,65,16.2,5,3,3,Loyal Customers
13430,2011-09-14 14:26:00,2011-11-21 08:19:00,49,2,751,15.326530612244898,679.45,13.866326530612247,48,0.25,0,68,34.0,5,2,3,Promising / New
13431,2010-02-18 11:53:00,2011-10-03 13:49:00,129,8,1570,12.170542635658915,3316.24,25.707286821705424,113,0.25,0,593,74.1,3,4,5,Loyal Customers
13432,2010-04-06 14:42:00,2010-05-17 13:18:00,111,2,217,1.954954954954955,439.1,3.955855855855856,98,0.25,1,41,20.5,1,2,2,Lost / Inactive
13433,2010-01-12 08:59:00,2010-07-26 16:55:00,24,4,190,7.916666666666667,658.32,27.430000000000003,22,0.25,1,196,49.0,1,3,3,At Risk
13434,2010-02-22 09:54:00,2011-09-26 14:30:00,35,5,864,24.685714285714287,1666.86,47.62457142857143,17,0.25,0,582,116.4,3,4,4,Loyal Customers
13435,2010-07-27 16:56:00,2011-12-04 14:45:00,149,9,2754,18.483221476510067,4447.33,29.84785234899329,96,0.25,0,495,55.0,5,5,5,Champions
13436,2011-12-08 10:33:00,2011-12-08 10:33:00,12,1,76,6.333333333333333,196.89,16.4075,12,0.25,0,1,1.0,5,1,1,Promising / New
13437,2011-06-02 14:30:00,2011-11-25 14:00:00,167,7,1283,7.682634730538922,3408.06,20.40754491017964,143,0.25,0,176,25.1,5,4,5,Champions
13438,2010-06-10 18:46:00,2010-06-10 18:46:00,1,1,10,10.0,46.5,46.5,1,0.25,1,1,1.0,1,1,1,Lost / Inactive
13439,2010-07-01 14:36:00,2011-03-29 14:20:00,167,3,952,5.700598802395209,986.61,5.907844311377246,132,0.25,1,271,90.3,2,3,3,At Risk
13440,2010-09-14 10:34:00,2010-10-12 13:11:00,59,7,573,9.711864406779661,1295.25,21.953389830508474,49,0.25,1,29,4.1,1,4,4,At Risk
13441,2010-10-04 10:38:00,2011-09-09 09:38:00,38,2,520,13.68421052631579,720.9,18.971052631578946,33,0.25,1,340,170.0,3,2,3,Needs Attention
13442,2009-12-01 14:59:00,2010-02-10 14:03:00,38,3,115,3.026315789473684,419.87,11.04921052631579,33,0.25,1,71,23.7,1,3,2,At Risk
13443,2010-01-31 13:30:00,2010-09-17 12:31:00,200,6,805,4.025,1273.16,6.3658,176,0.25,1,229,38.2,1,4,4,At Risk
13444,2010-07-21 14:34:00,2010-11-30 13:02:00,57,2,331,5.807017543859649,619.08,10.861052631578948,51,0.25,1,132,66.0,2,2,3,Lost / Inactive
13445,2010-03-23 15:34:00,2010-03-23 15:34:00,7,1,198,28.285714285714285,241.89999999999998,34.55714285714286,7,0.25,1,1,1.0,1,1,1,Lost / Inactive
13446,2010-02-14 11:52:00,2010-10-05 18:51:00,192,11,2403,12.515625,3881.89,20.218177083333334,113,0.25,1,234,21.3,1,5,5,At Risk
13447,2011-11-04 10:10:00,2011-11-16 13:38:00,59,3,584,9.898305084745763,1129.1399999999999,19.137966101694914,55,0.25,0,13,4.3,4,3,3,Loyal Customers
13448,2009-12-06 12:14:00,2011-11-23 12:33:00,533,13,4195,7.870544090056285,8745.93,16.408874296435272,321,0.25,0,718,55.2,5,5,5,Champions
13449,2011-11-16 08:28:00,2011-11-16 08:28:00,19,1,222,11.68421052631579,291.88,15.362105263157895,19,0.25,0,1,1.0,4,1,2,Promising / New
13450,2010-04-15 19:15:00,2011-11-13 11:54:00,147,13,4318,29.374149659863946,4120.04,28.027482993197278,57,0.25,0,577,44.4,4,5,5,Champions
13451,2010-03-21 16:13:00,2011-11-13 15:58:00,1022,11,5229,5.116438356164384,7090.06,6.937436399217222,561,0.25,0,602,54.7,4,5,5,Champions
13452,2010-08-24 09:53:00,2011-03-25 14:19:00,3,3,6,2.0,729.8,243.26666666666665,2,0.25,1,214,71.3,2,3,3,At Risk
13453,2010-11-02 13:23:00,2011-06-27 09:34:00,40,3,341,8.525,781.69,19.542250000000003,33,0.25,1,237,79.0,3,3,3,Loyal Customers
13454,2010-03-08 14:40:00,2010-03-08 14:40:00,23,1,198,8.608695652173912,219.87,9.559565217391304,23,0.25,1,1,1.0,1,1,1,Lost / Inactive
13455,2009-12-09 08:58:00,2011-11-15 11:21:00,114,6,795,6.973684210526316,2212.99,19.412192982456137,79,0.25,0,707,117.8,4,4,4,Champions
13456,2011-05-16 15:34:00,2011-11-22 09:18:00,63,6,765,12.142857142857142,1766.72,28.043174603174602,43,0.25,0,190,31.7,5,4,4,Champions
13457,2009-12-02 12:46:00,2010-01-20 08:48:00,9,2,96,10.666666666666666,148.22,16.468888888888888,9,0.25,1,49,24.5,1,2,1,Lost / Inactive
13458,2010-11-16 14:01:00,2011-12-02 15:29:00,485,16,6760,13.938144329896907,11959.27,24.658288659793815,290,0.25,0,382,23.9,5,5,5,Champions
13459,2010-01-26 13:35:00,2010-03-25 10:24:00,73,2,986,13.506849315068493,1160.41,15.896027397260275,57,0.25,1,58,29.0,1,2,3,Lost / Inactive
13460,2011-10-21 09:50:00,2011-11-10 17:17:00,17,2,286,16.823529411764707,183.44,10.790588235294118,16,0.25,0,21,10.5,4,2,1,Promising / New
13461,2010-04-21 16:01:00,2011-11-01 09:01:00,62,6,3132,50.516129032258064,4160.0,67.09677419354838,30,0.25,0,559,93.2,4,4,5,Champions
13462,2009-12-14 09:48:00,2011-04-01 11:20:00,71,5,697,9.816901408450704,1153.85,16.251408450704226,64,0.25,1,474,94.8,2,4,3,At Risk
13464,2010-03-31 15:22:00,2011-10-12 15:01:00,151,6,1440,9.536423841059603,3097.64,20.514172185430464,128,0.25,0,560,93.3,4,4,5,Champions
13465,2010-05-02 15:30:00,2010-09-19 15:13:00,34,2,584,17.176470588235293,931.12,27.385882352941177,34,0.25,1,140,70.0,1,2,3,Lost / Inactive
13466,2010-03-21 13:50:00,2011-06-08 16:39:00,55,5,660,12.0,1013.35,18.424545454545456,49,0.25,1,445,89.0,3,4,3,Loyal Customers
13467,2011-11-03 16:56:00,2011-11-29 10:01:00,98,2,580,5.918367346938775,1071.91,10.937857142857144,89,0.25,0,26,13.0,5,2,3,Promising / New
13468,2009-12-03 13:32:00,2011-12-08 10:39:00,693,72,5617,8.105339105339105,12793.28,18.4607215007215,290,0.25,0,735,10.2,5,5,5,Champions
13469,2010-02-24 15:03:00,2010-02-24 15:03:00,6,1,52,8.666666666666666,82.4,13.733333333333334,6,0.25,1,1,1.0,1,1,1,Lost / Inactive
13470,2011-08-16 17:06:00,2011-09-01 14:57:00,10,2,100,10.0,165.0,16.5,7,0.25,1,16,8.0,3,2,1,Needs Attention
13471,2011-10-23 13:10:00,2011-12-08 15:44:00,254,4,1583,6.232283464566929,2501.84,9.84976377952756,214,0.25,0,47,11.8,5,3,4,Loyal Customers
13472,2010-06-02 09:48:00,2010-09-02 09:41:00,28,2,310,11.071428571428571,592.24,21.15142857142857,24,0.25,1,92,46.0,1,2,2,Lost / Inactive
13473,2009-12-15 19:02:00,2011-10-10 11:20:00,70,8,1000,14.285714285714286,2657.7599999999998,37.967999999999996,65,0.25,0,664,83.0,3,4,4,Loyal Customers
13474,2010-08-01 14:40:00,2011-04-17 13:53:00,126,3,318,2.5238095238095237,646.59,5.131666666666667,116,0.25,1,259,86.3,2,3,3,At Risk
13475,2011-02-14 12:36:00,2011-06-01 13:52:00,86,4,1012,11.767441860465116,1431.78,16.648604651162792,64,0.25,1,108,27.0,2,3,4,At Risk
13476,2010-03-05 09:39:00,2011-06-14 12:00:00,106,5,713,6.726415094339623,2061.47,19.447830188679244,86,0.25,1,467,93.4,3,4,4,Loyal Customers
13477,2010-01-25 11:52:00,2011-11-02 12:04:00,157,11,2091,13.318471337579618,2819.17,17.956496815286624,112,0.25,0,647,58.8,4,5,4,Champions
13478,2010-01-31 15:51:00,2010-08-27 13:23:00,125,5,1189,9.512,2215.78,17.72624,114,0.25,1,208,41.6,1,4,4,At Risk
13479,2010-08-19 16:18:00,2011-05-23 10:45:00,53,4,716,13.50943396226415,851.37,16.063584905660377,45,0.25,1,277,69.2,2,3,3,At Risk
13480,2010-01-29 12:35:00,2010-10-19 11:53:00,41,2,362,8.829268292682928,627.8199999999999,15.312682926829266,40,0.25,1,263,131.5,1,2,3,Lost / Inactive
13481,2009-12-04 12:37:00,2011-10-25 09:07:00,224,11,2055,9.174107142857142,3830.84,17.101964285714285,162,0.25,0,690,62.7,4,5,5,Champions
13482,2010-03-22 10:31:00,2011-04-21 17:03:00,20,2,187,9.35,336.09,16.804499999999997,20,0.25,1,396,198.0,2,2,2,Lost / Inactive
13483,2011-10-05 11:53:00,2011-10-05 11:53:00,10,1,160,16.0,140.34,14.034,10,0.25,0,1,1.0,3,1,1,Needs Attention
13484,2010-03-10 11:46:00,2011-04-12 16:30:00,39,3,224,5.743589743589744,790.72,20.274871794871796,38,0.25,1,399,133.0,2,3,3,At Risk
13485,2009-12-03 13:46:00,2011-04-20 13:58:00,158,11,1798,11.379746835443038,3019.22,19.10898734177215,131,0.25,1,504,45.8,2,5,5,At Risk
13486,2011-07-07 17:19:00,2011-09-22 13:13:00,69,3,669,9.695652173913043,1122.41,16.2668115942029,69,0.25,0,77,25.7,3,3,3,Loyal Customers
13487,2009-12-05 10:25:00,2011-10-13 12:07:00,49,5,362,7.387755102040816,846.87,17.283061224489796,31,0.25,0,678,135.6,4,4,3,Champions
13488,2010-01-25 10:13:00,2011-11-22 14:41:00,679,23,7375,10.861561119293079,14205.96,20.921885125184094,370,0.25,0,667,29.0,5,5,5,Champions
13489,2011-02-18 10:42:00,2011-08-26 13:16:00,14,4,560,40.0,449.52,32.10857142857143,11,0.25,1,190,47.5,3,3,2,Loyal Customers
13490,2010-02-23 14:48:00,2010-02-23 14:48:00,8,1,25,3.125,154.25,19.28125,8,0.25,1,1,1.0,1,1,1,Lost / Inactive
13491,2009-12-07 08:24:00,2011-10-19 08:32:00,261,27,2349,9.0,4467.66,17.117471264367815,144,0.25,0,682,25.3,4,5,5,Champions
13492,2011-05-09 10:06:00,2011-07-26 14:25:00,50,3,408,8.16,1269.84,25.3968,38,0.25,1,79,26.3,3,3,4,Loyal Customers
13493,2011-02-25 16:42:00,2011-03-09 15:35:00,8,2,380,47.5,618.63,77.32875,6,0.25,1,12,6.0,2,2,3,Lost / Inactive
13494,2011-02-01 11:58:00,2011-02-01 11:58:00,18,1,162,9.0,316.26,17.57,18,0.25,1,1,1.0,2,1,2,Lost / Inactive
13495,2009-12-07 12:12:00,2011-12-02 11:21:00,133,10,2465,18.533834586466167,4863.31,36.566240601503765,59,0.25,0,725,72.5,5,5,5,Champions
13496,2010-12-15 10:17:00,2011-11-29 10:58:00,35,2,341,9.742857142857142,653.33,18.66657142857143,28,0.25,0,350,175.0,5,2,3,Promising / New
13497,2010-02-08 10:27:00,2011-03-02 09:04:00,58,6,525,9.051724137931034,1166.83,20.117758620689653,52,0.25,1,387,64.5,2,4,3,At Risk
13498,2009-12-09 15:26:00,2009-12-09 15:26:00,17,1,362,21.294117647058822,327.38,19.25764705882353,17,0.25,1,1,1.0,1,1,2,Lost / Inactive
13499,2011-03-15 08:52:00,2011-11-22 11:21:00,42,5,1365,32.5,1159.11,27.59785714285714,31,0.25,0,253,50.6,5,4,3,Champions
13500,2010-11-03 13:16:00,2011-11-16 15:35:00,85,4,838,9.858823529411765,1466.3,17.250588235294117,77,0.25,0,379,94.8,4,3,4,Loyal Customers
13501,2010-05-18 13:24:00,2011-02-24 18:59:00,114,3,1253,10.991228070175438,2885.11,25.30798245614035,90,0.25,1,283,94.3,2,3,4,At Risk
13502,2010-06-09 10:52:00,2011-11-23 10:39:00,33,5,490,14.848484848484848,780.5,23.651515151515152,28,0.25,0,532,106.4,5,4,3,Champions
13503,2010-02-16 13:49:00,2011-09-29 13:23:00,189,6,1105,5.8465608465608465,1859.24,9.837248677248677,158,0.25,0,590,98.3,3,4,4,Loyal Customers
13504,2011-10-06 13:20:00,2011-10-06 13:20:00,22,1,178,8.090909090909092,295.93,13.451363636363636,22,0.25,0,1,1.0,3,1,2,Needs Attention
13505,2011-04-21 12:07:00,2011-09-28 11:56:00,215,4,2486,11.56279069767442,4393.63,20.435488372093022,182,0.25,0,160,40.0,3,3,5,Loyal Customers
13506,2010-09-05 12:33:00,2011-01-27 13:53:00,81,5,942,11.62962962962963,1338.08,16.519506172839506,55,0.25,1,145,29.0,2,4,4,At Risk
13507,2011-07-17 11:50:00,2011-12-06 13:13:00,162,4,1597,9.858024691358025,2479.16,15.303456790123455,146,0.25,0,143,35.8,5,3,4,Loyal Customers
13508,2010-03-07 11:58:00,2011-04-10 11:58:00,28,2,180,6.428571428571429,287.05,10.251785714285715,27,0.25,1,400,200.0,2,2,2,Lost / Inactive
13509,2010-07-20 12:10:00,2011-12-01 10:10:00,49,8,1214,24.775510204081634,1114.72,22.749387755102042,27,0.25,0,499,62.4,5,4,3,Champions
13510,2009-12-21 11:53:00,2011-12-08 13:46:00,289,11,3044,10.53287197231834,4558.29,15.772629757785467,176,0.25,0,718,65.3,5,5,5,Champions
13511,2010-02-01 12:10:00,2010-02-01 12:10:00,5,1,60,12.0,282.76,56.552,5,0.25,1,1,1.0,1,1,1,Lost / Inactive
13512,2010-05-05 13:22:00,2011-03-24 10:03:00,39,4,419,10.743589743589743,713.39,18.292051282051283,31,0.25,1,323,80.8,2,3,3,At Risk
13513,2010-02-22 16:36:00,2011-08-05 11:50:00,40,3,364,9.1,824.59,20.61475,32,0.25,1,529,176.3,3,3,3,Loyal Customers
13514,2010-01-26 15:11:00,2011-09-27 09:39:00,21,4,288,13.714285714285714,815.9,38.852380952380955,15,0.25,0,609,152.2,3,3,3,Loyal Customers
13515,2010-03-05 11:58:00,2011-09-28 11:26:00,76,6,819,10.776315789473685,1265.82,16.655526315789473,64,0.25,0,572,95.3,3,4,4,Loyal Customers
13516,2010-10-18 08:52:00,2011-11-18 13:15:00,61,4,1114,18.262295081967213,1685.26,27.6272131147541,55,0.25,0,397,99.2,4,3,4,Loyal Customers
13517,2011-06-13 08:44:00,2011-10-11 11:43:00,141,3,1369,9.709219858156029,2128.42,15.09517730496454,125,0.25,0,121,40.3,3,3,4,Loyal Customers
13518,2011-09-15 10:29:00,2011-09-15 10:29:00,36,1,382,10.61111111111111,627.16,17.42111111111111,36,0.25,0,1,1.0,3,1,3,Needs Attention
13519,2010-09-23 11:45:00,2011-09-22 18:24:00,19,2,133,7.0,343.21,18.063684210526315,19,0.25,0,365,182.5,3,2,2,Needs Attention
13520,2009-12-17 11:11:00,2011-10-12 10:20:00,199,11,3179,15.974874371859297,6606.0,33.19597989949749,81,0.25,0,664,60.4,4,5,5,Champions
13521,2011-11-29 15:09:00,2011-12-08 13:50:00,418,3,718,1.7177033492822966,1071.73,2.5639473684210525,313,0.25,0,9,3.0,5,3,3,Loyal Customers
13522,2011-11-09 15:11:00,2011-11-09 15:11:00,5,1,44,8.8,125.8,25.16,5,0.25,0,1,1.0,4,1,1,Promising / New
13523,2010-11-02 14:55:00,2011-11-06 15:11:00,201,6,1989,9.895522388059701,4534.57,22.56004975124378,177,0.25,0,370,61.7,4,4,5,Champions
13524,2011-05-04 12:26:00,2011-10-30 12:34:00,27,5,324,12.0,680.18,25.19185185185185,17,0.25,0,180,36.0,4,4,3,Champions
13525,2011-04-05 15:36:00,2011-11-25 12:01:00,6,2,394,65.66666666666667,628.78,104.79666666666667,5,0.25,0,234,117.0,5,2,3,Promising / New
13526,2009-12-01 12:56:00,2009-12-01 13:13:00,44,2,1911,43.43181818181818,1182.0,26.863636363636363,29,0.25,1,1,0.5,1,2,3,Lost / Inactive
13527,2010-01-21 12:37:00,2011-11-06 12:04:00,443,12,2736,6.176072234762979,4541.29,10.251218961625282,266,0.25,0,654,54.5,4,5,5,Champions
13529,2011-05-19 11:50:00,2011-09-22 09:15:00,15,2,74,4.933333333333334,307.76,20.517333333333333,15,0.25,0,126,63.0,3,2,2,Needs Attention
13530,2010-03-15 14:10:00,2010-03-15 14:10:00,18,1,272,15.11111111111111,402.98,22.387777777777778,18,0.25,1,1,1.0,1,1,2,Lost / Inactive
13531,2009-12-03 15:20:00,2011-05-18 16:56:00,75,6,497,6.626666666666667,1433.07,19.107599999999998,44,0.25,1,532,88.7,2,4,4,At Risk
13532,2011-11-06 12:25:00,2011-11-06 12:25:00,66,1,129,1.9545454545454546,210.31,3.1865151515151515,66,0.25,0,1,1.0,4,1,1,Promising / New
13533,2011-03-17 12:47:00,2011-06-10 11:54:00,75,3,202,2.6933333333333334,269.09,3.5878666666666663,61,0.25,1,85,28.3,3,3,1,Loyal Customers
13534,2010-07-07 15:00:00,2011-12-07 14:52:00,392,35,3869,9.869897959183673,7720.9,19.696173469387755,163,0.25,0,518,14.8,5,5,5,Champions
13535,2010-11-02 11:49:00,2010-11-02 11:49:00,1,1,10,10.0,89.5,89.5,1,0.25,1,1,1.0,2,1,1,Lost / Inactive
13536,2011-09-25 13:30:00,2011-12-08 16:38:00,178,7,2126,11.9438202247191,3444.39,19.35050561797753,91,0.25,0,75,10.7,5,4,5,Champions
13537,2010-09-14 10:41:00,2010-10-10 12:45:00,42,2,337,8.023809523809524,717.85,17.09166666666667,38,0.25,1,27,13.5,1,2,3,Lost / Inactive
13538,2010-02-02 12:47:00,2011-10-27 16:34:00,142,12,959,6.753521126760563,3103.13,21.853028169014085,105,0.25,0,633,52.8,4,5,5,Champions
13539,2010-04-28 12:04:00,2011-09-15 10:18:00,86,7,710,8.255813953488373,1569.36,18.248372093023253,69,0.25,0,505,72.1,3,4,4,Loyal Customers
13540,2010-02-22 09:22:00,2010-08-29 14:20:00,32,3,189,5.90625,632.39,19.7621875,26,0.25,1,189,63.0,1,3,3,At Risk
13541,2010-05-18 16:15:00,2010-10-08 16:37:00,10,2,279,27.9,785.25,78.525,10,0.25,1,144,72.0,1,2,3,Lost / Inactive
13542,2009-12-10 19:53:00,2010-11-28 11:24:00,331,17,804,2.4290030211480365,3959.4900000000002,11.962205438066466,98,0.25,1,353,20.8,2,5,5,At Risk
13543,2010-01-21 14:30:00,2010-03-15 13:34:00,47,2,329,7.0,1439.61,30.63,37,0.25,1,53,26.5,1,2,4,Lost / Inactive
13544,2010-03-05 11:31:00,2011-10-31 11:57:00,238,6,331,1.3907563025210083,790.2,3.320168067226891,219,0.25,0,606,101.0,4,4,3,Champions
13545,2010-06-13 11:49:00,2010-11-14 11:27:00,54,2,252,4.666666666666667,364.93,6.757962962962963,54,0.25,1,154,77.0,2,2,2,Lost / Inactive
13546,2010-10-11 17:23:00,2011-11-27 14:50:00,152,5,587,3.861842105263158,1086.24,7.146315789473684,95,0.25,0,412,82.4,5,4,3,Champions
13547,2010-10-27 14:14:00,2010-10-27 14:14:00,44,1,79,1.7954545454545454,167.08,3.7972727272727274,44,0.25,1,1,1.0,2,1,1,Lost / Inactive
13548,2010-08-25 13:44:00,2011-09-04 14:50:00,184,3,558,3.032608695652174,901.4399999999999,4.899130434782609,169,0.25,1,376,125.3,3,3,3,Loyal Customers
13549,2010-11-17 12:17:00,2011-11-14 09:20:00,59,8,554,9.389830508474576,1005.8,17.047457627118643,44,0.25,0,362,45.2,4,4,3,Champions
13550,2010-11-21 15:24:00,2010-11-21 15:24:00,42,1,430,10.238095238095237,342.55,8.155952380952382,40,0.25,1,1,1.0,2,1,2,Lost / Inactive
13551,2010-02-11 15:01:00,2011-01-24 14:46:00,5,2,36,7.2,244.20000000000002,48.84,5,0.25,1,347,173.5,2,2,1,Lost / Inactive
13552,2010-02-19 13:28:00,2011-10-04 15:19:00,207,22,2630,12.705314009661835,6948.92,33.56966183574879,162,0.25,0,593,27.0,3,5,5,Loyal Customers
13553,2010-02-03 12:21:00,2010-02-03 12:21:00,89,1,201,2.258426966292135,499.6,5.613483146067416,85,0.25,1,1,1.0,1,1,2,Lost / Inactive
13554,2010-09-19 12:39:00,2010-11-24 15:05:00,196,7,578,2.9489795918367347,1629.35,8.313010204081632,156,0.25,1,67,9.6,2,4,4,At Risk
13555,2010-01-19 13:20:00,2011-09-27 12:36:00,397,13,4762,11.994962216624685,8891.84,22.39758186397985,264,0.25,0,616,47.4,3,5,5,Loyal Customers
13556,2010-09-30 09:01:00,2010-10-06 16:44:00,9,2,134,14.88888888888889,200.82,22.313333333333333,8,0.25,1,7,3.5,1,2,1,Lost / Inactive
13557,2009-12-08 17:41:00,2011-11-11 15:24:00,180,13,2398,13.322222222222223,3032.2599999999998,16.845888888888886,126,0.25,0,703,54.1,4,5,5,Champions
13558,2011-10-02 13:01:00,2011-12-04 11:24:00,169,4,338,2.0,594.52,3.517869822485207,123,0.25,0,63,15.8,5,3,2,Loyal Customers
13559,2010-06-14 11:52:00,2010-07-15 09:52:00,2,2,360,180.0,990.0,495.0,1,0.25,1,31,15.5,1,2,3,Lost / Inactive
13560,2011-12-02 13:11:00,2011-12-02 13:11:00,32,1,63,1.96875,171.42000000000002,5.3568750000000005,32,0.25,0,1,1.0,5,1,1,Promising / New
13561,2010-02-28 13:42:00,2011-05-08 12:39:00,229,11,1125,4.9126637554585155,1803.4,7.875109170305677,131,0.25,1,434,39.5,2,5,4,At Risk
13562,2010-01-14 16:33:00,2011-09-19 10:51:00,196,8,1603,8.178571428571429,4838.18,24.684591836734697,88,0.25,0,613,76.6,3,4,5,Loyal Customers
13563,2011-07-22 17:21:00,2011-09-16 14:45:00,49,2,209,4.26530612244898,777.53,15.867959183673468,49,0.25,0,56,28.0,3,2,3,Needs Attention
13564,2009-12-02 11:55:00,2011-07-18 14:33:00,1200,37,8878,7.398333333333333,16498.97,13.749141666666668,484,0.25,1,594,16.1,3,5,5,Loyal Customers
13565,2010-10-24 15:51:00,2011-11-20 14:33:00,60,3,260,4.333333333333333,414.8,6.913333333333333,45,0.25,0,392,130.7,5,3,2,Loyal Customers
13566,2010-03-10 12:22:00,2011-10-30 11:59:00,366,5,1257,3.4344262295081966,1688.6,4.613661202185792,263,0.25,0,599,119.8,4,4,4,Champions
13567,2010-06-16 12:48:00,2010-10-07 12:51:00,201,4,643,3.199004975124378,1079.29,5.369601990049751,180,0.25,1,114,28.5,1,3,3,At Risk
13568,2011-06-19 14:42:00,2011-06-19 14:42:00,43,1,66,1.5348837209302326,187.05,4.3500000000000005,41,0.25,1,1,1.0,3,1,1,Needs Attention
13569,2010-10-07 13:05:00,2011-11-22 13:07:00,179,4,345,1.9273743016759777,726.54,4.058882681564246,140,0.25,0,412,103.0,5,3,3,Loyal Customers
13570,2011-04-10 13:36:00,2011-04-10 13:36:00,27,1,161,5.962962962962963,239.49,8.870000000000001,27,0.25,1,1,1.0,2,1,1,Lost / Inactive
13571,2009-12-08 13:02:00,2011-11-27 10:47:00,673,26,3191,4.741456166419019,4537.26,6.74184249628529,263,0.25,0,719,27.7,5,5,5,Champions
13572,2011-05-18 11:59:00,2011-05-18 11:59:00,33,1,534,16.181818181818183,1384.25,41.946969696969695,32,0.25,1,1,1.0,2,1,4,Lost / Inactive
13573,2010-03-12 16:06:00,2011-10-20 14:33:00,87,6,647,7.436781609195402,904.52,10.396781609195402,73,0.25,0,587,97.8,4,4,3,Champions
13574,2010-10-24 13:28:00,2010-10-24 13:28:00,91,1,304,3.340659340659341,404.45,4.444505494505495,84,0.25,1,1,1.0,1,1,2,Lost / Inactive
13575,2011-06-16 14:24:00,2011-11-16 13:14:00,46,5,449,9.76086956521739,732.07,15.914565217391305,41,0.25,0,153,30.6,4,4,3,Champions
13576,2009-12-08 15:12:00,2011-11-29 15:34:00,268,28,4506,16.813432835820894,11202.59,41.80070895522388,145,0.25,0,722,25.8,5,5,5,Champions
13577,2009-12-14 16:10:00,2011-11-14 15:19:00,168,11,1661,9.886904761904763,3489.28,20.76952380952381,102,0.25,0,700,63.6,4,5,5,Champions
13578,2010-10-26 13:44:00,2010-10-26 13:44:00,9,1,127,14.11111111111111,147.66,16.406666666666666,9,0.25,1,1,1.0,2,1,1,Lost / Inactive
13579,2010-02-18 13:53:00,2011-11-25 08:41:00,81,5,718,8.864197530864198,1374.34,16.96716049382716,72,0.25,0,645,129.0,5,4,4,Champions
13580,2010-10-29 15:01:00,2010-10-29 15:01:00,5,1,45,9.0,107.75,21.55,5,0.25,1,1,1.0,2,1,1,Lost / Inactive
13581,2010-10-21 16:30:00,2011-02-03 14:41:00,33,2,119,3.606060606060606,280.53000000000003,8.500909090909092,32,0.25,1,105,52.5,2,2,1,Lost / Inactive
13582,2010-04-01 11:38:00,2010-11-15 11:34:00,11,2,106,9.636363636363637,241.68,21.970909090909092,10,0.25,1,228,114.0,2,2,1,Lost / Inactive
13583,2010-01-29 13:53:00,2011-07-07 10:40:00,96,2,1097,11.427083333333334,1445.03,15.052395833333334,93,0.25,1,524,262.0,3,2,4,Needs Attention
13584,2010-02-02 08:40:00,2011-02-06 12:49:00,80,3,360,4.5,385.7,4.82125,74,0.25,1,370,123.3,2,3,2,At Risk
13585,2009-12-01 14:56:00,2010-06-27 12:33:00,39,3,1386,35.53846153846154,684.54,17.552307692307693,29,0.25,1,208,69.3,1,3,3,At Risk
13586,2010-06-16 13:47:00,2010-06-16 13:47:00,20,1,38,1.9,127.28,6.364,20,0.25,1,1,1.0,1,1,1,Lost / Inactive
13587,2010-02-14 13:17:00,2011-10-07 12:31:00,30,4,664,22.133333333333333,1673.5,55.78333333333333,27,0.25,0,600,150.0,3,3,4,Loyal Customers
13588,2011-03-29 15:53:00,2011-11-24 10:42:00,174,9,2606,14.977011494252874,2478.95,14.246839080459768,131,0.25,0,240,26.7,5,5,4,Champions
13589,2009-12-06 10:26:00,2011-11-25 12:10:00,52,6,293,5.634615384615385,1120.74,21.552692307692308,48,0.25,0,720,120.0,5,4,3,Champions
13590,2009-12-01 13:37:00,2011-11-28 12:54:00,406,18,5271,12.982758620689655,6336.04,15.606009852216749,255,0.25,0,727,40.4,5,5,5,Champions
13591,2009-12-14 15:44:00,2011-10-06 12:26:00,101,7,850,8.415841584158416,2093.94,20.732079207920794,89,0.25,0,661,94.4,3,4,4,Loyal Customers
13592,2011-03-20 14:01:00,2011-11-04 09:49:00,16,4,84,5.25,247.96,15.4975,15,0.25,0,229,57.2,4,3,1,Loyal Customers
13593,2010-03-02 16:36:00,2011-08-23 13:35:00,408,14,2170,5.318627450980392,5493.29,13.463946078431372,212,0.25,1,539,38.5,3,5,5,Loyal Customers
13594,2010-08-11 10:23:00,2011-10-18 10:19:00,33,2,396,12.0,533.32,16.161212121212124,31,0.25,0,433,216.5,4,2,2,Promising / New
13595,2010-03-03 14:42:00,2010-07-11 12:36:00,143,3,341,2.3846153846153846,784.48,5.485874125874126,114,0.25,1,130,43.3,1,3,3,At Risk
13596,2011-11-27 11:57:00,2011-12-04 12:01:00,146,2,384,2.6301369863013697,664.11,4.548698630136986,133,0.25,0,8,4.0,5,2,3,Promising / New
13597,2010-11-02 09:30:00,2010-11-04 14:54:00,17,2,231,13.588235294117647,396.71,23.335882352941177,17,0.25,1,3,1.5,2,2,2,Lost / Inactive
13598,2010-02-26 11:22:00,2011-10-23 14:28:00,92,5,393,4.271739130434782,761.96,8.28217391304348,78,0.25,0,605,121.0,4,4,3,Champions
13599,2009-12-01 12:30:00,2011-12-08 16:10:00,392,33,6248,15.938775510204081,9811.04,25.028163265306123,235,0.25,0,738,22.4,5,5,5,Champions
13600,2010-03-15 17:16:00,2011-01-31 15:27:00,41,2,599,14.609756097560975,518.42,12.644390243902437,35,0.25,1,322,161.0,2,2,2,Lost / Inactive
13601,2010-06-11 15:03:00,2011-10-25 17:31:00,185,4,957,5.172972972972973,1159.99,6.270216216216216,160,0.25,0,502,125.5,4,3,3,Loyal Customers
13602,2010-05-28 11:49:00,2011-10-06 11:47:00,58,4,538,9.275862068965518,1025.17,17.67534482758621,49,0.25,0,496,124.0,3,3,3,Loyal Customers
13603,2011-11-13 15:57:00,2011-11-13 15:57:00,27,1,164,6.074074074074074,164.34,6.086666666666667,27,0.25,0,1,1.0,4,1,1,Promising / New
13604,2010-02-19 12:02:00,2010-02-19 12:02:00,21,1,242,11.523809523809524,717.62,34.172380952380955,21,0.25,1,1,1.0,1,1,3,Lost / Inactive
13605,2010-05-17 15:46:00,2010-11-17 17:16:00,53,2,425,8.018867924528301,522.67,9.861698113207547,50,0.25,1,185,92.5,2,2,2,Lost / Inactive
13606,2011-02-01 11:42:00,2011-11-10 17:46:00,40,3,276,6.9,276.75,6.91875,40,0.25,0,283,94.3,4,3,1,Loyal Customers
13607,2010-11-02 11:48:00,2011-10-30 16:17:00,121,2,466,3.8512396694214877,1075.81,8.89099173553719,110,0.25,0,363,181.5,4,2,3,Promising / New
13608,2010-06-17 12:28:00,2010-06-17 12:28:00,34,1,110,3.235294117647059,232.05,6.825,31,0.25,1,1,1.0,1,1,1,Lost / Inactive
13609,2010-04-25 13:26:00,2010-04-25 13:26:00,7,1,19,2.7142857142857144,167.35,23.907142857142855,7,0.25,1,1,1.0,1,1,1,Lost / Inactive
13610,2010-01-05 14:12:00,2011-11-27 15:38:00,399,14,869,2.1779448621553885,2103.71,5.272456140350878,309,0.25,0,692,49.4,5,5,4,Champions
13611,2009-12-03 07:57:00,2011-09-11 14:51:00,226,10,1988,8.79646017699115,3297.93,14.592610619469026,170,0.25,0,648,64.8,3,5,5,Loyal Customers
13612,2010-03-17 12:14:00,2010-03-17 12:14:00,50,1,444,8.88,818.29,16.3658,50,0.25,1,1,1.0,1,1,3,Lost / Inactive
13613,2010-02-17 12:40:00,2010-09-13 12:01:00,59,5,445,7.5423728813559325,1039.85,17.624576271186438,50,0.25,1,208,41.6,1,4,3,At Risk
13614,2010-06-06 13:42:00,2011-11-15 14:47:00,264,6,821,3.109848484848485,2332.74,8.836136363636363,227,0.25,0,528,88.0,4,4,4,Champions
13615,2010-01-28 15:43:00,2011-01-25 08:21:00,367,8,2910,7.929155313351498,6272.53,17.091362397820163,259,0.25,1,362,45.2,2,4,5,At Risk
13616,2010-01-17 14:56:00,2010-05-20 12:59:00,35,2,172,4.914285714285715,283.85,8.110000000000001,31,0.25,1,123,61.5,1,2,1,Lost / Inactive
13617,2010-08-01 15:23:00,2011-10-30 13:50:00,107,8,593,5.542056074766355,1278.75,11.950934579439252,48,0.25,0,455,56.9,4,4,4,Champions
13618,2011-06-19 11:09:00,2011-06-19 11:09:00,13,1,246,18.923076923076923,177.34,13.641538461538461,13,0.25,1,1,1.0,3,1,1,Needs Attention
13619,2010-02-03 14:16:00,2010-06-13 11:39:00,45,2,79,1.7555555555555555,224.94,4.998666666666667,39,0.25,1,130,65.0,1,2,1,Lost / Inactive
13620,2010-06-29 15:02:00,2010-06-29 15:02:00,5,1,74,14.8,112.34,22.468,5,0.25,1,1,1.0,1,1,1,Lost / Inactive
13621,2011-08-15 08:26:00,2011-08-15 08:26:00,19,1,343,18.05263157894737,213.85,11.255263157894737,19,0.25,1,1,1.0,3,1,1,Needs Attention
13622,2010-01-12 13:22:00,2010-01-12 13:22:00,32,1,379,11.84375,658.95,20.5921875,32,0.25,1,1,1.0,1,1,3,Lost / Inactive
13623,2009-12-02 13:57:00,2011-11-09 12:00:00,284,10,1010,3.556338028169014,2533.06,8.919225352112676,211,0.25,0,707,70.7,4,5,4,Champions
13624,2010-11-16 13:43:00,2010-11-16 13:43:00,22,1,820,37.27272727272727,462.08,21.003636363636364,22,0.25,1,1,1.0,2,1,2,Lost / Inactive
13625,2010-04-22 10:50:00,2010-04-22 10:50:00,21,1,144,6.857142857142857,301.26,14.345714285714285,21,0.25,1,1,1.0,1,1,2,Lost / Inactive
13626,2010-11-25 16:12:00,2011-04-01 10:05:00,44,2,398,9.045454545454545,707.04,16.069090909090907,44,0.25,1,127,63.5,2,2,3,Lost / Inactive
13627,2010-03-09 14:03:00,2011-10-11 14:20:00,129,7,1632,12.651162790697674,2245.9,17.410077519379847,118,0.25,0,582,83.1,4,4,4,Champions
13628,2010-02-01 14:44:00,2010-02-01 14:44:00,16,1,106,6.625,310.14,19.38375,16,0.25,1,1,1.0,1,1,2,Lost / Inactive
13629,2010-02-11 17:34:00,2011-11-16 13:21:00,87,19,7722,88.75862068965517,13370.86,153.6880459770115,28,0.25,0,643,33.8,4,5,5,Champions
13630,2011-02-27 12:49:00,2011-12-04 15:16:00,71,7,1391,19.591549295774648,2031.78,28.61661971830986,51,0.25,0,281,40.1,5,4,4,Champions
13631,2011-03-17 17:13:00,2011-09-01 09:57:00,11,11,467,42.45454545454545,3070.42,279.1290909090909,6,0.25,1,168,15.3,3,5,5,Loyal Customers
13632,2010-04-07 10:59:00,2011-11-15 10:51:00,220,8,1633,7.422727272727273,3645.81,16.571863636363638,166,0.25,0,587,73.4,4,4,5,Champions
13634,2010-01-10 14:26:00,2011-11-06 13:40:00,446,16,2090,4.686098654708521,5033.77,11.286479820627804,269,0.25,0,665,41.6,4,5,5,Champions
13635,2009-12-01 09:46:00,2011-10-03 10:55:00,162,4,1884,11.62962962962963,2999.16,18.513333333333332,135,0.25,0,672,168.0,3,3,5,Loyal Customers
13636,2011-02-27 14:29:00,2011-11-03 10:30:00,63,5,592,9.396825396825397,949.12,15.065396825396826,57,0.25,0,249,49.8,4,4,3,Champions
13637,2011-04-27 13:06:00,2011-10-18 13:32:00,99,3,405,4.090909090909091,804.3,8.124242424242423,79,0.25,0,175,58.3,4,3,3,Loyal Customers
13638,2011-11-24 10:38:00,2011-11-24 10:38:00,8,1,93,11.625,122.64,15.33,8,0.25,0,1,1.0,5,1,1,Promising / New
13639,2010-09-29 10:05:00,2011-09-26 13:36:00,59,2,997,16.89830508474576,1346.27,22.81813559322034,49,0.25,0,363,181.5,3,2,4,Needs Attention
13640,2010-04-07 15:33:00,2010-04-07 15:33:00,4,1,108,27.0,405.0,101.25,4,0.25,1,1,1.0,1,1,2,Lost / Inactive
13641,2009-12-05 13:17:00,2010-03-09 07:37:00,44,5,1098,24.954545454545453,1016.47,23.10159090909091,41,0.25,1,94,18.8,1,4,3,At Risk
13642,2010-10-03 12:23:00,2011-05-08 12:34:00,105,4,231,2.2,472.2,4.497142857142857,93,0.25,1,218,54.5,2,3,2,At Risk
13643,2009-12-08 12:48:00,2011-11-08 15:37:00,102,10,902,8.843137254901961,2156.77,21.144803921568627,71,0.25,0,701,70.1,4,5,4,Champions
13644,2011-08-26 11:53:00,2011-11-23 14:07:00,146,4,2067,14.157534246575343,2624.26,17.974383561643837,144,0.25,0,90,22.5,5,3,4,Loyal Customers
13645,2011-08-11 16:11:00,2011-08-11 16:11:00,5,1,158,31.6,252.1,50.42,5,0.25,1,1,1.0,3,1,1,Needs Attention
13646,2010-11-05 12:00:00,2010-11-05 12:13:00,58,2,79,1.3620689655172413,326.25,5.625,58,0.25,1,1,0.5,2,2,2,Lost / Inactive
13647,2010-04-15 12:55:00,2011-11-30 12:00:00,139,8,1795,12.913669064748202,3041.68,21.882589928057552,98,0.25,0,594,74.2,5,4,5,Champions
13648,2009-12-01 18:13:00,2010-11-04 14:46:00,106,8,960,9.056603773584905,1764.02,16.641698113207546,95,0.25,1,338,42.2,2,4,4,At Risk
13649,2010-06-30 16:35:00,2011-03-28 11:51:00,108,6,782,7.2407407407407405,1453.68,13.46,97,0.25,1,271,45.2,2,4,4,At Risk
13650,2010-01-26 08:44:00,2011-11-23 12:22:00,172,10,1746,10.151162790697674,3288.0,19.11627906976744,127,0.25,0,667,66.7,5,5,5,Champions
13651,2010-11-23 09:44:00,2011-11-04 14:59:00,14,3,62,4.428571428571429,226.85,16.20357142857143,14,0.25,0,347,115.7,4,3,1,Loyal Customers
13652,2010-02-25 17:37:00,2011-10-25 08:51:00,141,5,1458,10.340425531914894,2262.05,16.04290780141844,116,0.25,0,607,121.4,4,4,4,Champions
13653,2010-08-09 08:19:00,2010-08-09 08:19:00,9,1,72,8.0,152.2,16.91111111111111,9,0.25,1,1,1.0,1,1,1,Lost / Inactive
13654,2009-12-02 11:43:00,2011-10-27 16:24:00,329,11,4762,14.474164133738602,6308.0,19.173252279635257,262,0.25,0,695,63.2,4,5,5,Champions
13655,2010-04-27 09:59:00,2011-08-17 14:25:00,119,6,1225,10.294117647058824,2280.5099999999998,19.163949579831932,103,0.25,1,478,79.7,3,4,4,Loyal Customers
13656,2010-04-23 12:50:00,2011-06-28 10:31:00,87,4,862,9.908045977011493,1078.85,12.400574712643676,81,0.25,1,431,107.8,3,3,3,Loyal Customers
13657,2011-05-22 12:35:00,2011-11-29 12:32:00,16,2,209,13.0625,382.14,23.88375,16,0.25,0,191,95.5,5,2,2,Promising / New
13658,2010-02-05 13:17:00,2011-11-30 10:13:00,237,9,2171,9.160337552742616,6025.5,25.424050632911392,164,0.25,0,663,73.7,5,5,5,Champions
13659,2010-02-17 09:05:00,2011-05-18 12:37:00,274,12,2527,9.222627737226277,4884.68,17.827299270072995,224,0.25,1,456,38.0,2,5,5,At Risk
13660,2010-11-04 16:10:00,2010-11-04 16:10:00,40,1,136,3.4,306.64,7.6659999999999995,39,0.25,1,1,1.0,2,1,2,Lost / Inactive
13661,2010-04-15 14:58:00,2010-04-15 14:58:00,17,1,118,6.9411764705882355,325.24,19.131764705882354,17,0.25,1,1,1.0,1,1,2,Lost / Inactive
13662,2010-02-19 13:21:00,2011-09-15 12:04:00,136,11,1169,8.595588235294118,2233.61,16.423602941176473,126,0.25,0,573,52.1,3,5,4,Loyal Customers
13663,2010-03-03 10:11:00,2011-06-13 15:44:00,99,5,893,9.02020202020202,2047.51,20.681919191919192,87,0.25,1,468,93.6,3,4,4,Loyal Customers
13665,2010-07-23 13:29:00,2010-11-18 13:06:00,106,3,1652,15.584905660377359,1711.66,16.147735849056605,97,0.25,1,118,39.3,2,3,4,At Risk
13666,2009-12-04 10:48:00,2011-10-10 15:39:00,19,5,54,2.8421052631578947,127.9,6.731578947368422,19,0.25,0,676,135.2,3,4,1,Loyal Customers
13667,2011-07-13 15:42:00,2011-07-13 15:42:00,83,1,149,1.7951807228915662,299.05,3.603012048192771,82,0.25,1,1,1.0,3,1,2,Needs Attention
13668,2009-12-11 14:28:00,2011-12-07 12:11:00,756,35,6096,8.063492063492063,12948.48,17.127619047619046,411,0.25,0,726,20.7,5,5,5,Champions
13669,2010-10-28 15:05:00,2011-10-20 09:32:00,14,3,393,28.071428571428573,413.55,29.539285714285715,13,0.25,0,357,119.0,4,3,2,Loyal Customers
13670,2011-09-25 15:25:00,2011-09-25 15:25:00,25,1,282,11.28,349.7,13.988,25,0.25,0,1,1.0,3,1,2,Needs Attention
13671,2010-11-10 10:50:00,2010-11-10 10:50:00,64,1,95,1.484375,172.6,2.696875,61,0.25,1,1,1.0,2,1,1,Lost / Inactive
13672,2009-12-09 11:40:00,2011-02-11 13:53:00,18,3,138,7.666666666666667,419.92,23.32888888888889,13,0.25,1,430,143.3,2,3,2,At Risk
13673,2011-11-07 15:40:00,2011-11-21 12:11:00,60,2,114,1.9,387.44,6.457333333333334,47,0.25,0,14,7.0,5,2,2,Promising / New
13674,2010-10-03 10:41:00,2010-10-03 10:41:00,14,1,102,7.285714285714286,240.68,17.19142857142857,14,0.25,1,1,1.0,1,1,1,Lost / Inactive
13675,2011-02-28 12:14:00,2011-07-11 12:57:00,25,2,330,13.2,486.82,19.4728,25,0.25,1,134,67.0,3,2,2,Needs Attention
13676,2010-03-30 16:53:00,2010-06-18 17:30:00,13,2,104,8.0,243.9,18.76153846153846,13,0.25,1,81,40.5,1,2,1,Lost / Inactive
13677,2010-07-07 17:25:00,2010-10-31 11:32:00,106,2,217,2.047169811320755,551.24,5.200377358490566,98,0.25,1,116,58.0,2,2,2,Lost / Inactive
13678,2011-07-11 10:14:00,2011-07-11 10:14:00,16,1,924,57.75,232.6,14.5375,16,0.25,1,1,1.0,3,1,1,Needs Attention
13679,2009-12-04 16:52:00,2010-08-03 12:13:00,50,3,102,2.04,281.26,5.6251999999999995,44,0.25,1,242,80.7,1,3,1,At Risk
13680,2009-12-04 14:14:00,2011-12-08 13:47:00,646,12,5244,8.117647058823529,11419.67,17.67750773993808,354,0.25,0,734,61.2,5,5,5,Champions
13681,2011-07-07 15:21:00,2011-11-22 11:13:00,57,4,360,6.315789473684211,827.83,14.523333333333333,37,0.25,0,138,34.5,5,3,3,Loyal Customers
13682,2011-06-05 14:06:00,2011-06-05 14:06:00,3,1,10,3.3333333333333335,59.5,19.833333333333332,3,0.25,1,1,1.0,3,1,1,Needs Attention
13683,2010-09-08 10:00:00,2010-09-08 10:00:00,10,1,180,18.0,258.6,25.860000000000003,10,0.25,1,1,1.0,1,1,1,Lost / Inactive
13684,2010-03-28 14:48:00,2011-02-27 10:13:00,108,4,234,2.1666666666666665,594.88,5.508148148148148,81,0.25,1,336,84.0,2,3,2,At Risk
13685,2011-10-10 12:59:00,2011-12-07 11:41:00,39,7,5056,129.64102564102564,3119.44,79.98564102564103,29,0.25,0,58,8.3,5,4,5,Champions
13686,2010-11-03 13:44:00,2011-06-10 09:10:00,34,3,378,11.117647058823529,409.04,12.030588235294118,27,0.25,1,219,73.0,3,3,2,Loyal Customers
13687,2010-09-27 16:30:00,2010-09-27 16:30:00,45,1,87167,1937.0444444444445,11880.84,264.01866666666666,45,0.25,1,1,1.0,1,1,5,Lost / Inactive
13688,2010-03-14 14:11:00,2010-03-14 14:11:00,5,1,130,26.0,375.5,75.1,5,0.25,1,1,1.0,1,1,2,Lost / Inactive
13689,2010-09-21 10:27:00,2011-10-07 13:21:00,9,2,722,80.22222222222223,1259.5,139.94444444444446,6,0.25,0,382,191.0,3,2,4,Needs Attention
13690,2011-10-11 15:03:00,2011-10-11 15:03:00,9,1,67,7.444444444444445,172.25,19.13888888888889,9,0.25,0,1,1.0,4,1,1,Promising / New
13691,2010-11-08 17:34:00,2010-11-08 17:34:00,54,1,145,2.685185185185185,212.78,3.9403703703703705,54,0.25,1,1,1.0,2,1,1,Lost / Inactive
13692,2010-10-15 13:28:00,2011-11-15 11:17:00,96,5,2101,21.885416666666668,3114.4,32.44166666666667,83,0.25,0,396,79.2,4,4,5,Champions
13693,2009-12-07 11:29:00,2010-11-30 18:21:00,106,9,880,8.30188679245283,2011.82,18.97943396226415,78,0.25,1,359,39.9,2,5,4,At Risk
13694,2009-12-04 15:26:00,2011-12-06 09:32:00,1519,143,188201,123.89795918367346,195640.69,128.7957142857143,896,0.25,0,732,5.1,5,5,5,Champions
13695,2010-05-11 11:07:00,2011-11-08 14:26:00,96,16,1791,18.65625,2770.73,28.861770833333335,47,0.25,0,547,34.2,4,5,4,Champions
13696,2010-02-11 14:17:00,2010-10-14 09:44:00,24,3,552,23.0,2020.4,84.18333333333334,24,0.25,1,245,81.7,1,3,4,At Risk
13697,2011-11-01 09:14:00,2011-11-01 09:14:00,12,1,177,14.75,151.3,12.608333333333334,12,0.25,0,1,1.0,4,1,1,Promising / New
13698,2010-01-27 09:02:00,2010-04-22 11:52:00,38,2,227,5.973684210526316,451.73,11.887631578947369,31,0.25,1,86,43.0,1,2,2,Lost / Inactive
13699,2010-06-07 13:03:00,2011-07-07 16:51:00,37,2,219,5.918918918918919,764.15,20.6527027027027,33,0.25,1,396,198.0,3,2,3,Needs Attention
13700,2010-02-07 10:53:00,2011-11-13 13:00:00,240,13,2786,11.608333333333333,2596.97,10.820708333333332,163,0.25,0,645,49.6,4,5,4,Champions
13701,2010-09-19 12:39:00,2010-09-19 12:39:00,9,1,80,8.88888888888889,161.0,17.88888888888889,9,0.25,1,1,1.0,1,1,1,Lost / Inactive
13702,2010-09-20 11:40:00,2010-09-20 11:40:00,5,1,74,14.8,135.18,27.036,5,0.25,1,1,1.0,1,1,1,Lost / Inactive
13703,2010-10-20 13:11:00,2011-01-25 13:10:00,37,2,128,3.4594594594594597,425.56,11.501621621621622,36,0.25,1,97,48.5,2,2,2,Lost / Inactive
13704,2011-09-12 14:40:00,2011-12-04 15:13:00,134,9,1531,11.425373134328359,2308.06,17.224328358208954,111,0.25,0,84,9.3,5,5,4,Champions
13705,2010-03-25 17:19:00,2011-12-02 12:32:00,74,7,906,12.243243243243244,1717.19,23.205270270270272,55,0.25,0,617,88.1,5,4,4,Champions
13706,2010-03-23 09:18:00,2011-02-10 09:21:00,38,2,301,7.921052631578948,631.17,16.609736842105264,38,0.25,1,325,162.5,2,2,3,Lost / Inactive
13707,2010-06-21 11:57:00,2011-03-17 18:03:00,155,5,2210,14.258064516129032,3365.86,21.715225806451613,142,0.25,1,270,54.0,2,4,5,At Risk
13708,2011-03-13 13:46:00,2011-03-13 13:46:00,49,1,301,6.142857142857143,285.33,5.823061224489796,49,0.25,1,1,1.0,2,1,1,Lost / Inactive
13709,2010-01-11 10:40:00,2011-12-06 10:28:00,407,18,4122,10.127764127764127,7571.35,18.602825552825554,296,0.25,0,694,38.6,5,5,5,Champions
13710,2010-04-06 12:54:00,2011-11-08 08:16:00,15,3,336,22.4,509.52,33.967999999999996,13,0.25,0,581,193.7,4,3,2,Loyal Customers
13711,2009-12-15 19:04:00,2011-05-05 10:31:00,92,9,819,8.902173913043478,1792.26,19.48108695652174,80,0.25,1,506,56.2,2,5,4,At Risk
13712,2010-04-08 11:16:00,2011-04-07 12:33:00,33,2,1128,34.18181818181818,766.42,23.224848484848483,32,0.25,1,365,182.5,2,2,3,Lost / Inactive
13713,2010-05-05 16:48:00,2010-10-27 16:18:00,80,3,284,3.55,740.76,9.2595,70,0.25,1,175,58.3,2,3,3,At Risk
13714,2010-08-31 13:57:00,2010-08-31 13:57:00,30,1,50,1.6666666666666667,161.35,5.378333333333333,30,0.25,1,1,1.0,1,1,1,Lost / Inactive
13715,2010-03-11 15:33:00,2011-03-03 19:21:00,512,17,4800,9.375,8153.04,15.92390625,277,0.25,1,358,21.1,2,5,5,At Risk
13716,2011-03-15 13:49:00,2011-03-15 13:49:00,21,1,138,6.571428571428571,138.28,6.584761904761905,21,0.25,1,1,1.0,2,1,1,Lost / Inactive
13717,2010-08-11 09:40:00,2011-11-07 14:13:00,124,8,2144,17.29032258064516,1763.3,14.220161290322581,110,0.25,0,454,56.8,4,4,4,Champions
13718,2011-02-17 11:58:00,2011-04-07 13:24:00,12,2,173,14.416666666666666,306.55,25.545833333333334,9,0.25,1,50,25.0,2,2,2,Lost / Inactive
13719,2010-05-17 14:36:00,2011-11-24 15:26:00,248,11,1588,6.403225806451613,2783.08,11.222096774193549,194,0.25,0,557,50.6,5,5,4,Champions
13720,2011-03-30 09:17:00,2011-08-15 12:46:00,43,4,501,11.651162790697674,799.9,18.60232558139535,42,0.25,1,139,34.8,3,3,3,Loyal Customers
13721,2010-11-09 17:59:00,2011-11-03 14:05:00,42,2,512,12.19047619047619,741.54,17.655714285714286,41,0.25,0,359,179.5,4,2,3,Promising / New
13722,2010-03-03 14:13:00,2011-07-31 12:44:00,189,10,3059,16.185185185185187,5635.41,29.816984126984128,137,0.25,1,515,51.5,3,5,5,Loyal Customers
13723,2010-04-07 14:32:00,2011-05-06 17:04:00,58,6,593,10.224137931034482,1194.08,20.58758620689655,51,0.25,1,395,65.8,2,4,3,At Risk
13724,2010-03-12 15:28:00,2010-03-12 15:28:00,42,1,130,3.0952380952380953,213.01,5.071666666666666,39,0.25,1,1,1.0,1,1,1,Lost / Inactive
13725,2011-02-04 12:18:00,2011-10-21 10:03:00,104,8,806,7.75,1980.56,19.043846153846154,95,0.25,0,259,32.4,4,4,4,Champions
13726,2011-08-31 11:06:00,2011-11-01 10:49:00,42,2,1054,25.095238095238095,1079.66,25.70619047619048,39,0.25,0,62,31.0,4,2,3,Promising / New
13727,2009-12-09 13:25:00,2011-11-11 09:46:00,83,8,368,4.433734939759036,1074.15,12.941566265060242,74,0.25,0,702,87.8,4,4,3,Champions
13728,2009-12-09 17:13:00,2011-11-03 10:49:00,164,16,1269,7.737804878048781,2855.17,17.409573170731708,75,0.25,0,694,43.4,4,5,4,Champions
13729,2010-01-24 14:57:00,2010-09-30 10:44:00,39,3,419,10.743589743589743,724.73,18.582820512820515,36,0.25,1,249,83.0,1,3,3,At Risk
13730,2011-07-01 12:47:00,2011-07-27 08:35:00,43,2,488,11.348837209302326,752.6,17.50232558139535,38,0.25,1,26,13.0,3,2,3,Needs Attention
13731,2011-04-07 10:10:00,2011-05-04 14:33:00,38,2,278,7.315789473684211,610.59,16.068157894736842,36,0.25,1,28,14.0,2,2,3,Lost / Inactive
13732,2011-11-11 15:49:00,2011-11-11 15:49:00,33,1,498,15.090909090909092,491.86,14.904848484848486,33,0.25,0,1,1.0,4,1,2,Promising / New
13733,2009-12-04 15:28:00,2010-10-25 12:18:00,29,2,335,11.551724137931034,487.03,16.79413793103448,28,0.25,1,325,162.5,1,2,2,Lost / Inactive
13734,2010-04-16 08:42:00,2010-07-19 12:04:00,27,4,302,11.185185185185185,6695.69,247.9885185185185,24,0.25,1,95,23.8,1,3,5,At Risk
13735,2009-12-13 13:31:00,2011-11-15 11:14:00,647,13,4135,6.3910355486862445,9762.77,15.089289026275116,362,0.25,0,702,54.0,4,5,5,Champions
13736,2009-12-06 12:07:00,2011-12-04 15:19:00,554,7,1549,2.796028880866426,2752.47,4.968357400722021,325,0.25,0,729,104.1,5,4,4,Champions
13737,2011-05-23 16:32:00,2011-05-23 16:32:00,30,1,125,4.166666666666667,339.6,11.32,29,0.25,1,1,1.0,2,1,2,Lost / Inactive
13738,2010-11-08 15:23:00,2010-11-08 15:23:00,89,1,237,2.662921348314607,434.78000000000003,4.885168539325843,88,0.25,1,1,1.0,2,1,2,Lost / Inactive
13739,2010-06-30 10:25:00,2011-11-21 13:35:00,6,2,76,12.666666666666666,292.2,48.699999999999996,6,0.25,0,510,255.0,5,2,2,Promising / New
13740,2009-12-02 12:22:00,2011-04-13 10:32:00,94,5,987,10.5,1582.77,16.837978723404255,83,0.25,1,497,99.4,2,4,4,At Risk
13741,2011-05-06 13:43:00,2011-09-29 09:19:00,34,3,218,6.411764705882353,668.43,19.659705882352938,34,0.25,0,146,48.7,3,3,3,Loyal Customers
13742,2011-01-23 14:59:00,2011-11-23 11:07:00,313,12,1115,3.562300319488818,3107.87,9.92929712460064,200,0.25,0,304,25.3,5,5,5,Champions
13743,2011-03-25 14:46:00,2011-12-07 10:09:00,41,7,1776,43.31707317073171,1341.6,32.72195121951219,8,0.25,0,257,36.7,5,4,4,Champions
13744,2011-02-20 14:08:00,2011-09-05 15:19:00,63,2,1153,18.3015873015873,1080.52,17.15111111111111,54,0.25,1,198,99.0,3,2,3,Needs Attention
13745,2010-06-11 17:19:00,2011-06-30 16:43:00,56,2,1146,20.464285714285715,777.36,13.881428571428572,46,0.25,1,384,192.0,3,2,3,Needs Attention
13746,2010-10-22 11:55:00,2010-10-22 11:55:00,9,1,83,9.222222222222221,176.69,19.63222222222222,9,0.25,1,1,1.0,1,1,1,Lost / Inactive
13747,2010-10-11 09:15:00,2010-12-01 10:37:00,5,2,60,12.0,169.8,33.96,4,0.25,1,52,26.0,2,2,1,Lost / Inactive
13748,2009-12-01 16:44:00,2011-09-05 09:45:00,58,9,1028,17.724137931034484,2064.35,35.592241379310344,40,0.25,1,643,71.4,3,5,4,Loyal Customers
13750,2010-04-01 14:49:00,2011-10-17 12:16:00,75,11,1370,18.266666666666666,3602.18,48.029066666666665,51,0.25,0,564,51.3,4,5,5,Champions
13751,2011-02-24 15:56:00,2011-02-24 15:56:00,9,1,152,16.88888888888889,296.25,32.916666666666664,9,0.25,1,1,1.0,2,1,2,Lost / Inactive
13752,2010-06-30 10:23:00,2011-08-07 14:16:00,94,7,1005,10.691489361702128,1579.83,16.806702127659573,75,0.25,1,404,57.7,3,4,4,Loyal Customers
13753,2009-12-03 10:20:00,2011-02-25 12:48:00,80,4,1450,18.125,2094.57,26.182125000000003,64,0.25,1,450,112.5,2,3,4,At Risk
13754,2010-09-28 15:29:00,2011-07-11 11:51:00,21,3,315,15.0,447.05,21.288095238095238,16,0.25,1,286,95.3,3,3,2,Loyal Customers
13755,2011-10-07 15:45:00,2011-12-06 12:26:00,321,9,1242,3.869158878504673,2108.06,6.567165109034268,232,0.25,0,60,6.7,5,5,4,Champions
13756,2009-12-15 15:18:00,2011-12-07 16:44:00,343,23,5138,14.979591836734693,8655.95,25.236005830903792,142,0.25,0,723,31.4,5,5,5,Champions
13757,2010-02-03 12:37:00,2010-02-03 12:37:00,8,1,54,6.75,195.55,24.44375,8,0.25,1,1,1.0,1,1,1,Lost / Inactive
13758,2009-12-01 10:06:00,2011-11-28 11:11:00,285,15,4667,16.37543859649123,8698.13,30.51975438596491,213,0.25,0,728,48.5,5,5,5,Champions
13759,2011-09-29 15:40:00,2011-11-06 14:47:00,25,2,287,11.48,659.41,26.3764,24,0.25,0,38,19.0,4,2,3,Promising / New
13760,2010-04-25 13:10:00,2011-10-16 16:13:00,119,5,623,5.235294117647059,1363.6399999999999,11.459159663865545,95,0.25,0,540,108.0,4,4,4,Champions
13761,2010-02-21 11:08:00,2011-10-20 14:01:00,122,6,1079,8.844262295081966,1952.17,16.001393442622952,118,0.25,0,607,101.2,4,4,4,Champions
13762,2010-01-10 12:13:00,2011-05-05 09:15:00,35,5,2608,74.51428571428572,2472.48,70.64228571428572,23,0.25,1,480,96.0,2,4,4,At Risk
13763,2010-09-30 17:39:00,2011-10-07 15:13:00,50,3,3224,64.48,5217.44,104.3488,50,0.25,0,372,124.0,3,3,5,Loyal Customers
13764,2010-03-07 12:56:00,2011-09-30 12:03:00,370,6,2084,5.632432432432433,2919.62,7.890864864864865,295,0.25,0,572,95.3,3,4,5,Loyal Customers
13765,2010-02-24 13:46:00,2010-02-24 13:46:00,17,1,297,17.470588235294116,352.82,20.754117647058823,17,0.25,1,1,1.0,1,1,2,Lost / Inactive
13766,2010-08-01 14:25:00,2010-08-01 14:25:00,17,1,137,8.058823529411764,190.35,11.197058823529412,16,0.25,1,1,1.0,1,1,1,Lost / Inactive
13767,2009-12-01 10:52:00,2011-12-07 15:00:00,764,73,14595,19.103403141361255,33903.57,44.37640052356021,117,0.25,0,737,10.1,5,5,5,Champions
13768,2009-12-09 10:25:00,2009-12-13 10:41:00,33,2,373,11.303030303030303,875.97,26.544545454545457,30,0.25,1,5,2.5,1,2,3,Lost / Inactive
13769,2009-12-16 11:59:00,2011-12-07 15:08:00,275,20,2452,8.916363636363636,5478.12,19.920436363636362,121,0.25,0,722,36.1,5,5,5,Champions
13770,2009-12-09 14:44:00,2010-10-13 15:10:00,48,4,468,9.75,785.37,16.361875,48,0.25,1,309,77.2,1,3,3,At Risk
13771,2010-02-25 12:37:00,2011-10-06 14:18:00,216,9,3140,14.537037037037036,5728.82,26.522314814814813,182,0.25,0,589,65.4,3,5,5,Loyal Customers
13772,2010-02-23 13:55:00,2011-11-06 11:43:00,567,8,1446,2.5502645502645502,3100.02,5.467407407407407,394,0.25,0,621,77.6,4,4,5,Champions
13773,2010-02-18 10:27:00,2010-11-08 11:49:00,19,2,174,9.157894736842104,301.54,15.870526315789474,19,0.25,1,264,132.0,2,2,2,Lost / Inactive
13774,2011-09-19 12:06:00,2011-09-19 12:06:00,22,1,192,8.727272727272727,345.0,15.681818181818182,22,0.25,0,1,1.0,3,1,2,Needs Attention
13775,2010-04-28 12:15:00,2010-04-28 12:15:00,63,1,455,7.222222222222222,1049.66,16.661269841269842,63,0.25,1,1,1.0,1,1,3,Lost / Inactive
13776,2010-10-07 16:07:00,2010-10-07 16:11:00,2,2,2,1.0,623.98,311.99,1,0.25,1,1,0.5,1,2,3,Lost / Inactive
13777,2009-12-02 09:47:00,2011-12-09 12:25:00,356,61,23190,65.14044943820225,49638.26,139.4333146067416,44,0.25,0,738,12.1,5,5,5,Champions
13778,2010-05-23 13:34:00,2011-08-28 15:25:00,44,4,511,11.613636363636363,1124.49,25.55659090909091,33,0.25,1,463,115.8,3,3,3,Loyal Customers
13779,2010-07-12 11:24:00,2010-07-12 11:24:00,27,1,53,1.962962962962963,161.13,5.967777777777777,27,0.25,1,1,1.0,1,1,1,Lost / Inactive
13780,2010-10-28 19:51:00,2011-12-02 13:49:00,98,3,479,4.887755102040816,732.0699999999999,7.470102040816326,90,0.25,0,400,133.3,5,3,3,Loyal Customers
13781,2009-12-18 15:46:00,2011-04-03 12:08:00,57,3,300,5.2631578947368425,778.83,13.663684210526316,56,0.25,1,471,157.0,2,3,3,At Risk
13782,2009-12-06 12:52:00,2011-11-27 11:54:00,238,13,643,2.7016806722689077,1786.08,7.50453781512605,187,0.25,0,721,55.5,5,5,4,Champions
13783,2010-02-04 13:47:00,2010-08-09 09:23:00,10,4,3437,343.7,1542.09,154.209,4,0.25,1,186,46.5,1,3,4,At Risk
13784,2010-09-15 12:27:00,2011-11-30 09:33:00,43,14,2827,65.74418604651163,2910.23,67.67976744186046,13,0.25,0,441,31.5,5,5,5,Champions
13785,2010-09-05 16:01:00,2010-10-07 09:25:00,30,4,151,5.033333333333333,542.49,18.083000000000002,26,0.25,1,32,8.0,1,3,2,At Risk
13786,2009-12-03 15:32:00,2010-12-07 13:53:00,116,6,1515,13.060344827586206,3127.99,26.965431034482755,80,0.25,1,369,61.5,2,4,5,At Risk
13787,2010-01-14 10:13:00,2011-09-25 12:06:00,86,6,998,11.604651162790697,1222.5,14.215116279069768,71,0.25,0,620,103.3,3,4,4,Loyal Customers
13788,2010-07-22 15:50:00,2010-07-22 15:50:00,1,1,1,1.0,3.75,3.75,1,0.25,1,1,1.0,1,1,1,Lost / Inactive
13789,2010-11-16 15:31:00,2010-11-16 15:31:00,18,1,258,14.333333333333334,239.46,13.303333333333335,18,0.25,1,1,1.0,2,1,1,Lost / Inactive
13790,2011-12-05 15:48:00,2011-12-05 15:48:00,45,1,748,16.622222222222224,348.8,7.751111111111111,45,0.25,0,1,1.0,5,1,2,Promising / New
13791,2011-06-24 16:38:00,2011-08-04 11:44:00,11,2,1200,109.0909090909091,1516.0,137.8181818181818,7,0.25,1,41,20.5,3,2,4,Needs Attention
13792,2010-10-13 11:05:00,2011-10-04 14:31:00,23,3,156,6.782608695652174,383.95,16.693478260869565,23,0.25,0,357,119.0,3,3,2,Loyal Customers
13793,2010-03-03 08:25:00,2010-03-03 08:25:00,7,1,52,7.428571428571429,96.0,13.714285714285714,7,0.25,1,1,1.0,1,1,1,Lost / Inactive
13794,2010-06-11 12:30:00,2010-06-11 12:30:00,9,1,63,7.0,126.03,14.003333333333334,9,0.25,1,1,1.0,1,1,1,Lost / Inactive
13795,2010-03-12 12:44:00,2010-11-16 17:25:00,29,4,1250,43.10344827586207,836.3,28.837931034482757,23,0.25,1,250,62.5,2,3,3,At Risk
13796,2010-07-28 14:45:00,2010-07-28 14:45:00,22,1,218,9.909090909090908,289.7,13.168181818181818,22,0.25,1,1,1.0,1,1,2,Lost / Inactive
13797,2010-03-02 12:17:00,2010-09-29 10:34:00,78,3,573,7.346153846153846,1179.45,15.121153846153847,71,0.25,1,211,70.3,1,3,3,At Risk
13798,2009-12-08 16:21:00,2011-12-08 15:51:00,721,110,48187,66.83356449375867,75428.87,104.61701803051317,168,0.25,0,730,6.6,5,5,5,Champions
13799,2010-03-05 16:39:00,2011-08-15 12:07:00,106,9,1539,14.518867924528301,2803.57,26.448773584905663,64,0.25,1,528,58.7,3,5,4,Loyal Customers
13800,2009-12-03 10:03:00,2011-02-03 12:27:00,73,3,891,12.205479452054794,1679.56,23.00767123287671,73,0.25,1,428,142.7,2,3,4,At Risk
13801,2011-10-04 10:15:00,2011-10-04 10:15:00,23,1,168,7.304347826086956,324.8,14.121739130434783,23,0.25,0,1,1.0,3,1,2,Needs Attention
13802,2010-02-16 10:11:00,2011-07-24 10:54:00,448,19,14129,31.537946428571427,26259.11,58.61408482142857,212,0.25,1,524,27.6,3,5,5,Loyal Customers
13803,2010-03-31 10:00:00,2011-03-29 12:57:00,78,3,831,10.653846153846153,1338.91,17.16551282051282,73,0.25,1,364,121.3,2,3,4,At Risk
13804,2010-09-29 10:26:00,2011-11-09 12:32:00,167,9,1797,10.760479041916168,3161.12,18.928862275449102,149,0.25,0,407,45.2,4,5,5,Champions
13805,2011-08-02 15:29:00,2011-10-18 14:50:00,13,2,1900,146.15384615384616,924.5999999999999,71.12307692307692,10,0.25,0,77,38.5,4,2,3,Promising / New
13806,2011-10-07 11:43:00,2011-10-07 11:43:00,10,1,56,5.6,256.38,25.637999999999998,10,0.25,0,1,1.0,3,1,1,Needs Attention
13807,2009-12-04 12:41:00,2010-12-07 15:48:00,25,3,116,4.64,422.2,16.887999999999998,24,0.25,1,369,123.0,2,3,2,At Risk
13808,2011-09-04 12:07:00,2011-12-04 12:18:00,76,5,782,10.289473684210526,1747.66,22.995526315789476,70,0.25,0,92,18.4,5,4,4,Champions
13809,2010-09-05 11:42:00,2011-02-07 13:15:00,25,3,281,11.24,679.6999999999999,27.188,23,0.25,1,156,52.0,2,3,3,At Risk
13810,2011-10-14 12:57:00,2011-11-11 08:33:00,35,3,312,8.914285714285715,1499.01,42.828857142857146,32,0.25,0,28,9.3,4,3,4,Loyal Customers
13811,2011-04-14 18:40:00,2011-06-09 09:54:00,13,3,68,5.230769230769231,814.5,62.65384615384615,7,0.25,1,56,18.7,3,3,3,Loyal Customers
13812,2011-08-26 12:54:00,2011-10-28 14:27:00,36,3,333,9.25,539.0,14.972222222222221,33,0.25,0,64,21.3,4,3,2,Loyal Customers
13813,2009-12-06 10:16:00,2011-10-31 10:38:00,143,8,1292,9.034965034965035,2765.47,19.33895104895105,84,0.25,0,695,86.9,4,4,4,Champions
13814,2010-06-30 14:12:00,2011-09-08 13:48:00,79,3,1214,15.367088607594937,2257.32,28.573670886075952,56,0.25,1,435,145.0,3,3,4,Loyal Customers
13815,2010-02-12 10:26:00,2011-11-17 14:19:00,356,8,5381,15.115168539325843,7475.74,20.999269662921346,203,0.25,0,644,80.5,4,4,5,Champions
13816,2011-10-06 14:37:00,2011-11-16 08:38:00,28,2,269,9.607142857142858,571.67,20.416785714285712,25,0.25,0,41,20.5,4,2,2,Promising / New
13817,2010-12-23 11:46:00,2011-11-10 17:49:00,24,2,211,8.791666666666666,382.98,15.957500000000001,20,0.25,0,323,161.5,4,2,2,Promising / New
13818,2010-10-06 12:35:00,2010-10-06 12:35:00,5,1,60,12.0,61.28,12.256,5,0.25,1,1,1.0,1,1,1,Lost / Inactive
13819,2009-12-01 16:18:00,2011-02-11 10:38:00,101,6,2309,22.861386138613863,2642.35,26.161881188118812,47,0.25,1,437,72.8,2,4,4,At Risk
13820,2010-01-28 12:26:00,2010-10-17 13:46:00,89,3,285,3.202247191011236,652.75,7.334269662921348,68,0.25,1,263,87.7,1,3,3,At Risk
13821,2010-01-04 13:36:00,2011-07-18 09:49:00,204,6,477,2.338235294117647,1379.08,6.760196078431372,158,0.25,1,560,93.3,3,4,4,Loyal Customers
13822,2011-10-30 15:55:00,2011-12-04 12:13:00,96,2,611,6.364583333333333,632.0,6.583333333333333,90,0.25,0,35,17.5,5,2,3,Promising / New
13823,2009-12-15 14:34:00,2011-11-21 10:22:00,163,7,1564,9.595092024539877,3403.45,20.88006134969325,108,0.25,0,706,100.9,5,4,5,Champions
13824,2010-03-12 15:17:00,2011-11-07 12:41:00,100,12,1442,14.42,3314.76,33.147600000000004,59,0.25,0,605,50.4,4,5,5,Champions
13825,2009-12-09 14:30:00,2010-03-28 11:02:00,40,2,182,4.55,255.59,6.38975,38,0.25,1,109,54.5,1,2,1,Lost / Inactive
13826,2011-06-16 13:48:00,2011-06-16 13:48:00,10,1,82,8.2,189.5,18.95,10,0.25,1,1,1.0,3,1,1,Needs Attention
13827,2011-07-19 15:38:00,2011-10-13 12:38:00,92,3,138,1.5,409.8,4.4543478260869565,83,0.25,0,86,28.7,4,3,2,Loyal Customers
13828,2011-11-17 16:02:00,2011-11-17 16:02:00,15,1,311,20.733333333333334,209.49,13.966000000000001,15,0.25,0,1,1.0,4,1,1,Promising / New
13829,2010-10-14 18:19:00,2010-10-14 18:19:00,1,1,12,12.0,102.0,102.0,1,0.25,1,1,1.0,1,1,1,Lost / Inactive
13830,2010-05-07 12:24:00,2010-05-07 12:24:00,11,1,47,4.2727272727272725,156.85,14.259090909090908,11,0.25,1,1,1.0,1,1,1,Lost / Inactive
13831,2009-12-10 14:50:00,2011-11-23 15:41:00,182,18,2393,13.148351648351648,6585.54,36.184285714285714,121,0.25,0,714,39.7,5,5,5,Champions
13832,2010-10-13 14:41:00,2011-11-20 15:36:00,55,2,420,7.636363636363637,609.89,11.088909090909091,54,0.25,0,404,202.0,5,2,3,Promising / New
13833,2010-10-31 14:11:00,2011-07-03 13:27:00,44,2,243,5.5227272727272725,700.41,15.91840909090909,43,0.25,1,245,122.5,3,2,3,Needs Attention
13834,2010-02-08 12:52:00,2010-05-12 10:27:00,16,2,221,13.8125,324.19,20.261875,15,0.25,1,93,46.5,1,2,2,Lost / Inactive
13835,2010-03-04 08:26:00,2011-11-14 15:37:00,71,7,520,7.323943661971831,1095.27,15.426338028169013,60,0.25,0,621,88.7,4,4,3,Champions
13836,2010-10-21 13:27:00,2010-11-05 13:31:00,31,2,273,8.806451612903226,620.37,20.011935483870968,29,0.25,1,16,8.0,2,2,3,Lost / Inactive
13837,2011-01-26 12:15:00,2011-05-12 12:10:00,18,2,182,10.11111111111111,266.59,14.810555555555554,17,0.25,1,106,53.0,2,2,1,Lost / Inactive
13838,2010-05-09 11:40:00,2011-12-04 11:00:00,403,10,694,1.7220843672456576,1690.07,4.193722084367246,328,0.25,0,574,57.4,5,5,4,Champions
13839,2010-08-10 13:52:00,2010-08-10 13:52:00,7,1,25,3.5714285714285716,139.95000000000002,19.992857142857144,7,0.25,1,1,1.0,1,1,1,Lost / Inactive
13840,2010-10-19 13:34:00,2010-10-19 13:34:00,40,1,358,8.95,651.4,16.285,40,0.25,1,1,1.0,1,1,3,Lost / Inactive
13841,2011-04-01 12:10:00,2011-04-01 12:10:00,1,1,100,100.0,85.0,85.0,1,0.25,1,1,1.0,2,1,1,Lost / Inactive
13842,2010-02-16 15:54:00,2011-10-12 10:51:00,335,18,2716,8.107462686567164,5319.34,15.878626865671642,214,0.25,0,603,33.5,4,5,5,Champions
13843,2010-11-23 17:48:00,2010-11-23 17:48:00,18,1,145,8.055555555555555,319.75,17.76388888888889,18,0.25,1,1,1.0,2,1,2,Lost / Inactive
13844,2011-11-28 13:21:00,2011-11-28 13:21:00,20,1,196,9.8,361.62,18.081,20,0.25,0,1,1.0,5,1,2,Promising / New
13845,2011-10-06 08:25:00,2011-10-06 08:25:00,9,1,182,20.22222222222222,312.98,34.775555555555556,9,0.25,0,1,1.0,3,1,2,Needs Attention
13846,2010-11-05 09:47:00,2011-11-15 12:07:00,81,4,705,8.703703703703704,1307.79,16.145555555555553,81,0.25,0,376,94.0,4,3,4,Loyal Customers
13847,2009-12-20 10:41:00,2009-12-20 10:41:00,19,1,96,5.052631578947368,310.72,16.353684210526318,19,0.25,1,1,1.0,1,1,2,Lost / Inactive
13848,2009-12-09 16:17:00,2011-09-08 12:58:00,10,8,9200,920.0,3015.0,301.5,3,0.25,1,638,79.8,3,4,5,Loyal Customers
13849,2010-03-25 12:03:00,2011-10-19 10:59:00,220,5,1883,8.559090909090909,3469.3,15.769545454545455,189,0.25,0,573,114.6,4,4,5,Champions
13850,2011-08-02 14:04:00,2011-08-02 14:04:00,93,1,944,10.150537634408602,1595.48,17.155698924731183,93,0.25,1,1,1.0,3,1,4,Needs Attention
13851,2010-01-29 11:54:00,2011-09-05 12:36:00,140,8,2525,18.035714285714285,4606.46,32.903285714285715,111,0.25,1,585,73.1,3,4,5,Loyal Customers
13852,2010-04-08 09:06:00,2010-04-08 09:06:00,11,1,85,7.7272727272727275,187.35,17.03181818181818,11,0.25,1,1,1.0,1,1,1,Lost / Inactive
13853,2011-10-13 14:18:00,2011-10-13 14:18:00,23,1,312,13.565217391304348,1090.1399999999999,47.39739130434782,23,0.25,0,1,1.0,4,1,3,Promising / New
13854,2010-01-08 11:28:00,2011-12-01 09:06:00,178,39,3642,20.46067415730337,11944.56,67.10426966292134,61,0.25,0,692,17.7,5,5,5,Champions
13855,2009-12-08 16:56:00,2010-07-27 09:53:00,73,4,575,7.876712328767123,1310.34,17.94986301369863,64,0.25,1,231,57.8,1,3,4,At Risk
13856,2010-03-30 15:40:00,2011-06-24 10:03:00,54,11,1105,20.462962962962962,1142.03,21.148703703703703,33,0.25,1,451,41.0,3,5,3,Loyal Customers
13857,2010-05-17 14:21:00,2010-11-11 12:54:00,128,6,782,6.109375,1001.01,7.820390625,99,0.25,1,178,29.7,2,4,3,At Risk
13858,2011-10-13 16:17:00,2011-10-13 16:17:00,11,1,75,6.818181818181818,216.17000000000002,19.651818181818182,11,0.25,0,1,1.0,4,1,1,Promising / New
13859,2010-06-28 15:36:00,2011-01-17 16:14:00,36,2,167,4.638888888888889,515.86,14.329444444444444,34,0.25,1,204,102.0,2,2,2,Lost / Inactive
13860,2011-09-14 09:27:00,2011-12-08 12:57:00,76,5,591,7.776315789473684,1245.9,16.39342105263158,58,0.25,0,86,17.2,5,4,4,Champions
13861,2010-06-27 11:37:00,2010-10-06 14:20:00,21,2,225,10.714285714285714,273.26,13.012380952380951,21,0.25,1,102,51.0,1,2,1,Lost / Inactive
13862,2010-11-15 13:43:00,2011-11-21 16:24:00,160,9,1927,12.04375,2556.09,15.9755625,113,0.25,0,372,41.3,5,5,4,Champions
13863,2010-04-25 13:09:00,2011-04-06 10:20:00,70,4,553,7.9,1239.55,17.707857142857144,59,0.25,1,346,86.5,2,3,4,At Risk
13864,2010-11-18 12:50:00,2010-11-18 12:50:00,1,1,192,192.0,662.4,662.4,1,0.25,1,1,1.0,2,1,3,Lost / Inactive
13865,2011-02-23 12:04:00,2011-10-12 13:31:00,30,4,204,6.8,501.56,16.718666666666667,26,0.25,0,232,58.0,4,3,2,Loyal Customers
13866,2011-09-26 14:54:00,2011-09-26 14:54:00,7,1,57,8.142857142857142,145.67,20.81,7,0.25,0,1,1.0,3,1,1,Needs Attention
13867,2011-05-05 17:28:00,2011-11-08 15:48:00,60,3,501,8.35,1005.09,16.7515,51,0.25,0,187,62.3,4,3,3,Loyal Customers
13868,2011-11-01 12:45:00,2011-12-02 16:32:00,33,2,1964,59.515151515151516,3192.54,96.74363636363637,32,0.25,0,32,16.0,5,2,5,Promising / New
13869,2010-01-17 14:53:00,2011-08-08 13:53:00,838,10,4302,5.133651551312649,7996.87,9.542804295942721,502,0.25,1,568,56.8,3,5,5,Loyal Customers
13870,2010-02-08 12:08:00,2011-12-07 13:23:00,241,15,3449,14.311203319502075,5712.08,23.701576763485477,159,0.25,0,668,44.5,5,5,5,Champions
13871,2009-12-20 13:09:00,2011-11-17 10:49:00,402,17,3502,8.711442786069652,7885.85,19.616542288557216,183,0.25,0,697,41.0,4,5,5,Champions
13872,2009-12-14 09:56:00,2010-06-30 15:35:00,57,3,339,5.947368421052632,919.57,16.13280701754386,51,0.25,1,199,66.3,1,3,3,At Risk
13873,2010-03-03 12:31:00,2011-08-12 10:08:00,60,8,472,7.866666666666666,1038.92,17.315333333333335,55,0.25,1,527,65.9,3,4,3,Loyal Customers
13874,2010-02-04 18:39:00,2010-12-16 18:20:00,69,7,864,12.521739130434783,2049.15,29.697826086956525,46,0.25,1,315,45.0,2,4,4,At Risk
13875,2009-12-17 10:30:00,2011-10-17 09:36:00,270,14,3072,11.377777777777778,4814.37,17.831,159,0.25,0,669,47.8,4,5,5,Champions
13876,2011-10-07 10:22:00,2011-10-07 10:22:00,7,1,36,5.142857142857143,122.7,17.52857142857143,7,0.25,0,1,1.0,3,1,1,Needs Attention
13877,2010-01-19 10:53:00,2011-09-14 15:49:00,23,3,478,20.782608695652176,449.68,19.551304347826086,23,0.25,0,604,201.3,3,3,2,Loyal Customers
13878,2010-04-14 13:50:00,2011-10-16 12:19:00,102,4,927,9.088235294117647,2416.9,23.695098039215686,93,0.25,0,550,137.5,4,3,4,Loyal Customers
13879,2010-03-04 10:49:00,2010-03-04 10:49:00,25,1,204,8.16,395.5,15.82,25,0.25,1,1,1.0,1,1,2,Lost / Inactive
13880,2010-05-26 14:29:00,2011-11-18 13:44:00,223,17,2535,11.367713004484305,4293.86,19.254977578475334,148,0.25,0,541,31.8,4,5,5,Champions
13881,2010-03-04 14:41:00,2011-12-06 12:50:00,457,43,29760,65.12035010940919,45179.1,98.8601750547046,182,0.25,0,642,14.9,5,5,5,Champions
13882,2011-10-06 15:28:00,2011-12-07 11:16:00,65,5,953,14.661538461538461,1191.13,18.325076923076924,54,0.25,0,62,12.4,5,4,3,Champions
13883,2009-12-08 17:26:00,2011-11-29 10:45:00,316,15,3584,11.341772151898734,6560.0199999999995,20.759556962025314,200,0.25,0,721,48.1,5,5,5,Champions
13884,2010-08-26 19:57:00,2011-12-02 16:30:00,182,10,752,4.131868131868132,1825.03,10.027637362637362,108,0.25,0,463,46.3,5,5,4,Champions
13885,2011-05-23 08:52:00,2011-06-03 15:07:00,28,2,182,6.5,506.8,18.1,28,0.25,1,12,6.0,3,2,2,Needs Attention
13886,2011-09-29 13:17:00,2011-09-29 13:17:00,16,1,126,7.875,243.56,15.2225,16,0.25,0,1,1.0,3,1,1,Needs Attention
13887,2011-05-19 17:22:00,2011-05-19 17:22:00,19,1,147,7.7368421052631575,349.55,18.397368421052633,19,0.25,1,1,1.0,2,1,2,Lost / Inactive
13888,2010-05-13 11:57:00,2011-08-12 10:13:00,171,7,795,4.649122807017544,2001.59,11.705204678362573,124,0.25,1,456,65.1,3,4,4,Loyal Customers
13889,2010-01-22 14:32:00,2011-09-08 09:13:00,83,6,979,11.795180722891565,1991.23,23.990722891566264,57,0.25,1,594,99.0,3,4,4,Loyal Customers
13890,2009-12-06 15:15:00,2011-12-08 15:36:00,173,14,1392,8.046242774566474,2927.38,16.921271676300577,100,0.25,0,733,52.4,5,5,5,Champions
13891,2010-05-06 16:02:00,2010-11-26 15:57:00,99,3,476,4.808080808080808,859.21,8.678888888888888,97,0.25,1,204,68.0,2,3,3,At Risk
13892,2010-05-13 10:32:00,2011-11-13 11:50:00,36,6,3125,86.80555555555556,1267.65,35.212500000000006,33,0.25,0,550,91.7,4,4,4,Champions
13893,2011-02-15 11:30:00,2011-02-15 11:30:00,21,1,190,9.047619047619047,821.1,39.1,21,0.25,1,1,1.0,2,1,3,Lost / Inactive
13894,2011-02-02 12:54:00,2011-11-16 09:44:00,27,3,354,13.11111111111111,564.62,20.911851851851853,25,0.25,0,287,95.7,4,3,2,Loyal Customers
13895,2009-12-03 13:09:00,2011-11-11 16:57:00,186,6,2060,11.075268817204302,4008.52,21.551182795698924,154,0.25,0,709,118.2,4,4,5,Champions
13896,2010-03-24 08:55:00,2010-03-24 08:55:00,21,1,149,7.095238095238095,388.55,18.502380952380953,21,0.25,1,1,1.0,1,1,2,Lost / Inactive
13897,2010-01-31 13:48:00,2011-10-20 14:30:00,59,3,820,13.898305084745763,1160.72,19.67322033898305,58,0.25,0,628,209.3,4,3,3,Loyal Customers
13898,2010-10-24 15:42:00,2011-01-18 10:28:00,46,2,544,11.826086956521738,686.4,14.921739130434782,43,0.25,1,86,43.0,2,2,3,Lost / Inactive
13899,2011-03-10 09:30:00,2011-11-23 13:40:00,19,2,156,8.210526315789474,388.52,20.448421052631577,19,0.25,0,259,129.5,5,2,2,Promising / New
13900,2010-03-25 13:46:00,2011-06-09 19:26:00,95,6,938,9.873684210526315,1610.59,16.95357894736842,80,0.25,1,442,73.7,3,4,4,Loyal Customers
13901,2010-01-05 09:29:00,2011-09-28 14:48:00,310,15,3344,10.787096774193548,5676.34,18.310774193548387,280,0.25,0,632,42.1,3,5,5,Loyal Customers
13902,2009-12-15 10:02:00,2010-03-17 13:09:00,63,5,220600,3501.5873015873017,34095.26,541.1946031746032,58,0.25,1,93,18.6,1,4,5,At Risk
13903,2010-11-04 17:44:00,2010-11-04 17:44:00,10,1,103,10.3,165.45000000000002,16.545,10,0.25,1,1,1.0,2,1,1,Lost / Inactive
13904,2011-02-18 11:18:00,2011-11-02 13:41:00,26,2,332,12.76923076923077,332.64,12.793846153846154,24,0.25,0,258,129.0,4,2,2,Promising / New
13905,2009-12-07 11:41:00,2009-12-07 11:41:00,12,1,135,11.25,312.65,26.054166666666664,12,0.25,1,1,1.0,1,1,2,Lost / Inactive
13906,2010-10-26 15:00:00,2010-10-26 15:00:00,1,1,100,100.0,42.0,42.0,1,0.25,1,1,1.0,2,1,1,Lost / Inactive
13907,2010-01-17 12:22:00,2010-01-17 12:22:00,4,1,68,17.0,136.79999999999998,34.199999999999996,4,0.25,1,1,1.0,1,1,1,Lost / Inactive
13908,2011-03-08 12:04:00,2011-09-21 11:49:00,122,4,1478,12.114754098360656,2369.55,19.42254098360656,104,0.25,0,197,49.2,3,3,4,Loyal Customers
13909,2010-07-06 16:52:00,2010-10-12 17:22:00,38,2,301,7.921052631578948,282.85,7.44342105263158,35,0.25,1,99,49.5,1,2,1,Lost / Inactive
13911,2010-03-01 16:31:00,2011-10-13 15:43:00,238,20,4487,18.852941176470587,4234.99,17.7940756302521,178,0.25,0,591,29.6,4,5,5,Champions
13912,2010-10-12 08:43:00,2010-10-12 08:43:00,7,1,29,4.142857142857143,124.95,17.85,7,0.25,1,1,1.0,1,1,1,Lost / Inactive
13913,2010-07-21 10:11:00,2010-07-21 10:11:00,3,1,10,3.3333333333333335,42.22,14.073333333333332,3,0.25,1,1,1.0,1,1,1,Lost / Inactive
13914,2011-11-03 16:28:00,2011-11-28 10:35:00,33,2,380,11.515151515151516,626.45,18.983333333333334,28,0.25,0,25,12.5,5,2,3,Promising / New
13915,2010-11-10 15:17:00,2010-11-10 15:17:00,2,1,24,12.0,70.8,35.4,2,0.25,1,1,1.0,2,1,1,Lost / Inactive
13916,2010-02-02 10:06:00,2010-09-02 10:04:00,74,4,673,9.094594594594595,1275.81,17.240675675675675,72,0.25,1,212,53.0,1,3,4,At Risk
13917,2011-06-01 12:46:00,2011-10-21 09:56:00,18,2,228,12.666666666666666,272.04,15.113333333333335,16,0.25,0,142,71.0,4,2,1,Promising / New
13918,2011-03-31 18:05:00,2011-10-21 12:25:00,30,2,1140,38.0,1212.84,40.428,30,0.25,0,204,102.0,4,2,3,Promising / New
13919,2010-06-17 09:30:00,2011-10-11 14:24:00,77,4,1133,14.714285714285714,1360.68,17.67116883116883,65,0.25,0,482,120.5,4,3,4,Loyal Customers
13920,2010-05-26 15:48:00,2010-10-04 12:37:00,86,4,1772,20.6046511627907,1774.68,20.635813953488373,81,0.25,1,131,32.8,1,3,4,At Risk
13921,2009-12-18 12:19:00,2010-11-02 16:32:00,44,4,210,4.7727272727272725,730.7,16.606818181818184,36,0.25,1,320,80.0,2,3,3,At Risk
13922,2010-08-29 14:36:00,2010-12-23 10:38:00,30,3,467,15.566666666666666,865.2,28.84,30,0.25,1,116,38.7,2,3,3,At Risk
13923,2011-10-17 12:33:00,2011-10-17 12:33:00,20,1,185,9.25,351.13,17.5565,20,0.25,0,1,1.0,4,1,2,Promising / New
13924,2011-09-28 15:07:00,2011-12-08 09:39:00,117,6,1575,13.461538461538462,1838.85,15.716666666666665,90,0.25,0,71,11.8,5,4,4,Champions
13925,2011-07-28 12:09:00,2011-09-08 12:47:00,41,4,331,8.073170731707316,678.25,16.54268292682927,28,0.25,1,43,10.8,3,3,3,Loyal Customers
13926,2011-11-16 13:16:00,2011-11-16 13:16:00,11,1,104,9.454545454545455,223.85,20.349999999999998,11,0.25,0,1,1.0,4,1,1,Promising / New
13927,2010-09-28 16:12:00,2011-09-26 12:00:00,41,2,463,11.292682926829269,708.26,17.274634146341462,37,0.25,0,363,181.5,3,2,3,Needs Attention
13928,2011-07-29 15:59:00,2011-11-29 10:33:00,27,4,129,4.777777777777778,464.57,17.206296296296298,23,0.25,0,123,30.8,5,3,2,Loyal Customers
13929,2010-01-14 07:25:00,2011-06-23 15:26:00,57,11,1566,27.473684210526315,3494.1,61.3,38,0.25,1,526,47.8,3,5,5,Loyal Customers
13930,2011-07-26 11:00:00,2011-10-13 09:45:00,17,2,274,16.11764705882353,337.34,19.843529411764706,15,0.25,0,79,39.5,4,2,2,Promising / New
13931,2009-12-03 10:26:00,2011-09-05 10:12:00,271,11,3488,12.870848708487085,5257.38,19.399926199261994,205,0.25,1,641,58.3,3,5,5,Loyal Customers
13932,2011-02-18 12:02:00,2011-02-18 12:02:00,16,1,72,4.5,307.4,19.2125,16,0.25,1,1,1.0,2,1,2,Lost / Inactive
13933,2011-07-14 13:35:00,2011-08-22 14:03:00,23,2,205,8.91304347826087,608.79,26.469130434782606,23,0.25,1,40,20.0,3,2,2,Needs Attention
13934,2011-03-21 08:39:00,2011-03-21 08:39:00,31,1,390,12.580645161290322,922.1,29.74516129032258,31,0.25,1,1,1.0,2,1,3,Lost / Inactive
13935,2010-02-25 16:01:00,2010-04-22 11:21:00,80,3,2252,28.15,6116.92,76.4615,67,0.25,1,56,18.7,1,3,5,At Risk
13936,2010-10-21 14:21:00,2011-06-13 08:47:00,59,3,661,11.203389830508474,939.66,15.9264406779661,56,0.25,1,235,78.3,3,3,3,Loyal Customers
13937,2010-11-02 12:37:00,2011-06-23 16:35:00,54,2,587,10.87037037037037,880.13,16.298703703703705,54,0.25,1,234,117.0,3,2,3,Needs Attention
13938,2011-11-04 14:37:00,2011-11-04 14:37:00,7,1,70,10.0,71.66,10.237142857142857,7,0.25,0,1,1.0,4,1,1,Promising / New
13939,2010-04-06 12:43:00,2011-11-16 13:33:00,110,7,1608,14.618181818181819,1560.96,14.190545454545456,91,0.25,0,590,84.3,4,4,4,Champions
13940,2011-07-18 16:05:00,2011-11-22 15:15:00,49,4,516,10.53061224489796,839.14,17.12530612244898,39,0.25,0,127,31.8,5,3,3,Loyal Customers
13941,2009-12-16 16:10:00,2011-11-18 09:43:00,94,15,4782,50.87234042553192,10027.18,106.67212765957447,42,0.25,0,702,46.8,4,5,5,Champions
13942,2010-06-23 12:35:00,2010-06-23 12:35:00,1,1,1000,1000.0,320.0,320.0,1,0.25,1,1,1.0,1,1,2,Lost / Inactive
13943,2010-05-11 11:30:00,2010-05-11 11:30:00,15,1,94,6.266666666666667,246.54,16.436,15,0.25,1,1,1.0,1,1,1,Lost / Inactive
13944,2010-02-24 15:02:00,2010-02-24 15:02:00,35,1,153,4.371428571428571,200.43,5.726571428571429,35,0.25,1,1,1.0,1,1,1,Lost / Inactive
13945,2010-08-17 09:59:00,2010-11-10 10:00:00,51,2,413,8.098039215686274,854.15,16.748039215686273,49,0.25,1,86,43.0,2,2,3,Lost / Inactive
13946,2009-12-04 11:07:00,2011-09-21 13:33:00,56,6,2847,50.839285714285715,1876.23,33.504107142857144,49,0.25,0,657,109.5,3,4,4,Loyal Customers
13947,2011-10-05 14:42:00,2011-10-05 14:42:00,5,1,44,8.8,90.6,18.119999999999997,5,0.25,0,1,1.0,3,1,1,Needs Attention
13948,2009-12-04 12:14:00,2010-12-14 10:18:00,24,4,248,10.333333333333334,548.76,22.865,23,0.25,1,375,93.8,2,3,2,At Risk
13949,2011-09-06 11:55:00,2011-12-07 09:35:00,160,6,2474,15.4625,2427.3199999999997,15.170749999999998,124,0.25,0,92,15.3,5,4,4,Champions
13950,2011-04-07 11:29:00,2011-11-28 14:44:00,35,4,323,9.228571428571428,745.06,21.28742857142857,33,0.25,0,236,59.0,5,3,3,Loyal Customers
13951,2011-02-18 15:21:00,2011-06-16 16:43:00,39,3,459,11.76923076923077,674.45,17.293589743589745,38,0.25,1,119,39.7,3,3,3,Loyal Customers
13952,2009-12-16 09:41:00,2011-05-06 09:00:00,409,14,5947,14.54034229828851,12823.52,31.353349633251835,238,0.25,1,506,36.1,2,5,5,At Risk
13953,2009-12-11 12:58:00,2011-12-02 16:04:00,25,12,5224,208.96,6640.68,265.6272,8,0.25,0,722,60.2,5,5,5,Champions
13954,2011-09-30 10:52:00,2011-12-08 12:50:00,25,2,150,6.0,439.92,17.5968,24,0.25,0,70,35.0,5,2,2,Promising / New
13955,2010-11-29 17:35:00,2011-07-08 17:19:00,85,3,272,3.2,544.0699999999999,6.400823529411764,82,0.25,1,221,73.7,3,3,2,Loyal Customers
13956,2011-03-13 12:51:00,2011-12-04 13:20:00,147,5,486,3.306122448979592,1019.27,6.933809523809524,123,0.25,0,267,53.4,5,4,3,Champions
13957,2010-02-19 10:32:00,2010-10-18 10:02:00,27,3,157,5.814814814814815,458.25,16.97222222222222,21,0.25,1,241,80.3,1,3,2,At Risk
13958,2009-12-05 13:12:00,2010-11-25 10:11:00,227,8,2264,9.973568281938325,4709.23,20.745506607929514,172,0.25,1,355,44.4,2,4,5,At Risk
13959,2010-07-16 15:11:00,2011-09-21 15:06:00,157,6,694,4.420382165605096,1064.77,6.781974522292994,120,0.25,0,432,72.0,3,4,3,Loyal Customers
13960,2011-09-29 12:39:00,2011-11-18 15:27:00,12,2,142,11.833333333333334,230.22,19.185,11,0.25,0,51,25.5,4,2,1,Promising / New
13961,2010-11-12 14:40:00,2010-11-12 14:40:00,19,1,226,11.894736842105264,538.4,28.336842105263155,19,0.25,1,1,1.0,2,1,2,Lost / Inactive
13962,2010-09-30 10:35:00,2011-11-18 08:47:00,23,3,160,6.956521739130435,362.8,15.773913043478261,23,0.25,0,414,138.0,4,3,2,Loyal Customers
13963,2010-04-21 16:20:00,2011-02-04 14:43:00,165,17,2007,12.163636363636364,2860.57,17.33678787878788,129,0.25,1,289,17.0,2,5,4,At Risk
13964,2010-10-05 12:38:00,2010-11-17 13:53:00,24,2,228,9.5,438.9,18.287499999999998,22,0.25,1,44,22.0,2,2,2,Lost / Inactive
13965,2010-01-05 15:21:00,2010-08-20 10:40:00,24,3,425,17.708333333333332,996.61,41.525416666666665,23,0.25,1,227,75.7,1,3,3,At Risk
13966,2010-09-30 13:08:00,2010-09-30 13:08:00,21,1,760,36.19047619047619,384.26,18.298095238095236,21,0.25,1,1,1.0,1,1,2,Lost / Inactive
13967,2010-11-08 13:24:00,2011-07-17 12:02:00,6,2,66,11.0,166.3,27.71666666666667,4,0.25,1,251,125.5,3,2,1,Needs Attention
13968,2010-10-12 13:22:00,2010-10-12 13:22:00,8,1,174,21.75,123.66,15.4575,8,0.25,1,1,1.0,1,1,1,Lost / Inactive
13969,2010-03-25 13:15:00,2011-12-02 15:11:00,1064,35,6640,6.2406015037593985,12973.46,12.193101503759397,472,0.25,0,618,17.7,5,5,5,Champions
13970,2010-09-28 11:53:00,2010-11-18 13:21:00,13,2,469,36.07692307692308,846.55,65.11923076923077,10,0.25,1,52,26.0,2,2,3,Lost / Inactive
13971,2010-01-26 09:51:00,2011-11-21 12:06:00,255,14,3084,12.094117647058823,4667.57,18.30419607843137,184,0.25,0,665,47.5,5,5,5,Champions
13972,2011-05-22 11:34:00,2011-09-30 11:54:00,15,2,187,12.466666666666667,190.25,12.683333333333334,15,0.25,0,132,66.0,3,2,1,Needs Attention
13973,2011-02-25 15:21:00,2011-02-25 15:21:00,11,1,109,9.909090909090908,264.7,24.063636363636363,11,0.25,1,1,1.0,2,1,1,Lost / Inactive
13974,2010-05-06 17:55:00,2011-10-21 14:41:00,43,2,356,8.279069767441861,677.72,15.76093023255814,43,0.25,0,533,266.5,4,2,3,Promising / New
13975,2010-02-02 13:13:00,2011-11-08 13:19:00,737,12,3884,5.270013568521032,5256.4,7.132157394843961,434,0.25,0,645,53.8,4,5,5,Champions
13976,2010-02-09 13:08:00,2011-05-17 09:13:00,56,4,452,8.071428571428571,1192.3600000000001,21.29214285714286,49,0.25,1,462,115.5,2,3,3,At Risk
13977,2010-10-24 14:08:00,2010-10-24 14:08:00,13,1,303,23.307692307692307,519.81,39.98538461538461,13,0.25,1,1,1.0,1,1,2,Lost / Inactive
13978,2011-10-25 15:04:00,2011-11-25 11:36:00,15,2,315,21.0,196.79,13.119333333333334,14,0.25,0,31,15.5,5,2,1,Promising / New
13979,2009-12-03 10:02:00,2011-09-27 13:32:00,393,7,2270,5.776081424936387,3379.93,8.60033078880407,356,0.25,0,664,94.9,3,4,5,Loyal Customers
13980,2010-02-21 14:18:00,2011-10-10 13:34:00,63,5,463,7.349206349206349,768.8199999999999,12.203492063492062,57,0.25,0,596,119.2,3,4,3,Loyal Customers
13981,2010-10-20 10:03:00,2010-10-20 10:03:00,22,1,234,10.636363636363637,331.14,15.05181818181818,22,0.25,1,1,1.0,1,1,2,Lost / Inactive
13982,2010-01-20 14:04:00,2011-10-31 16:24:00,225,9,2478,11.013333333333334,3954.29,17.57462222222222,123,0.25,0,650,72.2,4,5,5,Champions
13983,2009-12-09 13:53:00,2011-11-10 11:06:00,325,21,3925,12.076923076923077,6753.89,20.781200000000002,238,0.25,0,701,33.4,4,5,5,Champions
13984,2009-12-07 11:51:00,2011-11-13 12:38:00,88,12,1301,14.784090909090908,1893.8,21.520454545454545,53,0.25,0,707,58.9,4,5,4,Champions
13985,2010-02-09 13:56:00,2011-12-05 17:06:00,480,22,4936,10.283333333333333,10020.86,20.87679166666667,149,0.25,0,665,30.2,5,5,5,Champions
13986,2011-11-22 15:00:00,2011-11-22 15:00:00,13,1,430,33.07692307692308,320.46,24.650769230769228,12,0.25,0,1,1.0,5,1,2,Promising / New
13987,2010-11-04 09:54:00,2010-11-25 10:20:00,46,2,492,10.695652173913043,682.54,14.837826086956522,46,0.25,1,22,11.0,2,2,3,Lost / Inactive
13988,2010-03-24 11:05:00,2011-11-20 10:15:00,295,8,3385,11.474576271186441,4757.8,16.12813559322034,218,0.25,0,606,75.8,4,4,5,Champions
13989,2010-05-25 12:13:00,2011-10-05 09:47:00,86,5,2207,25.662790697674417,2026.06,23.558837209302325,61,0.25,0,498,99.6,3,4,4,Loyal Customers
13990,2011-05-10 15:19:00,2011-05-10 15:19:00,16,1,190,11.875,311.3,19.45625,16,0.25,1,1,1.0,2,1,2,Lost / Inactive
13991,2011-07-19 12:58:00,2011-11-27 16:18:00,82,6,995,12.134146341463415,852.88,10.400975609756097,58,0.25,0,132,22.0,5,4,3,Champions
13992,2010-09-02 17:04:00,2011-11-09 15:23:00,11,3,154,14.0,219.5,19.954545454545453,10,0.25,0,433,144.3,4,3,1,Loyal Customers
13993,2009-12-03 11:57:00,2011-10-28 09:06:00,261,19,2135,8.18007662835249,6775.71,25.960574712643677,110,0.25,0,694,36.5,4,5,5,Champions
13994,2011-07-14 18:28:00,2011-12-06 11:05:00,148,6,932,6.297297297297297,2274.14,15.36581081081081,122,0.25,0,145,24.2,5,4,4,Champions
13995,2009-12-18 12:43:00,2011-11-24 14:22:00,230,14,2359,10.256521739130434,3902.0099999999998,16.965260869565217,146,0.25,0,707,50.5,5,5,5,Champions
13996,2010-11-05 15:07:00,2010-11-18 16:27:00,33,2,613,18.575757575757574,895.76,27.144242424242425,29,0.25,1,14,7.0,2,2,3,Lost / Inactive
13997,2010-06-07 17:33:00,2010-07-08 18:06:00,44,3,143,3.25,376.46,8.55590909090909,36,0.25,1,32,10.7,1,3,2,At Risk
13998,2010-05-12 13:18:00,2010-09-19 10:20:00,31,3,204,6.580645161290323,566.7,18.280645161290323,30,0.25,1,130,43.3,1,3,2,At Risk
13999,2009-12-05 12:42:00,2011-11-29 13:40:00,466,29,5043,10.821888412017167,9502.26,20.391115879828327,174,0.25,0,725,25.0,5,5,5,Champions
14000,2009-12-02 09:50:00,2011-05-12 16:50:00,49,5,1838,37.51020408163265,2046.34,41.76204081632653,28,0.25,1,527,105.4,2,4,4,At Risk
14001,2010-08-03 12:49:00,2011-10-25 10:31:00,103,9,1779,17.271844660194176,4228.85,41.056796116504856,60,0.25,0,448,49.8,4,5,5,Champions
14002,2011-07-06 14:59:00,2011-07-28 15:55:00,47,2,877,18.659574468085108,529.73,11.270851063829788,47,0.25,1,23,11.5,3,2,2,Needs Attention
14003,2009-12-07 08:53:00,2009-12-07 08:53:00,16,1,149,9.3125,209.41,13.088125,16,0.25,1,1,1.0,1,1,1,Lost / Inactive
14004,2010-09-30 09:39:00,2011-10-27 14:40:00,241,11,3425,14.21161825726141,6258.45,25.968672199170125,127,0.25,0,393,35.7,4,5,5,Champions
14005,2011-05-08 10:33:00,2011-11-30 12:41:00,84,5,2478,29.5,2874.72,34.22285714285714,53,0.25,0,207,41.4,5,4,4,Champions
14006,2010-02-25 09:45:00,2011-08-16 09:39:00,77,7,2181,28.324675324675326,2196.67,28.528181818181817,55,0.25,1,537,76.7,3,4,4,Loyal Customers
14007,2010-07-15 09:06:00,2010-07-15 09:06:00,5,1,16,3.2,79.48,15.896,5,0.25,1,1,1.0,1,1,1,Lost / Inactive
14008,2010-10-03 13:09:00,2010-10-03 13:09:00,32,1,326,10.1875,509.04,15.9075,32,0.25,1,1,1.0,1,1,2,Lost / Inactive
14009,2010-09-03 12:08:00,2011-05-25 15:47:00,74,3,951,12.85135135135135,1099.91,14.863648648648649,71,0.25,1,265,88.3,2,3,3,At Risk
14010,2010-05-23 12:46:00,2010-05-23 13:00:00,24,2,177,7.375,445.15,18.547916666666666,20,0.25,1,1,0.5,1,2,2,Lost / Inactive
14011,2010-04-11 13:40:00,2010-08-16 15:31:00,32,2,644,20.125,457.82,14.306875,32,0.25,1,128,64.0,1,2,2,Lost / Inactive
14012,2011-03-07 12:26:00,2011-03-07 12:26:00,11,1,160,14.545454545454545,328.8,29.89090909090909,11,0.25,1,1,1.0,2,1,2,Lost / Inactive
14013,2010-03-26 10:02:00,2011-08-21 15:01:00,68,5,775,11.397058823529411,1084.57,15.949558823529411,56,0.25,1,514,102.8,3,4,3,Loyal Customers
14014,2010-05-12 09:04:00,2011-09-23 13:18:00,76,3,2004,26.36842105263158,1948.21,25.63434210526316,76,0.25,0,500,166.7,3,3,4,Loyal Customers
14015,2011-10-18 10:02:00,2011-10-18 10:02:00,20,1,378,18.9,917.34,45.867000000000004,20,0.25,0,1,1.0,4,1,3,Promising / New
14016,2010-01-08 14:12:00,2011-07-01 11:29:00,448,11,5722,12.772321428571429,11403.41,25.45404017857143,354,0.25,1,539,49.0,3,5,5,Loyal Customers
14017,2010-05-17 14:52:00,2010-05-17 14:52:00,14,1,73,5.214285714285714,229.75,16.410714285714285,14,0.25,1,1,1.0,1,1,1,Lost / Inactive
14018,2010-03-04 14:23:00,2010-03-04 14:23:00,13,1,224,17.23076923076923,367.15,28.24230769230769,13,0.25,1,1,1.0,1,1,2,Lost / Inactive
14019,2011-07-24 15:39:00,2011-10-24 10:13:00,66,3,1037,15.712121212121213,1421.61,21.539545454545454,37,0.25,0,92,30.7,4,3,4,Loyal Customers
14020,2010-06-28 15:29:00,2011-11-23 09:22:00,72,4,648,9.0,1249.01,17.347361111111113,63,0.25,0,513,128.2,5,3,4,Loyal Customers
14021,2010-04-26 11:22:00,2011-07-07 15:46:00,90,7,878,9.755555555555556,1716.58,19.07311111111111,84,0.25,1,438,62.6,3,4,4,Loyal Customers
14022,2010-08-10 09:38:00,2011-04-28 14:39:00,47,2,681,14.48936170212766,792.15,16.854255319148937,45,0.25,1,262,131.0,2,2,3,Lost / Inactive
14023,2011-04-03 15:50:00,2011-12-02 13:58:00,31,2,345,11.129032258064516,584.0699999999999,18.840967741935483,30,0.25,0,243,121.5,5,2,2,Promising / New
14024,2010-11-14 10:51:00,2011-08-10 11:30:00,34,3,238,7.0,645.74,18.99235294117647,33,0.25,1,270,90.0,3,3,3,Loyal Customers
14025,2010-05-05 09:56:00,2010-09-01 10:11:00,99,8,1914,19.333333333333332,4057.9,40.98888888888889,60,0.25,1,120,15.0,1,4,5,At Risk
14026,2010-03-24 14:10:00,2010-08-26 10:31:00,50,2,427,8.54,713.11,14.2622,43,0.25,1,155,77.5,1,2,3,Lost / Inactive
14027,2011-10-10 09:01:00,2011-10-10 09:01:00,6,1,62,10.333333333333334,104.82,17.47,6,0.25,0,1,1.0,3,1,1,Needs Attention
14028,2010-06-07 12:02:00,2010-06-07 13:33:00,9,3,7170,796.6666666666666,10396.5,1155.1666666666667,3,0.25,1,1,0.3,1,3,5,At Risk
14029,2011-07-18 16:57:00,2011-10-07 14:46:00,15,2,198,13.2,467.66,31.177333333333333,15,0.25,0,81,40.5,3,2,2,Needs Attention
14030,2009-12-10 17:27:00,2011-11-21 16:48:00,824,20,4215,5.115291262135922,7521.8,9.128398058252428,591,0.25,0,711,35.6,5,5,5,Champions
14031,2009-12-03 15:35:00,2011-12-02 17:13:00,750,44,13783,18.377333333333333,39019.51,52.02601333333334,280,0.25,0,730,16.6,5,5,5,Champions
14032,2009-12-14 12:02:00,2011-12-07 15:23:00,230,16,3740,16.26086956521739,4546.41,19.767,79,0.25,0,724,45.2,5,5,5,Champions
14033,2010-06-02 15:10:00,2010-06-02 15:10:00,1,1,576,576.0,109.44,109.44,1,0.25,1,1,1.0,1,1,1,Lost / Inactive
14034,2011-07-05 13:06:00,2011-11-17 14:02:00,86,3,420,4.883720930232558,648.89,7.545232558139535,82,0.25,0,136,45.3,4,3,3,Loyal Customers
14035,2010-04-06 12:39:00,2011-11-11 10:03:00,145,9,1405,9.689655172413794,2794.75,19.27413793103448,70,0.25,0,584,64.9,4,5,4,Champions
14036,2011-02-28 09:26:00,2011-02-28 09:26:00,38,1,268,7.052631578947368,626.65,16.49078947368421,38,0.25,1,1,1.0,2,1,3,Lost / Inactive
14037,2009-12-07 11:39:00,2011-06-16 13:57:00,114,6,590,5.175438596491228,836.95,7.341666666666667,96,0.25,1,557,92.8,3,4,3,Loyal Customers
14038,2010-02-04 08:56:00,2011-09-22 13:37:00,161,5,1708,10.608695652173912,3069.88,19.067577639751555,99,0.25,0,596,119.2,3,4,5,Loyal Customers
14039,2010-05-13 10:15:00,2011-11-06 13:48:00,10,2,192,19.2,267.28,26.727999999999998,10,0.25,0,543,271.5,4,2,1,Promising / New
14040,2009-12-01 12:14:00,2011-10-30 12:42:00,781,35,4972,6.366197183098592,12523.81,16.035608194622277,335,0.25,0,699,20.0,4,5,5,Champions
14041,2011-03-18 13:25:00,2011-03-18 13:25:00,21,1,94,4.476190476190476,141.41,6.733809523809524,21,0.25,1,1,1.0,2,1,1,Lost / Inactive
14042,2009-12-14 15:07:00,2009-12-14 15:07:00,21,1,180,8.571428571428571,431.98,20.570476190476192,21,0.25,1,1,1.0,1,1,2,Lost / Inactive
14043,2009-12-10 15:56:00,2010-08-05 18:18:00,41,2,152,3.707317073170732,302.59999999999997,7.380487804878048,37,0.25,1,239,119.5,1,2,2,Lost / Inactive
14044,2010-01-24 15:14:00,2011-11-13 12:05:00,826,10,2100,2.542372881355932,3077.7,3.7260290556900726,533,0.25,0,658,65.8,4,5,5,Champions
14045,2010-01-08 10:08:00,2011-08-22 15:27:00,37,16,4459,120.51351351351352,10986.63,296.93594594594595,16,0.25,1,592,37.0,3,5,5,Loyal Customers
14046,2011-02-28 14:48:00,2011-02-28 14:48:00,14,1,460,32.857142857142854,154.99,11.070714285714287,14,0.25,1,1,1.0,2,1,1,Lost / Inactive
14047,2010-02-01 10:05:00,2011-12-01 11:43:00,152,14,1541,10.138157894736842,3968.11,26.105986842105263,91,0.25,0,669,47.8,5,5,5,Champions
14048,2010-11-22 14:08:00,2011-02-07 14:53:00,141,3,467,3.3120567375886525,748.69,5.309858156028369,126,0.25,1,78,26.0,2,3,3,At Risk
14049,2010-04-01 14:52:00,2011-11-23 12:20:00,1061,13,8480,7.9924599434495756,13023.4,12.274646559849199,573,0.25,0,601,46.2,5,5,5,Champions
14050,2011-08-25 13:46:00,2011-11-08 10:00:00,54,2,689,12.75925925925926,746.36,13.821481481481483,49,0.25,0,75,37.5,4,2,3,Promising / New
14051,2009-12-03 11:53:00,2011-12-09 10:20:00,318,37,5709,17.952830188679247,21770.98,68.46220125786164,82,0.25,0,736,19.9,5,5,5,Champions
14052,2010-11-14 11:37:00,2011-11-20 12:30:00,121,2,174,1.43801652892562,466.66,3.8566942148760335,115,0.25,0,372,186.0,4,2,2,Promising / New
14053,2010-08-10 11:02:00,2011-08-07 14:27:00,9,4,490,54.44444444444444,572.3,63.58888888888888,3,0.25,1,363,90.8,3,3,2,Loyal Customers
14054,2011-10-05 15:49:00,2011-10-05 15:49:00,6,1,62,10.333333333333334,92.46000000000001,15.410000000000002,6,0.25,0,1,1.0,3,1,1,Needs Attention
14055,2009-12-16 15:11:00,2011-08-25 15:04:00,33,3,720,21.818181818181817,1520.96,46.08969696969697,33,0.25,1,617,205.7,3,3,4,Loyal Customers
14056,2011-02-28 15:19:00,2011-12-08 13:36:00,1088,23,4252,3.9080882352941178,8152.71,7.493299632352941,320,0.25,0,283,12.3,5,5,5,Champions
14057,2009-12-03 13:17:00,2011-11-16 10:32:00,447,22,6438,14.40268456375839,8346.66,18.67261744966443,244,0.25,0,713,32.4,4,5,5,Champions
14058,2010-06-27 11:29:00,2010-09-03 09:31:00,24,2,211,8.791666666666666,469.19,19.549583333333334,23,0.25,1,68,34.0,1,2,2,Lost / Inactive
14059,2011-03-18 10:06:00,2011-03-18 10:06:00,8,1,128,16.0,183.6,22.95,8,0.25,1,1,1.0,2,1,1,Lost / Inactive
14060,2010-03-11 09:47:00,2011-12-05 12:29:00,258,30,7419,28.75581395348837,8898.24,34.48930232558139,100,0.25,0,635,21.2,5,5,5,Champions
14061,2009-12-01 18:03:00,2010-07-20 17:22:00,19,3,133,7.0,917.4300000000001,48.28578947368421,17,0.25,1,231,77.0,1,3,3,At Risk
14062,2009-12-10 14:28:00,2011-11-30 10:04:00,340,24,12794,37.629411764705885,25585.65,75.25191176470588,141,0.25,0,720,30.0,5,5,5,Champions
14063,2009-12-08 13:46:00,2010-09-27 16:18:00,40,9,3850,96.25,22710.2,567.755,30,0.25,1,294,32.7,1,5,5,At Risk
14064,2010-01-21 13:22:00,2011-11-10 13:14:00,236,15,3911,16.572033898305083,3260.24,13.81457627118644,131,0.25,0,658,43.9,4,5,5,Champions
14065,2010-10-04 12:03:00,2010-11-15 16:13:00,49,3,582,11.877551020408163,891.02,18.18408163265306,42,0.25,1,43,14.3,2,3,3,At Risk
14066,2011-03-18 12:21:00,2011-03-18 12:21:00,7,1,45,6.428571428571429,152.55,21.792857142857144,7,0.25,1,1,1.0,2,1,1,Lost / Inactive
14067,2011-09-04 12:00:00,2011-10-07 10:21:00,52,2,361,6.9423076923076925,374.7,7.2057692307692305,51,0.25,0,33,16.5,3,2,2,Needs Attention
14068,2010-01-31 10:10:00,2011-01-23 16:02:00,108,4,510,4.722222222222222,1516.72,14.043703703703704,93,0.25,1,358,89.5,2,3,4,At Risk
14069,2010-05-27 12:30:00,2010-07-13 12:12:00,41,2,58,1.4146341463414633,225.81,5.507560975609756,37,0.25,1,47,23.5,1,2,1,Lost / Inactive
14070,2010-01-24 12:27:00,2010-01-24 12:27:00,41,1,85,2.073170731707317,321.6,7.843902439024391,40,0.25,1,1,1.0,1,1,2,Lost / Inactive
14071,2011-03-20 11:33:00,2011-12-06 12:27:00,323,8,994,3.0773993808049536,1437.57,4.450681114551084,271,0.25,0,262,32.8,5,4,4,Champions
14072,2010-02-11 12:31:00,2010-02-11 12:31:00,19,1,65,3.4210526315789473,390.85,20.571052631578947,19,0.25,1,1,1.0,1,1,2,Lost / Inactive
14073,2011-11-07 15:49:00,2011-11-07 15:49:00,13,1,130,10.0,151.04,11.618461538461538,13,0.25,0,1,1.0,4,1,1,Promising / New
14074,2010-03-26 13:55:00,2010-03-26 13:55:00,6,1,228,38.0,219.4,36.56666666666667,6,0.25,1,1,1.0,1,1,1,Lost / Inactive
14075,2010-06-16 14:47:00,2011-12-05 08:38:00,81,6,1494,18.444444444444443,1734.87,21.41814814814815,59,0.25,0,537,89.5,5,4,4,Champions
14076,2011-08-02 15:19:00,2011-08-02 15:19:00,44,1,79,1.7954545454545454,118.67,2.6970454545454547,43,0.25,1,1,1.0,3,1,1,Needs Attention
14077,2010-11-09 16:01:00,2011-10-30 12:35:00,56,6,376,6.714285714285714,615.08,10.983571428571429,43,0.25,0,355,59.2,4,4,3,Champions
14078,2010-03-28 15:05:00,2011-08-30 12:16:00,148,9,586,3.9594594594594597,1553.47,10.49641891891892,107,0.25,1,520,57.8,3,5,4,Loyal Customers
14079,2010-01-26 17:19:00,2011-08-07 12:10:00,13,2,302,23.23076923076923,618.73,47.59461538461539,13,0.25,1,558,279.0,3,2,3,Needs Attention
14080,2009-12-02 15:01:00,2011-11-07 11:09:00,83,5,268,3.2289156626506026,1115.68,13.441927710843375,74,0.25,0,705,141.0,4,4,3,Champions
14081,2009-12-10 18:27:00,2011-02-10 16:17:00,844,10,3381,4.0059241706161135,4867.57,5.767263033175355,465,0.25,1,427,42.7,2,5,5,At Risk
14082,2010-11-12 11:47:00,2010-12-10 11:02:00,65,2,246,3.7846153846153845,413.36,6.359384615384616,48,0.25,1,28,14.0,2,2,2,Lost / Inactive
14083,2009-12-18 11:34:00,2011-12-05 13:14:00,185,11,760,4.108108108108108,1082.19,5.849675675675676,169,0.25,0,718,65.3,5,5,3,Champions
14084,2010-07-15 14:36:00,2010-07-15 14:36:00,7,1,306,43.714285714285715,150.5,21.5,7,0.25,1,1,1.0,1,1,1,Lost / Inactive
14085,2009-12-08 13:41:00,2011-12-07 13:46:00,1045,33,6434,6.156937799043062,9720.67,9.302076555023923,479,0.25,0,730,22.1,5,5,5,Champions
14086,2010-09-03 10:52:00,2010-09-03 10:52:00,1,1,1,1.0,39.95,39.95,1,0.25,1,1,1.0,1,1,1,Lost / Inactive
14087,2009-12-04 15:27:00,2011-12-07 12:41:00,213,3,718,3.3708920187793425,829.47,3.8942253521126764,175,0.25,0,733,244.3,5,3,3,Loyal Customers
14088,2010-10-14 19:46:00,2011-11-29 16:16:00,682,16,15276,22.39882697947214,64036.8,93.89560117302054,436,0.25,0,411,25.7,5,5,5,Champions
14089,2011-10-14 10:38:00,2011-10-14 10:38:00,13,1,133,10.23076923076923,158.75,12.211538461538462,13,0.25,0,1,1.0,4,1,1,Promising / New
14090,2011-01-19 10:51:00,2011-01-19 10:51:00,1,1,72,72.0,76.32,76.32,1,0.25,1,1,1.0,2,1,1,Lost / Inactive
14091,2010-01-10 13:41:00,2010-02-23 15:17:00,13,2,3316,255.07692307692307,9530.08,733.0830769230769,13,0.25,1,45,22.5,1,2,5,Lost / Inactive
14092,2009-12-16 16:24:00,2011-12-02 12:13:00,373,24,3606,9.667560321715818,7229.45,19.381903485254693,169,0.25,0,716,29.8,5,5,5,Champions
14093,2011-11-27 16:27:00,2011-11-27 16:27:00,100,1,391,3.91,433.86,4.3386000000000005,95,0.25,0,1,1.0,5,1,2,Promising / New
14094,2010-09-26 11:58:00,2010-09-26 11:58:00,43,1,158,3.6744186046511627,311.77,7.250465116279069,41,0.25,1,1,1.0,1,1,2,Lost / Inactive
14095,2009-12-17 12:49:00,2009-12-17 12:49:00,1,1,1,1.0,2.95,2.95,1,0.25,1,1,1.0,1,1,1,Lost / Inactive
14096,2011-08-30 10:49:00,2011-12-05 17:17:00,5111,17,16352,3.1993738994325964,65164.79,12.749909998043435,1119,0.25,0,98,5.8,5,5,5,Champions
14097,2010-03-04 10:46:00,2010-08-15 14:20:00,40,2,352,8.8,422.86,10.5715,39,0.25,1,165,82.5,1,2,2,Lost / Inactive
14098,2011-11-03 10:13:00,2011-11-03 10:13:00,21,1,104,4.9523809523809526,147.35,7.016666666666667,21,0.25,0,1,1.0,4,1,1,Promising / New
14099,2009-12-10 11:55:00,2011-11-23 13:53:00,521,20,3666,7.036468330134357,5750.91,11.038214971209213,273,0.25,0,714,35.7,5,5,5,Champions
14100,2011-07-25 11:01:00,2011-07-25 11:01:00,25,1,63,2.52,191.95,7.678,24,0.25,1,1,1.0,3,1,1,Needs Attention
14101,2010-03-28 13:36:00,2011-09-27 12:28:00,90,13,10542,117.13333333333334,9961.93,110.68811111111111,19,0.25,0,548,42.2,3,5,5,Loyal Customers
14102,2011-10-26 12:46:00,2011-12-04 15:38:00,58,5,769,13.258620689655173,1105.8799999999999,19.066896551724135,35,0.25,0,40,8.0,5,4,3,Champions
14104,2010-05-28 16:11:00,2011-07-08 12:50:00,135,5,496,3.674074074074074,743.53,5.507629629629629,117,0.25,1,406,81.2,3,4,3,Loyal Customers
14105,2009-12-18 16:57:00,2011-04-14 17:58:00,279,5,3534,12.666666666666666,5988.83,21.465340501792113,200,0.25,1,483,96.6,2,4,5,At Risk
14106,2009-12-02 14:09:00,2009-12-02 14:09:00,1,1,24,24.0,214.8,214.8,1,0.25,1,1,1.0,1,1,1,Lost / Inactive
14107,2009-12-09 14:20:00,2011-10-19 12:12:00,236,11,3489,14.783898305084746,4877.3,20.666525423728814,102,0.25,0,679,61.7,4,5,5,Champions
14108,2009-12-01 18:07:00,2011-11-09 10:41:00,52,4,660,12.692307692307692,1044.96,20.095384615384617,49,0.25,0,708,177.0,4,3,3,Loyal Customers
14109,2011-09-28 10:18:00,2011-09-28 10:18:00,9,1,88,9.777777777777779,144.2,16.022222222222222,9,0.25,0,1,1.0,3,1,1,Needs Attention
14110,2009-12-01 09:50:00,2011-12-06 12:26:00,399,33,5825,14.598997493734336,12987.95,32.55125313283208,177,0.25,0,736,22.3,5,5,5,Champions
14111,2011-04-12 11:36:00,2011-11-25 13:44:00,10,4,458,45.8,692.85,69.285,10,0.25,0,228,57.0,5,3,3,Loyal Customers
14112,2010-02-23 14:16:00,2011-11-17 12:30:00,326,13,3539,10.855828220858896,5834.59,17.897515337423314,199,0.25,0,632,48.6,4,5,5,Champions
14113,2009-12-08 07:42:00,2011-12-06 12:18:00,122,16,3439,28.188524590163933,7092.61,58.1361475409836,76,0.25,0,729,45.6,5,5,5,Champions
14114,2010-04-12 11:07:00,2011-03-11 09:42:00,74,7,650,8.783783783783784,1364.09,18.43364864864865,72,0.25,1,333,47.6,2,4,4,At Risk
14115,2010-02-11 11:44:00,2010-07-26 12:36:00,22,2,509,23.136363636363637,622.67,28.303181818181816,22,0.25,1,166,83.0,1,2,3,Lost / Inactive
14116,2011-08-10 12:44:00,2011-11-20 10:29:00,72,5,707,9.819444444444445,1382.74,19.204722222222223,61,0.25,0,102,20.4,4,4,4,Champions
14117,2011-07-19 09:49:00,2011-07-19 09:49:00,3,1,72,24.0,90.0,30.0,3,0.25,1,1,1.0,3,1,1,Needs Attention
14118,2010-10-07 11:59:00,2010-10-07 11:59:00,15,1,97,6.466666666666667,458.45,30.563333333333333,15,0.25,1,1,1.0,1,1,2,Lost / Inactive
14119,2009-12-21 14:52:00,2010-11-29 10:33:00,11,2,177,16.09090909090909,183.37,16.67,11,0.25,1,343,171.5,2,2,1,Lost / Inactive
14121,2011-10-11 10:39:00,2011-12-06 12:19:00,159,4,2082,13.09433962264151,2780.15,17.485220125786164,148,0.25,0,57,14.2,5,3,4,Loyal Customers
14122,2009-12-02 14:22:00,2010-10-29 15:11:00,13,3,114,8.76923076923077,362.42,27.87846153846154,12,0.25,1,332,110.7,2,3,2,At Risk
14123,2009-12-06 15:35:00,2009-12-06 15:35:00,24,1,234,9.75,436.18,18.174166666666668,24,0.25,1,1,1.0,1,1,2,Lost / Inactive
14124,2011-09-16 13:32:00,2011-09-16 13:32:00,5,1,1618,323.6,419.58,83.916,4,0.25,0,1,1.0,3,1,2,Needs Attention
14125,2011-09-22 15:40:00,2011-11-29 12:47:00,166,3,1628,9.80722891566265,2720.63,16.38933734939759,159,0.25,0,68,22.7,5,3,4,Loyal Customers
14126,2010-09-21 14:51:00,2011-12-02 11:45:00,43,4,887,20.627906976744185,1172.46,27.26651162790698,37,0.25,0,437,109.2,5,3,3,Loyal Customers
14127,2010-10-10 11:53:00,2011-08-09 10:49:00,117,6,828,7.076923076923077,1900.08,16.24,96,0.25,1,303,50.5,3,4,4,Loyal Customers
14128,2010-06-06 14:05:00,2011-10-10 12:00:00,65,3,814,12.523076923076923,924.21,14.218615384615385,50,0.25,0,491,163.7,3,3,3,Loyal Customers
14129,2010-05-09 14:54:00,2011-12-08 11:02:00,109,9,1414,12.972477064220184,2591.34,23.77376146788991,40,0.25,0,578,64.2,5,5,4,Champions
14130,2009-12-11 16:33:00,2011-01-24 16:05:00,220,4,1215,5.5227272727272725,1858.77,8.448954545454546,189,0.25,1,409,102.2,2,3,4,At Risk
14131,2010-03-01 11:59:00,2010-03-01 11:59:00,46,1,105,2.282608695652174,168.22,3.65695652173913,45,0.25,1,1,1.0,1,1,1,Lost / Inactive
14132,2011-06-09 12:04:00,2011-12-07 13:35:00,200,11,3368,16.84,3586.0299999999997,17.930149999999998,100,0.25,0,182,16.5,5,5,5,Champions
14133,2009-12-06 12:10:00,2011-08-02 11:34:00,36,4,398,11.055555555555555,911.14,25.309444444444445,33,0.25,1,604,151.0,3,3,3,Loyal Customers
14134,2009-12-10 09:25:00,2010-11-22 12:26:00,180,15,5814,32.3,11123.35,61.79638888888889,130,0.25,1,348,23.2,2,5,5,At Risk
14135,2009-12-02 08:58:00,2011-12-08 11:38:00,219,24,8534,38.96803652968037,8839.67,40.363789954337896,138,0.25,0,737,30.7,5,5,5,Champions
14136,2009-12-08 09:19:00,2010-11-04 11:53:00,106,5,1148,10.830188679245284,1570.81,14.818962264150944,86,0.25,1,332,66.4,2,4,4,At Risk
14137,2010-01-13 12:30:00,2010-01-13 12:30:00,11,1,462,42.0,332.7,30.245454545454546,11,0.25,1,1,1.0,1,1,2,Lost / Inactive
14138,2011-10-07 09:38:00,2011-12-08 12:44:00,46,2,600,13.043478260869565,965.88,20.997391304347826,40,0.25,0,63,31.5,5,2,3,Promising / New
14139,2010-06-15 09:17:00,2011-10-24 13:34:00,69,4,1049,15.202898550724637,1086.8,15.75072463768116,48,0.25,0,497,124.2,4,3,3,Loyal Customers
14140,2011-11-08 11:20:00,2011-12-06 09:05:00,66,2,811,12.287878787878787,935.05,14.167424242424241,60,0.25,0,28,14.0,5,2,3,Promising / New
14141,2011-08-26 14:40:00,2011-12-07 09:53:00,40,4,355,8.875,915.13,22.87825,27,0.25,0,103,25.8,5,3,3,Loyal Customers
14142,2010-03-03 15:13:00,2010-12-01 16:33:00,44,2,518,11.772727272727273,671.34,15.257727272727273,42,0.25,1,274,137.0,2,2,3,Lost / Inactive
14143,2011-07-29 09:48:00,2011-07-29 09:48:00,7,1,30,4.285714285714286,115.8,16.54285714285714,7,0.25,1,1,1.0,3,1,1,Needs Attention
14144,2010-08-10 15:17:00,2010-08-10 15:17:00,1,1,12,12.0,30.6,30.6,1,0.25,1,1,1.0,1,1,1,Lost / Inactive
14145,2010-04-08 09:47:00,2011-10-24 12:10:00,25,7,1655,66.2,7600.05,304.002,11,0.25,0,565,80.7,4,4,5,Champions
14146,2010-01-13 16:04:00,2011-12-01 10:18:00,456,12,5780,12.675438596491228,9450.3,20.724342105263155,337,0.25,0,687,57.2,5,5,5,Champions
14147,2010-03-09 13:43:00,2011-09-22 18:10:00,30,9,995,33.166666666666664,2590.2,86.33999999999999,24,0.25,0,563,62.6,3,5,4,Loyal Customers
14148,2010-10-21 14:08:00,2011-04-20 12:02:00,17,2,223,13.117647058823529,466.29,27.428823529411765,15,0.25,1,181,90.5,2,2,2,Lost / Inactive
14149,2011-05-03 09:44:00,2011-05-03 09:44:00,28,1,218,7.785714285714286,446.62,15.950714285714286,28,0.25,1,1,1.0,2,1,2,Lost / Inactive
14150,2010-12-15 10:04:00,2011-11-04 10:05:00,26,2,496,19.076923076923077,658.64,25.33230769230769,23,0.25,0,325,162.5,4,2,3,Promising / New
14151,2009-12-23 10:54:00,2010-02-04 15:35:00,44,2,405,9.204545454545455,679.45,15.442045454545456,44,0.25,1,44,22.0,1,2,3,Lost / Inactive
14152,2010-02-18 13:57:00,2011-09-25 12:54:00,133,7,1844,13.864661654135338,1997.34,15.017593984962405,104,0.25,0,584,83.4,3,4,4,Loyal Customers
14153,2010-08-13 14:35:00,2010-08-13 14:35:00,17,1,312,18.352941176470587,233.39999999999998,13.729411764705882,17,0.25,1,1,1.0,1,1,1,Lost / Inactive
14154,2010-01-13 12:47:00,2011-04-14 16:26:00,292,8,3222,11.034246575342467,6460.7,22.12568493150685,236,0.25,1,457,57.1,2,4,5,At Risk
14155,2011-03-18 14:13:00,2011-03-18 14:13:00,6,1,25,4.166666666666667,118.75,19.791666666666668,6,0.25,1,1,1.0,2,1,1,Lost / Inactive
14156,2009-12-01 12:30:00,2011-11-30 10:54:00,4038,156,164325,40.69465081723626,313437.62,77.62199603764239,1446,0.25,0,729,4.7,5,5,5,Champions
14157,2010-03-03 16:49:00,2011-11-20 11:32:00,85,5,521,6.129411764705883,978.69,11.514000000000001,75,0.25,0,627,125.4,4,4,3,Champions
14158,2011-10-30 15:08:00,2011-10-30 15:08:00,41,1,781,19.048780487804876,507.65999999999997,12.381951219512194,41,0.25,0,1,1.0,4,1,2,Promising / New
14159,2009-12-03 12:31:00,2011-11-20 12:36:00,1836,20,6520,3.55119825708061,7860.8,4.281481481481482,706,0.25,0,718,35.9,4,5,5,Champions
14160,2010-01-10 12:06:00,2010-04-08 14:30:00,107,7,4661,43.5607476635514,8421.47,78.70532710280374,80,0.25,1,89,12.7,1,4,5,At Risk
14161,2009-12-13 11:46:00,2011-05-08 11:41:00,277,7,1480,5.342960288808665,2996.93,10.819241877256317,202,0.25,1,511,73.0,2,4,5,At Risk
14162,2011-02-20 12:32:00,2011-06-19 11:36:00,25,2,142,5.68,289.36,11.5744,25,0.25,1,119,59.5,3,2,2,Needs Attention
14163,2010-09-03 17:15:00,2011-09-13 15:18:00,58,5,950,16.379310344827587,2594.62,44.7348275862069,42,0.25,0,375,75.0,3,4,4,Loyal Customers
14164,2011-09-20 12:18:00,2011-09-30 12:24:00,29,2,1033,35.62068965517241,1631.77,56.26793103448276,28,0.25,0,11,5.5,3,2,4,Needs Attention
14165,2011-03-09 12:39:00,2011-03-09 12:39:00,24,1,53,2.2083333333333335,120.44,5.0183333333333335,23,0.25,1,1,1.0,2,1,1,Lost / Inactive
14166,2010-03-23 15:10:00,2010-07-22 19:42:00,51,2,82,1.607843137254902,251.15,4.924509803921569,39,0.25,1,122,61.0,1,2,1,Lost / Inactive
14167,2010-01-27 16:07:00,2011-10-31 14:29:00,115,8,340,2.9565217391304346,1274.29,11.080782608695651,48,0.25,0,642,80.2,4,4,4,Champions
14168,2010-05-24 12:28:00,2010-10-15 10:49:00,15,2,147,9.8,370.45,24.696666666666665,11,0.25,1,144,72.0,1,2,2,Lost / Inactive
14169,2010-09-21 13:39:00,2010-10-05 08:45:00,64,2,205,3.203125,621.51,9.71109375,50,0.25,1,14,7.0,1,2,3,Lost / Inactive
14170,2010-11-09 14:06:00,2010-11-29 13:10:00,145,3,270,1.8620689655172413,570.18,3.9322758620689653,123,0.25,1,20,6.7,2,3,2,At Risk
14171,2009-12-09 13:50:00,2011-09-02 16:43:00,64,2,211,3.296875,498.79,7.79359375,61,0.25,1,633,316.5,3,2,2,Needs Attention
14172,2010-03-07 10:58:00,2010-04-13 13:26:00,44,3,78,1.7727272727272727,369.02,8.386818181818182,38,0.25,1,38,12.7,1,3,2,At Risk
14173,2009-12-09 12:46:00,2011-11-29 11:54:00,33,6,194,5.878787878787879,586.0,17.757575757575758,30,0.25,0,720,120.0,5,4,2,Champions
14174,2011-11-06 13:17:00,2011-11-06 13:17:00,26,1,94,3.6153846153846154,134.46,5.171538461538462,26,0.25,0,1,1.0,4,1,1,Promising / New
14175,2010-03-22 10:43:00,2011-10-11 11:55:00,331,8,3009,9.090634441087614,7678.88,23.1990332326284,237,0.25,0,569,71.1,3,4,5,Loyal Customers
14176,2010-11-23 13:21:00,2011-02-15 13:12:00,37,5,265,7.162162162162162,756.46,20.444864864864865,33,0.25,1,84,16.8,2,4,3,At Risk
14177,2010-02-26 11:59:00,2011-09-14 15:11:00,205,13,1043,5.087804878048781,2209.69,10.778975609756097,141,0.25,0,566,43.5,3,5,4,Loyal Customers
14178,2011-06-10 12:51:00,2011-12-01 12:01:00,318,7,1494,4.69811320754717,1600.26,5.032264150943396,191,0.25,0,174,24.9,5,4,4,Champions
14179,2011-10-18 14:00:00,2011-10-30 12:07:00,157,2,319,2.031847133757962,701.57,4.46859872611465,135,0.25,0,12,6.0,4,2,3,Promising / New
14180,2010-06-09 14:56:00,2011-11-29 10:56:00,289,33,847,2.930795847750865,6117.5,21.16782006920415,125,0.25,0,538,16.3,5,5,5,Champions
14181,2010-05-26 12:32:00,2010-10-25 08:27:00,52,2,120,2.3076923076923075,308.35,5.929807692307692,48,0.25,1,152,76.0,1,2,2,Lost / Inactive
14182,2010-04-22 15:36:00,2010-09-22 11:45:00,50,4,174,3.48,678.77,13.5754,42,0.25,1,153,38.2,1,3,3,At Risk
14183,2010-08-15 15:36:00,2010-10-24 14:45:00,34,2,60,1.7647058823529411,278.34000000000003,8.186470588235295,27,0.25,1,70,35.0,1,2,1,Lost / Inactive
14184,2011-10-04 12:43:00,2011-10-04 12:43:00,24,1,127,5.291666666666667,452.89,18.870416666666667,24,0.25,0,1,1.0,3,1,2,Needs Attention
14185,2011-01-12 13:52:00,2011-01-12 13:52:00,3,1,6,2.0,197.65,65.88333333333334,3,0.25,1,1,1.0,2,1,1,Lost / Inactive
14186,2010-03-05 11:17:00,2010-10-08 13:30:00,104,5,1550,14.903846153846153,1550.6299999999999,14.909903846153846,75,0.25,1,218,43.6,1,4,4,At Risk
14187,2010-08-23 12:06:00,2010-08-23 12:06:00,8,1,50,6.25,123.5,15.4375,8,0.25,1,1,1.0,1,1,1,Lost / Inactive
14188,2011-02-02 13:46:00,2011-11-09 12:45:00,65,6,1162,17.876923076923077,2054.36,31.605538461538462,34,0.25,0,280,46.7,4,4,4,Champions
14189,2010-11-16 09:28:00,2011-12-07 15:55:00,307,16,4392,14.306188925081432,5503.15,17.92557003257329,199,0.25,0,387,24.2,5,5,5,Champions
14190,2010-02-11 14:27:00,2010-02-11 14:27:00,1,1,2,2.0,79.9,79.9,1,0.25,1,1,1.0,1,1,1,Lost / Inactive
14191,2009-12-11 10:48:00,2011-12-08 09:23:00,265,15,3724,14.052830188679245,4817.66,18.17984905660377,147,0.25,0,727,48.5,5,5,5,Champions
14192,2010-11-16 17:44:00,2010-11-16 17:44:00,14,1,218,15.571428571428571,293.74,20.981428571428573,14,0.25,1,1,1.0,2,1,2,Lost / Inactive
14193,2010-11-08 12:31:00,2011-10-03 09:34:00,64,3,653,10.203125,1210.19,18.90921875,49,0.25,0,329,109.7,3,3,3,Loyal Customers
14194,2010-01-06 12:16:00,2011-12-05 10:38:00,952,36,10037,10.543067226890756,18670.59,19.611964285714286,432,0.25,0,698,19.4,5,5,5,Champions
14195,2010-03-15 17:12:00,2011-05-22 10:29:00,16,6,2144,134.0,2615.6,163.475,10,0.25,1,433,72.2,2,4,4,At Risk
14196,2011-08-25 10:25:00,2011-08-25 10:25:00,6,1,142,23.666666666666668,335.52,55.919999999999995,6,0.25,1,1,1.0,3,1,2,Needs Attention
14197,2010-10-25 10:01:00,2010-10-25 10:01:00,20,1,143,7.15,390.05,19.5025,20,0.25,1,1,1.0,1,1,2,Lost / Inactive
14198,2010-01-05 10:07:00,2011-11-21 16:35:00,91,9,623,6.846153846153846,1569.73,17.24978021978022,58,0.25,0,686,76.2,5,5,4,Champions
14199,2010-06-27 12:13:00,2011-05-05 13:44:00,18,4,254,14.11111111111111,1091.7,60.650000000000006,15,0.25,1,313,78.2,2,3,3,At Risk
14200,2010-04-01 13:01:00,2010-04-01 13:01:00,21,1,140,6.666666666666667,379.2,18.057142857142857,21,0.25,1,1,1.0,1,1,2,Lost / Inactive
14201,2010-04-30 13:00:00,2011-10-10 13:27:00,55,10,806,14.654545454545454,1193.54,21.70072727272727,47,0.25,0,529,52.9,3,5,3,Loyal Customers
14202,2010-03-25 10:36:00,2010-11-23 17:13:00,29,3,166,5.724137931034483,847.76,29.233103448275862,27,0.25,1,244,81.3,2,3,3,At Risk
14203,2010-11-07 13:35:00,2010-11-07 13:35:00,16,1,80,5.0,339.34,21.20875,16,0.25,1,1,1.0,2,1,2,Lost / Inactive
14204,2009-12-02 13:26:00,2011-12-07 13:38:00,220,4,469,2.131818181818182,1024.83,4.658318181818181,186,0.25,0,736,184.0,5,3,3,Loyal Customers
14205,2010-03-07 12:20:00,2011-11-23 10:55:00,123,9,1342,10.910569105691057,2414.2,19.627642276422762,79,0.25,0,626,69.6,5,5,4,Champions
14206,2010-11-02 11:37:00,2011-04-14 16:38:00,71,3,930,13.098591549295774,1185.01,16.690281690140846,62,0.25,1,164,54.7,2,3,3,At Risk
14207,2010-01-21 09:33:00,2010-01-21 09:33:00,2,1,36,18.0,157.8,78.9,2,0.25,1,1,1.0,1,1,1,Lost / Inactive
14208,2010-06-06 13:11:00,2011-09-06 12:48:00,35,2,529,15.114285714285714,567.05,16.20142857142857,34,0.25,1,457,228.5,3,2,2,Needs Attention
14209,2010-01-22 10:28:00,2011-11-29 10:18:00,231,15,1739,7.528138528138528,4993.2699999999995,21.615887445887445,133,0.25,0,676,45.1,5,5,5,Champions
14210,2010-01-06 10:17:00,2011-08-26 12:36:00,314,16,2511,7.996815286624204,5556.57,17.69608280254777,143,0.25,1,598,37.4,3,5,5,Loyal Customers
14211,2009-12-09 12:48:00,2011-10-17 13:23:00,240,18,2575,10.729166666666666,4402.29,18.342875,155,0.25,0,678,37.7,4,5,5,Champions
14212,2010-09-20 11:48:00,2011-09-11 12:45:00,21,2,2046,97.42857142857143,2190.14,104.29238095238095,18,0.25,0,357,178.5,3,2,4,Needs Attention
14213,2010-10-31 10:37:00,2010-10-31 10:37:00,5,1,244,48.8,1192.2,238.44,5,0.25,1,1,1.0,2,1,3,Lost / Inactive
14214,2011-03-07 12:26:00,2011-11-09 10:31:00,67,5,751,11.208955223880597,1004.38,14.990746268656716,64,0.25,0,247,49.4,4,4,3,Champions
14215,2009-12-08 09:35:00,2011-11-28 12:19:00,186,9,2181,11.725806451612904,3250.33,17.474892473118278,167,0.25,0,721,80.1,5,5,5,Champions
14216,2010-10-21 15:07:00,2011-12-06 14:56:00,77,5,712,9.246753246753247,2150.04,27.9225974025974,65,0.25,0,411,82.2,5,4,4,Champions
14217,2010-06-30 12:54:00,2011-12-08 11:53:00,174,23,1230,7.068965517241379,3298.59,18.95741379310345,122,0.25,0,526,22.9,5,5,5,Champions
14218,2011-10-28 10:00:00,2011-10-28 10:00:00,12,1,160,13.333333333333334,169.48,14.123333333333333,12,0.25,0,1,1.0,4,1,1,Promising / New
14219,2010-08-03 14:42:00,2011-12-05 16:23:00,43,3,363,8.44186046511628,633.83,14.740232558139535,39,0.25,0,490,163.3,5,3,3,Loyal Customers
14220,2010-05-19 13:26:00,2011-04-06 13:23:00,38,4,468,12.31578947368421,1515.0,39.86842105263158,26,0.25,1,322,80.5,2,3,4,At Risk
14221,2010-04-06 14:10:00,2011-10-28 13:42:00,347,17,3808,10.97406340057637,6517.49,18.782391930835733,166,0.25,0,570,33.5,4,5,5,Champions
14222,2011-06-15 16:42:00,2011-06-15 16:42:00,41,1,607,14.804878048780488,683.17,16.662682926829266,41,0.25,1,1,1.0,3,1,3,Needs Attention
14223,2011-03-20 16:02:00,2011-09-08 13:38:00,60,3,585,9.75,991.13,16.518833333333333,50,0.25,1,172,57.3,3,3,3,Loyal Customers
14224,2010-06-13 13:46:00,2011-08-21 13:24:00,229,9,826,3.606986899563319,1841.71,8.042401746724892,189,0.25,1,434,48.2,3,5,4,Loyal Customers
14225,2010-01-12 15:02:00,2010-10-01 10:32:00,86,4,1167,13.569767441860465,2031.07,23.617093023255812,70,0.25,1,262,65.5,1,3,4,At Risk
14226,2010-09-24 14:32:00,2011-11-11 11:34:00,97,6,1714,17.670103092783506,2985.13,30.774536082474228,89,0.25,0,413,68.8,4,4,5,Champions
14227,2010-02-08 09:38:00,2011-11-13 15:48:00,377,15,4048,10.73740053050398,6368.71,16.8931299734748,246,0.25,0,644,42.9,4,5,5,Champions
14228,2010-06-11 12:29:00,2010-09-28 09:45:00,38,3,260,6.842105263157895,745.5,19.61842105263158,38,0.25,1,109,36.3,1,3,3,At Risk
14229,2010-08-25 11:47:00,2011-10-19 10:04:00,72,7,934,12.972222222222221,2594.04,36.028333333333336,41,0.25,0,420,60.0,4,4,4,Champions
14230,2010-06-09 13:56:00,2010-09-30 09:07:00,33,3,246,7.454545454545454,979.8,29.690909090909088,27,0.25,1,113,37.7,1,3,3,At Risk
14231,2010-09-15 09:52:00,2011-06-09 11:05:00,69,4,610,8.840579710144928,1235.62,17.907536231884055,66,0.25,1,268,67.0,3,3,4,Loyal Customers
14232,2011-03-20 12:44:00,2011-10-28 11:09:00,115,5,1941,16.878260869565217,2048.07,17.80930434782609,81,0.25,0,222,44.4,4,4,4,Champions
14233,2010-03-05 16:35:00,2011-10-21 15:54:00,73,7,1261,17.273972602739725,2904.27,39.784520547945206,42,0.25,0,595,85.0,4,4,4,Champions
14234,2011-10-13 13:58:00,2011-11-17 17:53:00,147,4,951,6.469387755102041,754.12,5.130068027210885,122,0.25,0,36,9.0,4,3,3,Loyal Customers
14235,2010-03-30 13:36:00,2011-09-25 14:37:00,148,9,3014,20.364864864864863,4717.99,31.87831081081081,107,0.25,0,545,60.6,3,5,5,Loyal Customers
14236,2010-07-22 14:27:00,2011-09-20 09:13:00,47,5,774,16.46808510638298,1555.3400000000001,33.092340425531916,39,0.25,0,425,85.0,3,4,4,Loyal Customers
14237,2010-04-28 10:04:00,2010-12-01 13:20:00,26,2,238,9.153846153846153,471.14,18.12076923076923,26,0.25,1,218,109.0,2,2,2,Lost / Inactive
14238,2009-12-05 10:58:00,2011-01-17 14:40:00,13,3,189,14.538461538461538,434.23,33.402307692307694,13,0.25,1,409,136.3,2,3,2,At Risk
14239,2009-12-05 12:36:00,2011-10-27 14:40:00,210,21,1729,8.233333333333333,4263.17,20.300809523809523,97,0.25,0,692,33.0,4,5,5,Champions
14240,2010-10-12 12:48:00,2011-11-09 13:45:00,61,3,655,10.737704918032787,1247.49,20.450655737704917,46,0.25,0,394,131.3,4,3,4,Loyal Customers
14241,2010-01-12 15:11:00,2011-06-09 11:46:00,12,2,242,20.166666666666668,333.7,27.808333333333334,12,0.25,1,513,256.5,3,2,2,Needs Attention
14242,2011-01-18 08:53:00,2011-04-19 11:46:00,16,2,123,7.6875,280.55,17.534375,13,0.25,1,92,46.0,2,2,1,Lost / Inactive
14243,2010-08-20 13:41:00,2011-12-01 11:12:00,363,17,3631,10.002754820936639,7217.75,19.883608815426996,235,0.25,0,468,27.5,5,5,5,Champions
14244,2010-02-17 11:40:00,2010-02-17 11:40:00,16,1,814,50.875,366.41999999999996,22.901249999999997,16,0.25,1,1,1.0,1,1,2,Lost / Inactive
14245,2011-03-21 10:41:00,2011-05-04 08:40:00,108,2,976,9.037037037037036,1693.45,15.680092592592594,107,0.25,1,44,22.0,2,2,4,Lost / Inactive
14246,2011-04-08 08:25:00,2011-08-21 11:50:00,75,3,804,10.72,1474.06,19.654133333333334,57,0.25,1,136,45.3,3,3,4,Loyal Customers
14247,2010-06-06 15:07:00,2011-03-06 15:21:00,113,5,378,3.3451327433628317,753.56,6.668672566371681,82,0.25,1,274,54.8,2,4,3,At Risk
14248,2010-07-12 14:27:00,2011-01-25 14:45:00,47,3,692,14.72340425531915,1032.95,21.977659574468085,41,0.25,1,198,66.0,2,3,3,At Risk
14249,2010-01-29 14:21:00,2010-10-25 12:34:00,272,12,2383,8.761029411764707,5400.46,19.854632352941177,178,0.25,1,269,22.4,1,5,5,At Risk
14250,2011-09-11 13:44:00,2011-12-02 14:30:00,111,3,1200,10.81081081081081,1904.05,17.153603603603603,94,0.25,0,83,27.7,5,3,4,Loyal Customers
14251,2011-10-13 12:46:00,2011-12-08 08:32:00,78,5,1674,21.46153846153846,2879.7,36.919230769230765,37,0.25,0,56,11.2,5,4,4,Champions
14252,2010-11-23 13:36:00,2010-11-23 13:36:00,10,1,111,11.1,350.99,35.099000000000004,10,0.25,1,1,1.0,2,1,2,Lost / Inactive
14253,2010-03-26 15:08:00,2010-08-03 14:55:00,12,2,88,7.333333333333333,363.40000000000003,30.283333333333335,11,0.25,1,130,65.0,1,2,2,Lost / Inactive
14254,2010-10-03 11:52:00,2010-10-03 11:52:00,23,1,263,11.434782608695652,601.03,26.13173913043478,23,0.25,1,1,1.0,1,1,2,Lost / Inactive
14255,2010-06-11 15:54:00,2010-06-11 15:54:00,1,1,1,1.0,1000.63,1000.63,1,0.25,1,1,1.0,1,1,3,Lost / Inactive
14256,2010-01-14 10:35:00,2011-03-24 13:17:00,133,5,1147,8.62406015037594,2460.79,18.50218045112782,100,0.25,1,435,87.0,2,4,4,At Risk
14257,2010-03-01 15:36:00,2011-10-06 16:54:00,240,9,3332,13.883333333333333,5954.45,24.810208333333332,167,0.25,0,585,65.0,3,5,5,Loyal Customers
14258,2009-12-04 08:36:00,2011-11-30 15:27:00,300,25,17488,58.29333333333334,32051.34,106.8378,97,0.25,0,727,29.1,5,5,5,Champions
14259,2011-07-21 10:44:00,2011-07-21 10:44:00,5,1,68,13.6,120.0,24.0,5,0.25,1,1,1.0,3,1,1,Needs Attention
14260,2010-06-09 11:23:00,2010-08-25 14:55:00,51,3,544,10.666666666666666,824.28,16.16235294117647,50,0.25,1,78,26.0,1,3,3,At Risk
14261,2011-09-22 10:47:00,2011-10-20 10:04:00,52,2,406,7.8076923076923075,1163.45,22.37403846153846,52,0.25,0,28,14.0,4,2,3,Promising / New
14262,2011-04-13 12:23:00,2011-12-01 14:17:00,143,8,1645,11.503496503496503,2618.23,18.3093006993007,87,0.25,0,233,29.1,5,4,4,Champions
14263,2010-10-12 14:09:00,2010-10-12 14:09:00,16,1,171,10.6875,322.93,20.183125,16,0.25,1,1,1.0,1,1,2,Lost / Inactive
14264,2010-04-07 13:21:00,2011-07-08 10:20:00,79,6,553,7.0,1517.36,19.207088607594937,59,0.25,1,457,76.2,3,4,4,Loyal Customers
14265,2010-04-06 14:39:00,2011-08-22 13:32:00,79,4,715,9.050632911392405,1373.35,17.384177215189872,74,0.25,1,503,125.8,3,3,4,Loyal Customers
14266,2010-10-07 13:32:00,2010-10-07 13:32:00,1,1,24,24.0,40.56,40.56,1,0.25,1,1,1.0,1,1,1,Lost / Inactive
14267,2011-03-24 11:38:00,2011-06-30 10:09:00,55,3,530,9.636363636363637,1516.24,27.568,25,0.25,1,98,32.7,3,3,4,Loyal Customers
14268,2010-08-26 10:45:00,2010-08-26 10:45:00,19,1,147,7.7368421052631575,354.85,18.676315789473687,19,0.25,1,1,1.0,1,1,2,Lost / Inactive
14269,2010-09-26 12:53:00,2010-09-26 12:53:00,16,1,123,7.6875,295.73,18.483125,16,0.25,1,1,1.0,1,1,2,Lost / Inactive
14270,2011-01-12 09:33:00,2011-01-12 09:33:00,29,1,197,6.793103448275862,492.65,16.98793103448276,29,0.25,1,1,1.0,2,1,2,Lost / Inactive
14271,2010-10-26 17:01:00,2011-04-28 12:47:00,38,2,148,3.8947368421052633,214.18,5.636315789473684,38,0.25,1,184,92.0,2,2,1,Lost / Inactive
14272,2010-05-06 14:01:00,2011-09-27 10:08:00,64,4,1097,17.140625,920.81,14.38765625,62,0.25,0,509,127.2,3,3,3,Loyal Customers
14273,2011-04-11 13:24:00,2011-10-19 13:20:00,29,4,264,9.10344827586207,559.97,19.309310344827587,22,0.25,0,191,47.8,4,3,2,Loyal Customers
14274,2010-01-22 12:51:00,2010-01-22 12:51:00,15,1,178,11.866666666666667,256.6,17.10666666666667,15,0.25,1,1,1.0,1,1,1,Lost / Inactive
14275,2010-04-11 12:32:00,2010-11-09 09:06:00,23,6,538,23.391304347826086,1189.3799999999999,51.71217391304347,14,0.25,1,212,35.3,2,4,3,At Risk
14276,2010-02-17 13:10:00,2011-09-02 09:45:00,121,7,1406,11.619834710743802,2102.68,17.377520661157025,75,0.25,1,562,80.3,3,4,4,Loyal Customers
14277,2009-12-13 15:43:00,2011-11-24 15:01:00,379,9,89806,236.9551451187335,17197.61,45.37627968337731,334,0.25,0,711,79.0,5,5,5,Champions
14278,2010-10-26 12:07:00,2010-10-26 12:07:00,13,1,131,10.076923076923077,205.82999999999998,15.833076923076922,13,0.25,1,1,1.0,2,1,1,Lost / Inactive
14279,2010-01-27 16:34:00,2010-07-07 08:42:00,3,2,46,15.333333333333334,191.86,63.95333333333334,3,0.25,1,161,80.5,1,2,1,Lost / Inactive
14280,2011-05-27 10:37:00,2011-05-27 10:37:00,8,1,52,6.5,134.04,16.755,8,0.25,1,1,1.0,2,1,1,Lost / Inactive
14281,2010-10-27 14:45:00,2010-10-27 14:45:00,7,1,45,6.428571428571429,245.14999999999998,35.021428571428565,7,0.25,1,1,1.0,2,1,1,Lost / Inactive
14282,2010-02-15 11:22:00,2011-12-06 17:04:00,239,25,5166,21.615062761506277,7250.76,30.337907949790797,100,0.25,0,660,26.4,5,5,5,Champions
14283,2010-05-19 12:22:00,2010-09-02 14:46:00,41,4,550,13.414634146341463,628.44,15.327804878048783,36,0.25,1,107,26.8,1,3,3,At Risk
14284,2010-02-24 12:06:00,2011-11-09 08:11:00,67,3,510,7.611940298507463,1299.65,19.39776119402985,59,0.25,0,623,207.7,4,3,4,Loyal Customers
14285,2009-12-08 14:13:00,2011-11-18 14:50:00,61,8,954,15.639344262295081,3284.42,53.84295081967213,48,0.25,0,711,88.9,4,4,5,Champions
14286,2009-12-04 08:40:00,2011-11-16 10:34:00,499,7,8795,17.625250501002004,8479.76,16.993507014028058,270,0.25,0,713,101.9,4,4,5,Champions
14287,2011-05-25 11:41:00,2011-12-01 13:25:00,9,3,261,29.0,176.63,19.625555555555554,9,0.25,0,191,63.7,5,3,1,Loyal Customers
14288,2011-05-10 13:22:00,2011-05-10 13:22:00,16,1,188,11.75,426.6,26.6625,16,0.25,1,1,1.0,2,1,2,Lost / Inactive
14289,2011-02-23 12:33:00,2011-12-01 11:44:00,47,6,292,6.212765957446808,911.26,19.388510638297873,33,0.25,0,281,46.8,5,4,3,Champions
14290,2009-12-08 11:44:00,2011-11-28 14:02:00,151,8,1600,10.596026490066226,4516.56,29.910993377483447,120,0.25,0,721,90.1,5,4,5,Champions
14291,2009-12-09 10:46:00,2011-12-08 10:26:00,494,23,6146,12.441295546558704,7904.099999999999,16.000202429149798,241,0.25,0,729,31.7,5,5,5,Champions
14292,2010-03-19 11:10:00,2011-12-02 11:50:00,193,16,3429,17.76683937823834,9226.25,47.80440414507772,120,0.25,0,624,39.0,5,5,5,Champions
14293,2009-12-10 10:57:00,2011-12-06 15:17:00,119,9,1558,13.092436974789916,2903.0099999999998,24.39504201680672,88,0.25,0,727,80.8,5,5,4,Champions
14294,2010-10-28 16:25:00,2010-10-28 16:25:00,23,1,190,8.26086956521739,375.34,16.319130434782608,23,0.25,1,1,1.0,2,1,2,Lost / Inactive
14295,2009-12-08 09:49:00,2011-10-30 15:50:00,72,5,1029,14.291666666666666,2362.91,32.818194444444444,66,0.25,0,692,138.4,4,4,4,Champions
14296,2010-05-14 14:34:00,2010-10-14 14:14:00,27,2,314,11.62962962962963,456.4,16.9037037037037,27,0.25,1,153,76.5,1,2,2,Lost / Inactive
14297,2011-03-10 08:31:00,2011-11-22 09:06:00,62,4,865,13.951612903225806,1305.33,21.053709677419352,48,0.25,0,258,64.5,5,3,4,Loyal Customers
14298,2009-12-11 13:49:00,2011-12-01 13:12:00,2864,82,100272,35.01117318435754,91194.49,31.841651536312852,1370,0.25,0,720,8.8,5,5,5,Champions
14299,2009-12-02 10:58:00,2011-12-01 16:05:00,335,27,8136,24.286567164179104,14070.25,42.00074626865672,164,0.25,0,730,27.0,5,5,5,Champions
14300,2011-11-21 08:57:00,2011-11-21 08:57:00,3,1,32,10.666666666666666,43.2,14.4,3,0.25,0,1,1.0,5,1,1,Promising / New
14301,2010-02-11 13:07:00,2011-08-14 15:33:00,53,4,1686,31.81132075471698,1992.1799999999998,37.58830188679245,37,0.25,1,550,137.5,3,3,4,Loyal Customers
14302,2009-12-02 08:16:00,2010-10-05 08:10:00,28,3,298,10.642857142857142,742.9,26.532142857142855,25,0.25,1,307,102.3,1,3,3,At Risk
14303,2010-10-01 10:31:00,2010-10-28 15:37:00,22,2,218,9.909090909090908,277.94,12.633636363636363,21,0.25,1,28,14.0,2,2,1,Lost / Inactive
14304,2010-05-18 10:50:00,2011-05-01 11:50:00,88,3,775,8.806818181818182,1725.01,19.602386363636363,69,0.25,1,349,116.3,2,3,4,At Risk
14305,2011-07-27 14:14:00,2011-09-29 15:29:00,105,3,1089,10.371428571428572,1858.96,17.70438095238095,96,0.25,0,65,21.7,3,3,4,Loyal Customers
14306,2010-01-31 13:42:00,2011-10-19 13:23:00,46,6,2065,44.891304347826086,3151.4,68.50869565217391,43,0.25,0,626,104.3,4,4,5,Champions
14307,2009-12-07 13:06:00,2011-09-12 09:38:00,262,10,2816,10.748091603053435,4287.92,16.366106870229007,205,0.25,0,644,64.4,3,5,5,Loyal Customers
14308,2010-06-08 16:39:00,2010-06-08 16:48:00,2,2,2,1.0,1147.02,573.51,1,0.25,1,1,0.5,1,2,3,Lost / Inactive
14309,2010-06-07 10:24:00,2011-12-01 13:33:00,189,11,2583,13.666666666666666,3780.81,20.004285714285714,125,0.25,0,543,49.4,5,5,5,Champions
14310,2010-10-03 12:34:00,2010-10-03 12:34:00,22,1,230,10.454545454545455,492.1,22.36818181818182,22,0.25,1,1,1.0,1,1,2,Lost / Inactive
14311,2010-05-21 10:28:00,2011-04-11 10:14:00,31,2,235,7.580645161290323,516.45,16.65967741935484,31,0.25,1,325,162.5,2,2,2,Lost / Inactive
14312,2010-07-23 15:05:00,2011-10-24 09:46:00,180,11,1904,10.577777777777778,3090.29,17.168277777777778,148,0.25,0,458,41.6,4,5,5,Champions
14314,2010-10-05 08:00:00,2011-08-25 10:39:00,10,2,332,33.2,229.79999999999998,22.979999999999997,10,0.25,1,325,162.5,3,2,1,Needs Attention
14315,2010-03-15 12:49:00,2011-10-26 12:06:00,133,8,1344,10.105263157894736,3197.82,24.043759398496242,83,0.25,0,590,73.8,4,4,5,Champions
14316,2010-03-19 15:18:00,2010-10-13 16:31:00,31,5,4494,144.96774193548387,1370.34,44.20451612903226,21,0.25,1,209,41.8,1,4,4,At Risk
14317,2011-10-06 10:44:00,2011-10-06 10:44:00,24,1,255,10.625,508.58,21.190833333333334,24,0.25,0,1,1.0,3,1,2,Needs Attention
14318,2010-09-05 15:32:00,2010-09-05 15:32:00,9,1,152,16.88888888888889,158.02,17.55777777777778,9,0.25,1,1,1.0,1,1,1,Lost / Inactive
14319,2010-10-11 13:38:00,2010-10-11 13:38:00,26,1,329,12.653846153846153,494.84999999999997,19.032692307692308,26,0.25,1,1,1.0,1,1,2,Lost / Inactive
14320,2010-01-21 11:44:00,2011-05-17 09:24:00,81,5,713,8.802469135802468,1346.75,16.626543209876544,68,0.25,1,481,96.2,2,4,4,At Risk
14321,2010-08-23 12:56:00,2011-11-29 09:47:00,179,7,3275,18.29608938547486,2218.06,12.391396648044692,162,0.25,0,463,66.1,5,4,4,Champions
14322,2010-02-18 08:49:00,2010-10-06 15:17:00,13,4,158,12.153846153846153,474.1,36.46923076923077,10,0.25,1,231,57.8,1,3,2,At Risk
14323,2011-04-15 11:44:00,2011-08-17 11:37:00,36,2,350,9.722222222222221,605.06,16.807222222222222,32,0.25,1,124,62.0,3,2,2,Needs Attention
14324,2010-01-15 13:31:00,2010-10-26 11:44:00,41,2,402,9.804878048780488,701.61,17.112439024390245,41,0.25,1,284,142.0,2,2,3,Lost / Inactive
14325,2010-05-19 09:20:00,2010-05-19 09:20:00,18,1,320,17.77777777777778,245.48,13.637777777777778,18,0.25,1,1,1.0,1,1,1,Lost / Inactive
14326,2010-06-25 12:10:00,2011-04-11 15:04:00,57,3,572,10.035087719298245,940.98,16.50842105263158,54,0.25,1,291,97.0,2,3,3,At Risk
14327,2010-01-08 14:04:00,2011-06-29 13:58:00,106,6,1296,12.226415094339623,1894.93,17.87669811320755,99,0.25,1,537,89.5,3,4,4,Loyal Customers
14328,2010-09-27 16:01:00,2010-09-27 16:01:00,1,1,1,1.0,445.05,445.05,1,0.25,1,1,1.0,1,1,2,Lost / Inactive
14329,2009-12-16 15:31:00,2011-11-22 15:50:00,552,15,5913,10.71195652173913,9887.62,17.912355072463768,349,0.25,0,707,47.1,5,5,5,Champions
14330,2010-03-26 09:10:00,2010-03-26 09:10:00,13,1,103,7.923076923076923,200.63,15.433076923076923,13,0.25,1,1,1.0,1,1,1,Lost / Inactive
14331,2011-07-27 15:14:00,2011-08-07 13:17:00,28,2,252,9.0,462.65999999999997,16.523571428571426,27,0.25,1,11,5.5,3,2,2,Needs Attention
14332,2010-10-19 13:01:00,2011-11-17 11:54:00,62,5,875,14.112903225806452,1917.41,30.925967741935484,47,0.25,0,394,78.8,4,4,4,Champions
14333,2011-10-03 10:38:00,2011-10-03 10:38:00,15,1,58,3.8666666666666667,415.2,27.68,15,0.25,0,1,1.0,3,1,2,Needs Attention
14334,2010-05-20 10:04:00,2011-11-23 10:01:00,258,12,2986,11.573643410852712,4318.48,16.738294573643408,148,0.25,0,552,46.0,5,5,5,Champions
14335,2011-09-04 13:07:00,2011-11-23 13:41:00,60,2,375,6.25,454.86,7.581,55,0.25,0,81,40.5,5,2,2,Promising / New
14336,2011-03-08 16:48:00,2011-11-23 11:40:00,90,4,1759,19.544444444444444,1614.91,17.943444444444445,77,0.25,0,260,65.0,5,3,4,Loyal Customers
14338,2010-06-21 10:32:00,2011-07-01 14:08:00,50,3,622,12.44,928.1,18.562,43,0.25,1,376,125.3,3,3,3,Loyal Customers
14339,2010-10-07 08:50:00,2011-04-11 11:06:00,23,2,456,19.82608695652174,620.27,26.968260869565217,21,0.25,1,187,93.5,2,2,3,Lost / Inactive
14340,2011-05-05 09:44:00,2011-05-05 09:44:00,6,1,58,9.666666666666666,134.7,22.45,6,0.25,1,1,1.0,2,1,1,Lost / Inactive
14341,2009-12-01 12:20:00,2011-10-25 15:48:00,265,18,2813,10.615094339622642,4452.02,16.800075471698115,185,0.25,0,694,38.6,4,5,5,Champions
14342,2010-08-24 13:03:00,2011-11-18 13:21:00,33,6,521,15.787878787878787,918.4399999999999,27.83151515151515,27,0.25,0,452,75.3,4,4,3,Champions
14343,2010-01-18 16:47:00,2010-10-14 13:05:00,234,4,626,2.675213675213675,1079.66,4.613931623931625,193,0.25,1,269,67.2,1,3,3,At Risk
14344,2010-03-23 15:47:00,2011-08-04 13:51:00,230,20,1546,6.721739130434782,2993.05,13.013260869565219,140,0.25,1,499,25.0,3,5,5,Loyal Customers
14345,2011-11-01 09:51:00,2011-11-01 09:51:00,6,1,50,8.333333333333334,108.98,18.163333333333334,6,0.25,0,1,1.0,4,1,1,Promising / New
14346,2010-07-30 10:44:00,2011-08-11 09:47:00,146,5,1878,12.863013698630137,2315.75,15.861301369863014,123,0.25,1,377,75.4,3,4,4,Loyal Customers
14347,2009-12-03 10:49:00,2009-12-03 10:49:00,6,1,48,8.0,82.6,13.766666666666666,6,0.25,1,1,1.0,1,1,1,Lost / Inactive
14348,2011-03-24 16:23:00,2011-03-24 16:23:00,18,1,183,10.166666666666666,409.57,22.753888888888888,18,0.25,1,1,1.0,2,1,2,Lost / Inactive
14349,2011-11-29 15:39:00,2011-11-29 15:39:00,31,1,86,2.774193548387097,133.5,4.306451612903226,31,0.25,0,1,1.0,5,1,1,Promising / New
14350,2010-10-05 15:52:00,2011-03-10 14:14:00,59,3,543,9.203389830508474,972.03,16.47508474576271,55,0.25,1,156,52.0,2,3,3,At Risk
14351,2011-06-28 11:56:00,2011-06-28 11:56:00,1,1,12,12.0,51.0,51.0,1,0.25,1,1,1.0,3,1,1,Needs Attention
14352,2011-03-11 14:58:00,2011-07-05 15:41:00,47,4,538,11.446808510638299,1078.96,22.95659574468085,44,0.25,1,117,29.2,3,3,3,Loyal Customers
14353,2010-10-04 12:38:00,2011-05-08 16:06:00,25,3,344,13.76,376.5,15.06,18,0.25,1,217,72.3,2,3,2,At Risk
14354,2011-11-09 15:36:00,2011-12-04 11:32:00,9,2,210,23.333333333333332,163.62,18.18,9,0.25,0,25,12.5,5,2,1,Promising / New
14355,2010-03-22 15:08:00,2010-12-09 12:16:00,60,3,617,10.283333333333333,840.05,14.000833333333333,57,0.25,1,262,87.3,2,3,3,At Risk
14356,2011-09-19 14:43:00,2011-09-21 09:18:00,33,2,277,8.393939393939394,701.23,21.24939393939394,33,0.25,0,2,1.0,3,2,3,Needs Attention
14357,2011-10-27 16:23:00,2011-10-27 16:23:00,40,1,147,3.675,225.12,5.628,39,0.25,0,1,1.0,4,1,1,Promising / New
14358,2010-10-07 17:26:00,2010-11-15 15:51:00,25,2,338,13.52,400.06,16.0024,21,0.25,1,39,19.5,2,2,2,Lost / Inactive
14359,2011-09-13 09:03:00,2011-11-20 13:17:00,55,3,371,6.745454545454545,912.18,16.58509090909091,44,0.25,0,69,23.0,5,3,3,Loyal Customers
14360,2011-09-06 11:58:00,2011-11-08 09:12:00,117,4,1139,9.735042735042734,2118.03,18.102820512820514,104,0.25,0,63,15.8,4,3,4,Loyal Customers
14361,2010-05-10 12:29:00,2010-05-10 12:29:00,14,1,251,17.928571428571427,214.71,15.336428571428572,14,0.25,1,1,1.0,1,1,1,Lost / Inactive
14362,2011-11-17 15:08:00,2011-11-17 15:08:00,37,1,96,2.5945945945945947,151.5,4.094594594594595,37,0.25,0,1,1.0,4,1,1,Promising / New
14363,2010-09-14 14:39:00,2010-11-02 17:01:00,8,2,105,13.125,227.47,28.43375,8,0.25,1,50,25.0,2,2,1,Lost / Inactive
14364,2011-05-12 12:56:00,2011-08-23 11:01:00,69,8,1967,28.507246376811594,3717.35,53.87463768115942,61,0.25,1,103,12.9,3,4,5,Loyal Customers
14365,2010-01-27 09:44:00,2010-11-10 09:52:00,51,2,557,10.92156862745098,634.68,12.44470588235294,50,0.25,1,288,144.0,2,2,3,Lost / Inactive
14366,2010-07-02 17:23:00,2010-07-02 17:23:00,1,1,16,16.0,136.0,136.0,1,0.25,1,1,1.0,1,1,1,Lost / Inactive
14367,2011-03-08 14:12:00,2011-12-01 13:19:00,521,16,4426,8.495201535508638,9227.82,17.711746641074857,270,0.25,0,268,16.8,5,5,5,Champions
14368,2011-01-24 09:52:00,2011-01-24 09:52:00,8,1,36,4.5,155.0,19.375,8,0.25,1,1,1.0,2,1,1,Lost / Inactive
14369,2010-02-16 10:28:00,2010-03-07 15:47:00,26,2,255,9.807692307692308,469.13,18.04346153846154,24,0.25,1,20,10.0,1,2,2,Lost / Inactive
14370,2010-02-01 08:35:00,2010-09-15 10:53:00,44,6,266,6.045454545454546,1175.78,26.722272727272728,37,0.25,1,227,37.8,1,4,3,At Risk
14371,2011-02-17 16:35:00,2011-02-17 16:35:00,4,1,34,8.5,100.5,25.125,4,0.25,1,1,1.0,2,1,1,Lost / Inactive
14372,2010-04-19 15:57:00,2010-09-22 16:17:00,38,2,378,9.947368421052632,860.0799999999999,22.633684210526315,36,0.25,1,157,78.5,1,2,3,Lost / Inactive
14373,2010-12-16 15:40:00,2010-12-16 15:40:00,4,1,17,4.25,76.55,19.1375,4,0.25,1,1,1.0,2,1,1,Lost / Inactive
14374,2010-06-16 14:25:00,2010-06-16 14:25:00,7,1,20,2.857142857142857,108.0,15.428571428571429,7,0.25,1,1,1.0,1,1,1,Lost / Inactive
14375,2010-06-16 14:34:00,2011-06-07 13:44:00,205,3,647,3.15609756097561,1106.82,5.399121951219512,176,0.25,1,356,118.7,3,3,3,Loyal Customers
14376,2010-01-25 15:36:00,2010-01-25 15:36:00,18,1,50,2.7777777777777777,215.46,11.97,17,0.25,1,1,1.0,1,1,1,Lost / Inactive
14377,2011-03-22 13:38:00,2011-06-01 13:32:00,11,2,219,19.90909090909091,617.05,56.095454545454544,11,0.25,1,71,35.5,2,2,3,Lost / Inactive
14378,2010-03-28 12:22:00,2010-03-28 12:22:00,9,1,57,6.333333333333333,131.25,14.583333333333334,9,0.25,1,1,1.0,1,1,1,Lost / Inactive
14379,2010-08-16 15:31:00,2011-10-26 16:43:00,128,4,712,5.5625,1265.16,9.8840625,93,0.25,0,437,109.2,4,3,4,Loyal Customers
14380,2010-01-26 17:11:00,2010-01-26 17:11:00,1,1,1,1.0,48.96,48.96,1,0.25,1,1,1.0,1,1,1,Lost / Inactive
14381,2010-09-14 16:15:00,2011-10-18 17:10:00,112,2,449,4.008928571428571,625.9399999999999,5.588749999999999,104,0.25,0,400,200.0,4,2,3,Promising / New
14382,2010-11-14 16:32:00,2011-11-13 16:18:00,279,2,1667,5.974910394265233,1193.6299999999999,4.278243727598566,227,0.25,0,364,182.0,4,2,3,Promising / New
14383,2011-06-29 10:18:00,2011-11-01 15:53:00,59,3,817,13.847457627118644,1247.69,21.14728813559322,49,0.25,0,126,42.0,4,3,4,Loyal Customers
14384,2010-07-27 09:53:00,2010-07-27 09:53:00,3,1,30,10.0,58.5,19.5,3,0.25,1,1,1.0,1,1,1,Lost / Inactive
14385,2011-11-16 11:55:00,2011-11-30 15:36:00,14,3,159,11.357142857142858,202.10999999999999,14.43642857142857,13,0.25,0,15,5.0,5,3,1,Loyal Customers
14386,2011-02-16 09:45:00,2011-02-16 09:45:00,7,1,54,7.714285714285714,142.4,20.342857142857145,7,0.25,1,1,1.0,2,1,1,Lost / Inactive
14387,2011-08-22 14:13:00,2011-11-07 12:29:00,139,3,795,5.719424460431655,1727.6,12.428776978417266,125,0.25,0,77,25.7,4,3,4,Loyal Customers
14388,2010-01-20 11:54:00,2011-11-29 13:32:00,393,16,4190,10.661577608142494,6388.2,16.254961832061067,184,0.25,0,679,42.4,5,5,5,Champions
14389,2010-04-28 14:57:00,2011-10-05 15:17:00,87,5,1388,15.954022988505747,1898.01,21.816206896551723,48,0.25,0,526,105.2,3,4,4,Loyal Customers
14390,2010-10-10 14:30:00,2011-11-29 13:49:00,459,13,2830,6.16557734204793,6150.03,13.39875816993464,197,0.25,0,415,31.9,5,5,5,Champions
14391,2010-05-12 09:42:00,2010-05-12 09:42:00,14,1,168,12.0,135.6,9.685714285714285,14,0.25,1,1,1.0,1,1,1,Lost / Inactive
14392,2010-10-03 12:56:00,2010-10-03 12:56:00,14,1,114,8.142857142857142,266.4,19.02857142857143,14,0.25,1,1,1.0,1,1,1,Lost / Inactive
14393,2011-05-05 18:16:00,2011-05-05 18:16:00,5,1,13,2.6,67.95,13.59,5,0.25,1,1,1.0,2,1,1,Lost / Inactive
14394,2010-05-24 10:43:00,2010-05-24 10:43:00,6,1,58,9.666666666666666,93.8,15.633333333333333,6,0.25,1,1,1.0,1,1,1,Lost / Inactive
14395,2010-04-18 13:12:00,2011-12-07 14:34:00,779,20,3872,4.970474967907574,7801.93,10.015314505776637,320,0.25,0,599,30.0,5,5,5,Champions
14396,2009-12-02 14:21:00,2011-10-05 16:09:00,249,7,959,3.8514056224899598,1969.38,7.909156626506024,202,0.25,0,673,96.1,3,4,4,Loyal Customers
14397,2011-05-10 12:25:00,2011-12-07 09:22:00,87,19,1890,21.724137931034484,2612.96,30.034022988505747,18,0.25,0,211,11.1,5,5,4,Champions
14398,2010-06-30 11:57:00,2010-11-03 13:46:00,53,2,267,5.037735849056604,707.79,13.354528301886791,50,0.25,1,127,63.5,2,2,3,Lost / Inactive
14399,2010-02-03 13:09:00,2010-11-10 13:23:00,192,8,965,5.026041666666667,2108.21,10.980260416666667,119,0.25,1,281,35.1,2,4,4,At Risk
14400,2010-03-18 12:11:00,2011-07-13 15:50:00,73,3,1706,23.36986301369863,1732.47,23.73246575342466,71,0.25,1,483,161.0,3,3,4,Loyal Customers
14401,2009-12-14 13:22:00,2011-12-05 13:30:00,266,22,6401,24.06390977443609,6795.9,25.5484962406015,171,0.25,0,722,32.8,5,5,5,Champions
14402,2010-02-25 13:20:00,2010-02-25 13:20:00,8,1,240,30.0,285.6,35.7,8,0.25,1,1,1.0,1,1,2,Lost / Inactive
14403,2010-03-10 14:00:00,2011-08-01 12:57:00,25,6,737,29.48,1880.51,75.2204,20,0.25,1,509,84.8,3,4,4,Loyal Customers
14404,2009-12-20 14:40:00,2011-11-06 12:30:00,181,13,1577,8.712707182320441,2724.13,15.050441988950277,123,0.25,0,686,52.8,4,5,4,Champions
14405,2010-11-18 11:40:00,2010-11-18 11:40:00,2,1,100,50.0,195.0,97.5,2,0.25,1,1,1.0,2,1,1,Lost / Inactive
14406,2011-08-12 16:54:00,2011-08-12 16:54:00,8,1,77,9.625,156.75,19.59375,8,0.25,1,1,1.0,3,1,1,Needs Attention
14407,2011-03-08 11:59:00,2011-08-24 14:02:00,73,6,1415,19.383561643835616,2157.73,29.557945205479452,67,0.25,1,170,28.3,3,4,4,Loyal Customers
14408,2009-12-07 12:18:00,2011-11-29 11:41:00,128,11,2438,19.046875,4102.27,32.048984375,63,0.25,0,722,65.6,5,5,5,Champions
14409,2010-05-21 16:45:00,2011-09-29 18:18:00,104,9,2233,21.471153846153847,3427.29,32.95471153846154,76,0.25,0,497,55.2,3,5,5,Loyal Customers
14410,2010-09-28 15:46:00,2011-09-08 15:08:00,385,11,1369,3.555844155844156,2631.9,6.8361038961038965,307,0.25,1,345,31.4,3,5,4,Loyal Customers
14411,2011-02-02 10:56:00,2011-02-02 10:56:00,14,1,196,14.0,1063.0,75.92857142857143,14,0.25,1,1,1.0,2,1,3,Lost / Inactive
14412,2010-10-11 12:33:00,2011-10-28 10:45:00,84,3,1428,17.0,1426.19,16.978452380952383,75,0.25,0,382,127.3,4,3,4,Loyal Customers
14413,2010-01-19 14:27:00,2010-12-12 13:37:00,96,4,277,2.8854166666666665,764.52,7.96375,93,0.25,1,327,81.8,2,3,3,At Risk
14414,2010-11-30 10:12:00,2011-09-09 12:09:00,118,8,2877,24.38135593220339,2399.33,20.333305084745763,99,0.25,1,284,35.5,3,4,4,Loyal Customers
14415,2009-12-16 14:08:00,2011-12-08 14:38:00,1234,23,6263,5.075364667747164,11980.09,9.708338735818476,445,0.25,0,723,31.4,5,5,5,Champions
14416,2011-10-28 15:10:00,2011-11-17 15:22:00,14,2,326,23.285714285714285,490.22,35.01571428571429,13,0.25,0,21,10.5,4,2,2,Promising / New
14417,2010-11-17 10:55:00,2010-11-17 10:55:00,117,1,543,4.641025641025641,524.65,4.484188034188034,106,0.25,1,1,1.0,2,1,2,Lost / Inactive
14418,2011-08-23 17:18:00,2011-12-06 11:39:00,124,3,1711,13.798387096774194,1937.25,15.622983870967742,114,0.25,0,105,35.0,5,3,4,Loyal Customers
14419,2010-11-22 11:09:00,2011-11-29 11:22:00,225,7,552,2.453333333333333,1254.64,5.576177777777779,118,0.25,0,373,53.3,5,4,4,Champions
14420,2010-01-17 12:41:00,2011-09-01 18:07:00,93,4,1120,12.043010752688172,1639.17,17.62548387096774,85,0.25,1,593,148.2,3,3,4,Loyal Customers
14421,2010-01-17 11:30:00,2011-10-13 13:24:00,96,6,1342,13.979166666666666,2469.37,25.722604166666667,72,0.25,0,635,105.8,4,4,4,Champions
14422,2009-12-17 12:12:00,2011-12-09 11:26:00,552,19,6067,10.990942028985508,10271.52,18.60782608695652,317,0.25,0,722,38.0,5,5,5,Champions
14423,2010-01-14 11:49:00,2011-05-05 15:12:00,15,3,419,27.933333333333334,916.61,61.10733333333334,12,0.25,1,477,159.0,2,3,3,At Risk
14424,2011-11-22 11:48:00,2011-11-22 11:48:00,1,1,48,48.0,322.08,322.08,1,0.25,0,1,1.0,5,1,2,Promising / New
14425,2009-12-02 11:31:00,2010-10-01 10:24:00,39,3,325,8.333333333333334,661.39,16.958717948717947,35,0.25,1,303,101.0,1,3,3,At Risk
14426,2010-03-04 14:36:00,2011-11-16 12:25:00,604,17,7023,11.62748344370861,11727.94,19.417119205298015,452,0.25,0,622,36.6,4,5,5,Champions
14427,2010-03-18 09:49:00,2011-10-20 14:23:00,44,4,538,12.227272727272727,1263.52,28.716363636363635,43,0.25,0,582,145.5,4,3,4,Loyal Customers
14428,2011-01-18 16:39:00,2011-12-02 13:17:00,137,5,428,3.124087591240876,1224.06,8.934744525547444,108,0.25,0,318,63.6,5,4,4,Champions
14429,2010-11-01 10:08:00,2010-11-01 10:08:00,22,1,286,13.0,516.28,23.467272727272725,22,0.25,1,1,1.0,2,1,2,Lost / Inactive
14430,2010-04-11 15:59:00,2010-07-16 11:35:00,35,3,446,12.742857142857142,1220.9,34.88285714285715,29,0.25,1,96,32.0,1,3,3,At Risk
14431,2010-01-21 10:49:00,2011-02-10 10:40:00,81,4,1202,14.839506172839506,2614.2,32.27407407407407,72,0.25,1,385,96.2,2,3,4,At Risk
14432,2011-09-11 14:09:00,2011-11-30 08:04:00,377,6,2013,5.339522546419098,2248.5,5.964190981432361,256,0.25,0,80,13.3,5,4,4,Champions
14433,2010-08-31 12:35:00,2010-08-31 12:35:00,74,1,131,1.7702702702702702,280.7,3.7932432432432432,72,0.25,1,1,1.0,1,1,1,Lost / Inactive
14434,2011-09-28 15:31:00,2011-11-18 08:56:00,12,6,368,30.666666666666668,1372.8,114.39999999999999,3,0.25,0,51,8.5,4,4,4,Champions
14435,2010-07-26 12:33:00,2010-07-26 12:33:00,3,1,282,94.0,90.42,30.14,3,0.25,1,1,1.0,1,1,1,Lost / Inactive
14436,2010-06-04 11:32:00,2011-09-02 10:13:00,11,2,297,27.0,271.7,24.7,11,0.25,1,455,227.5,3,2,1,Needs Attention
14437,2010-05-05 12:20:00,2010-12-09 09:27:00,42,5,420,10.0,873.34,20.793809523809525,34,0.25,1,218,43.6,2,4,3,At Risk
14438,2011-02-06 14:56:00,2011-02-06 14:56:00,9,1,82,9.11111111111111,131.9,14.655555555555557,9,0.25,1,1,1.0,2,1,1,Lost / Inactive
14439,2010-01-21 14:01:00,2011-01-24 11:39:00,129,5,2244,17.3953488372093,9443.04,73.20186046511628,105,0.25,1,368,73.6,2,4,5,At Risk
14440,2009-12-02 12:13:00,2011-12-01 15:42:00,128,13,1605,12.5390625,5982.03,46.734609375,63,0.25,0,730,56.2,5,5,5,Champions
14441,2010-01-18 10:40:00,2011-12-09 09:07:00,154,11,1260,8.181818181818182,4611.69,29.94603896103896,103,0.25,0,690,62.7,5,5,5,Champions
14442,2010-01-18 12:59:00,2011-05-19 11:36:00,183,7,1431,7.819672131147541,5367.02,29.327978142076507,128,0.25,1,486,69.4,2,4,5,At Risk
14443,2010-11-25 14:18:00,2011-10-17 10:10:00,133,5,1357,10.203007518796992,2082.97,15.66142857142857,119,0.25,0,326,65.2,4,4,4,Champions
14444,2010-09-09 18:56:00,2010-09-09 18:56:00,11,1,172,15.636363636363637,120.44,10.94909090909091,11,0.25,1,1,1.0,1,1,1,Lost / Inactive
14445,2010-09-10 11:09:00,2010-09-10 11:09:00,32,1,83,2.59375,221.65,6.9265625,32,0.25,1,1,1.0,1,1,1,Lost / Inactive
14446,2010-11-18 12:08:00,2011-12-09 11:34:00,319,5,1091,3.420062695924765,1200.28,3.762633228840125,259,0.25,0,386,77.2,5,4,3,Champions
14447,2010-11-04 13:32:00,2011-11-21 08:28:00,106,6,913,8.61320754716981,1711.73,16.148396226415095,81,0.25,0,382,63.7,5,4,4,Champions
14448,2010-12-10 17:26:00,2011-11-30 13:50:00,20,2,104,5.2,375.35,18.767500000000002,20,0.25,0,355,177.5,5,2,2,Promising / New
14449,2010-09-29 13:15:00,2011-11-21 12:06:00,483,8,1604,3.320910973084886,2230.96,4.61896480331263,301,0.25,0,418,52.2,5,4,4,Champions
14450,2010-04-08 12:09:00,2011-06-12 10:46:00,76,7,522,6.868421052631579,1128.44,14.847894736842106,47,0.25,1,430,61.4,3,4,3,Loyal Customers
14451,2010-01-17 10:35:00,2011-10-10 13:38:00,512,12,1737,3.392578125,3258.68,6.364609375,245,0.25,0,632,52.7,3,5,5,Loyal Customers
14452,2010-07-06 13:13:00,2011-11-29 12:06:00,129,4,285,2.2093023255813953,658.95,5.108139534883721,108,0.25,0,511,127.8,5,3,3,Loyal Customers
14453,2011-06-02 14:15:00,2011-06-02 14:15:00,22,1,49,2.227272727272727,119.93,5.451363636363637,22,0.25,1,1,1.0,2,1,1,Lost / Inactive
14454,2009-12-06 12:56:00,2010-11-28 13:26:00,110,5,400,3.6363636363636362,977.3,8.884545454545455,93,0.25,1,358,71.6,2,4,3,At Risk
14455,2010-08-01 13:26:00,2010-10-03 15:48:00,77,4,706,9.168831168831169,617.72,8.022337662337662,65,0.25,1,64,16.0,1,3,3,At Risk
14456,2011-07-20 13:06:00,2011-12-04 13:59:00,947,9,2885,3.0464625131995775,3017.28,3.1861457233368533,580,0.25,0,138,15.3,5,5,5,Champions
14457,2011-02-02 09:39:00,2011-02-02 09:39:00,4,1,88,22.0,113.64,28.41,4,0.25,1,1,1.0,2,1,1,Lost / Inactive
14458,2010-11-24 12:43:00,2010-11-24 12:43:00,47,1,317,6.74468085106383,228.07,4.852553191489362,46,0.25,1,1,1.0,2,1,1,Lost / Inactive
14459,2010-02-26 13:26:00,2011-07-07 13:35:00,113,2,2303,20.38053097345133,5375.74,47.5729203539823,113,0.25,1,497,248.5,3,2,5,Needs Attention
14460,2009-12-15 19:06:00,2011-08-21 14:19:00,42,9,1879,44.73809523809524,1093.5,26.035714285714285,33,0.25,1,614,68.2,3,5,3,Loyal Customers
14461,2010-01-18 12:48:00,2011-07-14 17:11:00,636,13,3005,4.7248427672955975,6676.91,10.498286163522012,515,0.25,1,543,41.8,3,5,5,Loyal Customers
14462,2010-10-03 14:13:00,2011-10-04 15:55:00,281,12,1063,3.7829181494661923,2242.81,7.98153024911032,182,0.25,0,367,30.6,3,5,4,Loyal Customers
14463,2010-07-28 11:35:00,2011-09-02 15:20:00,8,4,210,26.25,786.5699999999999,98.32124999999999,7,0.25,1,402,100.5,3,3,3,Loyal Customers
14464,2010-03-22 15:20:00,2010-05-20 18:00:00,4,2,62,15.5,111.0,27.75,4,0.25,1,60,30.0,1,2,1,Lost / Inactive
14465,2010-01-07 15:03:00,2011-04-07 12:38:00,193,11,2539,13.155440414507773,3925.85,20.34119170984456,128,0.25,1,455,41.4,2,5,5,At Risk
14466,2009-12-13 15:44:00,2011-11-10 14:07:00,206,13,2507,12.169902912621358,4267.15,20.714320388349513,77,0.25,0,697,53.6,4,5,5,Champions
14467,2009-12-02 12:44:00,2011-11-22 12:48:00,303,12,1187,3.9174917491749173,2203.24,7.2714191419141905,144,0.25,0,721,60.1,5,5,4,Champions
14468,2009-12-06 12:21:00,2009-12-06 12:21:00,12,1,164,13.666666666666666,204.24,17.02,12,0.25,1,1,1.0,1,1,1,Lost / Inactive
14469,2010-01-29 11:12:00,2010-10-19 14:30:00,145,4,973,6.710344827586207,2093.46,14.437655172413793,120,0.25,1,264,66.0,1,3,4,At Risk
14470,2010-10-05 12:39:00,2011-11-28 10:31:00,60,3,282,4.7,712.04,11.867333333333333,56,0.25,0,419,139.7,5,3,3,Loyal Customers
14471,2009-12-07 12:26:00,2010-04-27 17:12:00,41,2,187,4.560975609756097,400.95,9.779268292682927,38,0.25,1,142,71.0,1,2,2,Lost / Inactive
14472,2010-01-19 13:09:00,2011-08-28 11:01:00,309,9,1271,4.11326860841424,2118.72,6.856699029126213,173,0.25,1,586,65.1,3,5,4,Loyal Customers
14473,2011-03-02 13:56:00,2011-09-26 15:10:00,7,2,88,12.571428571428571,234.34,33.47714285714286,7,0.25,0,209,104.5,3,2,1,Needs Attention
14474,2010-05-09 12:12:00,2011-10-24 13:26:00,127,2,448,3.52755905511811,1258.89,9.91251968503937,122,0.25,0,534,267.0,4,2,4,Promising / New
14475,2010-10-27 09:20:00,2011-09-29 10:46:00,48,4,541,11.270833333333334,1151.15,23.98229166666667,40,0.25,0,338,84.5,3,3,3,Loyal Customers
14476,2011-03-27 15:39:00,2011-03-27 15:39:00,17,1,110,6.470588235294118,193.0,11.352941176470589,17,0.25,1,1,1.0,2,1,1,Lost / Inactive
14477,2010-01-04 15:41:00,2011-11-20 11:11:00,14,7,1120,80.0,1969.6,140.68571428571428,7,0.25,0,685,97.9,4,4,4,Champions
14478,2009-12-01 13:20:00,2010-11-22 15:29:00,68,4,1226,18.029411764705884,1276.66,18.774411764705885,59,0.25,1,357,89.2,2,3,4,At Risk
14479,2009-12-06 13:48:00,2011-03-31 09:07:00,139,4,562,4.043165467625899,1124.71,8.091438848920864,127,0.25,1,480,120.0,2,3,3,At Risk
14480,2009-12-21 16:32:00,2011-11-28 16:35:00,65,4,670,10.307692307692308,1299.52,19.992615384615384,52,0.25,0,708,177.0,5,3,4,Loyal Customers
14481,2010-01-31 12:43:00,2011-06-28 10:38:00,150,5,1568,10.453333333333333,2284.69,15.231266666666667,114,0.25,1,513,102.6,3,4,4,Loyal Customers
14482,2010-08-26 14:13:00,2011-11-21 13:14:00,244,12,2869,11.758196721311476,4306.72,17.65049180327869,185,0.25,0,452,37.7,5,5,5,Champions
14483,2009-12-03 10:16:00,2011-03-03 10:26:00,13,2,193,14.846153846153847,257.1,19.77692307692308,13,0.25,1,456,228.0,2,2,1,Lost / Inactive
14484,2009-12-17 10:57:00,2011-10-20 14:11:00,53,4,744,14.037735849056604,1070.98,20.207169811320757,47,0.25,0,673,168.2,4,3,3,Loyal Customers
14485,2011-11-01 12:25:00,2011-11-01 12:25:00,46,1,70,1.5217391304347827,162.8,3.539130434782609,44,0.25,0,1,1.0,4,1,1,Promising / New
14486,2010-06-04 10:30:00,2010-07-16 09:42:00,6,2,90,15.0,175.5,29.25,4,0.25,1,42,21.0,1,2,1,Lost / Inactive
14487,2010-11-25 13:36:00,2011-11-13 12:17:00,168,7,761,4.529761904761905,1266.27,7.5373214285714285,129,0.25,0,353,50.4,4,4,4,Champions
14488,2011-10-03 09:30:00,2011-10-03 09:30:00,46,1,799,17.369565217391305,1064.28,23.136521739130433,46,0.25,0,1,1.0,3,1,3,Needs Attention
14489,2010-04-06 09:52:00,2011-05-16 14:51:00,100,4,1011,10.11,1574.93,15.7493,65,0.25,1,406,101.5,2,3,4,At Risk
14490,2010-10-07 11:36:00,2010-10-29 15:04:00,80,2,933,11.6625,1273.47,15.918375000000001,72,0.25,1,23,11.5,2,2,4,Lost / Inactive
14491,2010-12-02 12:10:00,2011-06-17 15:22:00,17,2,139,8.176470588235293,340.93,20.05470588235294,17,0.25,1,198,99.0,3,2,2,Needs Attention
14492,2010-03-30 14:23:00,2010-10-05 13:21:00,92,7,751,8.16304347826087,1921.91,20.890326086956524,70,0.25,1,189,27.0,1,4,4,At Risk
14493,2010-03-08 08:33:00,2011-12-02 16:14:00,355,10,3148,8.867605633802818,5087.86,14.331999999999999,292,0.25,0,635,63.5,5,5,5,Champions
14494,2009-12-08 13:25:00,2011-11-14 09:21:00,17,3,210,12.352941176470589,401.46,23.615294117647057,17,0.25,0,706,235.3,4,3,2,Loyal Customers
14495,2010-02-18 08:49:00,2011-10-20 12:28:00,7,3,68,9.714285714285714,174.8,24.97142857142857,7,0.25,0,610,203.3,4,3,1,Loyal Customers
14496,2010-03-16 13:15:00,2011-02-01 09:01:00,106,7,905,8.537735849056604,2363.89,22.300849056603774,64,0.25,1,322,46.0,2,4,4,At Risk
14497,2010-02-04 09:59:00,2011-02-03 17:01:00,40,2,332,8.3,697.0600000000001,17.4265,40,0.25,1,365,182.5,2,2,3,Lost / Inactive
14498,2010-06-07 16:05:00,2011-10-28 12:09:00,369,10,2120,5.745257452574526,3900.83,10.571355013550136,276,0.25,0,508,50.8,4,5,5,Champions
14499,2010-08-27 11:57:00,2011-11-13 13:01:00,311,7,1231,3.9581993569131835,2101.79,6.758167202572347,199,0.25,0,444,63.4,4,4,4,Champions
14500,2011-06-03 10:08:00,2011-09-12 16:45:00,7,3,117,16.714285714285715,356.85,50.978571428571435,6,0.25,0,102,34.0,3,3,2,Loyal Customers
14501,2011-01-24 10:43:00,2011-06-09 12:02:00,10,2,161,16.1,251.20999999999998,25.121,9,0.25,1,137,68.5,3,2,1,Needs Attention
14502,2011-01-30 15:52:00,2011-11-20 11:50:00,608,11,1480,2.4342105263157894,2429.83,3.9964309210526316,368,0.25,0,294,26.7,4,5,4,Champions
14503,2011-06-14 10:00:00,2011-12-06 13:30:00,164,6,2004,12.21951219512195,3543.26,21.605243902439025,113,0.25,0,176,29.3,5,4,5,Champions
14504,2011-03-06 14:38:00,2011-10-23 16:00:00,107,4,308,2.878504672897196,673.26,6.2921495327102805,85,0.25,0,232,58.0,4,3,3,Loyal Customers
14505,2009-12-09 14:48:00,2011-11-22 15:45:00,1575,19,5325,3.380952380952381,11879.08,7.542273015873016,898,0.25,0,714,37.6,5,5,5,Champions
14506,2010-04-19 08:27:00,2011-11-22 13:02:00,398,7,936,2.351758793969849,2960.25,7.437814070351759,251,0.25,0,583,83.3,5,4,5,Champions
14507,2009-12-10 17:04:00,2011-11-16 12:21:00,258,11,1491,5.77906976744186,3216.74,12.46798449612403,182,0.25,0,706,64.2,4,5,5,Champions
14508,2010-06-17 13:02:00,2011-11-17 19:48:00,177,5,347,1.96045197740113,822.92,4.6492655367231635,142,0.25,0,519,103.8,4,4,3,Champions
14509,2010-06-23 13:21:00,2010-06-23 13:21:00,25,1,38,1.52,110.95,4.438,25,0.25,1,1,1.0,1,1,1,Lost / Inactive
14510,2010-09-29 13:35:00,2010-11-29 12:46:00,75,3,793,10.573333333333334,979.85,13.064666666666668,67,0.25,1,61,20.3,2,3,3,At Risk
14511,2011-07-29 12:13:00,2011-11-28 17:05:00,68,5,784,11.529411764705882,1314.81,19.33544117647059,53,0.25,0,123,24.6,5,4,4,Champions
14512,2009-12-07 13:49:00,2011-06-05 12:39:00,79,7,736,9.316455696202532,1215.97,15.392025316455696,55,0.25,1,545,77.9,3,4,3,Loyal Customers
14513,2010-05-20 17:57:00,2011-08-31 11:25:00,19,6,593,31.210526315789473,788.01,41.47421052631579,15,0.25,1,468,78.0,3,4,3,Loyal Customers
14514,2009-12-13 13:21:00,2011-10-09 16:05:00,319,9,2362,7.4043887147335425,4380.04,13.730532915360502,212,0.25,0,666,74.0,3,5,5,Loyal Customers
14515,2010-06-07 12:37:00,2011-11-22 11:37:00,173,12,1893,10.942196531791907,3724.06,21.52635838150289,109,0.25,0,533,44.4,5,5,5,Champions
14516,2010-07-11 14:07:00,2010-07-11 14:07:00,35,1,63,1.8,151.17,4.3191428571428565,35,0.25,1,1,1.0,1,1,1,Lost / Inactive
14517,2011-07-21 11:42:00,2011-11-06 14:20:00,18,2,91,5.055555555555555,330.45,18.358333333333334,17,0.25,0,109,54.5,4,2,2,Promising / New
14518,2011-10-06 14:43:00,2011-10-06 14:43:00,16,1,278,17.375,174.37,10.898125,16,0.25,0,1,1.0,3,1,1,Needs Attention
14519,2009-12-11 10:40:00,2010-01-25 11:18:00,38,2,81,2.1315789473684212,203.14,5.34578947368421,38,0.25,1,46,23.0,1,2,1,Lost / Inactive
14520,2011-02-22 09:15:00,2011-12-08 09:46:00,4,2,146,36.5,270.6,67.65,3,0.25,0,290,145.0,5,2,1,Promising / New
14521,2010-08-05 16:35:00,2010-08-05 16:35:00,17,1,211,12.411764705882353,199.45000000000002,11.732352941176472,17,0.25,1,1,1.0,1,1,1,Lost / Inactive
14522,2010-01-24 13:55:00,2011-11-15 13:24:00,45,8,956,21.244444444444444,1748.42,38.85377777777778,34,0.25,0,660,82.5,4,4,4,Champions
14523,2011-08-23 13:13:00,2011-08-23 13:13:00,12,1,251,20.916666666666668,241.09,20.090833333333332,12,0.25,1,1,1.0,3,1,1,Needs Attention
14524,2010-10-19 11:44:00,2011-11-08 12:29:00,322,13,1169,3.630434782608696,2909.86,9.036832298136646,250,0.25,0,386,29.7,4,5,4,Champions
14525,2009-12-13 14:01:00,2011-11-20 11:37:00,526,17,5106,9.70722433460076,8026.54,15.25958174904943,340,0.25,0,707,41.6,4,5,5,Champions
14526,2010-11-15 13:32:00,2010-11-15 13:32:00,41,1,178,4.341463414634147,258.65,6.308536585365853,41,0.25,1,1,1.0,2,1,1,Lost / Inactive
14527,2009-12-02 12:06:00,2011-12-07 12:19:00,2639,122,6647,2.5187571049640014,27246.88,10.324698749526336,607,0.25,0,736,6.0,5,5,5,Champions
14528,2011-11-02 17:09:00,2011-11-02 17:09:00,18,1,278,15.444444444444445,364.21999999999997,20.234444444444442,18,0.25,0,1,1.0,4,1,2,Promising / New
14529,2011-08-21 14:10:00,2011-10-10 15:27:00,213,3,325,1.5258215962441315,578.61,2.7164788732394367,177,0.25,0,51,17.0,3,3,2,Loyal Customers
14530,2010-01-21 11:25:00,2011-11-14 10:38:00,473,16,2989,6.319238900634249,6088.87,12.872875264270613,269,0.25,0,662,41.4,4,5,5,Champions
14531,2010-08-17 10:16:00,2010-08-17 10:16:00,29,1,260,8.96551724137931,376.34,12.977241379310344,29,0.25,1,1,1.0,1,1,2,Lost / Inactive
14532,2010-01-10 11:47:00,2011-04-17 13:05:00,314,11,1111,3.538216560509554,3845.78,12.247707006369428,209,0.25,1,463,42.1,2,5,5,At Risk
14533,2010-04-08 12:13:00,2011-11-15 12:05:00,89,11,6038,67.84269662921348,3466.37,38.947977528089886,74,0.25,0,586,53.3,4,5,5,Champions
14534,2010-03-15 14:16:00,2011-12-07 12:19:00,715,26,2822,3.946853146853147,6187.66,8.65406993006993,437,0.25,0,632,24.3,5,5,5,Champions
14535,2010-02-24 15:03:00,2011-10-10 15:39:00,825,9,3214,3.895757575757576,5973.23,7.240278787878787,589,0.25,0,594,66.0,3,5,5,Loyal Customers
14536,2011-03-25 12:21:00,2011-03-25 12:21:00,18,1,39,2.1666666666666665,170.95,9.497222222222222,18,0.25,1,1,1.0,2,1,1,Lost / Inactive
14537,2010-03-26 13:44:00,2011-10-13 10:54:00,23,2,228,9.91304347826087,641.4,27.88695652173913,23,0.25,0,566,283.0,4,2,3,Promising / New
14538,2010-01-25 15:42:00,2011-10-06 10:31:00,52,5,284,5.461538461538462,1370.84,26.36230769230769,45,0.25,0,619,123.8,3,4,4,Loyal Customers
14539,2011-10-26 12:03:00,2011-11-24 09:50:00,32,2,428,13.375,537.48,16.79625,31,0.25,0,29,14.5,5,2,2,Promising / New
14540,2009-12-07 13:00:00,2011-11-30 10:15:00,264,11,1595,6.041666666666667,3709.64,14.051666666666666,197,0.25,0,723,65.7,5,5,5,Champions
14541,2010-01-07 11:59:00,2011-10-12 10:08:00,175,14,1123,6.417142857142857,2491.38,14.236457142857143,99,0.25,0,643,45.9,4,5,4,Champions
14542,2011-06-07 08:19:00,2011-06-07 08:19:00,5,1,19,3.8,103.25,20.65,5,0.25,1,1,1.0,3,1,1,Needs Attention
14543,2009-12-01 13:47:00,2011-11-11 12:45:00,212,39,2639,12.44811320754717,14587.87,68.81070754716981,106,0.25,0,710,18.2,4,5,5,Champions
14544,2010-08-26 16:00:00,2011-11-15 15:06:00,187,3,2412,12.898395721925134,2938.53,15.714064171122995,148,0.25,0,446,148.7,4,3,5,Loyal Customers
14545,2010-02-03 15:23:00,2010-02-03 15:23:00,23,1,236,10.26086956521739,349.25,15.184782608695652,23,0.25,1,1,1.0,1,1,2,Lost / Inactive
14546,2009-12-06 13:10:00,2011-12-04 13:00:00,790,11,2688,3.40253164556962,5184.84,6.563088607594937,410,0.25,0,728,66.2,5,5,5,Champions
14547,2011-10-16 14:35:00,2011-12-06 11:06:00,355,8,2639,7.433802816901409,3974.75,11.196478873239437,198,0.25,0,51,6.4,5,4,5,Champions
14548,2009-12-06 14:00:00,2011-07-12 12:19:00,110,9,986,8.963636363636363,2541.29,23.102636363636364,66,0.25,1,583,64.8,3,5,4,Loyal Customers
14549,2009-12-02 14:06:00,2011-02-01 13:47:00,143,4,394,2.7552447552447554,913.6,6.388811188811189,117,0.25,1,426,106.5,2,3,3,At Risk
14550,2010-08-13 12:05:00,2011-11-29 12:12:00,97,4,771,7.948453608247423,1345.06,13.866597938144329,77,0.25,0,474,118.5,5,3,4,Loyal Customers
14551,2010-01-27 12:06:00,2011-11-21 13:36:00,79,7,486,6.151898734177215,878.09,11.115063291139242,69,0.25,0,664,94.9,5,4,3,Champions
14552,2010-04-26 13:44:00,2011-07-11 12:49:00,154,3,258,1.6753246753246753,507.93,3.298246753246753,124,0.25,1,441,147.0,3,3,2,Loyal Customers
14553,2010-07-18 12:07:00,2011-11-20 13:20:00,288,9,1118,3.8819444444444446,1818.6,6.314583333333333,233,0.25,0,491,54.6,5,5,4,Champions
14554,2011-10-18 13:04:00,2011-11-29 16:44:00,203,4,1443,7.108374384236453,2279.49,11.229014778325123,147,0.25,0,43,10.8,5,3,4,Loyal Customers
14555,2009-12-18 11:39:00,2011-10-13 16:24:00,117,6,842,7.196581196581197,2304.03,19.692564102564106,94,0.25,0,665,110.8,4,4,4,Champions
14556,2010-01-20 11:49:00,2010-04-22 14:57:00,196,3,323,1.6479591836734695,815.69,4.161683673469388,158,0.25,1,93,31.0,1,3,3,At Risk
14557,2011-09-15 15:48:00,2011-09-15 15:48:00,16,1,510,31.875,788.38,49.27375,16,0.25,0,1,1.0,3,1,3,Needs Attention
14558,2009-12-08 10:41:00,2010-02-23 12:51:00,15,3,162,10.8,655.5,43.7,13,0.25,1,78,26.0,1,3,3,At Risk
14559,2010-11-14 16:05:00,2010-11-14 16:05:00,2,1,72,36.0,75.6,37.8,2,0.25,1,1,1.0,2,1,1,Lost / Inactive
14560,2009-12-02 10:15:00,2011-12-02 15:22:00,200,44,4580,22.9,6114.03,30.570149999999998,60,0.25,0,731,16.6,5,5,5,Champions
14561,2011-06-08 13:26:00,2011-09-25 12:39:00,69,3,1014,14.695652173913043,1080.76,15.6631884057971,67,0.25,0,109,36.3,3,3,3,Loyal Customers
14562,2010-02-07 14:10:00,2011-12-06 11:05:00,601,26,2574,4.282861896838602,6638.15,11.045174708818635,245,0.25,0,667,25.7,5,5,5,Champions
14563,2010-04-26 12:51:00,2010-07-18 12:01:00,106,2,279,2.6320754716981134,640.54,6.042830188679245,95,0.25,1,83,41.5,1,2,3,Lost / Inactive
14564,2009-12-04 09:27:00,2010-10-01 09:02:00,107,2,1295,12.102803738317757,2605.62,24.35158878504673,107,0.25,1,301,150.5,1,2,4,Lost / Inactive
14565,2010-08-23 09:48:00,2011-09-05 09:07:00,160,5,1940,12.125,3859.22,24.120124999999998,139,0.25,1,378,75.6,3,4,5,Loyal Customers
14566,2010-06-24 10:34:00,2011-08-21 11:05:00,16,4,2400,150.0,4092.0,255.75,9,0.25,1,424,106.0,3,3,5,Loyal Customers
14567,2011-08-01 13:48:00,2011-10-14 10:21:00,33,2,412,12.484848484848484,1530.36,46.374545454545455,33,0.25,0,74,37.0,4,2,4,Promising / New
14568,2010-09-30 17:15:00,2010-09-30 17:15:00,47,1,645,13.72340425531915,919.6999999999999,19.568085106382977,47,0.25,1,1,1.0,1,1,3,Lost / Inactive
14569,2010-04-15 11:49:00,2011-12-08 14:58:00,34,4,257,7.5588235294117645,597.33,17.568529411764708,31,0.25,0,603,150.8,5,3,2,Loyal Customers
14570,2010-09-22 13:07:00,2011-03-04 10:58:00,68,3,431,6.338235294117647,613.75,9.025735294117647,64,0.25,1,163,54.3,2,3,3,At Risk
14571,2010-10-10 15:06:00,2010-10-10 15:06:00,30,1,56,1.8666666666666667,160.0,5.333333333333333,30,0.25,1,1,1.0,1,1,1,Lost / Inactive
14572,2010-03-28 13:47:00,2011-12-06 14:40:00,507,11,2878,5.676528599605523,5526.88,10.901143984220907,336,0.25,0,619,56.3,5,5,5,Champions
14573,2010-01-08 16:34:00,2011-06-13 11:15:00,310,13,683,2.203225806451613,2163.12,6.977806451612903,183,0.25,1,521,40.1,3,5,4,Loyal Customers
14574,2009-12-07 12:42:00,2009-12-07 12:42:00,11,1,63,5.7272727272727275,143.7,13.063636363636363,11,0.25,1,1,1.0,1,1,1,Lost / Inactive
14575,2010-08-08 14:51:00,2010-08-08 14:51:00,72,1,163,2.263888888888889,420.22,5.836388888888889,71,0.25,1,1,1.0,1,1,2,Lost / Inactive
14576,2010-12-02 17:51:00,2010-12-02 17:51:00,1,1,12,12.0,35.4,35.4,1,0.25,1,1,1.0,2,1,1,Lost / Inactive
14577,2009-12-11 12:09:00,2011-11-27 12:47:00,182,7,569,3.1263736263736264,1364.15,7.495329670329671,104,0.25,0,717,102.4,5,4,4,Champions
14578,2011-12-06 17:18:00,2011-12-06 17:18:00,24,1,240,10.0,168.63,7.02625,24,0.25,0,1,1.0,5,1,1,Promising / New
14579,2010-10-03 14:36:00,2010-10-03 14:36:00,25,1,56,2.24,105.56,4.2224,24,0.25,1,1,1.0,1,1,1,Lost / Inactive
14580,2010-07-09 15:20:00,2010-07-09 15:20:00,1,1,3,3.0,14.85,14.85,1,0.25,1,1,1.0,1,1,1,Lost / Inactive
14581,2010-06-13 15:48:00,2011-11-23 12:39:00,60,2,304,5.066666666666666,409.65,6.8275,59,0.25,0,528,264.0,5,2,2,Promising / New
14582,2011-10-30 11:56:00,2011-10-30 11:56:00,6,1,73,12.166666666666666,114.10999999999999,19.01833333333333,6,0.25,0,1,1.0,4,1,1,Promising / New
14583,2010-03-28 15:16:00,2011-12-04 12:32:00,464,8,1071,2.3081896551724137,1660.29,3.5782112068965515,353,0.25,0,616,77.0,5,4,4,Champions
14584,2010-02-17 14:01:00,2011-06-23 18:33:00,218,8,960,4.4036697247706424,1738.16,7.973211009174312,127,0.25,1,492,61.5,3,4,4,Loyal Customers
14585,2010-10-19 12:17:00,2011-10-20 14:33:00,111,5,630,5.675675675675675,1143.27,10.29972972972973,88,0.25,0,367,73.4,4,4,3,Champions
14586,2011-03-08 10:04:00,2011-03-08 10:04:00,19,1,444,23.36842105263158,237.35999999999999,12.492631578947368,19,0.25,1,1,1.0,2,1,1,Lost / Inactive
14587,2011-01-12 13:16:00,2011-11-21 11:34:00,371,9,749,2.018867924528302,1580.29,4.259541778975741,170,0.25,0,313,34.8,5,5,4,Champions
14588,2010-05-10 15:08:00,2010-05-10 15:08:00,16,1,62,3.875,135.39,8.461875,16,0.25,1,1,1.0,1,1,1,Lost / Inactive
14589,2010-12-03 11:42:00,2010-12-03 11:42:00,3,1,5,1.6666666666666667,39.75,13.25,3,0.25,1,1,1.0,2,1,1,Lost / Inactive
14590,2009-12-07 14:10:00,2010-10-11 12:06:00,202,20,901,4.46039603960396,2993.37,14.818663366336633,124,0.25,1,308,15.4,1,5,5,At Risk
14591,2011-05-10 14:09:00,2011-11-24 13:57:00,176,4,1228,6.9772727272727275,1320.21,7.501193181818182,138,0.25,0,198,49.5,5,3,4,Loyal Customers
14592,2011-10-06 18:08:00,2011-11-04 16:35:00,158,3,407,2.5759493670886076,557.94,3.5312658227848104,132,0.25,0,29,9.7,4,3,2,Loyal Customers
14593,2009-12-09 12:57:00,2011-11-18 12:48:00,611,12,1848,3.0245499181669393,3665.53,5.99923076923077,436,0.25,0,709,59.1,4,5,5,Champions
14594,2010-12-01 13:54:00,2011-12-02 13:28:00,52,2,183,3.519230769230769,363.33,6.987115384615384,48,0.25,0,366,183.0,5,2,2,Promising / New
14595,2010-01-20 13:59:00,2011-11-20 12:12:00,136,8,1228,9.029411764705882,2164.45,15.915073529411764,119,0.25,0,669,83.6,4,4,4,Champions
14596,2010-03-23 12:13:00,2010-03-23 12:13:00,53,1,75,1.4150943396226414,222.22,4.192830188679245,50,0.25,1,1,1.0,1,1,1,Lost / Inactive
14597,2010-09-28 13:17:00,2011-11-28 13:13:00,95,6,1436,15.115789473684211,2184.63,22.996105263157897,79,0.25,0,426,71.0,5,4,4,Champions
14598,2010-05-19 13:07:00,2011-10-26 13:19:00,90,2,354,3.933333333333333,384.04,4.267111111111111,83,0.25,0,526,263.0,4,2,2,Promising / New
14599,2010-07-18 15:54:00,2010-11-14 14:49:00,79,2,292,3.6962025316455698,457.89,5.796075949367088,77,0.25,1,119,59.5,2,2,2,Lost / Inactive
14600,2010-11-11 15:56:00,2011-02-07 09:48:00,54,2,487,9.018518518518519,865.17,16.021666666666665,53,0.25,1,88,44.0,2,2,3,Lost / Inactive
14601,2011-11-29 09:48:00,2011-11-29 09:48:00,7,1,168,24.0,213.96,30.565714285714286,7,0.25,0,1,1.0,5,1,1,Promising / New
14602,2010-02-21 15:47:00,2010-02-21 15:47:00,31,1,80,2.5806451612903225,205.36,6.6245161290322585,31,0.25,1,1,1.0,1,1,1,Lost / Inactive
14603,2011-03-10 10:27:00,2011-03-10 10:27:00,2,1,400,200.0,660.0,330.0,2,0.25,1,1,1.0,2,1,3,Lost / Inactive
14604,2010-03-16 13:00:00,2010-03-16 13:00:00,23,1,88,3.8260869565217392,143.85999999999999,6.254782608695652,20,0.25,1,1,1.0,1,1,1,Lost / Inactive
14605,2009-12-08 13:59:00,2010-11-30 14:07:00,108,4,416,3.8518518518518516,921.56,8.532962962962962,88,0.25,1,358,89.5,2,3,3,At Risk
14606,2009-12-03 12:40:00,2011-12-08 19:28:00,6359,192,15217,2.392986318603554,29951.37,4.710075483566598,1262,0.25,0,736,3.8,5,5,5,Champions
14607,2009-12-15 11:25:00,2011-11-24 10:35:00,203,22,15335,75.54187192118226,23763.13,117.05975369458129,106,0.25,0,709,32.2,5,5,5,Champions
14608,2009-12-06 12:34:00,2011-12-05 16:52:00,43,11,927,21.558139534883722,3352.94,77.97534883720931,15,0.25,0,730,66.4,5,5,5,Champions
14609,2010-02-09 09:48:00,2011-09-28 12:54:00,13,10,12720,978.4615384615385,1486.2,114.32307692307693,6,0.25,0,597,59.7,3,5,4,Loyal Customers
14610,2010-07-13 16:06:00,2010-11-09 10:58:00,10,2,15,1.5,24.35,2.435,10,0.25,1,119,59.5,2,2,1,Lost / Inactive
14611,2010-04-20 10:19:00,2010-09-22 09:19:00,38,2,582,15.31578947368421,604.33,15.90342105263158,37,0.25,1,155,77.5,1,2,2,Lost / Inactive
14612,2010-10-20 16:01:00,2010-10-20 16:01:00,14,1,134,9.571428571428571,877.7,62.69285714285714,14,0.25,1,1,1.0,1,1,3,Lost / Inactive
14613,2010-01-28 13:02:00,2010-01-28 13:02:00,1,1,72,72.0,76.32,76.32,1,0.25,1,1,1.0,1,1,1,Lost / Inactive
14614,2010-11-18 13:04:00,2010-11-18 13:04:00,19,1,189,9.947368421052632,295.13,15.533157894736842,19,0.25,1,1,1.0,2,1,2,Lost / Inactive
14615,2010-06-09 13:59:00,2010-11-10 13:36:00,48,5,495,10.3125,951.76,19.828333333333333,40,0.25,1,154,30.8,2,4,3,At Risk
14616,2010-06-09 09:42:00,2011-04-11 09:54:00,5,5,170,34.0,527.78,105.556,3,0.25,1,307,61.4,2,4,2,At Risk
14617,2010-10-20 10:40:00,2010-11-02 11:41:00,9,2,81,9.0,190.47,21.163333333333334,7,0.25,1,14,7.0,2,2,1,Lost / Inactive
14618,2010-06-11 10:11:00,2011-11-30 13:45:00,51,7,704,13.803921568627452,1342.32,26.32,40,0.25,0,538,76.9,5,4,4,Champions
14619,2010-06-16 14:41:00,2011-04-08 07:37:00,60,2,594,9.9,1291.24,21.520666666666667,58,0.25,1,296,148.0,2,2,4,Lost / Inactive
14620,2011-03-01 08:30:00,2011-05-18 11:58:00,26,2,214,8.23076923076923,412.78000000000003,15.876153846153848,26,0.25,1,79,39.5,2,2,2,Lost / Inactive
14621,2010-01-25 09:08:00,2011-12-08 16:22:00,159,9,1706,10.729559748427674,3000.57,18.871509433962267,134,0.25,0,683,75.9,5,5,5,Champions
14622,2011-06-08 12:42:00,2011-06-08 12:42:00,21,1,146,6.9523809523809526,320.58,15.265714285714285,21,0.25,1,1,1.0,3,1,2,Needs Attention
14623,2010-04-16 17:12:00,2011-11-07 13:56:00,282,10,1025,3.6347517730496453,2016.98,7.152411347517731,193,0.25,0,570,57.0,4,5,4,Champions
14624,2010-04-14 10:44:00,2011-10-13 13:44:00,51,6,645,12.647058823529411,814.07,15.962156862745099,39,0.25,0,548,91.3,4,4,3,Champions
14625,2009-12-16 13:23:00,2011-05-27 15:32:00,266,11,2155,8.101503759398497,4497.88,16.90932330827068,167,0.25,1,528,48.0,2,5,5,At Risk
14626,2009-12-10 14:57:00,2011-11-16 10:37:00,232,11,3135,13.512931034482758,5410.92,23.32293103448276,181,0.25,0,706,64.2,4,5,5,Champions
14627,2010-11-25 16:32:00,2010-11-25 16:32:00,29,1,284,9.793103448275861,462.75,15.956896551724139,29,0.25,1,1,1.0,2,1,2,Lost / Inactive
14628,2010-01-25 14:40:00,2011-09-09 14:58:00,86,5,1147,13.337209302325581,1998.0,23.232558139534884,65,0.25,1,593,118.6,3,4,4,Loyal Customers
14629,2011-10-23 16:13:00,2011-12-05 16:55:00,150,2,378,2.52,955.26,6.3684,133,0.25,0,44,22.0,5,2,3,Promising / New
14630,2010-08-12 16:38:00,2010-08-12 16:38:00,21,1,111,5.285714285714286,338.65,16.126190476190477,21,0.25,1,1,1.0,1,1,2,Lost / Inactive
14631,2010-08-09 14:45:00,2011-10-20 11:17:00,91,6,1407,15.461538461538462,2025.69,22.26032967032967,65,0.25,0,437,72.8,4,4,4,Champions
14632,2011-03-22 08:49:00,2011-03-22 08:49:00,8,1,96,12.0,114.56,14.32,8,0.25,1,1,1.0,2,1,1,Lost / Inactive
14633,2011-03-18 17:07:00,2011-03-18 17:07:00,20,1,96,4.8,344.9,17.244999999999997,20,0.25,1,1,1.0,2,1,2,Lost / Inactive
14634,2010-06-16 09:48:00,2010-09-28 10:40:00,109,4,1906,17.486238532110093,2124.46,19.49045871559633,105,0.25,1,105,26.2,1,3,4,At Risk
14635,2010-09-12 10:47:00,2010-09-12 10:47:00,15,1,118,7.866666666666666,215.22,14.348,15,0.25,1,1,1.0,1,1,1,Lost / Inactive
14636,2011-03-16 09:52:00,2011-11-03 16:12:00,28,2,241,8.607142857142858,609.85,21.780357142857145,27,0.25,0,233,116.5,4,2,3,Promising / New
14637,2010-01-31 15:52:00,2010-01-31 15:52:00,7,1,100,14.285714285714286,106.67999999999999,15.239999999999998,7,0.25,1,1,1.0,1,1,1,Lost / Inactive
14638,2011-10-20 10:10:00,2011-10-20 10:10:00,16,1,166,10.375,443.6,27.725,16,0.25,0,1,1.0,4,1,2,Promising / New
14639,2010-02-16 12:35:00,2011-10-18 15:06:00,292,9,2410,8.253424657534246,4978.96,17.05123287671233,203,0.25,0,610,67.8,4,5,5,Champions
14640,2010-01-22 15:44:00,2011-11-15 13:07:00,203,10,1645,8.10344827586207,3649.36,17.97714285714286,165,0.25,0,662,66.2,4,5,5,Champions
14641,2011-11-18 10:42:00,2011-11-18 10:42:00,7,1,90,12.857142857142858,110.46000000000001,15.780000000000001,7,0.25,0,1,1.0,4,1,1,Promising / New
14642,2011-10-12 11:08:00,2011-10-12 11:08:00,2,1,76,38.0,96.11999999999999,48.059999999999995,2,0.25,0,1,1.0,4,1,1,Promising / New
14643,2009-12-11 11:52:00,2011-06-22 14:41:00,62,5,1377,22.20967741935484,1679.8899999999999,27.095,57,0.25,1,559,111.8,3,4,4,Loyal Customers
14644,2009-12-03 16:24:00,2011-10-03 08:30:00,62,7,770,12.419354838709678,2247.72,36.25354838709677,50,0.25,0,669,95.6,3,4,4,Loyal Customers
14645,2010-03-15 11:33:00,2011-07-06 09:15:00,48,3,587,12.229166666666666,876.89,18.268541666666668,45,0.25,1,478,159.3,3,3,3,Loyal Customers
14646,2009-12-02 16:52:00,2011-12-08 12:12:00,3849,151,367193,95.39958430761237,528602.52,137.33502727981295,961,0.25,0,736,4.9,5,5,5,Champions
14647,2010-07-04 13:27:00,2011-05-22 13:40:00,48,2,175,3.6458333333333335,506.03999999999996,10.542499999999999,42,0.25,1,323,161.5,2,2,2,Lost / Inactive
14648,2009-12-10 13:59:00,2010-10-19 13:12:00,431,15,3265,7.575406032482599,4466.65,10.363457076566124,286,0.25,1,313,20.9,1,5,5,At Risk
14649,2010-01-20 13:10:00,2011-12-05 12:30:00,527,9,2415,4.582542694497154,3651.19,6.928254269449716,374,0.25,0,684,76.0,5,5,5,Champions
14650,2010-04-29 20:27:00,2010-04-29 20:27:00,4,1,22,5.5,62.5,15.625,4,0.25,1,1,1.0,1,1,1,Lost / Inactive
14651,2010-03-18 11:39:00,2011-10-03 15:52:00,283,9,880,3.1095406360424027,2025.52,7.157314487632509,216,0.25,0,565,62.8,3,5,4,Loyal Customers
14652,2011-09-23 14:21:00,2011-09-23 14:21:00,29,1,53,1.8275862068965518,114.18,3.937241379310345,29,0.25,0,1,1.0,3,1,1,Needs Attention
14653,2009-12-02 11:51:00,2011-12-08 13:45:00,382,12,1969,5.154450261780105,3593.06,9.405916230366492,271,0.25,0,737,61.4,5,5,5,Champions
14654,2009-12-01 12:57:00,2009-12-01 12:57:00,27,1,273,10.11111111111111,246.86,9.142962962962963,27,0.25,1,1,1.0,1,1,1,Lost / Inactive
14655,2010-04-22 14:29:00,2011-12-01 16:28:00,103,7,2341,22.728155339805824,3878.51,37.655436893203884,72,0.25,0,589,84.1,5,4,5,Champions
14656,2010-04-15 12:10:00,2011-06-23 13:51:00,207,5,309,1.4927536231884058,790.0,3.816425120772947,148,0.25,1,435,87.0,3,4,3,Loyal Customers
14657,2010-09-30 19:57:00,2011-11-22 12:47:00,209,6,879,4.205741626794258,1450.19,6.938708133971292,143,0.25,0,418,69.7,5,4,4,Champions
14658,2011-08-14 15:42:00,2011-12-04 15:35:00,29,2,47,1.6206896551724137,247.15,8.522413793103448,27,0.25,0,112,56.0,5,2,1,Promising / New
14659,2011-01-28 12:43:00,2011-12-01 12:17:00,253,9,1195,4.723320158102767,2529.93,9.999723320158102,147,0.25,0,307,34.1,5,5,4,Champions
14660,2011-08-31 10:40:00,2011-09-14 11:34:00,30,2,228,7.6,285.74,9.524666666666667,24,0.25,0,15,7.5,3,2,2,Needs Attention
14661,2011-11-13 11:51:00,2011-11-13 11:51:00,4,1,35,8.75,107.95,26.9875,4,0.25,0,1,1.0,4,1,1,Promising / New
14662,2009-12-03 16:47:00,2011-11-11 12:13:00,238,7,907,3.810924369747899,1376.43,5.783319327731093,199,0.25,0,708,101.1,4,4,4,Champions
14663,2010-10-05 13:12:00,2010-10-05 13:21:00,68,2,397,5.838235294117647,490.6,7.214705882352941,60,0.25,1,1,0.5,1,2,2,Lost / Inactive
14664,2011-11-06 14:56:00,2011-11-20 10:59:00,98,2,465,4.744897959183674,636.24,6.492244897959184,78,0.25,0,14,7.0,4,2,3,Promising / New
14665,2010-04-26 11:17:00,2011-10-10 09:14:00,132,7,1144,8.666666666666666,2749.65,20.83068181818182,94,0.25,0,532,76.0,3,4,4,Loyal Customers
14666,2011-11-15 12:57:00,2011-11-15 12:57:00,14,1,161,11.5,195.25,13.946428571428571,14,0.25,0,1,1.0,4,1,1,Promising / New
14667,2009-12-02 12:38:00,2011-11-29 11:30:00,1270,54,11939,9.400787401574803,20395.34,16.05932283464567,578,0.25,0,727,13.5,5,5,5,Champions
14668,2010-09-20 15:03:00,2010-09-20 15:03:00,12,1,49,4.083333333333333,111.63,9.3025,10,0.25,1,1,1.0,1,1,1,Lost / Inactive
14669,2009-12-02 13:06:00,2011-04-12 11:43:00,387,7,2043,5.27906976744186,3216.7799999999997,8.312093023255814,334,0.25,1,496,70.9,2,4,5,At Risk
14670,2009-12-07 13:59:00,2011-03-04 14:13:00,179,3,423,2.363128491620112,583.33,3.2588268156424585,159,0.25,1,453,151.0,2,3,2,At Risk
14671,2010-05-20 18:21:00,2010-06-08 13:39:00,55,2,571,10.381818181818181,1127.45,20.49909090909091,48,0.25,1,19,9.5,1,2,3,Lost / Inactive
14672,2010-01-28 11:33:00,2011-04-19 10:19:00,106,4,646,6.09433962264151,1113.14,10.501320754716982,93,0.25,1,446,111.5,2,3,3,At Risk
14673,2010-10-26 10:14:00,2011-12-06 14:31:00,148,7,1822,12.31081081081081,3037.32,20.522432432432435,86,0.25,0,407,58.1,5,4,5,Champions
14674,2010-07-18 14:25:00,2010-07-18 14:25:00,14,1,103,7.357142857142857,173.66,12.404285714285715,14,0.25,1,1,1.0,1,1,1,Lost / Inactive
14675,2010-11-16 12:22:00,2011-11-23 12:58:00,221,2,660,2.986425339366516,1015.58,4.595384615384615,196,0.25,0,373,186.5,5,2,3,Promising / New
14676,2010-03-10 09:30:00,2011-11-08 13:29:00,133,12,8792,66.10526315789474,8356.789999999999,62.83300751879698,77,0.25,0,609,50.8,4,5,5,Champions
14677,2010-04-26 09:48:00,2010-04-26 09:48:00,14,1,139,9.928571428571429,184.91,13.207857142857142,14,0.25,1,1,1.0,1,1,1,Lost / Inactive
14678,2010-05-09 14:32:00,2010-05-09 14:32:00,24,1,179,7.458333333333333,403.39,16.807916666666667,24,0.25,1,1,1.0,1,1,2,Lost / Inactive
14679,2009-12-08 17:13:00,2010-11-23 11:51:00,63,3,794,12.603174603174603,1289.44,20.467301587301588,49,0.25,1,350,116.7,2,3,4,At Risk
14680,2009-12-04 12:36:00,2011-11-14 16:59:00,1274,58,26894,21.10989010989011,55688.5,43.71153846153846,222,0.25,0,711,12.3,4,5,5,Champions
14681,2010-02-24 08:54:00,2011-09-29 15:52:00,20,6,172,8.6,875.15,43.7575,19,0.25,0,583,97.2,3,4,3,Loyal Customers
14682,2010-02-05 14:47:00,2011-06-05 12:12:00,86,6,949,11.034883720930232,1514.81,17.61406976744186,79,0.25,1,485,80.8,3,4,4,Loyal Customers
14683,2010-04-30 17:18:00,2010-04-30 17:18:00,21,1,386,18.38095238095238,146.56,6.979047619047619,21,0.25,1,1,1.0,1,1,1,Lost / Inactive
14684,2010-11-14 14:07:00,2011-11-14 11:33:00,486,6,1005,2.067901234567901,1430.03,2.942448559670782,272,0.25,0,365,60.8,4,4,4,Champions
14685,2009-12-13 11:32:00,2010-05-12 13:08:00,187,8,1969,10.529411764705882,4536.64,24.26010695187166,109,0.25,1,151,18.9,1,4,5,At Risk
14686,2010-02-18 18:29:00,2010-10-21 18:31:00,219,5,457,2.08675799086758,852.53,3.8928310502283106,185,0.25,1,246,49.2,1,4,3,At Risk
14687,2010-06-06 10:36:00,2011-08-25 11:59:00,40,3,850,21.25,1402.06,35.0515,34,0.25,1,446,148.7,3,3,4,Loyal Customers
14688,2010-09-09 12:35:00,2011-12-02 12:26:00,489,28,5041,10.30879345603272,7190.42,14.704335378323108,197,0.25,0,449,16.0,5,5,5,Champions
14689,2011-05-15 11:22:00,2011-05-15 11:22:00,13,1,76,5.846153846153846,112.8,8.676923076923076,13,0.25,1,1,1.0,2,1,1,Lost / Inactive
14690,2010-10-25 12:20:00,2011-10-26 15:39:00,103,4,341,3.3106796116504853,777.6800000000001,7.550291262135923,69,0.25,0,367,91.8,4,3,3,Loyal Customers
14691,2011-05-11 09:55:00,2011-11-09 12:30:00,71,5,707,9.95774647887324,2114.33,29.779295774647885,50,0.25,0,183,36.6,4,4,4,Champions
14692,2010-04-01 14:04:00,2011-07-25 15:08:00,159,12,890,5.59748427672956,1715.14,10.787044025157233,101,0.25,1,481,40.1,3,5,4,Loyal Customers
14693,2010-07-02 08:28:00,2011-03-20 12:50:00,75,7,388,5.173333333333333,1165.3600000000001,15.538133333333334,43,0.25,1,262,37.4,2,4,3,At Risk
14694,2010-04-01 19:46:00,2010-04-01 19:46:00,15,1,193,12.866666666666667,244.31,16.287333333333333,15,0.25,1,1,1.0,1,1,1,Lost / Inactive
14695,2009-12-07 11:05:00,2010-07-08 14:18:00,82,3,661,8.060975609756097,1534.22,18.71,76,0.25,1,214,71.3,1,3,4,At Risk
14696,2010-10-14 11:43:00,2011-12-05 13:43:00,154,8,1867,12.123376623376624,2473.28,16.060259740259742,137,0.25,0,418,52.2,5,4,4,Champions
14697,2011-05-05 15:29:00,2011-05-05 15:39:00,22,2,181,8.227272727272727,188.61,8.57318181818182,22,0.25,1,1,0.5,2,2,1,Lost / Inactive
14698,2011-10-19 12:54:00,2011-12-08 12:26:00,200,5,602,3.01,1217.27,6.0863499999999995,148,0.25,0,50,10.0,5,4,3,Champions
14699,2010-07-02 12:04:00,2011-05-09 14:54:00,50,4,484,9.68,702.6,14.052,45,0.25,1,312,78.0,2,3,3,At Risk
14700,2010-08-11 12:19:00,2011-11-07 14:40:00,167,5,1606,9.616766467065869,3076.06,18.419520958083833,111,0.25,0,454,90.8,4,4,5,Champions
14701,2010-01-24 12:15:00,2011-11-29 12:38:00,595,15,1744,2.9310924369747897,4487.11,7.5413613445378145,455,0.25,0,675,45.0,5,5,5,Champions
14702,2009-12-10 20:22:00,2011-12-08 19:29:00,679,29,2878,4.238586156111929,6368.78,9.379646539027982,338,0.25,0,728,25.1,5,5,5,Champions
14703,2011-11-25 09:23:00,2011-11-25 09:23:00,22,1,183,8.318181818181818,318.17,14.462272727272728,22,0.25,0,1,1.0,5,1,2,Promising / New
14704,2010-03-25 17:21:00,2011-11-28 12:51:00,455,11,1164,2.558241758241758,1752.92,3.8525714285714288,319,0.25,0,613,55.7,5,5,4,Champions
14705,2011-05-25 12:39:00,2011-05-25 12:39:00,1,1,100,100.0,179.0,179.0,1,0.25,1,1,1.0,2,1,1,Lost / Inactive
14706,2010-03-31 11:09:00,2010-03-31 11:09:00,25,1,246,9.84,367.54,14.701600000000001,25,0.25,1,1,1.0,1,1,2,Lost / Inactive
14707,2010-05-12 11:07:00,2010-09-30 11:37:00,2,2,96,48.0,139.2,69.6,1,0.25,1,142,71.0,1,2,1,Lost / Inactive
14708,2010-09-10 10:26:00,2011-12-07 08:21:00,41,5,1159,28.26829268292683,1793.22,43.737073170731705,27,0.25,0,453,90.6,5,4,4,Champions
14709,2009-12-05 15:26:00,2011-11-24 15:41:00,357,25,4141,11.599439775910364,8886.33,24.891680672268908,105,0.25,0,720,28.8,5,5,5,Champions
14710,2009-12-03 17:12:00,2011-11-25 14:53:00,432,13,1135,2.627314814814815,1899.79,4.397662037037037,310,0.25,0,722,55.5,5,5,4,Champions
14711,2011-03-22 13:32:00,2011-11-29 14:58:00,345,11,966,2.8,2839.62,8.230782608695652,221,0.25,0,253,23.0,5,5,4,Champions
14712,2010-10-17 14:49:00,2011-11-10 12:59:00,32,4,411,12.84375,1328.07,41.5021875,24,0.25,0,389,97.2,4,3,4,Loyal Customers
14713,2009-12-03 19:22:00,2011-11-30 16:26:00,676,21,3329,4.924556213017752,5115.76,7.567692307692308,222,0.25,0,727,34.6,5,5,5,Champions
14714,2010-01-21 11:51:00,2011-11-15 13:07:00,93,4,642,6.903225806451613,906.24,9.744516129032258,64,0.25,0,664,166.0,4,3,3,Loyal Customers
14715,2010-01-19 12:18:00,2011-11-15 12:10:00,137,8,1030,7.518248175182482,1825.45,13.324452554744527,102,0.25,0,665,83.1,4,4,4,Champions
14716,2010-09-21 12:07:00,2011-10-27 17:29:00,96,3,643,6.697916666666667,543.28,5.659166666666667,85,0.25,0,402,134.0,4,3,2,Loyal Customers
14717,2009-12-06 13:05:00,2009-12-06 13:05:00,11,1,32,2.909090909090909,81.3,7.390909090909091,11,0.25,1,1,1.0,1,1,1,Lost / Inactive
14718,2010-10-25 13:07:00,2010-10-25 13:07:00,11,1,202,18.363636363636363,226.42,20.583636363636362,11,0.25,1,1,1.0,2,1,1,Lost / Inactive
14719,2011-04-04 14:17:00,2011-12-08 12:43:00,235,5,1025,4.361702127659575,1581.84,6.731234042553191,177,0.25,0,248,49.6,5,4,4,Champions
14720,2011-08-05 12:06:00,2011-12-04 12:02:00,37,3,219,5.918918918918919,663.81,17.94081081081081,34,0.25,0,121,40.3,5,3,3,Loyal Customers
14721,2010-11-25 13:08:00,2010-11-25 13:08:00,25,1,57,2.28,109.07,4.3628,24,0.25,1,1,1.0,2,1,1,Lost / Inactive
14722,2010-08-10 13:28:00,2011-07-15 14:58:00,87,3,214,2.4597701149425286,489.52,5.626666666666666,72,0.25,1,340,113.3,3,3,2,Loyal Customers
14723,2009-12-04 11:22:00,2011-11-29 15:23:00,416,11,1168,2.8076923076923075,1803.06,4.334278846153846,287,0.25,0,726,66.0,5,5,4,Champions
14724,2010-04-28 13:26:00,2010-04-28 13:26:00,41,1,184,4.487804878048781,341.9,8.339024390243901,40,0.25,1,1,1.0,1,1,2,Lost / Inactive
14725,2010-06-23 11:34:00,2011-11-15 12:42:00,100,4,1335,13.35,1252.74,12.5274,85,0.25,0,511,127.8,4,3,4,Loyal Customers
14726,2010-02-23 12:35:00,2010-02-23 12:35:00,15,1,82,5.466666666666667,116.5,7.766666666666667,15,0.25,1,1,1.0,1,1,1,Lost / Inactive
14727,2010-06-11 13:23:00,2011-03-10 14:45:00,46,3,458,9.956521739130435,463.73,10.08108695652174,43,0.25,1,273,91.0,2,3,2,At Risk
14728,2010-10-22 15:57:00,2010-10-22 15:57:00,14,1,68,4.857142857142857,190.57999999999998,13.612857142857141,14,0.25,1,1,1.0,1,1,1,Lost / Inactive
14729,2010-03-24 13:30:00,2010-12-01 12:43:00,132,3,372,2.8181818181818183,586.24,4.441212121212121,126,0.25,1,252,84.0,2,3,2,At Risk
14730,2011-03-08 12:49:00,2011-12-08 14:39:00,462,8,1078,2.3333333333333335,1897.57,4.107294372294372,317,0.25,0,276,34.5,5,4,4,Champions
14731,2011-05-11 13:06:00,2011-10-23 15:54:00,45,3,256,5.688888888888889,380.02,8.444888888888888,38,0.25,0,166,55.3,4,3,2,Loyal Customers
14732,2009-12-09 10:48:00,2011-12-01 14:34:00,277,19,2273,8.205776173285198,5517.07,19.9172202166065,162,0.25,0,723,38.1,5,5,5,Champions
14733,2010-11-02 15:42:00,2011-11-23 15:39:00,319,15,5799,18.178683385579937,14335.15,44.937774294670845,140,0.25,0,386,25.7,5,5,5,Champions
14734,2010-06-06 15:15:00,2010-10-10 12:04:00,63,4,378,6.0,1056.42,16.76857142857143,48,0.25,1,126,31.5,1,3,3,At Risk
14735,2009-12-04 11:32:00,2011-12-06 12:09:00,366,56,4513,12.330601092896174,12240.16,33.44306010928962,198,0.25,0,733,13.1,5,5,5,Champions
14736,2010-08-11 15:13:00,2010-08-11 15:21:00,88,2,148,1.6818181818181819,374.05,4.250568181818182,70,0.25,1,1,0.5,1,2,2,Lost / Inactive
14737,2010-11-04 11:29:00,2011-12-06 10:16:00,45,4,1071,23.8,3554.17,78.98155555555556,28,0.25,0,397,99.2,5,3,5,Loyal Customers
14738,2009-12-07 10:21:00,2011-10-28 08:56:00,80,9,757,9.4625,1821.9,22.77375,58,0.25,0,690,76.7,4,5,4,Champions
14739,2009-12-02 13:23:00,2011-12-05 16:54:00,244,25,9696,39.73770491803279,11573.62,47.432868852459016,129,0.25,0,734,29.4,5,5,5,Champions
14740,2010-02-25 11:40:00,2011-05-26 18:17:00,231,11,2081,9.008658008658008,4161.06,18.013246753246754,173,0.25,1,456,41.5,2,5,5,At Risk
14741,2010-10-18 09:33:00,2011-11-28 08:48:00,76,7,1006,13.236842105263158,1713.09,22.540657894736842,48,0.25,0,406,58.0,5,4,4,Champions
14742,2010-09-30 14:07:00,2010-09-30 14:07:00,34,1,374,11.0,579.85,17.054411764705883,34,0.25,1,1,1.0,1,1,2,Lost / Inactive
14743,2010-04-26 10:26:00,2010-04-26 10:26:00,3,1,40,13.333333333333334,50.480000000000004,16.826666666666668,3,0.25,1,1,1.0,1,1,1,Lost / Inactive
14744,2010-05-18 14:06:00,2011-11-23 12:51:00,118,14,2399,20.33050847457627,3660.08,31.017627118644068,57,0.25,0,554,39.6,5,5,5,Champions
14745,2010-03-12 10:33:00,2011-08-19 10:05:00,140,12,1969,14.064285714285715,2551.41,18.22435714285714,74,0.25,1,525,43.8,3,5,4,Loyal Customers
14746,2010-10-12 11:06:00,2010-10-29 14:44:00,9,4,398,44.22222222222222,593.5,65.94444444444444,7,0.25,1,18,4.5,2,3,2,At Risk
14747,2011-04-04 14:09:00,2011-04-04 14:09:00,18,1,84,4.666666666666667,328.2,18.233333333333334,18,0.25,1,1,1.0,2,1,2,Lost / Inactive
14748,2010-03-04 17:08:00,2011-11-10 18:33:00,159,10,2422,15.232704402515724,2681.9,16.867295597484276,129,0.25,0,617,61.7,4,5,4,Champions
14749,2010-08-17 12:36:00,2010-08-17 12:36:00,18,1,403,22.38888888888889,310.15,17.230555555555554,18,0.25,1,1,1.0,1,1,2,Lost / Inactive
14750,2009-12-03 17:57:00,2009-12-03 17:57:00,32,1,65,2.03125,112.03,3.5009375,32,0.25,1,1,1.0,1,1,1,Lost / Inactive
14751,2009-12-13 14:08:00,2010-01-24 13:37:00,7,2,65,9.285714285714286,126.44999999999999,18.064285714285713,7,0.25,1,42,21.0,1,2,1,Lost / Inactive
14752,2011-10-27 11:55:00,2011-10-27 11:55:00,5,1,260,52.0,389.64,77.928,5,0.25,0,1,1.0,4,1,2,Promising / New
14753,2010-09-05 11:04:00,2011-09-13 14:50:00,48,2,412,8.583333333333334,869.51,18.114791666666665,45,0.25,0,374,187.0,3,2,3,Needs Attention
14754,2010-01-18 11:04:00,2011-10-26 12:01:00,136,6,1010,7.426470588235294,1547.93,11.381838235294119,110,0.25,0,647,107.8,4,4,4,Champions
14755,2009-12-03 16:51:00,2011-11-30 11:24:00,475,25,4401,9.265263157894736,9972.55,20.994842105263157,219,0.25,0,727,29.1,5,5,5,Champions
14756,2010-10-11 11:50:00,2011-11-24 18:13:00,119,3,1423,11.957983193277311,2653.76,22.300504201680674,102,0.25,0,410,136.7,5,3,4,Loyal Customers
14757,2011-09-25 14:36:00,2011-09-25 14:36:00,19,1,160,8.421052631578947,420.5,22.13157894736842,19,0.25,0,1,1.0,3,1,2,Needs Attention
14758,2010-04-08 08:27:00,2011-07-18 08:21:00,136,7,840,6.176470588235294,2864.97,21.065955882352938,91,0.25,1,466,66.6,3,4,4,Loyal Customers
14759,2011-04-21 10:55:00,2011-12-05 12:03:00,102,3,569,5.578431372549019,1625.97,15.940882352941177,92,0.25,0,229,76.3,5,3,4,Loyal Customers
14760,2011-02-15 16:27:00,2011-02-15 16:27:00,5,1,40,8.0,89.2,17.84,5,0.25,1,1,1.0,2,1,1,Lost / Inactive
14761,2010-09-21 14:22:00,2011-10-12 12:10:00,24,3,206,8.583333333333334,447.92,18.663333333333334,21,0.25,0,386,128.7,4,3,2,Loyal Customers
14762,2010-03-23 15:36:00,2011-03-21 08:20:00,30,2,428,14.266666666666667,417.57,13.919,28,0.25,1,363,181.5,2,2,2,Lost / Inactive
14764,2011-10-24 11:54:00,2011-10-24 11:54:00,6,1,190,31.666666666666668,278.3,46.38333333333333,6,0.25,0,1,1.0,4,1,1,Promising / New
14765,2011-06-16 19:49:00,2011-11-10 19:53:00,39,3,135,3.4615384615384617,254.11,6.515641025641026,38,0.25,0,148,49.3,4,3,1,Loyal Customers
14766,2010-06-06 11:11:00,2011-12-01 16:05:00,334,11,3999,11.97305389221557,6375.73,19.089011976047903,251,0.25,0,544,49.5,5,5,5,Champions
14767,2010-08-22 14:54:00,2010-08-22 14:54:00,18,1,117,6.5,382.81,21.267222222222223,18,0.25,1,1,1.0,1,1,2,Lost / Inactive
14768,2011-08-04 13:25:00,2011-11-22 12:54:00,5,2,52,10.4,192.6,38.519999999999996,4,0.25,0,110,55.0,5,2,1,Promising / New
14769,2009-12-16 09:17:00,2011-12-07 10:24:00,1398,17,11058,7.909871244635193,15514.11,11.09736051502146,834,0.25,0,722,42.5,5,5,5,Champions
14770,2010-02-25 18:58:00,2011-04-21 14:21:00,197,8,1598,8.111675126903553,3637.64,18.465177664974618,152,0.25,1,420,52.5,2,4,5,At Risk
14771,2009-12-03 09:44:00,2010-03-28 12:52:00,47,2,622,13.23404255319149,594.62,12.651489361702128,46,0.25,1,116,58.0,1,2,2,Lost / Inactive
14772,2011-08-19 15:04:00,2011-08-19 15:04:00,9,1,82,9.11111111111111,139.26,15.473333333333333,9,0.25,1,1,1.0,3,1,1,Needs Attention
14773,2010-04-26 10:29:00,2010-04-26 10:29:00,10,1,53,5.3,140.55,14.055000000000001,10,0.25,1,1,1.0,1,1,1,Lost / Inactive
14774,2010-06-29 12:26:00,2010-06-29 12:26:00,13,1,99,7.615384615384615,241.45,18.573076923076922,13,0.25,1,1,1.0,1,1,1,Lost / Inactive
14775,2010-12-02 16:38:00,2011-10-12 15:27:00,60,3,1174,19.566666666666666,1011.9,16.865,57,0.25,0,314,104.7,4,3,3,Loyal Customers
14776,2010-09-19 14:12:00,2011-10-19 15:34:00,190,15,4658,24.51578947368421,3708.2999999999997,19.51736842105263,68,0.25,0,396,26.4,4,5,5,Champions
14777,2010-11-01 12:50:00,2010-11-01 12:50:00,16,1,212,13.25,307.56,19.2225,16,0.25,1,1,1.0,2,1,2,Lost / Inactive
14778,2011-02-04 11:43:00,2011-08-04 15:23:00,35,2,306,8.742857142857142,730.86,20.881714285714285,34,0.25,1,182,91.0,3,2,3,Needs Attention
14779,2011-01-20 12:04:00,2011-03-04 12:42:00,41,3,84,2.048780487804878,386.15,9.418292682926829,40,0.25,1,44,14.7,2,3,2,At Risk
14780,2011-09-21 15:15:00,2011-10-16 12:46:00,27,2,310,11.481481481481481,447.68,16.58074074074074,26,0.25,0,25,12.5,4,2,2,Promising / New
14782,2011-01-24 11:12:00,2011-01-24 11:12:00,6,1,114,19.0,200.1,33.35,6,0.25,1,1,1.0,2,1,1,Lost / Inactive
14783,2010-02-18 16:16:00,2010-02-18 16:16:00,17,1,262,15.411764705882353,307.3,18.076470588235296,17,0.25,1,1,1.0,1,1,2,Lost / Inactive
14784,2010-11-15 09:49:00,2011-11-13 13:30:00,27,3,363,13.444444444444445,449.93,16.664074074074076,25,0.25,0,364,121.3,4,3,2,Loyal Customers
14785,2011-11-24 13:40:00,2011-11-29 13:21:00,3,2,84,28.0,77.4,25.8,2,0.25,0,5,2.5,5,2,1,Promising / New
14786,2010-06-07 13:42:00,2010-06-07 13:42:00,7,1,112,16.0,90.96,12.994285714285713,7,0.25,1,1,1.0,1,1,1,Lost / Inactive
14787,2010-08-25 14:38:00,2010-08-25 14:38:00,15,1,59,3.933333333333333,110.64999999999999,7.376666666666666,14,0.25,1,1,1.0,1,1,1,Lost / Inactive
14788,2010-04-22 18:16:00,2011-12-02 17:06:00,58,3,719,12.39655172413793,1156.32,19.93655172413793,53,0.25,0,589,196.3,5,3,3,Loyal Customers
14789,2011-11-11 08:59:00,2011-11-11 08:59:00,6,1,116,19.333333333333332,197.64,32.94,6,0.25,0,1,1.0,4,1,1,Promising / New
14790,2009-12-11 14:37:00,2011-11-23 09:28:00,145,10,2642,18.220689655172414,2526.62,17.42496551724138,65,0.25,0,712,71.2,5,5,4,Champions
14791,2010-04-12 10:24:00,2010-04-12 10:24:00,19,1,127,6.684210526315789,303.63,15.980526315789474,19,0.25,1,1,1.0,1,1,2,Lost / Inactive
14792,2011-10-07 09:19:00,2011-10-07 09:19:00,2,1,2,1.0,6.2,3.1,2,0.25,0,1,1.0,3,1,1,Needs Attention
14793,2010-06-22 16:54:00,2011-11-18 14:50:00,39,2,361,9.256410256410257,625.9,16.048717948717947,39,0.25,0,514,257.0,4,2,3,Promising / New
14794,2010-08-09 15:44:00,2011-12-07 10:11:00,104,10,783,7.528846153846154,1953.9,18.7875,85,0.25,0,485,48.5,5,5,4,Champions
14795,2011-06-26 13:04:00,2011-06-26 13:04:00,6,1,17,2.8333333333333335,131.45000000000002,21.908333333333335,6,0.25,1,1,1.0,3,1,1,Needs Attention
14796,2009-12-14 15:06:00,2011-12-08 15:31:00,1493,27,7188,4.814467515070328,10169.33,6.811339584728734,487,0.25,0,725,26.9,5,5,5,Champions
14797,2010-07-20 14:07:00,2010-07-20 14:07:00,16,1,99,6.1875,300.31,18.769375,16,0.25,1,1,1.0,1,1,2,Lost / Inactive
14798,2010-03-01 08:38:00,2011-10-18 10:58:00,49,8,601,12.26530612244898,724.31,14.781836734693876,30,0.25,0,597,74.6,4,4,3,Champions
14799,2009-12-02 11:18:00,2011-10-19 16:16:00,23,2,495,21.52173913043478,338.15,14.702173913043477,20,0.25,0,687,343.5,4,2,2,Promising / New
14800,2010-09-30 14:38:00,2011-10-23 12:46:00,600,17,6501,10.835,7191.33,11.98555,337,0.25,0,388,22.8,4,5,5,Champions
14801,2011-10-09 15:24:00,2011-10-09 15:24:00,57,1,173,3.0350877192982457,189.34,3.3217543859649123,56,0.25,0,1,1.0,3,1,1,Needs Attention
14802,2010-09-27 16:32:00,2010-09-27 16:34:00,2,2,2,1.0,1502.98,751.49,1,0.25,1,1,0.5,1,2,4,Lost / Inactive
14803,2011-02-20 13:21:00,2011-06-30 13:58:00,44,3,370,8.409090909090908,845.5500000000001,19.217045454545456,35,0.25,1,131,43.7,3,3,3,Loyal Customers
14804,2011-12-01 11:20:00,2011-12-01 11:20:00,12,1,121,10.083333333333334,353.27,29.439166666666665,12,0.25,0,1,1.0,5,1,2,Promising / New
14805,2010-03-28 12:34:00,2011-11-24 16:20:00,127,7,416,3.2755905511811023,1082.55,8.524015748031495,88,0.25,0,607,86.7,5,4,3,Champions
14806,2010-09-26 15:50:00,2011-09-25 15:32:00,20,2,423,21.15,303.43,15.1715,17,0.25,0,364,182.0,3,2,2,Needs Attention
14807,2010-02-28 11:33:00,2010-11-14 12:47:00,38,2,234,6.157894736842105,504.14,13.266842105263157,37,0.25,1,260,130.0,2,2,2,Lost / Inactive
14808,2011-06-20 12:53:00,2011-10-31 12:21:00,231,8,2120,9.177489177489177,2718.6,11.768831168831168,176,0.25,0,133,16.6,4,4,4,Champions
14809,2010-03-28 15:42:00,2010-03-28 15:44:00,18,2,232,12.88888888888889,686.76,38.153333333333336,18,0.25,1,1,0.5,1,2,3,Lost / Inactive
14810,2010-10-06 13:12:00,2011-10-30 11:19:00,301,13,1162,3.86046511627907,2354.03,7.820697674418605,125,0.25,0,389,29.9,4,5,4,Champions
14811,2010-11-17 13:09:00,2010-11-17 13:09:00,28,1,74,2.642857142857143,170.5,6.089285714285714,28,0.25,1,1,1.0,2,1,1,Lost / Inactive
14812,2010-04-20 12:13:00,2010-04-20 12:13:00,36,1,135,3.75,178.85,4.968055555555555,36,0.25,1,1,1.0,1,1,1,Lost / Inactive
14813,2010-04-08 11:49:00,2010-12-05 11:57:00,138,4,392,2.8405797101449277,888.91,6.4413768115942025,110,0.25,1,242,60.5,2,3,3,At Risk
14814,2010-05-07 14:10:00,2010-05-07 14:10:00,30,1,93,3.1,154.21,5.140333333333333,28,0.25,1,1,1.0,1,1,1,Lost / Inactive
14815,2011-10-03 11:36:00,2011-11-03 11:36:00,53,2,744,14.037735849056604,778.5,14.68867924528302,53,0.25,0,32,16.0,4,2,3,Promising / New
14816,2011-05-26 13:16:00,2011-05-26 13:16:00,4,1,5,1.25,271.85,67.9625,4,0.25,1,1,1.0,2,1,1,Lost / Inactive
14817,2010-03-22 12:10:00,2011-05-23 13:35:00,230,7,2462,10.704347826086957,3959.86,17.216782608695652,142,0.25,1,428,61.1,2,4,5,At Risk
14818,2010-03-02 12:48:00,2011-09-27 11:01:00,104,6,543,5.221153846153846,1153.56,11.091923076923077,87,0.25,0,574,95.7,3,4,3,Loyal Customers
14819,2009-12-21 15:54:00,2011-10-06 13:41:00,54,4,170,3.1481481481481484,456.41,8.452037037037037,52,0.25,0,654,163.5,3,3,2,Loyal Customers
14820,2010-01-31 12:49:00,2011-11-18 15:41:00,64,9,724,11.3125,1274.76,19.918125,51,0.25,0,657,73.0,4,5,4,Champions
14821,2010-02-01 13:33:00,2010-12-08 08:43:00,69,7,459,6.6521739130434785,1230.15,17.82826086956522,65,0.25,1,310,44.3,2,4,4,At Risk
14822,2010-08-11 12:52:00,2010-08-11 12:52:00,9,1,94,10.444444444444445,157.7,17.522222222222222,9,0.25,1,1,1.0,1,1,1,Lost / Inactive
14823,2011-05-29 12:48:00,2011-06-12 13:12:00,70,3,88,1.2571428571428571,321.43,4.591857142857143,56,0.25,1,15,5.0,3,3,2,Loyal Customers
14824,2010-03-12 13:07:00,2011-11-29 14:20:00,158,10,1954,12.367088607594937,4022.91,25.46145569620253,84,0.25,0,628,62.8,5,5,5,Champions
14825,2010-04-06 14:14:00,2011-12-06 11:38:00,299,24,2774,9.277591973244148,4735.08,15.83638795986622,187,0.25,0,609,25.4,5,5,5,Champions
14826,2010-01-13 13:08:00,2010-05-07 09:00:00,10,2,152,15.2,385.2,38.519999999999996,10,0.25,1,114,57.0,1,2,2,Lost / Inactive
14828,2009-12-07 11:19:00,2011-05-27 10:16:00,101,13,9718,96.21782178217822,9839.46,97.42039603960396,72,0.25,1,536,41.2,2,5,5,At Risk
14829,2010-09-29 13:14:00,2011-11-10 16:16:00,91,7,957,10.516483516483516,1455.87,15.998571428571427,77,0.25,0,408,58.3,4,4,4,Champions
14830,2011-10-17 14:29:00,2011-10-17 14:29:00,39,1,164,4.205128205128205,188.88,4.843076923076923,39,0.25,0,1,1.0,4,1,1,Promising / New
14831,2009-12-02 09:21:00,2010-01-28 14:31:00,82,3,885,10.792682926829269,1676.57,20.445975609756097,67,0.25,1,58,19.3,1,3,4,At Risk
14832,2010-03-19 15:14:00,2010-03-19 15:14:00,1,1,1,1.0,322.69,322.69,1,0.25,1,1,1.0,1,1,2,Lost / Inactive
14833,2010-07-29 10:06:00,2010-07-29 10:06:00,7,1,58,8.285714285714286,94.8,13.542857142857143,7,0.25,1,1,1.0,1,1,1,Lost / Inactive
14834,2010-10-28 17:37:00,2011-11-22 10:30:00,87,7,872,10.022988505747126,2206.16,25.35816091954023,55,0.25,0,390,55.7,5,4,4,Champions
14835,2010-04-01 19:34:00,2010-06-29 10:08:00,2,2,180,90.0,297.0,148.5,1,0.25,1,89,44.5,1,2,2,Lost / Inactive
14836,2011-11-09 13:26:00,2011-11-29 16:45:00,6,3,45,7.5,102.45,17.075,5,0.25,0,21,7.0,5,3,1,Loyal Customers
14837,2010-01-24 10:20:00,2011-09-11 10:58:00,209,9,3030,14.497607655502392,3460.3199999999997,16.556555023923444,171,0.25,0,596,66.2,3,5,5,Loyal Customers
14838,2009-12-03 09:52:00,2010-10-12 15:46:00,70,2,361,5.1571428571428575,769.9200000000001,10.998857142857144,69,0.25,1,314,157.0,1,2,3,Lost / Inactive
14839,2010-01-04 16:29:00,2010-10-17 13:01:00,74,3,927,12.527027027027026,915.28,12.368648648648648,61,0.25,1,286,95.3,1,3,3,At Risk
14840,2010-06-18 15:42:00,2011-03-17 12:00:00,22,2,179,8.136363636363637,362.71,16.48681818181818,20,0.25,1,272,136.0,2,2,2,Lost / Inactive
14841,2009-12-02 16:49:00,2011-10-17 15:03:00,300,14,4164,13.88,7163.0,23.876666666666665,196,0.25,0,684,48.9,4,5,5,Champions
14842,2011-02-04 15:32:00,2011-10-27 12:37:00,145,4,1166,8.041379310344828,2824.69,19.480620689655172,128,0.25,0,265,66.2,4,3,4,Loyal Customers
14843,2010-09-29 12:39:00,2010-09-29 12:39:00,9,1,132,14.666666666666666,211.8,23.533333333333335,9,0.25,1,1,1.0,1,1,1,Lost / Inactive
14844,2010-04-12 12:50:00,2011-10-07 10:41:00,277,10,4369,15.772563176895307,6702.43,24.19649819494585,158,0.25,0,543,54.3,3,5,5,Loyal Customers
14845,2010-04-19 10:19:00,2010-04-19 10:19:00,1,1,600,600.0,150.0,150.0,1,0.25,1,1,1.0,1,1,1,Lost / Inactive
14846,2010-10-08 17:07:00,2010-10-08 17:07:00,12,1,193,16.083333333333332,437.40000000000003,36.45,12,0.25,1,1,1.0,1,1,2,Lost / Inactive
14847,2010-05-24 12:29:00,2011-07-14 10:52:00,62,3,533,8.596774193548388,1348.95,21.75725806451613,56,0.25,1,416,138.7,3,3,4,Loyal Customers
14848,2010-10-31 12:22:00,2010-10-31 12:22:00,11,1,260,23.636363636363637,310.56,28.232727272727274,11,0.25,1,1,1.0,2,1,2,Lost / Inactive
14849,2010-01-10 11:40:00,2011-11-18 10:58:00,738,43,11838,16.040650406504064,15407.61,20.877520325203253,279,0.25,0,677,15.7,4,5,5,Champions
14850,2010-05-20 13:28:00,2011-02-01 11:21:00,195,7,1393,7.143589743589744,1770.96,9.081846153846154,129,0.25,1,257,36.7,2,4,4,At Risk
14851,2010-03-19 11:52:00,2011-11-16 14:20:00,42,3,631,15.023809523809524,829.41,19.747857142857143,38,0.25,0,608,202.7,4,3,3,Loyal Customers
14852,2010-03-05 14:51:00,2011-10-12 13:20:00,309,18,4366,14.129449838187702,6132.43,19.846051779935276,152,0.25,0,586,32.6,4,5,5,Champions
14853,2010-04-13 09:26:00,2011-11-15 16:56:00,31,5,345,11.129032258064516,1376.87,44.41516129032258,26,0.25,0,582,116.4,4,4,4,Champions
14854,2010-01-22 09:48:00,2011-09-22 17:00:00,214,11,2987,13.957943925233645,4303.06,20.107757009345796,170,0.25,0,609,55.4,3,5,5,Loyal Customers
14855,2010-04-08 10:30:00,2011-08-12 14:02:00,207,7,3510,16.956521739130434,6520.3,31.499033816425122,168,0.25,1,492,70.3,3,4,5,Loyal Customers
14856,2011-10-14 09:35:00,2011-11-03 14:53:00,65,3,711,10.938461538461539,1290.53,19.854307692307692,65,0.25,0,21,7.0,4,3,4,Loyal Customers
14857,2010-03-15 11:00:00,2011-10-11 09:23:00,213,7,2081,9.769953051643192,3651.85,17.144835680751175,170,0.25,0,575,82.1,3,4,5,Loyal Customers
14858,2010-07-22 10:51:00,2010-07-22 10:51:00,11,1,105,9.545454545454545,180.75,16.431818181818183,11,0.25,1,1,1.0,1,1,1,Lost / Inactive
14859,2010-06-03 10:26:00,2011-11-27 11:18:00,66,5,888,13.454545454545455,1705.64,25.843030303030304,51,0.25,0,543,108.6,5,4,4,Champions
14860,2011-11-20 14:17:00,2011-11-20 14:17:00,11,1,232,21.09090909090909,170.32,15.483636363636363,11,0.25,0,1,1.0,5,1,1,Promising / New
14861,2009-12-08 12:12:00,2011-10-18 12:54:00,86,10,1076,12.511627906976743,1380.73,16.055,62,0.25,0,680,68.0,4,5,4,Champions
14862,2011-07-14 11:20:00,2011-11-14 10:01:00,48,2,772,16.083333333333332,841.2,17.525000000000002,47,0.25,0,123,61.5,4,2,3,Promising / New
14863,2011-11-10 15:04:00,2011-11-10 15:04:00,11,1,132,12.0,266.76,24.25090909090909,11,0.25,0,1,1.0,4,1,1,Promising / New
14865,2009-12-01 16:05:00,2011-12-02 16:25:00,6,4,204,34.0,92.52,15.42,4,0.25,0,732,183.0,5,3,1,Loyal Customers
14866,2010-08-26 11:54:00,2011-11-29 11:45:00,136,19,9089,66.83088235294117,20746.54,152.54808823529413,40,0.25,0,460,24.2,5,5,5,Champions
14867,2009-12-05 15:47:00,2011-06-07 11:39:00,137,16,996,7.2700729927007295,2952.06,21.547883211678833,67,0.25,1,549,34.3,3,5,5,Loyal Customers
14868,2010-10-15 14:52:00,2011-12-06 14:49:00,211,12,2230,10.568720379146919,4184.01,19.829431279620856,132,0.25,0,417,34.8,5,5,5,Champions
14869,2009-12-16 11:43:00,2011-12-01 12:36:00,244,6,2130,8.729508196721312,2778.14,11.385819672131147,187,0.25,0,716,119.3,5,4,4,Champions
14870,2010-01-25 09:05:00,2011-03-23 10:51:00,65,6,483,7.430769230769231,1838.95,28.29153846153846,43,0.25,1,423,70.5,2,4,4,At Risk
14871,2009-12-01 11:57:00,2011-12-06 13:42:00,194,9,446,2.2989690721649483,1228.17,6.330773195876289,123,0.25,0,736,81.8,5,5,4,Champions
14872,2010-03-16 14:41:00,2010-08-13 12:34:00,43,3,662,15.395348837209303,816.6,18.990697674418605,34,0.25,1,150,50.0,1,3,3,At Risk
14873,2010-03-16 10:51:00,2011-05-13 13:52:00,49,2,311,6.346938775510204,854.13,17.43122448979592,48,0.25,1,424,212.0,2,2,3,Lost / Inactive
14874,2010-06-22 14:58:00,2010-06-22 14:58:00,6,1,148,24.666666666666668,116.18,19.363333333333333,6,0.25,1,1,1.0,1,1,1,Lost / Inactive
14875,2010-09-24 10:28:00,2011-08-24 12:20:00,89,3,1332,14.96629213483146,2862.4,32.16179775280899,88,0.25,1,335,111.7,3,3,4,Loyal Customers
14876,2010-05-27 13:49:00,2010-07-06 14:57:00,13,2,162,12.461538461538462,256.7,19.746153846153845,12,0.25,1,41,20.5,1,2,1,Lost / Inactive
14877,2010-03-07 12:25:00,2010-10-17 13:09:00,63,2,168,2.6666666666666665,425.85,6.7595238095238095,57,0.25,1,225,112.5,1,2,2,Lost / Inactive
14878,2010-02-21 11:14:00,2011-11-27 11:15:00,369,25,2416,6.547425474254743,4076.5,11.047425474254743,159,0.25,0,645,25.8,5,5,5,Champions
14879,2010-01-24 11:35:00,2010-01-24 11:35:00,27,1,104,3.8518518518518516,185.06,6.854074074074074,27,0.25,1,1,1.0,1,1,1,Lost / Inactive
14880,2011-02-24 12:27:00,2011-09-23 13:42:00,46,3,365,7.934782608695652,690.59,15.012826086956522,45,0.25,0,212,70.7,3,3,3,Loyal Customers
14881,2011-11-20 11:06:00,2011-11-20 11:06:00,17,1,316,18.58823529411765,255.4,15.023529411764706,17,0.25,0,1,1.0,4,1,1,Promising / New
14882,2010-03-30 15:02:00,2011-11-13 12:47:00,65,14,1614,24.83076923076923,3546.65,54.56384615384616,32,0.25,0,593,42.4,4,5,5,Champions
14883,2011-05-12 09:49:00,2011-11-21 10:23:00,53,6,790,14.90566037735849,761.59,14.369622641509434,39,0.25,0,194,32.3,5,4,3,Champions
14884,2010-02-08 12:56:00,2010-02-08 12:56:00,8,1,72,9.0,120.6,15.075,8,0.25,1,1,1.0,1,1,1,Lost / Inactive
14885,2010-08-31 10:11:00,2011-07-31 12:05:00,31,3,1308,42.193548387096776,1598.12,51.552258064516124,24,0.25,1,335,111.7,3,3,4,Loyal Customers
14886,2011-04-01 08:56:00,2011-04-01 08:56:00,18,1,160,8.88888888888889,364.8,20.266666666666666,18,0.25,1,1,1.0,2,1,2,Lost / Inactive
14887,2011-09-21 15:32:00,2011-09-21 15:32:00,6,1,1100,183.33333333333334,1862.0,310.3333333333333,6,0.25,0,1,1.0,3,1,4,Needs Attention
14888,2011-05-16 14:58:00,2011-05-16 14:58:00,20,1,184,9.2,369.2,18.46,20,0.25,1,1,1.0,2,1,2,Lost / Inactive
14889,2011-01-07 15:19:00,2011-01-07 15:19:00,10,1,90,9.0,135.9,13.59,10,0.25,1,1,1.0,2,1,1,Lost / Inactive
14890,2010-02-18 09:00:00,2011-03-31 11:57:00,57,3,636,11.157894736842104,817.25,14.337719298245615,55,0.25,1,407,135.7,2,3,3,At Risk
14891,2010-09-29 12:41:00,2011-07-14 18:08:00,63,4,788,12.507936507936508,1106.73,17.56714285714286,55,0.25,1,289,72.2,3,3,3,Loyal Customers
14892,2010-01-18 08:58:00,2010-01-18 08:58:00,13,1,79,6.076923076923077,202.35,15.565384615384614,13,0.25,1,1,1.0,1,1,1,Lost / Inactive
14893,2010-04-01 09:03:00,2011-11-30 12:31:00,106,3,1047,9.877358490566039,1809.61,17.071792452830188,98,0.25,0,609,203.0,5,3,4,Loyal Customers
14894,2009-12-02 10:42:00,2011-09-15 13:51:00,46,3,603,13.108695652173912,1492.81,32.45239130434783,39,0.25,0,653,217.7,3,3,4,Loyal Customers
14895,2009-12-10 14:22:00,2011-12-02 09:23:00,900,38,10714,11.904444444444444,25119.54,27.910600000000002,441,0.25,0,722,19.0,5,5,5,Champions
14896,2009-12-06 12:42:00,2011-05-19 10:20:00,253,8,931,3.6798418972332017,1826.0,7.217391304347826,150,0.25,1,529,66.1,2,4,4,At Risk
14897,2009-12-15 17:05:00,2011-12-02 10:32:00,127,8,1162,9.149606299212598,3140.54,24.728661417322833,94,0.25,0,717,89.6,5,4,5,Champions
14898,2009-12-03 16:40:00,2011-11-16 14:54:00,291,14,2207,7.584192439862543,3365.95,11.566838487972507,185,0.25,0,713,50.9,4,5,5,Champions
14899,2010-11-09 15:20:00,2010-11-09 15:20:00,129,1,570,4.4186046511627906,1331.38,10.32077519379845,126,0.25,1,1,1.0,2,1,4,Lost / Inactive
14900,2010-07-05 15:09:00,2010-07-05 15:09:00,1,1,48,48.0,13.92,13.92,1,0.25,1,1,1.0,1,1,1,Lost / Inactive
14901,2010-07-29 11:11:00,2011-11-28 17:09:00,134,12,880,6.567164179104478,1919.0,14.32089552238806,103,0.25,0,488,40.7,5,5,4,Champions
14902,2010-06-04 12:35:00,2011-11-14 10:34:00,59,3,716,12.135593220338983,1035.62,17.5528813559322,51,0.25,0,528,176.0,4,3,3,Loyal Customers
14903,2011-03-06 11:50:00,2011-11-18 16:07:00,350,5,1531,4.3742857142857146,2795.33,7.986657142857142,227,0.25,0,258,51.6,4,4,4,Champions
14904,2010-10-08 12:48:00,2011-12-07 12:55:00,141,4,2522,17.886524822695037,1630.49,11.563758865248227,127,0.25,0,426,106.5,5,3,4,Loyal Customers
14905,2009-12-03 14:36:00,2011-07-05 12:41:00,78,8,1009,12.935897435897436,1971.3899999999999,25.27423076923077,45,0.25,1,579,72.4,3,4,4,Loyal Customers
14906,2010-09-20 16:30:00,2010-09-20 16:30:00,1,1,1,1.0,68.44,68.44,1,0.25,1,1,1.0,1,1,1,Lost / Inactive
14907,2010-04-16 13:40:00,2011-12-06 14:14:00,268,16,2583,9.638059701492537,5547.72,20.70044776119403,153,0.25,0,600,37.5,5,5,5,Champions
14908,2010-09-02 16:39:00,2011-09-26 12:56:00,14,2,182,13.0,381.9,27.27857142857143,14,0.25,0,389,194.5,3,2,2,Needs Attention
14909,2010-02-14 15:47:00,2010-09-28 16:56:00,80,3,888,11.1,1404.68,17.558500000000002,61,0.25,1,227,75.7,1,3,4,At Risk
14910,2011-10-16 11:06:00,2011-12-07 10:06:00,30,4,238,7.933333333333334,434.35,14.478333333333333,25,0.25,0,52,13.0,5,3,2,Loyal Customers
14911,2009-12-01 11:41:00,2011-12-08 15:54:00,11077,398,147972,13.358490566037736,291420.81,26.308640426108152,2550,0.25,0,738,1.9,5,5,5,Champions
14912,2010-01-26 16:29:00,2011-11-23 09:20:00,63,6,1819,28.873015873015873,1889.25,29.988095238095237,44,0.25,0,666,111.0,5,4,4,Champions
14913,2010-08-11 08:40:00,2011-11-04 08:29:00,247,8,3955,16.012145748987855,4073.13,16.490404858299595,176,0.25,0,450,56.2,4,4,5,Champions
14915,2009-12-03 10:17:00,2011-09-09 13:34:00,90,11,707,7.855555555555555,1811.25,20.125,65,0.25,1,646,58.7,3,5,4,Loyal Customers
14916,2010-04-01 10:57:00,2011-09-30 09:20:00,134,8,2415,18.02238805970149,3042.95,22.708582089552237,113,0.25,0,547,68.4,3,4,5,Loyal Customers
14917,2010-04-22 09:44:00,2010-04-22 11:28:00,29,2,891,30.724137931034484,1123.75,38.75,29,0.25,1,1,0.5,1,2,3,Lost / Inactive
14918,2010-04-08 11:18:00,2011-08-16 11:50:00,141,9,2551,18.092198581560282,5955.81,42.23978723404256,79,0.25,1,496,55.1,3,5,5,Loyal Customers
14919,2010-06-18 13:06:00,2010-06-18 13:06:00,13,1,129,9.923076923076923,359.35,27.642307692307693,13,0.25,1,1,1.0,1,1,2,Lost / Inactive
14920,2010-05-23 15:25:00,2011-05-11 10:32:00,97,3,886,9.1340206185567,1607.17,16.568762886597938,90,0.25,1,353,117.7,2,3,4,At Risk
14921,2011-05-22 12:51:00,2011-11-09 13:17:00,78,2,953,12.217948717948717,1316.07,16.872692307692308,78,0.25,0,172,86.0,4,2,4,Promising / New
14922,2010-07-20 09:45:00,2010-11-11 11:14:00,50,2,376,7.52,843.74,16.8748,49,0.25,1,115,57.5,2,2,3,Lost / Inactive
14923,2011-10-20 11:51:00,2011-10-20 11:51:00,44,1,418,9.5,749.1,17.025000000000002,44,0.25,0,1,1.0,4,1,3,Promising / New
14924,2010-03-10 12:51:00,2011-04-08 09:25:00,31,3,312,10.064516129032258,931.01,30.03258064516129,30,0.25,1,394,131.3,2,3,3,At Risk
14926,2010-04-20 09:59:00,2010-11-23 07:13:00,3,2,204,68.0,359.4,119.8,2,0.25,1,217,108.5,2,2,2,Lost / Inactive
14927,2010-11-08 12:30:00,2010-11-08 12:30:00,20,1,196,9.8,308.2,15.41,20,0.25,1,1,1.0,2,1,2,Lost / Inactive
14928,2010-03-22 09:14:00,2010-03-22 09:14:00,21,1,268,12.761904761904763,223.91,10.662380952380952,21,0.25,1,1,1.0,1,1,1,Lost / Inactive
14929,2010-10-14 12:22:00,2011-11-07 17:21:00,34,2,487,14.323529411764707,836.6899999999999,24.608529411764703,34,0.25,0,390,195.0,4,2,3,Promising / New
14930,2010-04-12 11:22:00,2011-08-23 10:31:00,278,6,2193,7.888489208633094,5236.73,18.837158273381295,213,0.25,1,498,83.0,3,4,5,Loyal Customers
14931,2011-04-13 09:32:00,2011-12-05 10:19:00,41,5,417,10.170731707317072,1257.68,30.675121951219513,30,0.25,0,237,47.4,5,4,4,Champions
14932,2010-11-19 09:16:00,2010-12-09 11:48:00,32,2,257,8.03125,666.13,20.8165625,29,0.25,1,21,10.5,2,2,3,Lost / Inactive
14933,2010-09-21 17:29:00,2010-09-22 10:47:00,4,4,600,150.0,1770.0,442.5,1,0.25,1,1,0.2,1,3,4,At Risk
14934,2010-09-24 12:08:00,2011-09-19 10:10:00,185,5,2100,11.35135135135135,3503.5,18.937837837837836,115,0.25,0,360,72.0,3,4,5,Loyal Customers
14935,2010-03-30 11:48:00,2011-02-15 14:44:00,26,2,1931,74.26923076923077,2849.83,109.60884615384614,25,0.25,1,323,161.5,2,2,4,Lost / Inactive
14936,2010-05-05 12:26:00,2011-11-06 10:30:00,527,12,6274,11.905123339658443,12410.81,23.549924098671728,267,0.25,0,550,45.8,4,5,5,Champions
14937,2011-08-01 14:16:00,2011-10-14 12:29:00,34,3,484,14.235294117647058,1621.88,47.70235294117647,33,0.25,0,74,24.7,4,3,4,Loyal Customers
14938,2010-05-26 13:35:00,2010-05-26 13:38:00,71,2,1369,19.281690140845072,2322.43,32.710281690140846,71,0.25,1,1,0.5,1,2,4,Lost / Inactive
14940,2009-12-06 15:46:00,2010-10-18 10:47:00,32,2,384,12.0,531.49,16.6090625,32,0.25,1,316,158.0,1,2,2,Lost / Inactive
14941,2010-05-10 11:30:00,2010-05-10 11:30:00,7,1,80,11.428571428571429,182.1,26.014285714285712,7,0.25,1,1,1.0,1,1,1,Lost / Inactive
14942,2009-12-10 10:32:00,2010-11-03 10:51:00,19,4,354,18.63157894736842,746.56,39.292631578947365,12,0.25,1,329,82.2,2,3,3,At Risk
14943,2010-02-14 16:04:00,2010-02-14 16:04:00,5,1,46,9.2,107.62,21.524,5,0.25,1,1,1.0,1,1,1,Lost / Inactive
14944,2010-02-17 08:47:00,2011-11-10 09:10:00,303,19,4864,16.05280528052805,9784.67,32.2926402640264,184,0.25,0,632,33.3,4,5,5,Champions
14945,2010-10-22 11:26:00,2010-10-22 11:26:00,11,1,156,14.181818181818182,179.39999999999998,16.30909090909091,11,0.25,1,1,1.0,1,1,1,Lost / Inactive
14946,2011-11-25 13:33:00,2011-11-25 13:33:00,3,1,22,7.333333333333333,100.9,33.63333333333333,3,0.25,0,1,1.0,5,1,1,Promising / New
14947,2010-03-25 11:29:00,2011-09-28 15:48:00,54,6,416,7.703703703703703,1049.79,19.440555555555555,47,0.25,0,553,92.2,3,4,3,Loyal Customers
14948,2011-05-04 14:52:00,2011-11-16 17:16:00,63,6,673,10.682539682539682,1101.97,17.491587301587302,56,0.25,0,197,32.8,4,4,3,Champions
14949,2009-12-18 15:28:00,2010-08-27 15:38:00,27,4,250,9.25925925925926,515.0,19.074074074074073,16,0.25,1,253,63.2,1,3,2,At Risk
14950,2011-11-20 13:48:00,2011-11-20 13:48:00,19,1,136,7.157894736842105,371.2,19.53684210526316,19,0.25,0,1,1.0,5,1,2,Promising / New
14951,2011-09-21 15:15:00,2011-09-21 15:15:00,20,1,311,15.55,311.69,15.5845,20,0.25,0,1,1.0,3,1,2,Needs Attention
14952,2009-12-03 15:34:00,2011-10-11 10:33:00,307,32,6977,22.72638436482085,17629.35,57.42459283387622,240,0.25,0,677,21.2,3,5,5,Loyal Customers
14953,2010-09-30 12:16:00,2011-11-14 14:59:00,245,4,1014,4.1387755102040815,971.32,3.964571428571429,202,0.25,0,411,102.8,4,3,3,Loyal Customers
14954,2010-01-05 16:38:00,2011-11-27 14:30:00,118,2,209,1.771186440677966,462.12,3.916271186440678,111,0.25,0,691,345.5,5,2,2,Promising / New
14955,2009-12-07 11:35:00,2009-12-07 11:35:00,31,1,74,2.3870967741935485,163.77,5.282903225806452,30,0.25,1,1,1.0,1,1,1,Lost / Inactive
14956,2010-10-14 16:40:00,2010-10-14 16:40:00,4,1,2500,625.0,1325.0,331.25,4,0.25,1,1,1.0,1,1,4,Lost / Inactive
14957,2010-03-05 10:50:00,2011-03-31 17:59:00,28,2,97,3.4642857142857144,261.69,9.34607142857143,27,0.25,1,392,196.0,2,2,1,Lost / Inactive
14958,2009-12-03 16:02:00,2011-07-15 14:20:00,71,6,248,3.492957746478873,941.99,13.267464788732395,52,0.25,1,589,98.2,3,4,3,Loyal Customers
14959,2011-02-16 13:00:00,2011-10-06 18:23:00,59,4,494,8.372881355932204,695.42,11.786779661016949,37,0.25,0,233,58.2,3,3,3,Loyal Customers
14960,2011-06-21 13:38:00,2011-12-01 12:54:00,27,2,221,8.185185185185185,221.27,8.195185185185185,23,0.25,0,163,81.5,5,2,1,Promising / New
14961,2009-12-04 11:32:00,2011-11-29 09:42:00,670,22,8372,12.495522388059701,16410.15,24.492761194029853,328,0.25,0,725,33.0,5,5,5,Champions
14962,2010-05-04 14:57:00,2011-03-14 09:42:00,14,4,123,8.785714285714286,366.91,26.207857142857144,14,0.25,1,314,78.5,2,3,2,At Risk
14963,2010-07-02 12:43:00,2011-11-30 12:16:00,476,12,2287,4.804621848739496,3123.57,6.562121848739496,304,0.25,0,516,43.0,5,5,5,Champions
14964,2011-04-06 14:13:00,2011-04-06 14:13:00,13,1,143,11.0,206.21,15.862307692307693,13,0.25,1,1,1.0,2,1,1,Lost / Inactive
14965,2011-09-04 13:15:00,2011-09-04 13:20:00,81,2,363,4.481481481481482,596.09,7.359135802469136,80,0.25,1,1,0.5,3,2,2,Needs Attention
14966,2009-12-15 13:48:00,2011-11-25 12:20:00,151,6,1060,7.0198675496688745,1064.26,7.048079470198675,125,0.25,0,710,118.3,5,4,3,Champions
14967,2009-12-03 14:07:00,2011-10-21 11:06:00,29,6,652,22.482758620689655,1982.61,68.36586206896551,22,0.25,0,687,114.5,4,4,4,Champions
14968,2010-09-07 13:28:00,2011-11-09 13:58:00,84,2,257,3.0595238095238093,501.24,5.967142857142857,83,0.25,0,429,214.5,4,2,2,Promising / New
14969,2010-01-05 12:43:00,2010-01-05 12:43:00,13,1,665,51.15384615384615,906.23,69.71000000000001,13,0.25,1,1,1.0,1,1,3,Lost / Inactive
14970,2010-02-14 13:37:00,2011-10-02 13:44:00,113,12,982,8.690265486725664,4919.35,43.53407079646018,71,0.25,0,596,49.7,3,5,5,Loyal Customers
14971,2011-10-27 13:33:00,2011-11-04 17:07:00,155,3,639,4.122580645161291,1097.98,7.083741935483871,144,0.25,0,9,3.0,4,3,3,Loyal Customers
14972,2010-11-23 16:17:00,2011-08-03 14:54:00,20,2,40,2.0,145.07,7.2535,20,0.25,1,253,126.5,3,2,1,Needs Attention
14973,2011-04-28 12:22:00,2011-08-24 15:51:00,32,3,369,11.53125,1314.45,41.0765625,29,0.25,1,119,39.7,3,3,4,Loyal Customers
14974,2011-11-02 13:01:00,2011-11-02 13:01:00,17,1,37,2.176470588235294,89.94,5.290588235294117,17,0.25,0,1,1.0,4,1,1,Promising / New
14975,2010-10-14 14:11:00,2011-10-13 14:08:00,26,2,507,19.5,472.39,18.168846153846154,25,0.25,0,364,182.0,4,2,2,Promising / New
14976,2011-01-17 11:09:00,2011-10-13 16:37:00,72,7,234,3.25,790.86,10.984166666666667,47,0.25,0,270,38.6,4,4,3,Champions
14977,2009-12-14 10:37:00,2009-12-14 10:37:00,4,1,17,4.25,31.93,7.9825,4,0.25,1,1,1.0,1,1,1,Lost / Inactive
14978,2010-04-28 10:50:00,2011-09-28 13:07:00,290,10,736,2.537931034482759,3112.19,10.731689655172413,175,0.25,0,519,51.9,3,5,5,Loyal Customers
14979,2009-12-04 12:54:00,2009-12-04 12:54:00,49,1,209,4.26530612244898,429.66,8.768571428571429,42,0.25,1,1,1.0,1,1,2,Lost / Inactive
14980,2009-12-02 14:09:00,2009-12-02 14:09:00,24,1,79,3.2916666666666665,150.68,6.278333333333333,24,0.25,1,1,1.0,1,1,1,Lost / Inactive
14981,2010-10-12 11:04:00,2011-04-07 13:45:00,22,2,241,10.954545454545455,372.92,16.950909090909093,20,0.25,1,178,89.0,2,2,2,Lost / Inactive
14982,2010-05-16 15:52:00,2010-05-16 15:52:00,39,1,125,3.2051282051282053,237.78,6.096923076923077,39,0.25,1,1,1.0,1,1,1,Lost / Inactive
14983,2010-01-19 17:32:00,2010-01-19 17:32:00,30,1,90,3.0,183.2,6.1066666666666665,30,0.25,1,1,1.0,1,1,1,Lost / Inactive
14984,2010-01-11 13:22:00,2011-11-20 14:28:00,54,6,348,6.444444444444445,1260.51,23.342777777777776,48,0.25,0,679,113.2,5,4,4,Champions
14985,2010-12-16 19:51:00,2011-05-25 14:29:00,83,2,256,3.0843373493975905,292.01,3.5181927710843373,78,0.25,1,160,80.0,2,2,2,Lost / Inactive
14986,2010-01-24 15:54:00,2010-11-28 15:25:00,98,2,338,3.4489795918367347,563.1,5.745918367346939,87,0.25,1,308,154.0,2,2,2,Lost / Inactive
14987,2009-12-02 14:56:00,2011-11-24 09:59:00,15,8,607,40.46666666666667,1550.6499999999999,103.37666666666665,4,0.25,0,722,90.2,5,4,4,Champions
14988,2010-04-16 13:34:00,2011-05-12 12:05:00,235,7,1260,5.361702127659575,2038.65,8.675106382978724,171,0.25,1,391,55.9,2,4,4,At Risk
14989,2010-02-16 10:40:00,2010-02-16 10:40:00,18,1,200,11.11111111111111,342.4,19.022222222222222,18,0.25,1,1,1.0,1,1,2,Lost / Inactive
14990,2009-12-09 13:31:00,2010-04-06 13:54:00,42,2,129,3.0714285714285716,304.17,7.242142857142857,41,0.25,1,119,59.5,1,2,2,Lost / Inactive
14991,2010-10-05 13:01:00,2010-10-05 13:01:00,21,1,191,9.095238095238095,314.67,14.984285714285715,21,0.25,1,1,1.0,1,1,2,Lost / Inactive
14992,2010-09-23 17:48:00,2010-09-23 17:48:00,27,1,145,5.37037037037037,210.5,7.796296296296297,27,0.25,1,1,1.0,1,1,1,Lost / Inactive
14993,2010-05-25 12:47:00,2010-05-25 12:47:00,10,1,21,2.1,36.13,3.6130000000000004,9,0.25,1,1,1.0,1,1,1,Lost / Inactive
14994,2010-03-26 14:16:00,2010-11-22 12:59:00,302,5,568,1.880794701986755,946.72,3.1348344370860928,233,0.25,1,241,48.2,2,4,3,At Risk
14995,2011-03-04 13:14:00,2011-11-01 11:39:00,60,2,102,1.7,231.98,3.866333333333333,53,0.25,0,242,121.0,4,2,1,Promising / New
14996,2010-08-15 13:41:00,2010-08-15 13:44:00,41,2,404,9.853658536585366,442.29,10.787560975609757,37,0.25,1,1,0.5,1,2,2,Lost / Inactive
14997,2010-02-22 12:11:00,2011-10-24 13:28:00,38,4,1408,37.05263157894737,776.6,20.436842105263157,36,0.25,0,610,152.5,4,3,3,Loyal Customers
14998,2010-04-13 16:07:00,2011-06-22 17:30:00,125,4,352,2.816,753.18,6.02544,111,0.25,1,436,109.0,3,3,3,Loyal Customers
14999,2010-04-26 10:47:00,2010-04-26 10:47:00,9,1,88,9.777777777777779,129.48,14.386666666666665,9,0.25,1,1,1.0,1,1,1,Lost / Inactive
15000,2011-10-23 11:42:00,2011-10-23 11:42:00,77,1,218,2.831168831168831,490.52,6.37038961038961,76,0.25,0,1,1.0,4,1,2,Promising / New
15001,2010-11-10 13:31:00,2010-11-10 13:51:00,46,2,70,1.5217391304347827,199.10999999999999,4.328478260869565,44,0.25,1,1,0.5,2,2,1,Lost / Inactive
15002,2010-01-12 11:40:00,2011-08-16 10:44:00,337,9,2214,6.56973293768546,4138.08,12.279169139465875,220,0.25,1,581,64.6,3,5,5,Loyal Customers
15003,2010-01-26 13:04:00,2010-08-23 15:44:00,329,6,525,1.5957446808510638,1027.03,3.1216717325227963,253,0.25,1,210,35.0,1,4,3,At Risk
15004,2011-07-15 14:05:00,2011-07-15 14:05:00,154,1,623,4.045454545454546,1220.77,7.927077922077922,154,0.25,1,1,1.0,3,1,3,Needs Attention
15005,2009-12-01 14:19:00,2011-11-24 12:25:00,2387,56,8666,3.63049853372434,13754.58,5.762287390029326,591,0.25,0,723,12.9,5,5,5,Champions
15006,2010-09-12 13:03:00,2011-10-19 15:08:00,182,2,387,2.1263736263736264,757.78,4.163626373626373,165,0.25,0,403,201.5,4,2,3,Promising / New
15007,2011-07-03 16:00:00,2011-07-03 16:00:00,12,1,69,5.75,156.91,13.075833333333334,12,0.25,1,1,1.0,3,1,1,Needs Attention
15008,2010-03-12 11:13:00,2010-08-16 13:09:00,12,2,1500,125.0,360.0,30.0,6,0.25,1,158,79.0,1,2,2,Lost / Inactive
15009,2011-11-14 17:40:00,2011-11-27 13:35:00,180,3,639,3.55,1259.43,6.996833333333334,148,0.25,0,13,4.3,5,3,4,Loyal Customers
15010,2011-11-04 12:42:00,2011-11-04 12:42:00,20,1,184,9.2,308.94,15.447,20,0.25,0,1,1.0,4,1,2,Promising / New
15011,2010-10-19 12:05:00,2010-11-09 11:10:00,20,2,289,14.45,416.6,20.830000000000002,17,0.25,1,21,10.5,2,2,2,Lost / Inactive
15012,2010-05-12 11:49:00,2011-10-17 12:22:00,191,3,383,2.005235602094241,646.26,3.3835602094240835,165,0.25,0,524,174.7,4,3,3,Loyal Customers
15013,2010-01-31 12:15:00,2010-08-09 12:05:00,340,10,1715,5.044117647058823,1610.82,4.737705882352941,177,0.25,1,190,19.0,1,5,4,At Risk
15014,2011-06-16 19:40:00,2011-10-27 20:07:00,33,2,149,4.515151515151516,257.67,7.808181818181819,29,0.25,0,134,67.0,4,2,1,Promising / New
15015,2009-12-14 14:46:00,2010-07-26 13:50:00,294,13,1584,5.387755102040816,2354.97,8.010102040816326,158,0.25,1,224,17.2,1,5,4,At Risk
15016,2010-06-14 13:06:00,2011-06-20 12:06:00,105,5,243,2.3142857142857145,620.89,5.913238095238095,93,0.25,1,371,74.2,3,4,3,Loyal Customers
15017,2011-11-06 10:33:00,2011-11-06 10:33:00,20,1,63,3.15,125.58,6.279,20,0.25,0,1,1.0,4,1,1,Promising / New
15018,2010-12-07 10:47:00,2011-11-01 12:47:00,31,3,189,6.096774193548387,496.21,16.006774193548388,30,0.25,0,330,110.0,4,3,2,Loyal Customers
15019,2011-03-18 12:35:00,2011-03-18 12:35:00,66,1,150,2.272727272727273,252.81,3.8304545454545456,64,0.25,1,1,1.0,2,1,1,Lost / Inactive
15020,2010-11-25 13:29:00,2010-11-25 13:29:00,27,1,111,4.111111111111111,198.47,7.350740740740741,27,0.25,1,1,1.0,2,1,1,Lost / Inactive
15021,2010-07-29 16:35:00,2011-12-01 11:53:00,623,12,1079,1.7319422150882826,2500.59,4.01378812199037,355,0.25,0,490,40.8,5,5,4,Champions
15022,2010-01-31 16:02:00,2011-11-28 12:35:00,140,5,640,4.571428571428571,1133.44,8.096,115,0.25,0,666,133.2,5,4,3,Champions
15023,2010-02-03 15:45:00,2011-12-06 17:23:00,958,20,4758,4.966597077244259,11578.65,12.086273486430063,486,0.25,0,672,33.6,5,5,5,Champions
15024,2010-10-11 16:14:00,2011-11-30 12:06:00,320,16,1924,6.0125,3559.39,11.123093749999999,168,0.25,0,415,25.9,5,5,5,Champions
15025,2010-05-20 13:28:00,2011-11-06 15:20:00,139,2,503,3.618705035971223,979.79,7.048848920863309,132,0.25,0,536,268.0,4,2,3,Promising / New
15026,2010-09-17 13:52:00,2011-09-20 13:52:00,138,5,655,4.746376811594203,1048.89,7.600652173913044,109,0.25,0,369,73.8,3,4,3,Loyal Customers
15027,2010-03-25 14:39:00,2011-11-09 10:16:00,91,10,2782,30.571428571428573,3195.6,35.11648351648351,69,0.25,0,594,59.4,4,5,5,Champions
15028,2010-11-10 14:32:00,2011-12-01 14:06:00,102,6,673,6.598039215686274,962.9399999999999,9.440588235294117,65,0.25,0,386,64.3,5,4,3,Champions
15029,2010-03-30 12:16:00,2010-03-30 12:16:00,10,1,234,23.4,365.1,36.510000000000005,10,0.25,1,1,1.0,1,1,2,Lost / Inactive
15030,2010-03-04 17:10:00,2011-09-29 10:50:00,33,8,1225,37.121212121212125,1979.91,59.99727272727273,25,0.25,0,574,71.8,3,4,4,Loyal Customers
15031,2009-12-08 13:38:00,2011-12-05 14:19:00,395,14,1576,3.989873417721519,3102.94,7.855544303797468,237,0.25,0,728,52.0,5,5,5,Champions
15032,2009-12-10 15:27:00,2011-03-28 15:03:00,95,8,6601,69.48421052631579,11010.05,115.89526315789473,39,0.25,1,473,59.1,2,4,5,At Risk
15033,2011-01-14 13:28:00,2011-12-05 12:40:00,501,10,1672,3.337325349301397,2557.18,5.104151696606786,315,0.25,0,325,32.5,5,5,4,Champions
15034,2010-05-11 13:30:00,2011-11-24 12:11:00,752,14,4748,6.3138297872340425,8231.2,10.945744680851066,416,0.25,0,562,40.1,5,5,5,Champions
15035,2011-09-11 11:08:00,2011-09-11 11:08:00,27,1,245,9.074074074074074,252.73,9.36037037037037,26,0.25,0,1,1.0,3,1,1,Needs Attention
15036,2011-06-13 12:19:00,2011-09-28 15:42:00,119,3,316,2.6554621848739495,429.56,3.609747899159664,107,0.25,0,108,36.0,3,3,2,Loyal Customers
15037,2010-11-28 12:14:00,2010-11-28 13:05:00,45,2,298,6.622222222222222,397.76,8.83911111111111,40,0.25,1,1,0.5,2,2,2,Lost / Inactive
15038,2010-10-10 14:35:00,2011-10-12 11:33:00,235,9,381,1.6212765957446809,1146.53,4.878851063829787,190,0.25,0,367,40.8,4,5,3,Champions
15039,2009-12-10 11:39:00,2011-11-30 11:31:00,2695,93,17780,6.597402597402597,39141.48,14.523740259740261,562,0.25,0,720,7.7,5,5,5,Champions
15040,2010-06-16 11:40:00,2010-06-16 11:40:00,1,1,1,1.0,7.49,7.49,1,0.25,1,1,1.0,1,1,1,Lost / Inactive
15041,2010-09-21 13:16:00,2011-06-22 16:16:00,104,2,194,1.8653846153846154,289.4,2.7826923076923076,98,0.25,1,275,137.5,3,2,2,Needs Attention
15042,2010-04-23 14:01:00,2011-05-24 16:25:00,9,2,238,26.444444444444443,315.45,35.05,9,0.25,1,397,198.5,2,2,2,Lost / Inactive
15043,2010-06-24 15:50:00,2011-11-08 14:26:00,51,6,1019,19.980392156862745,2870.32,56.28078431372549,39,0.25,0,502,83.7,4,4,4,Champions
15044,2009-12-16 15:13:00,2011-11-20 13:20:00,896,35,5241,5.849330357142857,16024.15,17.884095982142856,344,0.25,0,704,20.1,5,5,5,Champions
15045,2011-03-27 11:44:00,2011-07-11 11:33:00,12,2,114,9.5,735.66,61.305,11,0.25,1,106,53.0,3,2,3,Needs Attention
15046,2010-01-14 14:29:00,2011-11-30 15:50:00,394,25,4585,11.637055837563452,7623.79,19.349720812182742,248,0.25,0,686,27.4,5,5,5,Champions
15047,2011-03-15 10:49:00,2011-03-15 10:49:00,22,1,222,10.090909090909092,343.62,15.61909090909091,22,0.25,1,1,1.0,2,1,2,Lost / Inactive
15048,2010-12-06 12:15:00,2011-10-05 14:55:00,94,4,192,2.0425531914893615,381.0,4.053191489361702,86,0.25,0,304,76.0,3,3,2,Loyal Customers
15049,2011-03-11 12:13:00,2011-03-11 12:13:00,3,1,63,21.0,121.17000000000002,40.39000000000001,3,0.25,1,1,1.0,2,1,1,Lost / Inactive
15050,2010-08-16 12:00:00,2011-11-14 16:17:00,149,5,2600,17.449664429530202,4087.19,27.430805369127516,116,0.25,0,456,91.2,4,4,5,Champions
15051,2009-12-01 13:29:00,2011-11-16 15:38:00,289,9,3052,10.560553633217992,3926.91,13.587923875432525,226,0.25,0,716,79.6,4,5,5,Champions
15052,2011-01-24 15:52:00,2011-01-24 15:52:00,28,1,79,2.8214285714285716,207.73000000000002,7.418928571428572,27,0.25,1,1,1.0,2,1,1,Lost / Inactive
15053,2011-03-03 12:06:00,2011-12-05 12:08:00,69,3,984,14.26086956521739,693.95,10.057246376811595,49,0.25,0,278,92.7,5,3,3,Loyal Customers
15054,2011-10-30 14:33:00,2011-11-27 15:02:00,114,2,198,1.736842105263158,302.1,2.6500000000000004,105,0.25,0,29,14.5,5,2,2,Promising / New
15055,2009-12-16 15:48:00,2010-08-22 11:06:00,81,3,225,2.7777777777777777,549.12,6.779259259259259,77,0.25,1,249,83.0,1,3,2,At Risk
15056,2010-07-07 15:58:00,2010-07-07 15:58:00,6,1,69,11.5,113.65,18.941666666666666,6,0.25,1,1,1.0,1,1,1,Lost / Inactive
15057,2009-12-05 15:27:00,2011-03-09 15:17:00,70,5,1394,19.914285714285715,3255.96,46.513714285714286,62,0.25,1,459,91.8,2,4,5,At Risk
15058,2010-02-24 14:07:00,2011-11-14 14:57:00,347,16,1645,4.740634005763689,3387.58,9.762478386167146,232,0.25,0,629,39.3,4,5,5,Champions
15059,2009-12-06 12:17:00,2011-10-30 11:35:00,589,19,1599,2.7147707979626485,3491.2,5.927334465195246,308,0.25,0,693,36.5,4,5,5,Champions
15060,2011-11-30 14:03:00,2011-12-01 13:47:00,115,4,257,2.234782608695652,294.25,2.5586956521739133,81,0.25,0,1,0.2,5,3,2,Loyal Customers
15061,2009-12-01 12:18:00,2011-12-06 12:06:00,898,127,74280,82.71714922048997,126389.02,140.74501113585745,131,0.25,0,735,5.8,5,5,5,Champions
15062,2010-04-08 15:41:00,2011-09-29 16:51:00,159,8,1872,11.773584905660377,2585.62,16.26176100628931,98,0.25,0,540,67.5,3,4,4,Loyal Customers
15063,2011-05-10 13:25:00,2011-05-10 13:25:00,5,1,56,11.2,370.79999999999995,74.16,5,0.25,1,1,1.0,2,1,2,Lost / Inactive
15064,2009-12-22 16:17:00,2010-10-25 14:32:00,81,4,810,10.0,1254.41,15.486543209876544,75,0.25,1,307,76.8,2,3,4,At Risk
15065,2010-10-25 09:13:00,2011-11-02 09:45:00,166,5,1446,8.710843373493976,3326.86,20.04132530120482,156,0.25,0,374,74.8,4,4,5,Champions
15066,2011-10-17 13:25:00,2011-10-17 13:25:00,42,1,317,7.5476190476190474,893.59,21.275952380952383,42,0.25,0,1,1.0,4,1,3,Promising / New
15067,2010-04-11 15:54:00,2011-09-22 13:20:00,177,5,2151,12.152542372881356,3862.88,21.82418079096045,170,0.25,0,529,105.8,3,4,5,Loyal Customers
15068,2010-03-28 13:18:00,2011-10-24 14:47:00,218,4,832,3.81651376146789,1174.9,5.389449541284404,178,0.25,0,576,144.0,4,3,3,Loyal Customers
15069,2011-06-13 14:16:00,2011-06-13 14:16:00,70,1,520,7.428571428571429,1109.53,15.850428571428571,70,0.25,1,1,1.0,3,1,3,Needs Attention
15070,2009-12-15 13:49:00,2010-12-02 11:23:00,32,3,339,10.59375,737.05,23.0328125,26,0.25,1,352,117.3,2,3,3,At Risk
15071,2010-05-18 12:45:00,2011-09-07 11:43:00,54,4,416,7.703703703703703,1455.56,26.954814814814814,41,0.25,1,477,119.2,3,3,4,Loyal Customers
15072,2010-08-17 15:46:00,2010-08-17 15:46:00,13,1,164,12.615384615384615,187.51999999999998,14.424615384615382,13,0.25,1,1,1.0,1,1,1,Lost / Inactive
15073,2010-01-27 08:48:00,2011-11-30 10:44:00,159,8,1410,8.867924528301886,2788.02,17.534716981132075,115,0.25,0,673,84.1,5,4,4,Champions
15074,2010-08-29 11:47:00,2011-08-26 14:45:00,72,3,1039,14.430555555555555,1553.13,21.571250000000003,63,0.25,1,363,121.0,3,3,4,Loyal Customers
15075,2011-09-23 12:27:00,2011-09-23 12:27:00,27,1,447,16.555555555555557,773.03,28.63074074074074,27,0.25,0,1,1.0,3,1,3,Needs Attention
15076,2010-07-05 14:11:00,2011-06-20 08:23:00,80,3,866,10.825,1447.74,18.09675,68,0.25,1,350,116.7,3,3,4,Loyal Customers
15077,2009-12-09 17:10:00,2010-08-02 11:13:00,32,2,528,16.5,2428.08,75.8775,28,0.25,1,236,118.0,1,2,4,Lost / Inactive
15078,2009-12-04 12:03:00,2011-12-02 15:41:00,771,53,8777,11.383916990920882,17286.73,22.42118028534371,118,0.25,0,729,13.8,5,5,5,Champions
15079,2009-12-08 11:22:00,2011-05-11 12:45:00,141,11,1459,10.347517730496454,3625.4,25.712056737588654,119,0.25,1,520,47.3,2,5,5,At Risk
15080,2010-07-26 10:03:00,2010-10-08 11:52:00,31,2,287,9.258064516129032,546.25,17.620967741935484,31,0.25,1,75,37.5,1,2,2,Lost / Inactive
15081,2010-06-22 10:25:00,2011-11-17 17:08:00,101,12,749,7.415841584158416,1854.57,18.362079207920793,75,0.25,0,514,42.8,4,5,4,Champions
15082,2010-02-09 10:23:00,2010-02-09 10:23:00,6,1,43,7.166666666666667,93.35,15.558333333333332,6,0.25,1,1,1.0,1,1,1,Lost / Inactive
15083,2011-03-28 12:18:00,2011-03-28 12:18:00,5,1,38,7.6,88.2,17.64,5,0.25,1,1,1.0,2,1,1,Lost / Inactive
15084,2010-03-04 10:45:00,2010-11-25 11:58:00,31,2,600,19.35483870967742,965.1999999999999,31.13548387096774,31,0.25,1,267,133.5,2,2,3,Lost / Inactive
15085,2009-12-10 11:47:00,2009-12-10 11:47:00,9,1,169,18.77777777777778,347.54,38.61555555555556,9,0.25,1,1,1.0,1,1,2,Lost / Inactive
15086,2010-03-24 13:56:00,2010-05-24 12:27:00,11,2,95,8.636363636363637,218.53,19.866363636363637,10,0.25,1,61,30.5,1,2,1,Lost / Inactive
15087,2011-03-03 10:34:00,2011-03-03 10:34:00,15,1,470,31.333333333333332,306.94,20.462666666666667,15,0.25,1,1,1.0,2,1,2,Lost / Inactive
15088,2011-10-03 14:05:00,2011-11-18 13:14:00,57,2,460,8.070175438596491,1160.07,20.352105263157895,53,0.25,0,46,23.0,4,2,3,Promising / New
15089,2011-08-03 14:14:00,2011-11-29 16:31:00,145,6,1359,9.372413793103448,2420.84,16.69544827586207,139,0.25,0,119,19.8,5,4,4,Champions
15090,2011-02-04 14:03:00,2011-02-04 14:03:00,23,1,208,9.043478260869565,381.32,16.57913043478261,23,0.25,1,1,1.0,2,1,2,Lost / Inactive
15091,2010-02-03 11:46:00,2011-10-03 12:47:00,57,3,582,10.210526315789474,1046.61,18.361578947368418,55,0.25,0,608,202.7,3,3,3,Loyal Customers
15092,2010-09-03 12:33:00,2011-05-08 14:10:00,45,3,230,5.111111111111111,776.46,17.25466666666667,39,0.25,1,248,82.7,2,3,3,At Risk
15093,2009-12-08 12:46:00,2011-11-21 13:09:00,316,23,10778,34.107594936708864,13702.38,43.36196202531645,104,0.25,0,714,31.0,5,5,5,Champions
15094,2010-03-05 12:56:00,2010-09-02 16:55:00,5,2,28,5.6,83.0,16.6,4,0.25,1,182,91.0,1,2,1,Lost / Inactive
15095,2010-01-21 09:37:00,2011-08-28 12:01:00,124,10,2233,18.008064516129032,3141.64,25.335806451612903,90,0.25,1,585,58.5,3,5,5,Loyal Customers
15096,2011-10-28 10:27:00,2011-10-28 10:27:00,11,1,120,10.909090909090908,219.39,19.94454545454545,11,0.25,0,1,1.0,4,1,1,Promising / New
15097,2010-05-05 14:22:00,2011-12-05 14:03:00,66,3,424,6.424242424242424,908.35,13.762878787878789,59,0.25,0,579,193.0,5,3,3,Loyal Customers
15098,2011-06-10 15:22:00,2011-06-10 15:33:00,3,3,121,40.333333333333336,39916.5,13305.5,1,0.25,1,1,0.3,3,3,5,Loyal Customers
15099,2011-09-16 13:13:00,2011-09-16 13:13:00,23,1,343,14.91304347826087,410.48,17.84695652173913,23,0.25,0,1,1.0,3,1,2,Needs Attention
15100,2010-01-07 14:33:00,2011-01-10 10:35:00,16,7,270,16.875,2193.8999999999996,137.11874999999998,11,0.25,1,368,52.6,2,4,4,At Risk
15101,2010-04-28 15:00:00,2011-12-01 10:18:00,58,6,676,11.655172413793103,1477.94,25.481724137931035,52,0.25,0,582,97.0,5,4,4,Champions
15102,2010-06-11 10:16:00,2010-06-27 12:16:00,27,2,339,12.555555555555555,554.67,20.543333333333333,26,0.25,1,17,8.5,1,2,2,Lost / Inactive
15103,2011-09-14 13:54:00,2011-11-08 14:53:00,35,2,329,9.4,703.36,20.096,35,0.25,0,56,28.0,4,2,3,Promising / New
15104,2011-03-02 14:16:00,2011-05-27 12:29:00,67,2,635,9.477611940298507,993.54,14.828955223880596,66,0.25,1,86,43.0,2,2,3,Lost / Inactive
15105,2010-03-23 12:18:00,2011-11-21 16:54:00,151,9,1747,11.56953642384106,3094.91,20.496092715231786,129,0.25,0,609,67.7,5,5,5,Champions
15106,2011-03-15 12:52:00,2011-11-22 09:16:00,100,5,1181,11.81,1422.52,14.2252,90,0.25,0,252,50.4,5,4,4,Champions
15107,2010-09-14 10:47:00,2011-02-01 14:46:00,42,9,330,7.857142857142857,824.35,19.627380952380953,32,0.25,1,141,15.7,2,5,3,At Risk
15108,2011-04-26 10:54:00,2011-07-21 10:24:00,60,4,499,8.316666666666666,1300.25,21.670833333333334,50,0.25,1,86,21.5,3,3,4,Loyal Customers
15109,2009-12-04 12:33:00,2011-04-08 09:58:00,48,3,258,5.375,983.1,20.48125,46,0.25,1,490,163.3,2,3,3,At Risk
15110,2010-08-11 15:49:00,2011-11-16 11:16:00,53,6,337,6.3584905660377355,1505.85,28.412264150943393,23,0.25,0,462,77.0,4,4,4,Champions
15111,2010-04-26 13:12:00,2011-11-10 16:58:00,135,5,1058,7.837037037037037,2442.37,18.09162962962963,109,0.25,0,564,112.8,4,4,4,Champions
15112,2010-04-07 14:17:00,2010-04-07 14:17:00,7,1,72,10.285714285714286,209.4,29.914285714285715,7,0.25,1,1,1.0,1,1,1,Lost / Inactive
15113,2011-10-16 15:27:00,2011-11-30 08:23:00,97,3,2344,24.164948453608247,3509.43,36.179690721649486,77,0.25,0,45,15.0,5,3,5,Loyal Customers
15114,2010-10-14 16:44:00,2011-11-09 15:05:00,231,12,3532,15.29004329004329,3400.12,14.7191341991342,151,0.25,0,391,32.6,4,5,5,Champions
15115,2009-12-07 11:20:00,2011-11-21 14:59:00,35,2,245,7.0,531.85,15.195714285714287,35,0.25,0,715,357.5,5,2,2,Promising / New
15116,2011-05-19 08:50:00,2011-11-22 12:25:00,45,4,648,14.4,1352.75,30.06111111111111,37,0.25,0,188,47.0,5,3,4,Loyal Customers
15117,2010-03-15 13:39:00,2011-11-25 08:12:00,131,8,3093,23.610687022900763,2485.97,18.97687022900763,89,0.25,0,620,77.5,5,4,4,Champions
15118,2011-07-28 14:54:00,2011-07-28 14:54:00,1,1,1440,1440.0,244.8,244.8,1,0.25,1,1,1.0,3,1,1,Needs Attention
15119,2011-04-08 09:08:00,2011-04-08 09:08:00,14,1,88,6.285714285714286,266.4,19.02857142857143,14,0.25,1,1,1.0,2,1,1,Lost / Inactive
15120,2011-07-29 09:48:00,2011-07-29 09:48:00,21,1,296,14.095238095238095,358.82,17.086666666666666,21,0.25,1,1,1.0,3,1,2,Needs Attention
15121,2011-02-24 12:41:00,2011-10-20 14:51:00,28,2,199,7.107142857142857,457.72,16.34714285714286,28,0.25,0,239,119.5,4,2,2,Promising / New
15122,2010-03-30 14:05:00,2011-08-17 16:48:00,227,11,2033,8.955947136563877,4487.2699999999995,19.76770925110132,155,0.25,1,506,46.0,3,5,5,Loyal Customers
15123,2010-03-16 09:49:00,2011-12-02 13:12:00,183,5,2524,13.792349726775956,4656.17,25.443551912568307,149,0.25,0,627,125.4,5,4,5,Champions
15124,2010-02-26 10:49:00,2011-11-17 10:09:00,31,4,462,14.903225806451612,450.82,14.54258064516129,30,0.25,0,629,157.2,4,3,2,Loyal Customers
15125,2010-03-31 13:29:00,2011-11-14 13:57:00,240,24,8433,35.1375,17024.87,70.93695833333332,151,0.25,0,594,24.8,4,5,5,Champions
15126,2010-01-21 17:09:00,2010-06-21 12:31:00,25,2,273,10.92,449.49,17.9796,25,0.25,1,151,75.5,1,2,2,Lost / Inactive
15127,2010-07-08 10:07:00,2011-10-05 10:30:00,28,2,464,16.571428571428573,711.5,25.410714285714285,27,0.25,0,455,227.5,3,2,3,Needs Attention
15128,2010-10-05 16:46:00,2011-10-10 13:54:00,123,5,1583,12.869918699186991,1783.68,14.501463414634147,87,0.25,0,370,74.0,3,4,4,Loyal Customers
15129,2010-04-08 17:15:00,2011-10-20 14:40:00,207,23,4002,19.333333333333332,6860.18,33.14096618357488,86,0.25,0,560,24.3,4,5,5,Champions
15130,2011-06-23 10:15:00,2011-06-23 10:15:00,22,1,197,8.954545454545455,330.11,15.005,22,0.25,1,1,1.0,3,1,2,Needs Attention
15131,2010-11-10 12:07:00,2010-11-10 12:07:00,7,1,88,12.571428571428571,80.28,11.468571428571428,7,0.25,1,1,1.0,2,1,1,Lost / Inactive
15132,2011-03-22 12:02:00,2011-11-21 17:10:00,52,5,679,13.057692307692308,977.9300000000001,18.806346153846157,49,0.25,0,245,49.0,5,4,3,Champions
15133,2010-07-07 12:31:00,2011-08-04 10:44:00,49,5,960,19.591836734693878,1806.9,36.875510204081635,45,0.25,1,393,78.6,3,4,4,Loyal Customers
15134,2010-10-13 12:44:00,2011-11-25 08:55:00,85,10,1057,12.435294117647059,1596.29,18.779882352941176,47,0.25,0,408,40.8,5,5,4,Champions
15135,2010-06-01 13:33:00,2011-04-14 19:16:00,20,2,84,4.2,305.68,15.284,17,0.25,1,318,159.0,2,2,2,Lost / Inactive
15136,2011-09-04 16:05:00,2011-12-07 12:26:00,68,4,776,11.411764705882353,1286.7,18.92205882352941,61,0.25,0,94,23.5,5,3,4,Loyal Customers
15137,2010-01-28 15:45:00,2010-07-07 09:41:00,34,2,596,17.529411764705884,823.4,24.21764705882353,34,0.25,1,160,80.0,1,2,3,Lost / Inactive
15138,2010-11-11 09:16:00,2010-11-11 09:16:00,31,1,300,9.67741935483871,502.52,16.210322580645162,31,0.25,1,1,1.0,2,1,2,Lost / Inactive
15139,2011-01-07 12:44:00,2011-04-14 11:39:00,13,2,208,16.0,178.95999999999998,13.766153846153845,13,0.25,1,97,48.5,2,2,1,Lost / Inactive
15140,2010-09-23 13:07:00,2011-10-18 14:07:00,112,8,2010,17.946428571428573,3243.69,28.96151785714286,103,0.25,0,391,48.9,4,4,5,Champions
15141,2010-03-28 15:58:00,2010-09-08 11:33:00,80,7,1197,14.9625,1388.47,17.355875,44,0.25,1,164,23.4,1,4,4,At Risk
15142,2010-07-27 09:05:00,2011-10-24 12:51:00,142,6,2155,15.17605633802817,2619.92,18.450140845070422,115,0.25,0,455,75.8,4,4,4,Champions
15143,2010-10-03 13:58:00,2011-04-28 12:03:00,31,2,320,10.32258064516129,563.63,18.181612903225805,27,0.25,1,207,103.5,2,2,2,Lost / Inactive
15144,2009-12-13 11:35:00,2011-12-01 15:12:00,349,29,5251,15.045845272206304,12160.31,34.84329512893983,199,0.25,0,719,24.8,5,5,5,Champions
15145,2011-04-05 15:20:00,2011-12-05 17:21:00,67,4,756,11.283582089552239,1194.73,17.83179104477612,54,0.25,0,245,61.2,5,3,3,Loyal Customers
15146,2011-02-21 13:07:00,2011-06-28 12:09:00,91,2,1473,16.186813186813186,1327.16,14.584175824175825,90,0.25,1,127,63.5,3,2,4,Needs Attention
15147,2011-04-13 15:57:00,2011-04-13 15:57:00,28,1,366,13.071428571428571,623.5,22.267857142857142,28,0.25,1,1,1.0,2,1,3,Lost / Inactive
15148,2011-11-29 08:21:00,2011-11-29 08:21:00,20,1,187,9.35,301.29,15.0645,20,0.25,0,1,1.0,5,1,2,Promising / New
15149,2010-02-28 11:13:00,2011-07-29 10:58:00,69,5,380,5.507246376811594,1554.61,22.530579710144927,62,0.25,1,516,103.2,3,4,4,Loyal Customers
15150,2010-06-14 12:01:00,2011-11-22 12:52:00,573,13,6167,10.762652705061083,8977.94,15.668307155322863,495,0.25,0,527,40.5,5,5,5,Champions
15151,2010-07-18 12:19:00,2010-10-12 16:37:00,57,2,795,13.947368421052632,2085.61,36.58964912280702,56,0.25,1,87,43.5,1,2,4,Lost / Inactive
15152,2010-01-07 15:15:00,2011-11-30 12:32:00,300,14,2994,9.98,5263.83,17.5461,214,0.25,0,692,49.4,5,5,5,Champions
15153,2011-11-08 17:09:00,2011-11-08 17:09:00,22,1,198,9.0,329.25,14.965909090909092,22,0.25,0,1,1.0,4,1,2,Promising / New
15154,2010-08-18 17:41:00,2011-09-25 16:05:00,173,3,333,1.9248554913294798,1343.72,7.767167630057804,166,0.25,0,403,134.3,3,3,4,Loyal Customers
15155,2010-11-21 12:59:00,2010-11-21 12:59:00,24,1,192,8.0,383.96999999999997,15.99875,24,0.25,1,1,1.0,2,1,2,Lost / Inactive
15156,2011-11-06 12:41:00,2011-12-08 18:22:00,55,3,597,10.854545454545455,961.49,17.481636363636365,51,0.25,0,33,11.0,5,3,3,Loyal Customers
15157,2009-12-10 14:44:00,2011-12-06 11:28:00,152,5,3466,22.80263157894737,2654.11,17.46125,152,0.25,0,726,145.2,5,4,4,Champions
15158,2010-11-03 13:46:00,2011-10-25 13:53:00,11,2,219,19.90909090909091,606.02,55.092727272727274,11,0.25,0,357,178.5,4,2,2,Promising / New
15159,2010-10-04 09:31:00,2011-12-08 12:05:00,810,34,13512,16.68148148148148,22116.73,27.304604938271606,413,0.25,0,431,12.7,5,5,5,Champions
15160,2010-10-14 15:26:00,2010-12-17 14:15:00,23,4,307,13.347826086956522,589.27,25.620434782608694,17,0.25,1,64,16.0,2,3,2,At Risk
15161,2010-11-16 16:08:00,2010-11-16 16:08:00,33,1,144,4.363636363636363,119.92,3.633939393939394,33,0.25,1,1,1.0,2,1,1,Lost / Inactive
15162,2009-12-08 13:14:00,2009-12-08 13:14:00,12,1,74,6.166666666666667,312.9,26.075,12,0.25,1,1,1.0,1,1,2,Lost / Inactive
15163,2011-05-31 15:22:00,2011-11-21 13:10:00,29,2,186,6.413793103448276,304.46999999999997,10.498965517241379,29,0.25,0,174,87.0,5,2,2,Promising / New
15164,2010-01-18 13:34:00,2011-10-02 12:05:00,352,9,912,2.590909090909091,2028.1100000000001,5.761676136363636,243,0.25,0,622,69.1,3,5,4,Loyal Customers
15165,2010-12-01 14:03:00,2010-12-01 14:03:00,27,1,160,5.925925925925926,487.75,18.064814814814813,27,0.25,1,1,1.0,2,1,2,Lost / Inactive
15166,2010-08-29 12:31:00,2010-08-29 12:31:00,12,1,140,11.666666666666666,167.16,13.93,12,0.25,1,1,1.0,1,1,1,Lost / Inactive
15167,2010-02-04 14:13:00,2011-01-23 12:41:00,304,5,863,2.838815789473684,1627.62,5.3540131578947365,262,0.25,1,353,70.6,2,4,4,At Risk
15168,2011-11-14 11:26:00,2011-11-14 11:26:00,5,1,52,10.4,106.56,21.312,5,0.25,0,1,1.0,4,1,1,Promising / New
15169,2009-12-13 11:16:00,2010-11-22 13:04:00,59,2,356,6.033898305084746,569.22,9.647796610169491,58,0.25,1,345,172.5,2,2,2,Lost / Inactive
15170,2010-10-29 10:34:00,2010-10-29 10:34:00,4,1,33,8.25,81.15,20.2875,4,0.25,1,1,1.0,2,1,1,Lost / Inactive
15171,2011-01-12 15:36:00,2011-01-12 15:36:00,5,1,290,58.0,1289.5,257.9,5,0.25,1,1,1.0,2,1,4,Lost / Inactive
15172,2011-04-17 11:56:00,2011-12-01 11:51:00,110,5,1611,14.645454545454545,1624.05,14.764090909090909,106,0.25,0,228,45.6,5,4,4,Champions
15173,2010-04-01 12:26:00,2010-11-24 10:21:00,86,7,840,9.767441860465116,1494.6,17.37906976744186,68,0.25,1,237,33.9,2,4,4,At Risk
15174,2010-10-25 09:40:00,2011-01-21 09:06:00,34,2,382,11.235294117647058,481.46,14.160588235294117,34,0.25,1,88,44.0,2,2,2,Lost / Inactive
15175,2011-09-29 11:31:00,2011-09-29 11:31:00,23,1,454,19.73913043478261,224.14,9.745217391304347,23,0.25,0,1,1.0,3,1,1,Needs Attention
15176,2010-02-10 10:36:00,2010-02-10 10:36:00,52,1,448,8.615384615384615,988.04,19.00076923076923,52,0.25,1,1,1.0,1,1,3,Lost / Inactive
15177,2010-10-10 12:48:00,2010-10-10 12:48:00,26,1,485,18.653846153846153,948.93,36.49730769230769,26,0.25,1,1,1.0,1,1,3,Lost / Inactive
15178,2011-03-24 15:12:00,2011-03-24 15:12:00,3,1,30,10.0,40.5,13.5,3,0.25,1,1,1.0,2,1,1,Lost / Inactive
15179,2009-12-03 12:27:00,2011-11-21 12:53:00,314,13,5416,17.248407643312103,7491.92,23.859617834394903,225,0.25,0,719,55.3,5,5,5,Champions
15180,2010-04-29 15:27:00,2010-12-07 14:57:00,52,3,654,12.576923076923077,816.93,15.710192307692306,46,0.25,1,222,74.0,2,3,3,At Risk
15181,2009-12-08 19:02:00,2011-10-04 13:58:00,20,5,688,34.4,1200.2,60.010000000000005,15,0.25,0,665,133.0,3,4,3,Loyal Customers
15182,2010-02-21 12:03:00,2011-07-08 13:37:00,125,11,1186,9.488,2998.95,23.9916,78,0.25,1,503,45.7,3,5,5,Loyal Customers
15183,2010-05-04 11:31:00,2010-06-10 10:43:00,38,3,297,7.815789473684211,639.93,16.840263157894736,33,0.25,1,37,12.3,1,3,3,At Risk
15184,2009-12-16 12:06:00,2011-11-10 13:41:00,84,4,462,5.5,685.39,8.159404761904762,72,0.25,0,695,173.8,4,3,3,Loyal Customers
15185,2011-09-30 14:06:00,2011-09-30 14:06:00,21,1,666,31.714285714285715,310.62,14.791428571428572,21,0.25,0,1,1.0,3,1,2,Needs Attention
15186,2010-01-12 10:14:00,2011-11-25 14:58:00,52,5,716,13.76923076923077,1403.2,26.984615384615385,29,0.25,0,683,136.6,5,4,4,Champions
15187,2011-05-11 13:49:00,2011-12-08 11:56:00,91,16,1887,20.736263736263737,4777.18,52.49648351648352,61,0.25,0,211,13.2,5,5,5,Champions
15188,2009-12-14 13:30:00,2009-12-14 13:30:00,23,1,233,10.130434782608695,310.43,13.496956521739131,23,0.25,1,1,1.0,1,1,2,Lost / Inactive
15189,2010-07-18 13:37:00,2011-12-08 13:22:00,241,46,6902,28.639004149377595,17524.38,72.71526970954358,90,0.25,0,508,11.0,5,5,5,Champions
15190,2010-10-01 13:09:00,2010-10-01 13:09:00,40,1,790,19.75,834.4399999999999,20.860999999999997,40,0.25,1,1,1.0,1,1,3,Lost / Inactive
15191,2010-01-20 12:35:00,2010-09-02 15:37:00,35,3,287,8.2,588.05,16.80142857142857,33,0.25,1,226,75.3,1,3,2,At Risk
15192,2010-01-29 10:13:00,2011-08-12 11:41:00,91,5,1448,15.912087912087912,1666.39,18.311978021978025,56,0.25,1,561,112.2,3,4,4,Loyal Customers
15193,2011-10-10 08:23:00,2011-10-10 08:23:00,19,1,144,7.578947368421052,499.32,26.28,19,0.25,0,1,1.0,3,1,2,Needs Attention
15194,2009-12-03 10:37:00,2011-12-06 15:10:00,476,28,8922,18.743697478991596,12021.53,25.255315126050423,274,0.25,0,734,26.2,5,5,5,Champions
15195,2011-12-07 12:20:00,2011-12-07 12:20:00,1,1,1404,1404.0,3861.0,3861.0,1,0.25,0,1,1.0,5,1,5,Promising / New
15196,2009-12-13 11:14:00,2010-10-03 10:50:00,42,2,130,3.0952380952380953,313.7,7.469047619047619,34,0.25,1,294,147.0,1,2,2,Lost / Inactive
15197,2009-12-11 12:56:00,2011-11-29 10:00:00,59,6,1058,17.93220338983051,1877.51,31.82220338983051,44,0.25,0,718,119.7,5,4,4,Champions
15198,2010-01-19 10:01:00,2011-09-08 14:42:00,31,5,327,10.548387096774194,571.35,18.43064516129032,28,0.25,1,598,119.6,3,4,2,Loyal Customers
15199,2010-05-13 10:14:00,2011-10-11 15:12:00,51,10,894,17.529411764705884,3122.4,61.22352941176471,17,0.25,0,517,51.7,4,5,5,Champions
15200,2010-08-02 09:38:00,2010-08-02 09:38:00,30,1,195,6.5,549.05,18.301666666666666,30,0.25,1,1,1.0,1,1,2,Lost / Inactive
15201,2010-04-07 14:50:00,2011-09-13 14:53:00,100,7,1660,16.6,1842.95,18.4295,44,0.25,0,525,75.0,3,4,4,Loyal Customers
15202,2010-10-15 12:39:00,2010-10-15 13:05:00,3,3,3,1.0,6001.49,2000.4966666666667,1,0.25,1,1,0.3,1,3,5,At Risk
15203,2009-12-08 18:06:00,2011-11-14 08:16:00,343,15,4182,12.192419825072886,4400.18,12.828513119533529,150,0.25,0,706,47.1,4,5,5,Champions
15204,2010-12-17 13:49:00,2010-12-17 13:49:00,9,1,258,28.666666666666668,316.58,35.175555555555555,9,0.25,1,1,1.0,2,1,2,Lost / Inactive
15205,2011-08-04 16:07:00,2011-09-15 19:36:00,37,2,378,10.216216216216216,653.24,17.655135135135136,37,0.25,0,43,21.5,3,2,3,Needs Attention
15206,2011-03-09 08:59:00,2011-11-29 13:41:00,9,4,162,18.0,420.3,46.7,3,0.25,0,266,66.5,5,3,2,Loyal Customers
15207,2010-06-10 17:29:00,2010-10-19 13:29:00,24,3,428,17.833333333333332,683.92,28.496666666666666,19,0.25,1,131,43.7,1,3,3,At Risk
15208,2010-10-12 12:17:00,2011-12-08 17:24:00,48,6,356,7.416666666666667,970.52,20.219166666666666,27,0.25,0,423,70.5,5,4,3,Champions
15209,2009-12-09 17:26:00,2009-12-09 17:26:00,13,1,94,7.230769230769231,178.98,13.767692307692307,13,0.25,1,1,1.0,1,1,1,Lost / Inactive
15210,2010-05-13 14:42:00,2011-04-28 16:11:00,67,3,841,12.552238805970148,1176.19,17.55507462686567,66,0.25,1,351,117.0,2,3,3,At Risk
15211,2010-12-09 16:08:00,2011-10-10 13:31:00,52,2,240,4.615384615384615,894.41,17.20019230769231,52,0.25,0,305,152.5,3,2,3,Needs Attention
15212,2010-11-28 10:45:00,2011-04-12 13:45:00,10,2,84,8.4,208.28,20.828,7,0.25,1,136,68.0,2,2,1,Lost / Inactive
15213,2011-01-14 11:05:00,2011-01-25 12:21:00,24,2,272,11.333333333333334,328.34999999999997,13.681249999999999,22,0.25,1,12,6.0,2,2,2,Lost / Inactive
15214,2011-04-11 09:46:00,2011-12-08 12:07:00,110,8,1254,11.4,1661.44,15.104000000000001,109,0.25,0,242,30.2,5,4,4,Champions
15215,2010-04-06 11:21:00,2011-10-24 11:41:00,113,7,776,6.867256637168142,2422.43,21.437433628318583,85,0.25,0,567,81.0,4,4,4,Champions
15216,2010-03-31 09:52:00,2011-09-13 11:41:00,24,2,217,9.041666666666666,486.09,20.25375,24,0.25,0,532,266.0,3,2,2,Needs Attention
15217,2010-05-25 13:51:00,2010-05-25 13:51:00,28,1,190,6.785714285714286,426.24,15.222857142857142,28,0.25,1,1,1.0,1,1,2,Lost / Inactive
15218,2010-01-26 11:33:00,2011-11-29 11:48:00,396,22,6530,16.48989898989899,11468.83,28.961691919191917,139,0.25,0,673,30.6,5,5,5,Champions
15219,2010-03-01 11:33:00,2011-06-16 16:57:00,26,2,271,10.423076923076923,685.45,26.36346153846154,26,0.25,1,473,236.5,3,2,3,Needs Attention
15220,2011-03-04 10:24:00,2011-10-19 12:39:00,117,6,1393,11.905982905982906,1778.96,15.204786324786324,110,0.25,0,230,38.3,4,4,4,Champions
15221,2010-03-12 10:40:00,2010-12-08 13:08:00,29,4,244,8.413793103448276,2062.2,71.1103448275862,21,0.25,1,272,68.0,2,3,4,At Risk
15222,2009-12-16 13:49:00,2011-01-25 08:03:00,138,11,4458,32.30434782608695,3550.91,25.73123188405797,98,0.25,1,405,36.8,2,5,5,At Risk
15223,2009-12-05 11:19:00,2011-04-28 11:31:00,34,5,385,11.323529411764707,1417.95,41.70441176470588,26,0.25,1,510,102.0,2,4,4,At Risk
15224,2010-01-15 16:14:00,2010-12-16 15:02:00,35,5,443,12.657142857142857,871.36,24.896,24,0.25,1,335,67.0,2,4,3,At Risk
15225,2011-04-19 14:51:00,2011-04-19 14:51:00,23,1,226,9.826086956521738,409.4,17.8,23,0.25,1,1,1.0,2,1,2,Lost / Inactive
15226,2011-02-02 11:41:00,2011-02-02 11:41:00,8,1,71,8.875,154.41,19.30125,8,0.25,1,1,1.0,2,1,1,Lost / Inactive
15227,2010-03-16 08:23:00,2011-11-03 11:59:00,120,9,1217,10.141666666666667,2488.4900000000002,20.737416666666668,86,0.25,0,598,66.4,4,5,4,Champions
15228,2010-07-28 10:21:00,2011-10-04 13:56:00,234,6,3375,14.423076923076923,5580.2699999999995,23.84730769230769,184,0.25,0,434,72.3,3,4,5,Loyal Customers
15229,2010-05-02 13:50:00,2010-05-02 13:50:00,9,1,114,12.666666666666666,160.5,17.833333333333332,9,0.25,1,1,1.0,1,1,1,Lost / Inactive
15230,2011-04-13 11:04:00,2011-04-14 14:39:00,23,2,351,15.26086956521739,429.6,18.678260869565218,23,0.25,1,2,1.0,2,2,2,Lost / Inactive
15231,2010-03-28 15:12:00,2010-03-28 15:12:00,14,1,190,13.571428571428571,250.26,17.875714285714285,14,0.25,1,1,1.0,1,1,1,Lost / Inactive
15232,2011-07-22 12:21:00,2011-08-18 16:27:00,31,2,686,22.129032258064516,612.06,19.743870967741934,26,0.25,1,28,14.0,3,2,3,Needs Attention
15233,2010-11-03 13:36:00,2010-11-03 13:36:00,1,1,12,12.0,59.4,59.4,1,0.25,1,1,1.0,2,1,1,Lost / Inactive
15234,2011-03-08 08:53:00,2011-03-08 08:53:00,14,1,196,14.0,197.0,14.071428571428571,14,0.25,1,1,1.0,2,1,1,Lost / Inactive
15235,2010-11-16 12:48:00,2011-05-06 09:44:00,178,16,1676,9.415730337078651,2772.7599999999998,15.577303370786515,161,0.25,1,171,10.7,2,5,4,At Risk
15236,2011-02-14 10:52:00,2011-02-14 10:52:00,15,1,269,17.933333333333334,321.05,21.403333333333332,15,0.25,1,1,1.0,2,1,2,Lost / Inactive
15237,2011-04-26 15:04:00,2011-12-08 09:46:00,99,4,1071,10.818181818181818,1412.32,14.265858585858584,94,0.25,0,226,56.5,5,3,4,Loyal Customers
15238,2011-06-08 16:00:00,2011-11-10 14:28:00,50,3,692,13.84,1071.99,21.4398,49,0.25,0,155,51.7,4,3,3,Loyal Customers
15239,2011-09-22 09:53:00,2011-11-29 14:14:00,49,2,594,12.122448979591837,780.59,15.930408163265307,48,0.25,0,69,34.5,5,2,3,Promising / New
15240,2009-12-05 14:57:00,2011-10-26 09:50:00,224,12,3214,14.348214285714286,4459.98,19.910625,134,0.25,0,690,57.5,4,5,5,Champions
15241,2010-02-23 13:59:00,2011-10-04 09:05:00,184,11,3328,18.08695652173913,3050.16,16.57695652173913,120,0.25,0,588,53.5,3,5,5,Loyal Customers
15242,2010-10-13 15:33:00,2010-10-13 15:33:00,4,1,196,49.0,302.03999999999996,75.50999999999999,4,0.25,1,1,1.0,1,1,2,Lost / Inactive
15243,2010-09-30 17:28:00,2011-09-26 14:12:00,61,2,543,8.901639344262295,927.28,15.201311475409836,56,0.25,0,361,180.5,3,2,3,Needs Attention
15244,2010-02-11 14:48:00,2011-10-05 13:19:00,48,3,472,9.833333333333334,912.08,19.00166666666667,44,0.25,0,601,200.3,3,3,3,Loyal Customers
15245,2010-04-23 14:23:00,2011-07-28 18:56:00,148,8,3021,20.41216216216216,4610.84,31.154324324324325,72,0.25,1,462,57.8,3,4,5,Loyal Customers
15246,2010-06-02 11:28:00,2011-04-15 14:45:00,51,3,359,7.03921568627451,780.4,15.301960784313724,45,0.25,1,318,106.0,2,3,3,At Risk
15247,2010-06-20 14:08:00,2011-08-09 12:52:00,17,3,514,30.235294117647058,976.06,57.41529411764706,13,0.25,1,415,138.3,3,3,3,Loyal Customers
15248,2010-06-23 14:34:00,2010-10-24 13:09:00,106,3,1065,10.047169811320755,1893.93,17.867264150943395,103,0.25,1,123,41.0,1,3,4,At Risk
15249,2010-03-26 14:51:00,2011-11-08 11:45:00,502,18,4980,9.920318725099602,9266.0,18.45816733067729,304,0.25,0,592,32.9,4,5,5,Champions
15250,2010-03-09 07:35:00,2010-03-09 07:35:00,3,1,48,16.0,60.0,20.0,3,0.25,1,1,1.0,1,1,1,Lost / Inactive
15251,2010-01-29 12:42:00,2011-11-30 15:02:00,230,21,12108,52.643478260869564,20324.54,88.3675652173913,183,0.25,0,671,32.0,5,5,5,Champions
15252,2010-04-07 10:24:00,2011-11-03 13:30:00,118,5,1430,12.11864406779661,2103.41,17.82550847457627,106,0.25,0,576,115.2,4,4,4,Champions
15253,2010-05-02 11:17:00,2011-11-23 16:22:00,116,8,1588,13.689655172413794,2055.09,17.716293103448276,102,0.25,0,571,71.4,5,4,4,Champions
15254,2010-05-28 10:08:00,2011-08-04 15:04:00,67,3,711,10.611940298507463,1088.35,16.244029850746266,64,0.25,1,434,144.7,3,3,3,Loyal Customers
15255,2009-12-03 09:10:00,2011-10-04 12:43:00,188,9,2214,11.77659574468085,3706.02,19.71287234042553,137,0.25,0,671,74.6,3,5,5,Loyal Customers
15256,2010-05-27 11:41:00,2011-07-14 11:47:00,10,2,92,9.2,170.4,17.04,6,0.25,1,414,207.0,3,2,1,Needs Attention
15257,2010-10-21 14:03:00,2011-03-01 12:58:00,12,2,71,5.916666666666667,685.9,57.15833333333333,11,0.25,1,131,65.5,2,2,3,Lost / Inactive
15258,2011-05-06 14:16:00,2011-06-24 12:30:00,34,2,142,4.176470588235294,623.16,18.328235294117647,32,0.25,1,49,24.5,3,2,3,Needs Attention
15259,2010-01-26 09:41:00,2010-07-15 08:47:00,57,4,631,11.070175438596491,1182.3799999999999,20.74350877192982,50,0.25,1,170,42.5,1,3,3,At Risk
15260,2009-12-06 11:45:00,2011-08-31 13:55:00,381,25,4468,11.727034120734908,8767.73,23.01241469816273,186,0.25,1,634,25.4,3,5,5,Loyal Customers
15261,2010-10-01 11:59:00,2011-07-27 15:20:00,92,4,806,8.76086956521739,1508.0,16.391304347826086,87,0.25,1,300,75.0,3,3,4,Loyal Customers
15262,2010-08-08 15:55:00,2011-01-20 12:16:00,26,3,218,8.384615384615385,418.82,16.108461538461537,22,0.25,1,165,55.0,2,3,2,At Risk
15263,2011-08-25 10:26:00,2011-08-25 10:26:00,12,1,89,7.416666666666667,156.51,13.042499999999999,12,0.25,1,1,1.0,3,1,1,Needs Attention
15264,2010-06-27 13:29:00,2011-10-06 13:49:00,55,2,443,8.054545454545455,848.4,15.425454545454546,52,0.25,0,467,233.5,3,2,3,Needs Attention
15265,2009-12-01 17:08:00,2011-07-11 14:46:00,193,4,1570,8.134715025906736,3345.64,17.334922279792746,179,0.25,1,587,146.8,3,3,5,Loyal Customers
15266,2010-01-07 12:19:00,2011-01-05 13:40:00,45,5,236,5.2444444444444445,852.21,18.938000000000002,38,0.25,1,364,72.8,2,4,3,At Risk
15267,2011-06-10 10:24:00,2011-11-17 15:59:00,11,5,944,85.81818181818181,1717.36,156.12363636363636,8,0.25,0,161,32.2,4,4,4,Champions
15268,2010-04-13 11:27:00,2010-08-18 10:33:00,22,3,428,19.454545454545453,961.9,43.72272727272727,21,0.25,1,127,42.3,1,3,3,At Risk
15269,2010-11-14 12:58:00,2011-11-16 09:32:00,35,3,372,10.628571428571428,1225.3600000000001,35.010285714285715,33,0.25,0,367,122.3,4,3,4,Loyal Customers
15270,2009-12-17 15:02:00,2011-11-24 09:24:00,168,21,4010,23.86904761904762,8524.86,50.74321428571429,66,0.25,0,707,33.7,5,5,5,Champions
15271,2010-08-05 14:57:00,2011-12-02 14:11:00,570,24,2412,4.231578947368421,4528.54,7.94480701754386,369,0.25,0,484,20.2,5,5,5,Champions
15272,2010-02-14 13:39:00,2011-10-13 12:59:00,286,6,665,2.325174825174825,2030.95,7.101223776223776,257,0.25,0,606,101.0,4,4,4,Champions
15273,2010-04-19 11:31:00,2010-04-19 11:31:00,1,1,216,216.0,228.96,228.96,1,0.25,1,1,1.0,1,1,1,Lost / Inactive
15274,2011-11-21 14:17:00,2011-12-05 16:57:00,47,2,619,13.170212765957446,716.5699999999999,15.246170212765955,44,0.25,0,15,7.5,5,2,3,Promising / New
15275,2011-11-02 11:20:00,2011-11-02 11:20:00,41,1,498,12.146341463414634,615.14,15.003414634146342,41,0.25,0,1,1.0,4,1,3,Promising / New
15276,2010-10-01 12:24:00,2011-10-04 16:39:00,178,4,317,1.7808988764044944,619.8,3.482022471910112,160,0.25,0,369,92.2,3,3,3,Loyal Customers
15277,2010-10-10 16:02:00,2011-10-24 10:08:00,26,2,373,14.346153846153847,476.34000000000003,18.320769230769233,23,0.25,0,379,189.5,4,2,2,Promising / New
15278,2010-02-12 14:53:00,2010-05-27 10:03:00,29,4,458,15.793103448275861,496.16,17.10896551724138,29,0.25,1,104,26.0,1,3,2,At Risk
15279,2010-02-02 10:15:00,2010-12-20 10:48:00,94,5,802,8.53191489361702,1580.54,16.814255319148934,74,0.25,1,322,64.4,2,4,4,At Risk
15280,2010-05-17 14:17:00,2011-06-20 17:14:00,60,3,507,8.45,397.52,6.625333333333333,48,0.25,1,400,133.3,3,3,2,Loyal Customers
15281,2010-10-08 12:14:00,2011-10-12 09:10:00,522,16,5233,10.024904214559387,8543.57,16.36699233716475,427,0.25,0,369,23.1,4,5,5,Champions
15282,2010-05-18 16:27:00,2010-05-18 16:27:00,27,1,395,14.62962962962963,348.59,12.91074074074074,27,0.25,1,1,1.0,1,1,2,Lost / Inactive
15283,2010-07-09 15:46:00,2010-11-14 14:54:00,9,3,27,3.0,148.32999999999998,16.481111111111108,9,0.25,1,128,42.7,2,3,1,At Risk
15284,2010-07-27 13:25:00,2010-07-27 13:25:00,1,1,5,5.0,24.75,24.75,1,0.25,1,1,1.0,1,1,1,Lost / Inactive
15285,2010-10-28 09:46:00,2010-10-28 09:46:00,6,1,120,20.0,94.92,15.82,6,0.25,1,1,1.0,2,1,1,Lost / Inactive
15286,2011-10-21 11:08:00,2011-10-21 11:08:00,3,1,55,18.333333333333332,240.55,80.18333333333334,3,0.25,0,1,1.0,4,1,1,Promising / New
15287,2009-12-02 12:13:00,2011-11-17 15:34:00,36,5,1010,28.055555555555557,856.03,23.77861111111111,23,0.25,0,716,143.2,4,4,3,Champions
15288,2010-02-12 15:27:00,2011-10-27 16:58:00,153,10,1336,8.732026143790849,3715.38,24.283529411764707,128,0.25,0,623,62.3,4,5,5,Champions
15289,2010-03-28 11:45:00,2011-11-10 13:49:00,97,5,1627,16.77319587628866,1593.09,16.42360824742268,67,0.25,0,593,118.6,4,4,4,Champions
15290,2010-02-24 10:15:00,2011-12-05 11:39:00,292,26,6567,22.48972602739726,10496.28,35.946164383561644,106,0.25,0,650,25.0,5,5,5,Champions
15291,2009-12-03 11:09:00,2011-11-14 11:02:00,244,40,4905,20.102459016393443,13517.76,55.400655737704916,116,0.25,0,711,17.8,4,5,5,Champions
15292,2011-05-22 15:00:00,2011-05-22 15:00:00,24,1,55,2.2916666666666665,178.39,7.432916666666666,24,0.25,1,1,1.0,2,1,1,Lost / Inactive
15293,2010-02-12 11:54:00,2010-02-12 11:54:00,19,1,178,9.368421052631579,247.5,13.026315789473685,19,0.25,1,1,1.0,1,1,1,Lost / Inactive
15294,2010-10-25 11:45:00,2010-10-25 11:45:00,15,1,97,6.466666666666667,233.35,15.556666666666667,15,0.25,1,1,1.0,1,1,1,Lost / Inactive
15295,2010-02-23 13:03:00,2010-02-23 13:03:00,52,1,139,2.673076923076923,207.04,3.9815384615384612,50,0.25,1,1,1.0,1,1,1,Lost / Inactive
15296,2010-01-21 13:48:00,2011-10-20 11:47:00,534,12,5452,10.209737827715356,10323.03,19.331516853932584,342,0.25,0,637,53.1,4,5,5,Champions
15297,2011-10-07 09:42:00,2011-11-29 16:32:00,39,3,292,7.487179487179487,641.94,16.46,30,0.25,0,54,18.0,5,3,3,Loyal Customers
15298,2009-12-08 17:04:00,2011-12-07 17:17:00,425,23,6000,14.117647058823529,9061.77,21.321811764705885,199,0.25,0,730,31.7,5,5,5,Champions
15299,2010-01-12 11:34:00,2011-10-03 14:19:00,10,10,3356,335.6,6156.53,615.653,9,0.25,0,630,63.0,3,5,5,Loyal Customers
15300,2011-10-06 17:08:00,2011-10-06 17:08:00,28,1,292,10.428571428571429,496.44,17.73,28,0.25,0,1,1.0,3,1,2,Needs Attention
15301,2010-09-15 15:41:00,2011-10-20 09:57:00,345,17,3763,10.907246376811594,6909.67,20.028028985507248,231,0.25,0,400,23.5,4,5,5,Champions
15302,2009-12-09 13:11:00,2009-12-09 13:11:00,15,1,102,6.8,308.0,20.533333333333335,15,0.25,1,1,1.0,1,1,2,Lost / Inactive
15303,2010-01-25 09:42:00,2011-02-22 13:59:00,69,3,514,7.449275362318841,1224.18,17.741739130434784,63,0.25,1,394,131.3,2,3,4,At Risk
15304,2010-10-14 10:24:00,2011-10-10 10:23:00,24,9,112,4.666666666666667,796.4,33.18333333333333,8,0.25,0,361,40.1,3,5,3,Loyal Customers
15305,2010-06-02 13:50:00,2010-06-02 13:50:00,5,1,40,8.0,93.6,18.72,5,0.25,1,1,1.0,1,1,1,Lost / Inactive
15306,2010-02-18 17:12:00,2011-10-06 12:56:00,162,9,3074,18.97530864197531,3484.73,21.51067901234568,123,0.25,0,595,66.1,3,5,5,Loyal Customers
15307,2011-09-05 11:38:00,2011-09-05 11:38:00,12,1,37,3.0833333333333335,205.3,17.108333333333334,12,0.25,1,1,1.0,3,1,1,Needs Attention
15308,2011-03-10 13:08:00,2011-03-10 13:08:00,19,1,175,9.210526315789474,310.46999999999997,16.34052631578947,19,0.25,1,1,1.0,2,1,2,Lost / Inactive
15309,2009-12-04 13:01:00,2010-04-08 11:11:00,54,4,440,8.148148148148149,797.96,14.777037037037038,49,0.25,1,125,31.2,1,3,3,At Risk
15310,2010-08-18 11:38:00,2010-08-18 11:38:00,45,1,1476,32.8,1634.6399999999999,36.32533333333333,45,0.25,1,1,1.0,1,1,4,Lost / Inactive
15311,2009-12-01 11:21:00,2011-12-09 12:00:00,4306,208,70149,16.29098931723177,114966.42,26.699122155132372,864,0.25,0,739,3.6,5,5,5,Champions
15312,2009-12-16 09:23:00,2011-09-25 13:10:00,163,12,1693,10.386503067484663,2930.19,17.976625766871166,118,0.25,0,649,54.1,3,5,5,Loyal Customers
15313,2011-08-21 16:02:00,2011-08-21 16:02:00,1,1,25,25.0,52.0,52.0,1,0.25,1,1,1.0,3,1,1,Needs Attention
15314,2010-10-07 15:41:00,2011-05-24 14:39:00,50,3,750,15.0,820.45,16.409000000000002,49,0.25,1,229,76.3,2,3,3,At Risk
15315,2011-08-15 15:17:00,2011-10-06 12:51:00,37,2,862,23.2972972972973,570.5,15.41891891891892,35,0.25,0,52,26.0,3,2,2,Needs Attention
15316,2011-01-17 11:34:00,2011-01-17 11:34:00,1,1,100,100.0,165.0,165.0,1,0.25,1,1,1.0,2,1,1,Lost / Inactive
15317,2010-01-31 15:55:00,2010-01-31 15:55:00,5,1,45,9.0,129.75,25.95,5,0.25,1,1,1.0,1,1,1,Lost / Inactive
15318,2011-12-06 11:30:00,2011-12-06 11:30:00,33,1,642,19.454545454545453,312.62,9.473333333333333,33,0.25,0,1,1.0,5,1,2,Promising / New
15319,2011-03-01 12:48:00,2011-03-01 12:48:00,16,1,175,10.9375,204.5,12.78125,16,0.25,1,1,1.0,2,1,1,Lost / Inactive
15320,2011-10-26 13:27:00,2011-10-26 13:27:00,36,1,326,9.055555555555555,267.13,7.420277777777778,36,0.25,0,1,1.0,4,1,1,Promising / New
15321,2010-02-03 09:47:00,2011-09-30 09:40:00,309,12,3653,11.822006472491909,6709.73,21.714336569579288,242,0.25,0,604,50.3,3,5,5,Loyal Customers
15322,2010-08-20 13:10:00,2011-09-15 09:34:00,83,2,971,11.698795180722891,1390.86,16.75734939759036,76,0.25,0,391,195.5,3,2,4,Needs Attention
15323,2010-02-16 09:21:00,2010-05-26 10:01:00,29,3,188,6.482758620689655,434.6,14.986206896551725,29,0.25,1,100,33.3,1,3,2,At Risk
15324,2010-01-07 14:37:00,2010-01-07 14:37:00,8,1,74,9.25,140.22,17.5275,8,0.25,1,1,1.0,1,1,1,Lost / Inactive
15325,2010-02-16 13:30:00,2011-08-28 11:55:00,224,8,1382,6.169642857142857,1601.46,7.149375,164,0.25,1,558,69.8,3,4,4,Loyal Customers
15326,2009-12-01 13:19:00,2011-01-10 11:38:00,129,5,1351,10.472868217054264,1700.52,13.182325581395348,94,0.25,1,405,81.0,2,4,4,At Risk
15327,2011-10-18 11:55:00,2011-10-18 11:55:00,10,1,116,11.6,208.75,20.875,10,0.25,0,1,1.0,4,1,1,Promising / New
15328,2010-10-28 09:05:00,2010-10-28 09:05:00,8,1,88,11.0,107.24,13.405,8,0.25,1,1,1.0,2,1,1,Lost / Inactive
15329,2009-12-14 12:18:00,2011-10-31 15:36:00,154,11,1217,7.902597402597403,2958.83,19.213181818181816,98,0.25,0,687,62.5,4,5,5,Champions
15330,2011-10-10 12:30:00,2011-11-07 17:50:00,13,2,1312,100.92307692307692,714.9599999999999,54.99692307692307,10,0.25,0,29,14.5,4,2,3,Promising / New
15331,2010-04-09 14:26:00,2010-07-28 09:42:00,44,3,701,15.931818181818182,767.91,17.4525,41,0.25,1,110,36.7,1,3,3,At Risk
15332,2010-07-14 13:01:00,2010-12-08 14:43:00,154,6,2306,14.974025974025974,4892.68,31.770649350649354,113,0.25,1,148,24.7,2,4,5,At Risk
15333,2011-05-15 13:27:00,2011-05-15 13:27:00,16,1,344,21.5,1028.56,64.285,16,0.25,1,1,1.0,2,1,3,Lost / Inactive
15334,2011-06-19 13:51:00,2011-07-06 11:22:00,98,3,273,2.7857142857142856,350.82,3.579795918367347,67,0.25,1,17,5.7,3,3,2,Loyal Customers
15335,2011-10-17 12:50:00,2011-10-17 12:50:00,35,1,79,2.257142857142857,170.22,4.863428571428571,34,0.25,0,1,1.0,4,1,1,Promising / New
15336,2010-11-03 12:39:00,2010-11-03 12:39:00,15,1,84,5.6,240.5,16.033333333333335,15,0.25,1,1,1.0,2,1,1,Lost / Inactive
15337,2010-10-24 15:29:00,2010-10-24 15:29:00,21,1,200,9.523809523809524,373.02,17.762857142857143,21,0.25,1,1,1.0,1,1,2,Lost / Inactive
15338,2010-01-31 14:25:00,2010-01-31 14:25:00,58,1,148,2.5517241379310347,277.93,4.791896551724138,56,0.25,1,1,1.0,1,1,1,Lost / Inactive
15339,2010-02-08 13:38:00,2011-10-04 12:51:00,220,7,1138,5.172727272727273,1821.02,8.277363636363637,162,0.25,0,603,86.1,3,4,4,Loyal Customers
15340,2010-05-27 10:27:00,2010-05-27 10:27:00,7,1,76,10.857142857142858,105.5,15.071428571428571,7,0.25,1,1,1.0,1,1,1,Lost / Inactive
15341,2010-09-16 16:41:00,2011-09-20 09:40:00,24,2,1008,42.0,2402.72,100.11333333333333,22,0.25,0,369,184.5,3,2,4,Needs Attention
15342,2011-08-02 10:19:00,2011-08-02 10:19:00,24,1,283,11.791666666666666,406.09,16.920416666666664,24,0.25,1,1,1.0,3,1,2,Needs Attention
15343,2011-09-13 13:55:00,2011-09-13 13:55:00,21,1,84,4.0,364.5,17.357142857142858,21,0.25,0,1,1.0,3,1,2,Needs Attention
15344,2011-09-26 14:48:00,2011-12-09 10:45:00,26,3,116,4.461538461538462,563.94,21.69,21,0.25,0,74,24.7,5,3,2,Loyal Customers
15345,2011-10-25 11:28:00,2011-10-25 11:28:00,20,1,81,4.05,393.54,19.677,20,0.25,0,1,1.0,4,1,2,Promising / New
15346,2010-10-04 15:11:00,2011-01-11 11:18:00,37,3,260,7.027027027027027,596.12,16.111351351351352,36,0.25,1,99,33.0,2,3,2,At Risk
15347,2010-09-28 12:50:00,2010-12-08 15:25:00,36,4,542,15.055555555555555,1162.0,32.27777777777778,29,0.25,1,72,18.0,2,3,3,At Risk
15348,2011-09-28 13:17:00,2011-09-28 13:17:00,9,1,84,9.333333333333334,158.04,17.56,9,0.25,0,1,1.0,3,1,1,Needs Attention
15349,2011-06-05 15:46:00,2011-07-04 16:06:00,71,2,321,4.52112676056338,463.91,6.533943661971831,65,0.25,1,30,15.0,3,2,2,Needs Attention
15350,2010-11-21 15:14:00,2010-12-01 13:33:00,30,2,272,9.066666666666666,547.6,18.253333333333334,26,0.25,1,10,5.0,2,2,2,Lost / Inactive
15351,2010-10-03 12:18:00,2011-11-27 12:52:00,314,10,1350,4.2993630573248405,3430.22,10.924267515923566,201,0.25,0,421,42.1,5,5,5,Champions
15352,2010-06-09 11:28:00,2010-06-09 11:28:00,34,1,40,1.1764705882352942,111.15,3.269117647058824,34,0.25,1,1,1.0,1,1,1,Lost / Inactive
15353,2009-12-02 11:33:00,2011-03-30 12:15:00,360,7,1391,3.863888888888889,2794.47,7.762416666666666,274,0.25,1,484,69.1,2,4,4,At Risk
15354,2010-04-15 16:17:00,2010-04-15 16:24:00,3,3,3,1.0,284.4,94.8,1,0.25,1,1,0.3,1,3,1,At Risk
15355,2011-10-17 15:22:00,2011-11-10 13:44:00,14,2,45,3.2142857142857144,277.05,19.789285714285715,9,0.25,0,24,12.0,4,2,1,Promising / New
15356,2010-10-13 13:12:00,2011-11-08 13:11:00,669,13,1892,2.828101644245142,3239.57,4.842406576980569,290,0.25,0,391,30.1,4,5,5,Champions
15358,2009-12-07 12:19:00,2011-12-05 09:04:00,1089,42,14902,13.684113865932048,16425.86,15.083434343434345,359,0.25,0,728,17.3,5,5,5,Champions
15359,2010-01-15 11:30:00,2010-02-15 10:47:00,16,8,145,9.0625,181.35,11.334375,10,0.25,1,31,3.9,1,4,1,At Risk
15360,2011-10-31 09:35:00,2011-10-31 09:35:00,13,1,223,17.153846153846153,427.93,32.917692307692306,13,0.25,0,1,1.0,4,1,2,Promising / New
15361,2010-06-14 13:27:00,2010-12-13 09:52:00,10,4,373,37.3,689.07,68.90700000000001,10,0.25,1,182,45.5,2,3,3,At Risk
15362,2009-12-01 09:08:00,2010-09-17 10:37:00,40,2,368,9.2,613.08,15.327000000000002,38,0.25,1,291,145.5,1,2,3,Lost / Inactive
15363,2010-08-04 08:41:00,2010-12-02 12:28:00,35,2,383,10.942857142857143,678.11,19.37457142857143,32,0.25,1,121,60.5,2,2,3,Lost / Inactive
15364,2011-03-30 13:39:00,2011-09-05 09:46:00,29,2,493,17.0,913.19,31.489310344827587,29,0.25,1,159,79.5,3,2,3,Needs Attention
15365,2010-02-04 16:43:00,2011-11-14 08:29:00,218,13,2131,9.775229357798166,4557.13,20.904266055045873,126,0.25,0,648,49.8,4,5,5,Champions
15366,2010-02-26 10:10:00,2011-09-25 15:01:00,138,7,2447,17.731884057971016,2389.08,17.312173913043477,86,0.25,0,577,82.4,3,4,4,Loyal Customers
15367,2009-12-10 14:20:00,2011-10-13 14:13:00,279,11,2944,10.551971326164875,5081.33,18.212652329749105,214,0.25,0,672,61.1,4,5,5,Champions
15368,2010-11-10 15:52:00,2011-11-18 14:42:00,8,2,406,50.75,722.74,90.3425,8,0.25,0,373,186.5,4,2,3,Promising / New
15369,2009-12-08 07:43:00,2010-08-04 13:54:00,59,11,3288,55.728813559322035,6251.26,105.9535593220339,44,0.25,1,240,21.8,1,5,5,At Risk
15370,2010-10-25 12:08:00,2011-10-30 10:58:00,144,8,1397,9.70138888888889,3739.01,25.965347222222224,90,0.25,0,370,46.2,4,4,5,Champions
15371,2010-02-15 13:14:00,2010-02-15 13:14:00,1,1,12,12.0,59.4,59.4,1,0.25,1,1,1.0,1,1,1,Lost / Inactive
15372,2010-02-14 11:24:00,2011-07-25 16:39:00,57,8,6410,112.45614035087719,6017.06,105.56245614035089,45,0.25,1,527,65.9,3,4,5,Loyal Customers
15373,2010-05-02 11:57:00,2011-12-01 15:05:00,189,17,726,3.8412698412698414,3084.54,16.32031746031746,107,0.25,0,579,34.1,5,5,5,Champions
15374,2010-03-25 12:03:00,2011-08-03 09:59:00,10,2,290,29.0,307.32,30.732,8,0.25,1,496,248.0,3,2,2,Needs Attention
15375,2010-01-18 15:38:00,2010-01-18 15:38:00,6,1,84,14.0,60.96,10.16,6,0.25,1,1,1.0,1,1,1,Lost / Inactive
15376,2011-05-01 13:45:00,2011-10-30 15:04:00,116,3,615,5.301724137931035,1221.56,10.530689655172413,100,0.25,0,183,61.0,4,3,4,Loyal Customers
15377,2010-10-20 11:42:00,2010-11-22 08:55:00,21,4,253,12.047619047619047,1211.75,57.70238095238095,15,0.25,1,33,8.2,2,3,3,At Risk
15378,2010-07-26 08:47:00,2010-09-03 11:30:00,12,2,130,10.833333333333334,246.5,20.541666666666668,8,0.25,1,40,20.0,1,2,1,Lost / Inactive
15379,2010-11-04 11:59:00,2011-06-23 13:13:00,263,8,3000,11.406844106463879,4877.84,18.546920152091257,177,0.25,1,232,29.0,3,4,5,Loyal Customers
15380,2009-12-01 13:50:00,2011-12-01 12:13:00,52,11,954,18.346153846153847,3248.96,62.480000000000004,27,0.25,0,730,66.4,5,5,5,Champions
15381,2010-05-05 14:35:00,2011-05-10 11:55:00,24,5,802,33.416666666666664,1890.57,78.77374999999999,20,0.25,1,370,74.0,2,4,4,At Risk
15382,2009-12-04 14:13:00,2011-11-25 10:58:00,632,12,9178,14.522151898734178,13733.55,21.73030063291139,315,0.25,0,721,60.1,5,5,5,Champions
15384,2010-04-26 12:38:00,2011-06-23 10:57:00,118,4,1767,14.974576271186441,2027.79,17.184661016949153,83,0.25,1,423,105.8,3,3,4,Loyal Customers
15385,2010-01-31 13:02:00,2011-10-30 15:11:00,21,3,428,20.38095238095238,942.08,44.860952380952384,18,0.25,0,638,212.7,4,3,3,Loyal Customers
15386,2011-06-06 13:47:00,2011-06-06 13:47:00,31,1,446,14.387096774193548,394.14,12.714193548387096,31,0.25,1,1,1.0,3,1,2,Needs Attention
15387,2010-08-04 16:05:00,2010-08-04 16:05:00,20,1,335,16.75,468.65,23.432499999999997,20,0.25,1,1,1.0,1,1,2,Lost / Inactive
15388,2011-03-14 13:53:00,2011-03-14 13:53:00,10,1,88,8.8,140.54,14.053999999999998,10,0.25,1,1,1.0,2,1,1,Lost / Inactive
15389,2010-01-27 12:44:00,2011-06-20 16:18:00,6,5,3940,656.6666666666666,2733.8,455.6333333333334,2,0.25,1,510,102.0,3,4,4,Loyal Customers
15390,2010-10-26 17:23:00,2010-11-08 15:19:00,77,2,894,11.61038961038961,1216.66,15.800779220779221,77,0.25,1,13,6.5,2,2,3,Lost / Inactive
15391,2010-05-04 15:04:00,2010-05-04 15:04:00,12,1,109,9.083333333333334,289.87,24.155833333333334,12,0.25,1,1,1.0,1,1,2,Lost / Inactive
15392,2010-10-04 12:50:00,2011-12-05 11:01:00,144,7,2144,14.88888888888889,2911.62,20.219583333333333,100,0.25,0,427,61.0,5,4,5,Champions
15393,2009-12-15 17:56:00,2011-11-23 16:48:00,44,5,378,8.590909090909092,891.34,20.257727272727273,37,0.25,0,708,141.6,5,4,3,Champions
15394,2009-12-15 19:05:00,2011-11-30 11:49:00,227,11,2372,10.449339207048459,5286.8,23.28986784140969,129,0.25,0,715,65.0,5,5,5,Champions
15395,2011-01-18 12:40:00,2011-01-18 12:40:00,7,1,17,2.4285714285714284,107.45,15.35,7,0.25,1,1,1.0,2,1,1,Lost / Inactive
15396,2010-05-05 09:04:00,2011-08-19 10:56:00,16,2,278,17.375,796.38,49.77375,16,0.25,1,472,236.0,3,2,3,Needs Attention
15397,2011-02-23 09:25:00,2011-02-23 09:25:00,6,1,20,3.3333333333333335,94.0,15.666666666666666,6,0.25,1,1,1.0,2,1,1,Lost / Inactive
15398,2011-09-22 14:56:00,2011-11-23 16:47:00,73,2,769,10.534246575342467,1345.53,18.43191780821918,60,0.25,0,63,31.5,5,2,4,Promising / New
15399,2011-09-21 15:57:00,2011-12-08 13:04:00,50,3,611,12.22,815.77,16.3154,45,0.25,0,78,26.0,5,3,3,Loyal Customers
15400,2010-05-28 08:33:00,2011-09-08 13:57:00,27,8,662,24.51851851851852,1302.3,48.233333333333334,16,0.25,1,469,58.6,3,4,4,Loyal Customers
15401,2010-05-20 10:56:00,2010-09-13 13:42:00,14,2,93,6.642857142857143,216.95,15.49642857142857,14,0.25,1,117,58.5,1,2,1,Lost / Inactive
15402,2010-04-27 12:12:00,2011-07-14 12:17:00,131,6,2034,15.526717557251908,1830.54,13.973587786259541,79,0.25,1,444,74.0,3,4,4,Loyal Customers
15403,2009-12-09 12:45:00,2010-08-05 12:21:00,8,2,492,61.5,170.88,21.36,6,0.25,1,239,119.5,1,2,1,Lost / Inactive
15404,2010-11-29 11:03:00,2010-11-29 11:03:00,16,1,334,20.875,257.06,16.06625,16,0.25,1,1,1.0,2,1,1,Lost / Inactive
15405,2010-05-12 15:56:00,2011-06-03 14:44:00,30,2,348,11.6,659.84,21.994666666666667,29,0.25,1,387,193.5,3,2,3,Needs Attention
15406,2010-09-12 13:06:00,2011-11-08 13:22:00,122,4,547,4.483606557377049,975.87,7.998934426229508,108,0.25,0,423,105.8,4,3,3,Loyal Customers
15407,2011-02-07 13:18:00,2011-11-06 11:55:00,148,4,552,3.72972972972973,1046.74,7.072567567567567,142,0.25,0,272,68.0,4,3,3,Loyal Customers
15408,2011-03-20 15:02:00,2011-03-20 15:02:00,34,1,106,3.1176470588235294,267.18,7.858235294117647,34,0.25,1,1,1.0,2,1,1,Lost / Inactive
15409,2009-12-18 15:35:00,2009-12-18 15:35:00,9,1,59,6.555555555555555,131.25,14.583333333333334,9,0.25,1,1,1.0,1,1,1,Lost / Inactive
15410,2010-04-19 08:57:00,2011-09-16 14:47:00,162,10,1902,11.74074074074074,4685.72,28.9241975308642,80,0.25,0,516,51.6,3,5,5,Loyal Customers
15411,2011-06-10 12:30:00,2011-11-13 15:19:00,98,4,529,5.3979591836734695,1348.93,13.764591836734695,86,0.25,0,157,39.2,4,3,4,Loyal Customers
15412,2011-06-21 15:24:00,2011-06-21 15:24:00,10,1,108,10.8,190.53,19.053,10,0.25,1,1,1.0,3,1,1,Needs Attention
15413,2009-12-01 10:18:00,2010-01-17 11:33:00,25,5,2694,107.76,6798.72,271.9488,20,0.25,1,48,9.6,1,4,5,At Risk
15414,2011-04-11 13:45:00,2011-11-30 09:50:00,39,3,443,11.35897435897436,774.9,19.869230769230768,37,0.25,0,233,77.7,5,3,3,Loyal Customers
15415,2011-01-30 14:13:00,2011-01-30 14:13:00,47,1,551,11.72340425531915,559.61,11.906595744680851,46,0.25,1,1,1.0,2,1,2,Lost / Inactive
15416,2010-02-01 11:55:00,2011-10-06 09:38:00,228,7,2420,10.614035087719298,4572.82,20.056228070175436,189,0.25,0,612,87.4,3,4,5,Loyal Customers
15417,2011-09-15 15:26:00,2011-09-15 15:26:00,28,1,284,10.142857142857142,508.8,18.17142857142857,28,0.25,0,1,1.0,3,1,2,Needs Attention
15418,2010-05-02 11:31:00,2010-10-10 13:38:00,68,2,264,3.8823529411764706,449.42,6.609117647058824,64,0.25,1,162,81.0,1,2,2,Lost / Inactive
15419,2011-11-15 09:23:00,2011-11-15 09:23:00,8,1,230,28.75,135.86,16.9825,8,0.25,0,1,1.0,4,1,1,Promising / New
15420,2009-12-05 13:29:00,2010-10-01 15:46:00,56,6,844,15.071428571428571,743.0,13.267857142857142,52,0.25,1,301,50.2,1,4,3,At Risk
15421,2009-12-07 15:10:00,2011-10-12 09:20:00,316,10,1927,6.098101265822785,3805.34,12.042215189873419,170,0.25,0,674,67.4,4,5,5,Champions
15422,2010-02-07 11:52:00,2011-01-20 16:17:00,120,7,710,5.916666666666667,1619.97,13.49975,80,0.25,1,348,49.7,2,4,4,At Risk
15423,2010-03-28 13:42:00,2011-11-01 14:01:00,14,3,198,14.142857142857142,266.89,19.06357142857143,13,0.25,0,584,194.7,4,3,1,Loyal Customers
15424,2010-09-02 17:17:00,2011-03-30 13:02:00,33,3,873,26.454545454545453,597.78,18.114545454545453,33,0.25,1,209,69.7,2,3,2,At Risk
15425,2010-02-14 12:36:00,2010-11-04 18:13:00,143,4,1041,7.27972027972028,1941.12,13.574265734265733,114,0.25,1,264,66.0,2,3,4,At Risk
15426,2010-05-02 15:10:00,2011-11-20 15:36:00,429,9,1041,2.4265734265734267,2156.35,5.026456876456876,327,0.25,0,568,63.1,5,5,4,Champions
15427,2011-10-23 14:47:00,2011-11-06 14:29:00,292,3,967,3.3116438356164384,1430.54,4.899109589041096,233,0.25,0,14,4.7,4,3,4,Loyal Customers
15428,2009-12-17 17:46:00,2011-11-24 16:54:00,44,4,347,7.886363636363637,762.75,17.335227272727273,39,0.25,0,707,176.8,5,3,3,Loyal Customers
15429,2011-09-25 13:42:00,2011-11-13 12:28:00,82,2,380,4.634146341463414,397.35,4.845731707317073,77,0.25,0,49,24.5,4,2,2,Promising / New
15430,2010-06-29 15:04:00,2010-08-29 10:42:00,36,2,309,8.583333333333334,954.75,26.520833333333332,36,0.25,1,61,30.5,1,2,3,Lost / Inactive
15431,2010-07-25 12:44:00,2010-07-25 12:44:00,2,1,84,42.0,153.24,76.62,2,0.25,1,1,1.0,1,1,1,Lost / Inactive
15432,2010-06-16 14:34:00,2011-11-16 16:30:00,16,2,92,5.75,320.76,20.0475,16,0.25,0,519,259.5,4,2,2,Promising / New
15433,2011-03-17 14:12:00,2011-05-10 10:45:00,41,2,534,13.024390243902438,533.3,13.00731707317073,40,0.25,1,54,27.0,2,2,2,Lost / Inactive
15434,2010-01-24 15:35:00,2011-12-01 13:33:00,134,11,1423,10.619402985074627,2567.06,19.157164179104477,82,0.25,0,676,61.5,5,5,4,Champions
15435,2011-11-17 16:39:00,2011-11-17 16:39:00,29,1,54,1.8620689655172413,149.29,5.147931034482759,29,0.25,0,1,1.0,4,1,1,Promising / New
15436,2011-04-19 16:52:00,2011-11-27 16:05:00,291,3,574,1.9725085910652922,1067.75,3.6692439862542954,243,0.25,0,222,74.0,5,3,3,Loyal Customers
15437,2010-03-09 10:45:00,2011-03-22 13:11:00,57,2,177,3.1052631578947367,393.45,6.902631578947368,56,0.25,1,379,189.5,2,2,2,Lost / Inactive
15438,2011-07-31 14:19:00,2011-07-31 14:19:00,25,1,59,2.36,156.57999999999998,6.263199999999999,25,0.25,1,1,1.0,3,1,1,Needs Attention
15439,2010-02-24 12:05:00,2010-10-31 10:38:00,57,4,572,10.035087719298245,1269.05,22.264035087719297,49,0.25,1,249,62.2,2,3,4,At Risk
15440,2011-05-15 11:30:00,2011-10-16 12:16:00,62,3,197,3.1774193548387095,383.68,6.188387096774194,50,0.25,0,155,51.7,4,3,2,Loyal Customers
15441,2009-12-09 14:55:00,2010-11-08 15:50:00,57,3,587,10.298245614035087,1254.21,22.003684210526316,45,0.25,1,335,111.7,2,3,4,At Risk
15442,2011-04-05 12:24:00,2011-04-05 12:24:00,2,1,120,60.0,594.0,297.0,2,0.25,1,1,1.0,2,1,2,Lost / Inactive
15443,2010-03-07 12:10:00,2011-12-08 10:40:00,625,14,2699,4.3184,5114.23,8.182768,408,0.25,0,641,45.8,5,5,5,Champions
15444,2011-10-30 16:12:00,2011-11-30 17:37:00,214,2,759,3.546728971962617,1411.21,6.594439252336449,191,0.25,0,32,16.0,5,2,4,Promising / New
15445,2010-04-28 15:00:00,2011-03-20 15:06:00,14,2,118,8.428571428571429,284.5,20.321428571428573,12,0.25,1,327,163.5,2,2,1,Lost / Inactive
15446,2009-12-13 13:53:00,2010-11-28 11:59:00,112,3,265,2.3660714285714284,399.75,3.5691964285714284,90,0.25,1,350,116.7,2,3,2,At Risk
15447,2010-03-24 14:40:00,2011-01-13 11:26:00,29,5,228,7.862068965517241,492.88,16.99586206896552,27,0.25,1,295,59.0,2,4,2,At Risk
15448,2010-02-03 13:29:00,2011-01-31 10:42:00,49,2,487,9.938775510204081,788.81,16.09816326530612,49,0.25,1,362,181.0,2,2,3,Lost / Inactive
15449,2011-03-23 10:43:00,2011-11-13 15:02:00,60,3,812,13.533333333333333,974.52,16.242,47,0.25,0,236,78.7,4,3,3,Loyal Customers
15450,2011-11-09 17:11:00,2011-11-09 17:11:00,30,1,376,12.533333333333333,429.84,14.328,30,0.25,0,1,1.0,4,1,2,Promising / New
15451,2010-04-19 14:08:00,2010-10-01 13:40:00,60,2,76,1.2666666666666666,226.86,3.781,56,0.25,1,165,82.5,1,2,1,Lost / Inactive
15452,2010-07-16 14:23:00,2011-11-10 12:13:00,199,6,1087,5.4623115577889445,1785.11,8.97040201005025,158,0.25,0,482,80.3,4,4,4,Champions
15453,2011-06-05 12:37:00,2011-12-08 10:59:00,279,7,837,3.0,1371.77,4.91673835125448,169,0.25,0,186,26.6,5,4,4,Champions
15454,2010-03-31 13:15:00,2010-12-12 14:21:00,40,2,146,3.65,305.99,7.64975,35,0.25,1,257,128.5,2,2,2,Lost / Inactive
15455,2010-04-21 12:43:00,2010-04-21 12:43:00,2,1,3,1.5,38.25,19.125,2,0.25,1,1,1.0,1,1,1,Lost / Inactive
15456,2009-12-08 12:54:00,2011-03-01 13:51:00,227,10,2727,12.013215859030836,2091.52,9.21374449339207,128,0.25,1,449,44.9,2,5,4,At Risk
15457,2011-03-22 15:31:00,2011-03-22 15:31:00,58,1,132,2.2758620689655173,237.07,4.087413793103448,56,0.25,1,1,1.0,2,1,1,Lost / Inactive
15458,2010-11-02 19:50:00,2011-11-14 13:08:00,13,2,300,23.076923076923077,370.44,28.495384615384616,13,0.25,0,377,188.5,4,2,2,Promising / New
15459,2010-07-30 14:31:00,2010-10-18 15:25:00,7,2,121,17.285714285714285,202.82999999999998,28.975714285714282,6,0.25,1,81,40.5,1,2,1,Lost / Inactive
15460,2010-12-20 16:08:00,2010-12-20 16:08:00,56,1,107,1.9107142857142858,214.26,3.8260714285714283,53,0.25,1,1,1.0,2,1,1,Lost / Inactive
15461,2010-03-18 12:40:00,2010-09-05 12:31:00,2,2,230,115.0,429.7,214.85,1,0.25,1,171,85.5,1,2,2,Lost / Inactive
15462,2010-09-20 10:23:00,2011-09-06 13:11:00,41,4,495,12.073170731707316,737.05,17.976829268292683,32,0.25,1,352,88.0,3,3,3,Loyal Customers
15463,2011-11-10 12:57:00,2011-11-10 12:57:00,7,1,106,15.142857142857142,126.14,18.02,7,0.25,0,1,1.0,4,1,1,Promising / New
15464,2011-01-05 15:56:00,2011-01-05 15:56:00,155,1,348,2.2451612903225806,1044.65,6.739677419354839,155,0.25,1,1,1.0,2,1,3,Lost / Inactive
15465,2009-12-10 09:42:00,2011-11-20 10:11:00,255,32,2638,10.345098039215687,12100.4,47.452549019607844,94,0.25,0,711,22.2,4,5,5,Champions
15466,2009-12-03 12:28:00,2011-09-15 14:08:00,262,4,941,3.5916030534351147,1560.46,5.9559541984732824,211,0.25,0,652,163.0,3,3,4,Loyal Customers
15467,2011-07-10 14:42:00,2011-11-30 14:17:00,52,3,310,5.961538461538462,524.88,10.093846153846155,41,0.25,0,143,47.7,5,3,2,Loyal Customers
15468,2010-11-12 09:39:00,2011-10-19 13:49:00,80,3,1400,17.5,1430.48,17.881,80,0.25,0,342,114.0,4,3,4,Loyal Customers
15469,2010-09-27 10:09:00,2011-10-20 16:21:00,43,3,287,6.674418604651163,874.25,20.33139534883721,38,0.25,0,389,129.7,4,3,3,Loyal Customers
15470,2010-05-13 09:35:00,2010-05-13 09:35:00,4,1,232,58.0,63.419999999999995,15.854999999999999,4,0.25,1,1,1.0,1,1,1,Lost / Inactive
15471,2010-06-07 12:17:00,2011-12-07 14:12:00,155,3,670,4.32258064516129,1292.01,8.335548387096773,122,0.25,0,549,183.0,5,3,4,Loyal Customers
15472,2011-08-18 15:17:00,2011-08-18 15:17:00,76,1,251,3.3026315789473686,371.56,4.888947368421053,76,0.25,1,1,1.0,3,1,2,Needs Attention
15473,2010-09-21 09:14:00,2011-11-25 15:15:00,14,8,776,55.42857142857143,2046.0,146.14285714285714,5,0.25,0,431,53.9,5,4,4,Champions
15474,2010-04-23 11:14:00,2010-04-23 11:14:00,19,1,55,2.8947368421052633,150.35,7.913157894736842,19,0.25,1,1,1.0,1,1,1,Lost / Inactive
15475,2011-09-23 15:20:00,2011-09-23 15:20:00,29,1,319,11.0,454.11,15.65896551724138,29,0.25,0,1,1.0,3,1,2,Needs Attention
15476,2010-09-23 14:00:00,2010-11-24 15:17:00,79,4,1174,14.860759493670885,2209.98,27.974430379746835,67,0.25,1,63,15.8,2,3,4,At Risk
15477,2010-02-28 10:37:00,2010-02-28 10:37:00,2,1,216,108.0,368.4,184.2,2,0.25,1,1,1.0,1,1,2,Lost / Inactive
15478,2010-05-13 18:49:00,2011-10-30 14:19:00,69,3,894,12.956521739130435,1983.48,28.74608695652174,53,0.25,0,535,178.3,4,3,4,Loyal Customers
15479,2009-12-06 15:08:00,2009-12-06 15:08:00,9,1,38,4.222222222222222,147.4,16.37777777777778,9,0.25,1,1,1.0,1,1,1,Lost / Inactive
15480,2010-02-01 14:52:00,2011-08-15 14:32:00,215,5,1852,8.613953488372093,6279.0,29.204651162790697,199,0.25,1,560,112.0,3,4,5,Loyal Customers
15481,2010-11-03 14:52:00,2010-11-03 14:52:00,38,1,1450,38.1578947368421,1993.34,52.456315789473685,38,0.25,1,1,1.0,2,1,4,Lost / Inactive
15482,2009-12-02 16:59:00,2011-11-24 10:46:00,148,19,6516,44.027027027027025,14417.36,97.4145945945946,74,0.25,0,722,38.0,5,5,5,Champions
15483,2010-01-24 15:42:00,2011-07-01 13:07:00,269,10,905,3.3643122676579926,817.8199999999999,3.0402230483271375,216,0.25,1,523,52.3,3,5,3,Loyal Customers
15484,2009-12-05 15:18:00,2011-12-08 15:03:00,240,6,4074,16.975,4652.1,19.383750000000003,180,0.25,0,733,122.2,5,4,5,Champions
15485,2009-12-01 17:31:00,2011-11-09 14:31:00,137,7,2153,15.715328467153284,4810.92,35.11620437956204,80,0.25,0,708,101.1,4,4,5,Champions
15486,2010-06-30 13:15:00,2010-06-30 13:15:00,1,1,40,40.0,102.0,102.0,1,0.25,1,1,1.0,1,1,1,Lost / Inactive
15487,2010-01-29 12:07:00,2010-01-29 12:07:00,14,1,144,10.285714285714286,231.32,16.52285714285714,14,0.25,1,1,1.0,1,1,1,Lost / Inactive
15488,2010-05-05 13:03:00,2011-09-08 10:11:00,11,5,251,22.818181818181817,431.92,39.265454545454546,10,0.25,1,491,98.2,3,4,2,Loyal Customers
15489,2010-01-15 16:58:00,2011-11-17 08:53:00,114,8,1264,11.087719298245615,2419.61,21.22464912280702,75,0.25,0,671,83.9,4,4,4,Champions
15490,2010-10-05 13:11:00,2010-10-05 13:11:00,25,1,82,3.28,210.85,8.434,22,0.25,1,1,1.0,1,1,1,Lost / Inactive
15491,2011-04-18 10:04:00,2011-09-05 15:56:00,154,6,1646,10.688311688311689,3100.09,20.130454545454548,108,0.25,1,141,23.5,3,4,5,Loyal Customers
15492,2011-09-26 14:02:00,2011-11-11 14:53:00,35,2,483,13.8,659.46,18.841714285714286,32,0.25,0,47,23.5,4,2,3,Promising / New
15493,2010-02-23 11:14:00,2011-11-07 12:04:00,612,9,1206,1.9705882352941178,4121.68,6.734771241830066,289,0.25,0,623,69.2,4,5,5,Champions
15494,2009-12-10 20:16:00,2011-11-18 14:51:00,368,5,3052,8.293478260869565,3702.6,10.061413043478261,307,0.25,0,708,141.6,4,4,5,Champions
15495,2010-11-25 13:46:00,2010-11-25 13:46:00,20,1,194,9.7,246.5,12.325,20,0.25,1,1,1.0,2,1,1,Lost / Inactive
15496,2010-03-18 13:16:00,2010-03-18 13:16:00,22,1,98,4.454545454545454,146.14,6.642727272727272,22,0.25,1,1,1.0,1,1,1,Lost / Inactive
15497,2009-12-18 15:08:00,2011-11-22 11:51:00,121,9,2937,24.272727272727273,8657.39,71.54867768595041,66,0.25,0,704,78.2,5,5,5,Champions
15498,2009-12-16 17:27:00,2011-12-07 12:48:00,941,44,12134,12.894792773645058,24972.86,26.538639744952178,597,0.25,0,721,16.4,5,5,5,Champions
15499,2009-12-16 12:17:00,2009-12-16 12:17:00,41,1,59,1.4390243902439024,158.65,3.8695121951219513,40,0.25,1,1,1.0,1,1,1,Lost / Inactive
15500,2011-09-19 13:47:00,2011-12-01 13:47:00,68,4,572,8.411764705882353,1131.56,16.640588235294118,64,0.25,0,74,18.5,5,3,3,Loyal Customers
15501,2010-10-20 12:47:00,2010-10-31 11:15:00,69,2,205,2.971014492753623,399.95,5.796376811594203,64,0.25,1,11,5.5,2,2,2,Lost / Inactive
15502,2010-06-03 11:12:00,2011-11-24 12:48:00,330,14,5559,16.845454545454544,13003.869999999999,39.40566666666666,231,0.25,0,540,38.6,5,5,5,Champions
15503,2009-12-13 11:34:00,2010-12-12 10:57:00,117,2,130,1.1111111111111112,257.3,2.1991452991452993,112,0.25,1,364,182.0,2,2,1,Lost / Inactive
15504,2010-02-12 12:34:00,2011-09-19 13:45:00,64,4,141,2.203125,402.7,6.2921875,42,0.25,0,585,146.2,3,3,2,Loyal Customers
15505,2011-07-07 13:33:00,2011-10-18 07:56:00,97,5,2390,24.63917525773196,3610.96,37.22639175257732,90,0.25,0,103,20.6,4,4,5,Champions
15506,2010-08-19 12:38:00,2011-11-17 12:11:00,273,6,1637,5.996336996336996,2030.33,7.437106227106227,180,0.25,0,455,75.8,4,4,4,Champions
15507,2011-06-21 11:19:00,2011-06-21 11:19:00,45,1,160,3.5555555555555554,475.86,10.574666666666667,41,0.25,1,1,1.0,3,1,2,Needs Attention
15508,2011-04-18 15:31:00,2011-06-03 15:43:00,92,6,440,4.782608695652174,1000.27,10.8725,78,0.25,1,47,7.8,3,4,3,Loyal Customers
15509,2010-11-24 14:48:00,2010-11-24 14:48:00,26,1,58,2.230769230769231,152.41,5.861923076923077,26,0.25,1,1,1.0,2,1,1,Lost / Inactive
15510,2011-01-13 12:10:00,2011-01-13 12:10:00,1,1,2,2.0,250.0,250.0,1,0.25,1,1,1.0,2,1,1,Lost / Inactive
15511,2011-09-15 15:05:00,2011-11-28 09:43:00,158,5,269,1.7025316455696202,900.53,5.699556962025317,117,0.25,0,74,14.8,5,4,3,Champions
15512,2010-02-01 13:23:00,2011-07-07 10:20:00,32,4,235,7.34375,331.58,10.361875,29,0.25,1,521,130.2,3,3,2,Loyal Customers
15513,2010-01-13 14:59:00,2011-11-06 14:36:00,547,35,10477,19.153564899451553,26437.05,48.330987202925044,278,0.25,0,662,18.9,4,5,5,Champions
15514,2009-12-04 16:37:00,2011-11-27 14:40:00,317,18,4087,12.892744479495269,6392.0599999999995,20.164227129337537,171,0.25,0,723,40.2,5,5,5,Champions
15515,2010-11-17 13:39:00,2010-11-17 13:39:00,7,1,131,18.714285714285715,171.81,24.544285714285714,7,0.25,1,1,1.0,2,1,1,Lost / Inactive
15516,2011-10-24 11:33:00,2011-10-26 10:51:00,15,3,27,1.8,62.43,4.162,15,0.25,0,2,0.7,4,3,1,Loyal Customers
15517,2011-04-20 14:02:00,2011-04-20 14:02:00,27,1,293,10.851851851851851,267.03,9.889999999999999,27,0.25,1,1,1.0,2,1,1,Lost / Inactive
15518,2009-12-20 12:21:00,2011-10-06 13:05:00,448,15,2810,6.272321428571429,4189.99,9.352656249999999,250,0.25,0,656,43.7,3,5,5,Loyal Customers
15519,2010-09-19 13:57:00,2010-11-21 14:35:00,37,2,116,3.135135135135135,344.61,9.313783783783784,34,0.25,1,64,32.0,2,2,2,Lost / Inactive
15520,2011-12-08 10:58:00,2011-12-08 10:58:00,18,1,314,17.444444444444443,343.5,19.083333333333332,18,0.25,0,1,1.0,5,1,2,Promising / New
15521,2010-01-05 10:19:00,2011-10-30 13:42:00,403,16,4507,11.183622828784118,7098.24,17.61349875930521,186,0.25,0,664,41.5,4,5,5,Champions
15522,2011-09-13 12:26:00,2011-11-07 11:26:00,56,2,572,10.214285714285714,397.99,7.106964285714286,47,0.25,0,55,27.5,4,2,2,Promising / New
15523,2009-12-02 15:16:00,2011-09-16 16:29:00,212,16,15633,73.74056603773585,17259.19,81.41127358490566,65,0.25,0,654,40.9,3,5,5,Loyal Customers
15524,2010-04-12 09:19:00,2011-11-15 12:09:00,9,2,28,3.111111111111111,591.4,65.71111111111111,9,0.25,0,583,291.5,4,2,2,Promising / New
15525,2010-11-22 12:10:00,2011-12-07 14:43:00,180,4,527,2.9277777777777776,890.22,4.945666666666667,152,0.25,0,381,95.2,5,3,3,Loyal Customers
15526,2011-11-06 15:01:00,2011-11-06 15:04:00,4,2,24,6.0,148.44,37.11,4,0.25,0,1,0.5,4,2,1,Promising / New
15527,2009-12-15 17:31:00,2011-11-21 12:17:00,329,23,2211,6.720364741641338,5554.89,16.884164133738604,226,0.25,0,706,30.7,5,5,5,Champions
15528,2011-03-30 16:14:00,2011-03-30 16:14:00,26,1,123,4.730769230769231,229.33,8.820384615384615,26,0.25,1,1,1.0,2,1,1,Lost / Inactive
15529,2010-11-10 14:26:00,2011-11-17 11:29:00,785,12,4271,5.440764331210191,4783.66,6.093834394904459,451,0.25,0,372,31.0,4,5,5,Champions
15530,2010-07-15 11:10:00,2011-11-18 12:25:00,142,5,1328,9.352112676056338,1808.68,12.737183098591549,111,0.25,0,492,98.4,4,4,4,Champions
15531,2011-11-09 17:47:00,2011-12-01 18:43:00,219,2,1085,4.954337899543379,1972.39,9.00634703196347,196,0.25,0,23,11.5,5,2,4,Promising / New
15532,2010-06-08 14:52:00,2011-11-14 14:51:00,617,10,1337,2.166936790923825,3738.85,6.059724473257698,417,0.25,0,524,52.4,4,5,5,Champions
15533,2011-09-11 15:41:00,2011-11-20 15:35:00,83,3,289,3.4819277108433737,807.57,9.729759036144578,73,0.25,0,70,23.3,5,3,3,Loyal Customers
15534,2009-12-14 12:48:00,2009-12-14 12:48:00,8,1,63,7.875,162.25,20.28125,8,0.25,1,1,1.0,1,1,1,Lost / Inactive
15535,2010-09-16 20:04:00,2011-06-19 16:02:00,130,6,314,2.4153846153846152,1044.37,8.033615384615384,88,0.25,1,276,46.0,3,4,3,Loyal Customers
15536,2010-10-26 16:31:00,2010-10-26 16:31:00,16,1,242,15.125,259.09,16.193125,16,0.25,1,1,1.0,2,1,1,Lost / Inactive
15537,2011-06-29 13:10:00,2011-06-29 13:10:00,24,1,29,1.2083333333333333,110.92,4.621666666666667,24,0.25,1,1,1.0,3,1,1,Needs Attention
15538,2010-02-14 12:38:00,2010-06-20 10:49:00,14,6,1016,72.57142857142857,3358.4,239.8857142857143,3,0.25,1,126,21.0,1,4,5,At Risk
15539,2011-12-02 13:36:00,2011-12-02 13:36:00,41,1,410,10.0,538.46,13.133170731707319,41,0.25,0,1,1.0,5,1,2,Promising / New
15540,2010-11-29 11:10:00,2011-11-28 13:51:00,31,2,444,14.32258064516129,460.68,14.860645161290323,31,0.25,0,365,182.5,5,2,2,Promising / New
15541,2011-08-17 14:58:00,2011-08-17 14:58:00,29,1,49,1.6896551724137931,85.13,2.9355172413793102,29,0.25,1,1,1.0,3,1,1,Needs Attention
15542,2009-12-02 11:53:00,2010-07-15 13:32:00,226,3,418,1.8495575221238938,855.71,3.7863274336283186,212,0.25,1,226,75.3,1,3,3,At Risk
15543,2010-09-06 11:28:00,2011-02-24 15:26:00,56,2,167,2.982142857142857,242.26,4.326071428571429,50,0.25,1,172,86.0,2,2,1,Lost / Inactive
15544,2010-01-28 14:39:00,2011-11-30 16:43:00,531,20,6745,12.702448210922787,7807.89,14.704124293785311,175,0.25,0,672,33.6,5,5,5,Champions
15545,2010-12-03 17:28:00,2011-10-16 13:24:00,80,2,162,2.025,288.97,3.6121250000000003,78,0.25,0,317,158.5,4,2,2,Promising / New
15546,2010-04-12 11:45:00,2010-04-12 11:51:00,12,2,198,16.5,1079.1000000000001,89.92500000000001,6,0.25,1,1,0.5,1,2,3,Lost / Inactive
15547,2009-12-06 13:40:00,2011-12-02 12:52:00,1332,26,7278,5.463963963963964,10057.05,7.550337837837837,652,0.25,0,726,27.9,5,5,5,Champions
15548,2010-04-23 12:20:00,2010-04-23 12:20:00,23,1,64,2.782608695652174,158.09,6.8734782608695655,23,0.25,1,1,1.0,1,1,1,Lost / Inactive
15549,2010-01-11 13:16:00,2011-09-23 16:22:00,161,8,936,5.813664596273292,2334.16,14.497888198757764,139,0.25,0,621,77.6,3,4,4,Loyal Customers
15550,2009-12-03 15:15:00,2011-12-05 15:38:00,235,12,1139,4.846808510638298,2211.05,9.40872340425532,166,0.25,0,733,61.1,5,5,4,Champions
15551,2010-06-07 15:05:00,2011-11-03 12:37:00,143,7,796,5.566433566433567,1679.81,11.746923076923077,117,0.25,0,514,73.4,4,4,4,Champions
15552,2010-03-26 16:17:00,2011-05-06 14:47:00,30,2,166,5.533333333333333,252.52,8.417333333333334,29,0.25,1,406,203.0,2,2,1,Lost / Inactive
15553,2011-10-10 14:02:00,2011-10-10 14:02:00,55,1,449,8.163636363636364,428.93,7.798727272727273,51,0.25,0,1,1.0,3,1,2,Needs Attention
15554,2011-03-07 09:00:00,2011-03-07 09:00:00,14,1,74,5.285714285714286,217.2,15.514285714285714,14,0.25,1,1,1.0,2,1,1,Lost / Inactive
15555,2009-12-06 11:58:00,2011-11-27 16:19:00,1591,36,8511,5.349465744814582,11243.91,7.067196731615336,667,0.25,0,722,20.1,5,5,5,Champions
15556,2011-11-15 16:08:00,2011-11-15 16:08:00,31,1,236,7.612903225806452,279.77,9.024838709677418,31,0.25,0,1,1.0,4,1,1,Promising / New
15557,2011-11-11 12:46:00,2011-11-11 12:46:00,19,1,213,11.210526315789474,468.90999999999997,24.679473684210524,16,0.25,0,1,1.0,4,1,2,Promising / New
15558,2010-03-10 15:25:00,2010-03-10 15:25:00,23,1,73,3.1739130434782608,202.67999999999998,8.812173913043477,23,0.25,1,1,1.0,1,1,1,Lost / Inactive
15559,2010-05-20 14:06:00,2010-05-20 14:06:00,62,1,526,8.483870967741936,1109.4,17.893548387096775,62,0.25,1,1,1.0,1,1,3,Lost / Inactive
15560,2010-11-07 10:14:00,2010-11-07 10:15:00,10,2,72,7.2,153.52,15.352,10,0.25,1,1,0.5,2,2,1,Lost / Inactive
15561,2010-02-14 12:22:00,2011-11-28 11:07:00,92,8,1334,14.5,1934.3899999999999,21.025978260869564,65,0.25,0,652,81.5,5,4,4,Champions
15562,2009-12-13 15:17:00,2010-12-23 09:55:00,33,3,560,16.96969696969697,671.4300000000001,20.346363636363638,32,0.25,1,375,125.0,2,3,3,At Risk
15563,2010-01-28 11:36:00,2011-11-17 14:50:00,257,7,3005,11.69260700389105,2859.46,11.126303501945525,179,0.25,0,659,94.1,4,4,4,Champions
15564,2010-02-01 15:58:00,2010-09-02 15:52:00,4,2,42,10.5,70.74000000000001,17.685000000000002,4,0.25,1,213,106.5,1,2,1,Lost / Inactive
15565,2011-09-30 10:44:00,2011-10-20 14:33:00,8,2,60,7.5,173.16,21.645,8,0.25,0,21,10.5,4,2,1,Promising / New
15566,2009-12-15 14:53:00,2010-11-12 12:11:00,12,2,153,12.75,227.87,18.989166666666666,9,0.25,1,332,166.0,2,2,1,Lost / Inactive
15567,2011-11-21 10:48:00,2011-11-21 10:48:00,7,1,223,31.857142857142858,186.01,26.572857142857142,7,0.25,0,1,1.0,5,1,1,Promising / New
15568,2011-09-27 14:37:00,2011-12-07 11:27:00,53,3,461,8.69811320754717,758.29,14.307358490566036,27,0.25,0,71,23.7,5,3,3,Loyal Customers
15569,2010-02-28 10:55:00,2011-08-28 10:15:00,140,10,1734,12.385714285714286,3583.45,25.596071428571427,123,0.25,1,546,54.6,3,5,5,Loyal Customers
15570,2010-03-28 14:04:00,2011-12-02 14:47:00,730,25,4079,5.587671232876712,8736.49,11.967794520547946,442,0.25,0,615,24.6,5,5,5,Champions
15571,2009-12-06 12:10:00,2011-11-28 10:02:00,600,14,2411,4.0183333333333335,3892.35,6.4872499999999995,442,0.25,0,722,51.6,5,5,5,Champions
15572,2010-04-14 14:38:00,2011-12-05 10:09:00,343,10,2089,6.090379008746356,3965.2,11.560349854227404,259,0.25,0,600,60.0,5,5,5,Champions
15573,2009-12-10 14:19:00,2011-11-08 11:38:00,211,5,770,3.6492890995260665,1188.42,5.632322274881517,181,0.25,0,698,139.6,4,4,3,Champions
15574,2010-09-01 14:37:00,2011-06-15 12:01:00,230,6,750,3.260869565217391,1101.44,4.788869565217391,191,0.25,1,287,47.8,3,4,3,Loyal Customers
15575,2010-03-30 12:50:00,2010-03-30 12:50:00,3,1,6,2.0,30.1,10.033333333333333,3,0.25,1,1,1.0,1,1,1,Lost / Inactive
15576,2011-11-02 12:03:00,2011-11-02 12:03:00,43,1,394,9.162790697674419,921.37,21.427209302325583,43,0.25,0,1,1.0,4,1,3,Promising / New
15577,2009-12-13 16:17:00,2011-07-11 17:03:00,59,5,120,2.0338983050847457,396.03,6.712372881355932,58,0.25,1,576,115.2,3,4,2,Loyal Customers
15578,2011-06-30 13:03:00,2011-06-30 13:03:00,13,1,52,4.0,127.1,9.776923076923076,13,0.25,1,1,1.0,3,1,1,Needs Attention
15579,2010-10-03 14:37:00,2011-10-02 12:45:00,161,5,713,4.428571428571429,1250.63,7.767888198757765,140,0.25,0,364,72.8,3,4,4,Loyal Customers
15580,2010-02-07 11:21:00,2010-11-28 11:00:00,225,8,955,4.2444444444444445,1375.39,6.112844444444445,150,0.25,1,294,36.8,2,4,4,At Risk
15581,2009-12-02 12:19:00,2011-08-11 09:38:00,684,38,3028,4.426900584795321,7480.4,10.93625730994152,542,0.25,1,617,16.2,3,5,5,Loyal Customers
15582,2011-05-03 13:36:00,2011-11-15 09:55:00,44,3,453,10.295454545454545,682.91,15.520681818181817,39,0.25,0,196,65.3,4,3,3,Loyal Customers
15583,2010-11-28 15:04:00,2010-11-28 15:04:00,39,1,56,1.435897435897436,95.96000000000001,2.460512820512821,37,0.25,1,1,1.0,2,1,1,Lost / Inactive
15584,2010-02-07 12:16:00,2011-11-16 10:55:00,220,6,483,2.1954545454545453,1268.2,5.764545454545455,174,0.25,0,647,107.8,4,4,4,Champions
15585,2011-06-16 08:38:00,2011-06-16 08:38:00,31,1,320,10.32258064516129,455.3,14.687096774193549,31,0.25,1,1,1.0,3,1,2,Needs Attention
15586,2010-01-08 10:02:00,2010-04-26 11:00:00,38,3,1338,35.21052631578947,1139.1,29.97631578947368,30,0.25,1,109,36.3,1,3,3,At Risk
15587,2010-08-05 08:44:00,2011-10-20 13:37:00,14,7,528,37.714285714285715,1522.08,108.72,3,0.25,0,442,63.1,4,4,4,Champions
15588,2010-01-31 12:19:00,2010-01-31 12:19:00,4,1,96,24.0,579.6,144.9,4,0.25,1,1,1.0,1,1,2,Lost / Inactive
15589,2011-02-02 10:46:00,2011-03-29 09:54:00,29,3,243,8.379310344827585,478.53,16.50103448275862,28,0.25,1,55,18.3,2,3,2,At Risk
15590,2010-04-12 10:09:00,2010-11-22 14:49:00,87,5,832,9.563218390804598,1496.6,17.20229885057471,75,0.25,1,225,45.0,2,4,4,At Risk
15591,2010-02-04 09:20:00,2010-05-06 09:23:00,7,3,58,8.285714285714286,217.9,31.12857142857143,6,0.25,1,92,30.7,1,3,1,At Risk
15592,2011-10-24 08:59:00,2011-10-24 08:59:00,24,1,354,14.75,388.58,16.190833333333334,24,0.25,0,1,1.0,4,1,2,Promising / New
15593,2011-09-30 11:46:00,2011-09-30 11:46:00,5,1,60,12.0,199.8,39.96,5,0.25,0,1,1.0,3,1,1,Needs Attention
15594,2011-04-19 10:08:00,2011-11-24 08:53:00,103,5,983,9.54368932038835,1771.78,17.201747572815535,85,0.25,0,219,43.8,5,4,4,Champions
15595,2010-08-09 12:27:00,2010-08-09 12:27:00,4,1,144,36.0,357.59999999999997,89.39999999999999,4,0.25,1,1,1.0,1,1,2,Lost / Inactive
15596,2010-07-28 11:46:00,2011-08-31 10:55:00,155,9,1208,7.7935483870967746,2727.72,17.598193548387094,82,0.25,1,399,44.3,3,5,4,Loyal Customers
15597,2010-05-13 13:10:00,2011-11-04 13:26:00,37,2,393,10.621621621621621,563.37,15.226216216216216,35,0.25,0,541,270.5,4,2,2,Promising / New
15598,2010-10-08 09:20:00,2011-10-17 16:04:00,36,2,404,11.222222222222221,548.02,15.222777777777777,32,0.25,0,375,187.5,4,2,2,Promising / New
15599,2010-09-20 10:15:00,2011-11-13 11:44:00,83,3,1098,13.228915662650602,1250.06,15.060963855421686,77,0.25,0,420,140.0,4,3,4,Loyal Customers
15600,2010-04-25 11:50:00,2010-10-07 14:30:00,71,4,657,9.253521126760564,1199.31,16.89169014084507,55,0.25,1,166,41.5,1,3,3,At Risk
15601,2009-12-01 14:53:00,2011-11-28 15:15:00,824,30,10395,12.615291262135923,14191.74,17.222985436893204,310,0.25,0,728,24.3,5,5,5,Champions
15602,2009-12-02 09:35:00,2011-12-01 14:14:00,125,16,2292,18.336,3137.96,25.10368,62,0.25,0,730,45.6,5,5,5,Champions
15603,2010-03-01 16:02:00,2011-09-22 10:04:00,4,2,128,32.0,88.48,22.12,4,0.25,0,570,285.0,3,2,1,Needs Attention
15604,2011-10-18 14:47:00,2011-10-18 14:47:00,17,1,159,9.352941176470589,216.39,12.728823529411764,17,0.25,0,1,1.0,4,1,1,Promising / New
15605,2010-01-14 14:03:00,2011-11-03 14:17:00,99,9,641,6.474747474747475,1741.95,17.595454545454547,80,0.25,0,659,73.2,4,5,4,Champions
15606,2010-03-02 14:48:00,2011-10-09 15:47:00,145,17,1615,11.137931034482758,5230.99,36.07579310344828,84,0.25,0,587,34.5,3,5,5,Loyal Customers
15607,2010-01-08 12:16:00,2011-01-07 12:44:00,109,9,1470,13.486238532110091,1708.97,15.67862385321101,95,0.25,1,365,40.6,2,5,4,At Risk
15608,2010-10-20 10:10:00,2011-11-11 13:20:00,105,5,1262,12.019047619047619,1785.98,17.009333333333334,93,0.25,0,388,77.6,4,4,4,Champions
15609,2011-06-08 13:00:00,2011-06-08 13:00:00,16,1,148,9.25,298.48,18.655,16,0.25,1,1,1.0,3,1,2,Needs Attention
15610,2011-10-19 10:36:00,2011-10-19 10:36:00,6,1,66,11.0,112.46000000000001,18.743333333333336,6,0.25,0,1,1.0,4,1,1,Promising / New
15611,2010-01-25 14:50:00,2011-11-30 12:36:00,94,26,747,7.946808510638298,2997.28,31.88595744680851,43,0.25,0,674,25.9,5,5,5,Champions
15612,2011-10-09 12:49:00,2011-11-03 14:52:00,6,2,52,8.666666666666666,195.15,32.525,4,0.25,0,26,13.0,4,2,1,Promising / New
15613,2010-04-08 12:51:00,2010-04-08 12:51:00,27,1,700,25.925925925925927,433.71999999999997,16.063703703703702,27,0.25,1,1,1.0,1,1,2,Lost / Inactive
15614,2010-03-23 11:13:00,2010-09-28 10:46:00,81,4,1632,20.14814814814815,3147.36,38.8562962962963,73,0.25,1,189,47.2,1,3,5,At Risk
15615,2009-12-02 15:28:00,2011-11-29 14:42:00,901,47,12090,13.41842397336293,21373.97,23.72249722530522,292,0.25,0,727,15.5,5,5,5,Champions
15616,2010-09-27 13:10:00,2010-09-27 13:10:00,13,1,137,10.538461538461538,317.11,24.393076923076926,13,0.25,1,1,1.0,1,1,2,Lost / Inactive
15617,2010-07-20 13:16:00,2010-11-08 16:07:00,42,3,485,11.547619047619047,828.55,19.72738095238095,41,0.25,1,112,37.3,2,3,3,At Risk
15618,2011-07-26 10:13:00,2011-11-07 08:34:00,45,4,454,10.088888888888889,776.85,17.263333333333335,39,0.25,0,104,26.0,4,3,3,Loyal Customers
15619,2011-11-29 08:14:00,2011-11-29 08:14:00,3,1,136,45.333333333333336,336.4,112.13333333333333,3,0.25,0,1,1.0,5,1,2,Promising / New
15620,2010-10-26 11:32:00,2011-10-14 12:41:00,129,4,1249,9.682170542635658,1942.36,15.05705426356589,114,0.25,0,354,88.5,4,3,4,Loyal Customers
15621,2011-11-18 11:49:00,2011-12-05 14:01:00,16,4,501,31.3125,1293.03,80.814375,11,0.25,0,18,4.5,5,3,4,Loyal Customers
15622,2010-03-04 10:29:00,2011-10-27 16:44:00,426,17,4091,9.603286384976526,7852.61,18.433356807511736,331,0.25,0,603,35.5,4,5,5,Champions
15623,2009-12-10 14:46:00,2011-07-21 17:26:00,108,8,1087,10.064814814814815,2437.05,22.56527777777778,91,0.25,1,589,73.6,3,4,4,Loyal Customers
15624,2011-03-28 13:32:00,2011-08-15 11:38:00,34,4,357,10.5,588.13,17.297941176470587,26,0.25,1,140,35.0,3,3,2,Loyal Customers
15625,2010-06-15 15:23:00,2011-08-28 10:21:00,171,9,3020,17.660818713450293,3236.4,18.926315789473684,106,0.25,1,439,48.8,3,5,5,Loyal Customers
15626,2010-10-14 17:16:00,2011-09-26 10:03:00,80,3,1138,14.225,1067.52,13.344,73,0.25,0,347,115.7,3,3,3,Loyal Customers
15627,2010-07-05 11:56:00,2010-09-08 14:14:00,24,2,344,14.333333333333334,566.9,23.620833333333334,23,0.25,1,66,33.0,1,2,2,Lost / Inactive
15628,2009-12-13 13:39:00,2011-12-05 10:24:00,299,17,3569,11.936454849498327,5333.08,17.83638795986622,136,0.25,0,722,42.5,5,5,5,Champions
15629,2010-06-25 11:39:00,2010-09-15 13:46:00,77,4,1518,19.714285714285715,2240.9,29.102597402597404,39,0.25,1,83,20.8,1,3,4,At Risk
15630,2010-03-05 14:30:00,2011-10-25 15:36:00,80,3,987,12.3375,1481.4,18.517500000000002,76,0.25,0,600,200.0,4,3,4,Loyal Customers
15631,2010-03-07 14:52:00,2010-03-07 14:52:00,39,1,525,13.461538461538462,596.67,15.299230769230768,39,0.25,1,1,1.0,1,1,2,Lost / Inactive
15632,2011-03-10 08:29:00,2011-11-24 09:51:00,167,8,2109,12.62874251497006,3285.31,19.67251497005988,107,0.25,0,260,32.5,5,4,5,Champions
15633,2009-12-08 17:51:00,2010-07-18 13:54:00,176,13,2048,11.636363636363637,4335.96,24.636136363636364,77,0.25,1,222,17.1,1,5,5,At Risk
15634,2010-11-21 15:30:00,2011-11-22 16:28:00,34,2,227,6.676470588235294,554.65,16.313235294117646,34,0.25,0,367,183.5,5,2,2,Promising / New
15635,2010-11-09 08:58:00,2010-11-09 08:58:00,2,1,5,2.5,100.35,50.175,2,0.25,1,1,1.0,2,1,1,Lost / Inactive
15636,2010-05-19 11:37:00,2011-09-11 11:17:00,57,4,560,9.824561403508772,1444.58,25.343508771929823,39,0.25,0,480,120.0,3,3,4,Loyal Customers
15637,2009-12-15 17:54:00,2011-10-18 08:28:00,41,5,651,15.878048780487806,797.59,19.45341463414634,37,0.25,0,672,134.4,4,4,3,Champions
15638,2010-04-08 14:37:00,2010-11-26 11:52:00,25,6,1134,45.36,2265.2,90.60799999999999,20,0.25,1,232,38.7,2,4,4,At Risk
15639,2010-04-13 13:11:00,2011-07-28 14:30:00,69,3,849,12.304347826086957,1065.08,15.435942028985506,61,0.25,1,472,157.3,3,3,3,Loyal Customers
15640,2009-12-14 16:36:00,2011-12-05 14:35:00,748,29,12140,16.22994652406417,23494.31,31.409505347593583,303,0.25,0,721,24.9,5,5,5,Champions
15641,2009-12-06 15:31:00,2011-08-26 14:04:00,311,12,4422,14.218649517684888,5345.55,17.188263665594857,249,0.25,1,628,52.3,3,5,5,Loyal Customers
15642,2009-12-10 11:51:00,2009-12-10 11:51:00,6,1,270,45.0,105.77999999999999,17.63,6,0.25,1,1,1.0,1,1,1,Lost / Inactive
15643,2011-03-02 14:34:00,2011-06-01 07:38:00,33,3,246,7.454545454545454,664.0,20.12121212121212,31,0.25,1,91,30.3,2,3,3,At Risk
15644,2011-03-23 15:37:00,2011-06-26 14:54:00,232,4,550,2.3706896551724137,803.54,3.4635344827586207,166,0.25,1,95,23.8,3,3,3,Loyal Customers
15645,2010-10-10 12:51:00,2011-11-21 11:55:00,68,3,396,5.823529411764706,1055.17,15.517205882352942,59,0.25,0,407,135.7,5,3,3,Loyal Customers
15646,2010-10-25 13:06:00,2011-07-05 09:53:00,68,5,821,12.073529411764707,784.81,11.541323529411764,65,0.25,1,253,50.6,3,4,3,Loyal Customers
15647,2010-10-20 15:09:00,2010-10-20 15:09:00,11,1,124,11.272727272727273,169.0,15.363636363636363,11,0.25,1,1,1.0,1,1,1,Lost / Inactive
15648,2011-03-17 18:59:00,2011-05-19 15:53:00,24,2,218,9.083333333333334,639.5,26.645833333333332,23,0.25,1,63,31.5,2,2,3,Lost / Inactive
15649,2010-11-17 16:22:00,2011-01-07 13:34:00,11,4,365,33.18181818181818,1660.35,150.9409090909091,8,0.25,1,51,12.8,2,3,4,At Risk
15650,2010-03-21 11:46:00,2010-07-06 10:41:00,36,2,210,5.833333333333333,553.88,15.385555555555555,33,0.25,1,107,53.5,1,2,2,Lost / Inactive
15651,2010-04-22 13:26:00,2011-11-03 08:41:00,60,5,871,14.516666666666667,1259.06,20.984333333333332,52,0.25,0,560,112.0,4,4,4,Champions
15652,2010-08-11 16:58:00,2011-09-09 14:22:00,102,5,657,6.4411764705882355,1405.94,13.78372549019608,93,0.25,1,394,78.8,3,4,4,Loyal Customers
15653,2011-08-16 09:50:00,2011-09-08 10:49:00,6,2,1200,200.0,877.44,146.24,4,0.25,1,24,12.0,3,2,3,Needs Attention
15654,2011-11-13 15:15:00,2011-11-30 13:08:00,21,2,475,22.61904761904762,922.53,43.93,15,0.25,0,17,8.5,5,2,3,Promising / New
15655,2011-04-10 15:25:00,2011-04-10 15:25:00,34,1,324,9.529411764705882,560.67,16.490294117647057,34,0.25,1,1,1.0,2,1,2,Lost / Inactive
15656,2011-02-28 15:32:00,2011-10-25 14:56:00,47,4,343,7.297872340425532,748.5,15.925531914893616,46,0.25,0,239,59.8,4,3,3,Loyal Customers
15657,2011-11-17 12:19:00,2011-11-17 12:19:00,1,1,24,24.0,30.0,30.0,1,0.25,0,1,1.0,4,1,1,Promising / New
15658,2009-12-03 11:19:00,2011-06-02 15:22:00,102,8,627,6.147058823529412,2117.27,20.757549019607843,79,0.25,1,547,68.4,2,4,4,At Risk
15659,2010-02-24 13:32:00,2011-10-27 09:23:00,21,3,161,7.666666666666667,532.49,25.356666666666666,14,0.25,0,610,203.3,4,3,2,Loyal Customers
15660,2010-02-05 16:01:00,2011-11-14 16:58:00,151,15,1783,11.80794701986755,2603.69,17.24298013245033,73,0.25,0,648,43.2,4,5,4,Champions
15661,2010-05-10 07:59:00,2011-01-26 13:56:00,44,8,779,17.704545454545453,1215.95,27.635227272727274,27,0.25,1,262,32.8,2,4,3,At Risk
15662,2009-12-01 13:49:00,2010-02-16 16:47:00,12,2,145,12.083333333333334,283.73,23.644166666666667,12,0.25,1,78,39.0,1,2,1,Lost / Inactive
15663,2011-08-25 15:50:00,2011-08-25 15:50:00,9,1,106,11.777777777777779,138.14,15.348888888888887,9,0.25,1,1,1.0,3,1,1,Needs Attention
15664,2010-02-28 12:50:00,2011-10-20 10:57:00,70,4,530,7.571428571428571,1254.03,17.914714285714286,54,0.25,0,599,149.8,4,3,4,Loyal Customers
15665,2010-03-14 15:07:00,2011-06-24 14:57:00,286,5,2777,9.70979020979021,3987.07,13.940804195804196,163,0.25,1,467,93.4,3,4,5,Loyal Customers
15666,2010-08-01 15:41:00,2010-08-24 16:14:00,67,2,469,7.0,632.9399999999999,9.44686567164179,62,0.25,1,24,12.0,1,2,3,Lost / Inactive
15667,2011-10-31 10:56:00,2011-10-31 10:56:00,13,1,240,18.46153846153846,301.32,23.178461538461537,13,0.25,0,1,1.0,4,1,2,Promising / New
15668,2011-05-06 10:39:00,2011-05-06 10:39:00,1,1,72,72.0,76.32,76.32,1,0.25,1,1,1.0,2,1,1,Lost / Inactive
15669,2011-03-21 09:13:00,2011-10-30 16:03:00,33,4,342,10.363636363636363,684.34,20.737575757575758,31,0.25,0,224,56.0,4,3,3,Loyal Customers
15670,2010-06-01 15:34:00,2011-02-16 10:50:00,19,2,132,6.947368421052632,325.2,17.11578947368421,19,0.25,1,260,130.0,2,2,2,Lost / Inactive
15671,2011-03-14 09:37:00,2011-11-21 12:43:00,78,7,1699,21.78205128205128,2657.13,34.065769230769234,52,0.25,0,253,36.1,5,4,4,Champions
15672,2009-12-14 16:52:00,2009-12-14 16:52:00,3,1,10,3.3333333333333335,45.3,15.1,3,0.25,1,1,1.0,1,1,1,Lost / Inactive
15673,2010-02-22 14:28:00,2011-09-12 16:12:00,268,9,3274,12.216417910447761,6204.32,23.15044776119403,177,0.25,0,568,63.1,3,5,5,Loyal Customers
15674,2009-12-08 17:08:00,2011-09-27 15:17:00,351,13,3648,10.393162393162394,6948.23,19.795527065527065,262,0.25,0,658,50.6,3,5,5,Loyal Customers
15675,2010-10-31 14:14:00,2011-09-19 13:48:00,35,4,624,17.82857142857143,542.04,15.486857142857142,32,0.25,0,323,80.8,3,3,2,Loyal Customers
15676,2011-03-01 10:19:00,2011-11-21 12:40:00,202,3,2252,11.148514851485148,3435.7599999999998,17.008712871287127,191,0.25,0,266,88.7,5,3,5,Loyal Customers
15677,2010-09-02 12:08:00,2011-10-21 15:36:00,72,3,675,9.375,1305.6299999999999,18.13375,63,0.25,0,415,138.3,4,3,4,Loyal Customers
15678,2010-07-05 12:49:00,2011-10-18 09:25:00,92,3,1022,11.108695652173912,1825.94,19.84717391304348,77,0.25,0,470,156.7,4,3,4,Loyal Customers
15679,2011-06-10 08:24:00,2011-11-15 16:19:00,110,4,1170,10.636363636363637,781.28,7.102545454545455,98,0.25,0,159,39.8,4,3,3,Loyal Customers
15680,2009-12-02 12:15:00,2011-11-30 13:46:00,236,10,2743,11.622881355932204,4028.69,17.07072033898305,155,0.25,0,729,72.9,5,5,5,Champions
15681,2010-05-24 14:18:00,2011-11-14 16:30:00,88,14,1392,15.818181818181818,2989.7,33.97386363636363,48,0.25,0,540,38.6,4,5,5,Champions
15682,2010-01-21 14:37:00,2010-04-19 15:30:00,25,2,222,8.88,318.24,12.7296,25,0.25,1,89,44.5,1,2,2,Lost / Inactive
15683,2010-08-23 12:01:00,2011-08-14 12:56:00,26,2,332,12.76923076923077,524.54,20.174615384615382,25,0.25,1,357,178.5,3,2,2,Needs Attention
15684,2009-12-04 16:13:00,2010-06-10 18:51:00,11,3,77,7.0,173.95,15.813636363636363,9,0.25,1,189,63.0,1,3,1,At Risk
15685,2010-09-15 13:43:00,2010-09-15 13:43:00,17,1,36,2.1176470588235294,55.980000000000004,3.2929411764705883,17,0.25,1,1,1.0,1,1,1,Lost / Inactive
15686,2010-10-15 13:50:00,2010-10-15 13:50:00,1,1,72,72.0,90.0,90.0,1,0.25,1,1,1.0,1,1,1,Lost / Inactive
15687,2011-01-13 15:13:00,2011-12-01 08:33:00,166,9,1310,7.891566265060241,2993.1,18.030722891566263,119,0.25,0,322,35.8,5,5,5,Champions
15688,2010-10-17 12:06:00,2010-10-17 12:06:00,27,1,95,3.5185185185185186,190.57,7.058148148148148,26,0.25,1,1,1.0,1,1,1,Lost / Inactive
15689,2010-04-01 09:53:00,2011-08-12 09:37:00,24,3,207,8.625,521.03,21.70958333333333,20,0.25,1,498,166.0,3,3,2,Loyal Customers
15690,2011-08-31 11:40:00,2011-12-05 15:59:00,19,2,408,21.473684210526315,239.76,12.618947368421052,19,0.25,0,97,48.5,5,2,1,Promising / New
15691,2009-12-06 16:01:00,2011-04-01 15:13:00,14,4,212,15.142857142857142,571.3,40.80714285714286,12,0.25,1,481,120.2,2,3,2,At Risk
15692,2011-11-11 14:12:00,2011-11-11 14:12:00,12,1,138,11.5,191.04,15.92,12,0.25,0,1,1.0,4,1,1,Promising / New
15693,2010-02-18 14:37:00,2010-02-18 14:37:00,1,1,30,30.0,37.5,37.5,1,0.25,1,1,1.0,1,1,1,Lost / Inactive
15694,2009-12-07 15:43:00,2011-12-09 09:44:00,143,24,2467,17.251748251748253,9978.48,69.77958041958041,55,0.25,0,732,30.5,5,5,5,Champions
15695,2010-01-27 10:56:00,2011-03-18 08:32:00,59,4,484,8.203389830508474,1131.04,19.170169491525424,55,0.25,1,415,103.8,2,3,3,At Risk
15696,2010-01-24 14:36:00,2011-11-06 14:02:00,221,13,1386,6.271493212669683,3881.22,17.5620814479638,163,0.25,0,651,50.1,4,5,5,Champions
15697,2010-01-19 09:10:00,2010-01-19 09:10:00,14,1,127,9.071428571428571,246.75,17.625,14,0.25,1,1,1.0,1,1,1,Lost / Inactive
15698,2010-03-25 17:38:00,2010-03-25 17:38:00,2,1,60,30.0,46.2,23.1,2,0.25,1,1,1.0,1,1,1,Lost / Inactive
15699,2011-11-22 08:26:00,2011-11-22 08:26:00,18,1,113,6.277777777777778,309.65,17.202777777777776,18,0.25,0,1,1.0,5,1,2,Promising / New
15700,2011-06-19 15:36:00,2011-06-20 16:53:00,86,2,357,4.151162790697675,696.68,8.10093023255814,85,0.25,1,2,1.0,3,2,3,Needs Attention
15701,2011-08-21 12:36:00,2011-12-07 14:39:00,230,4,912,3.965217391304348,1529.0,6.647826086956521,193,0.25,0,109,27.2,5,3,4,Loyal Customers
15702,2010-01-26 17:23:00,2010-08-20 14:50:00,30,2,103,3.433333333333333,140.39,4.679666666666666,30,0.25,1,206,103.0,1,2,1,Lost / Inactive
15703,2011-03-20 10:51:00,2011-03-20 10:51:00,5,1,66,13.2,211.5,42.3,5,0.25,1,1,1.0,2,1,1,Lost / Inactive
15704,2010-05-05 14:51:00,2011-07-22 13:35:00,204,6,1709,8.377450980392156,3734.66,18.307156862745096,129,0.25,1,443,73.8,3,4,5,Loyal Customers
15705,2011-05-22 15:37:00,2011-05-22 15:37:00,6,1,62,10.333333333333334,143.1,23.849999999999998,6,0.25,1,1,1.0,2,1,1,Lost / Inactive
15706,2011-08-15 14:32:00,2011-10-07 10:09:00,55,4,321,5.836363636363636,1060.56,19.28290909090909,50,0.25,0,53,13.2,3,3,3,Loyal Customers
15707,2011-09-14 14:19:00,2011-11-04 14:35:00,205,4,594,2.897560975609756,916.98,4.473073170731707,126,0.25,0,52,13.0,4,3,3,Loyal Customers
15708,2010-10-10 11:33:00,2011-10-30 10:54:00,337,9,1465,4.347181008902077,3887.15,11.534569732937685,135,0.25,0,385,42.8,4,5,5,Champions
15709,2010-04-29 18:31:00,2011-03-01 10:38:00,27,2,169,6.2592592592592595,327.85,12.142592592592594,26,0.25,1,306,153.0,2,2,2,Lost / Inactive
15710,2010-10-18 17:05:00,2010-10-18 17:05:00,110,1,641,5.827272727272727,898.87,8.171545454545454,110,0.25,1,1,1.0,1,1,3,Lost / Inactive
15711,2010-01-24 12:13:00,2010-06-01 12:14:00,25,2,199,7.96,420.25,16.81,25,0.25,1,129,64.5,1,2,2,Lost / Inactive
15712,2009-12-01 11:17:00,2011-11-30 14:09:00,166,12,1277,7.692771084337349,3472.41,20.91813253012048,86,0.25,0,730,60.8,5,5,5,Champions
15713,2009-12-16 09:41:00,2011-07-19 13:34:00,52,4,451,8.673076923076923,839.64,16.146923076923077,48,0.25,1,581,145.2,3,3,3,Loyal Customers
15714,2010-06-02 12:08:00,2011-11-28 11:26:00,48,5,361,7.520833333333333,783.96,16.3325,45,0.25,0,544,108.8,5,4,3,Champions
15715,2010-03-30 12:17:00,2010-06-02 09:56:00,38,5,246,6.473684210526316,658.02,17.316315789473684,33,0.25,1,64,12.8,1,4,3,At Risk
15716,2009-12-07 12:42:00,2011-07-17 11:59:00,286,11,1379,4.821678321678322,2485.26,8.68972027972028,188,0.25,1,587,53.4,3,5,4,Loyal Customers
15717,2010-04-26 10:41:00,2011-04-19 13:21:00,24,5,224,9.333333333333334,607.0,25.291666666666668,17,0.25,1,359,71.8,2,4,2,At Risk
15718,2010-06-17 16:20:00,2010-06-17 16:20:00,18,1,95,5.277777777777778,293.79,16.32166666666667,18,0.25,1,1,1.0,1,1,2,Lost / Inactive
15719,2009-12-01 12:47:00,2011-11-07 12:29:00,1770,31,5356,3.0259887005649717,10195.97,5.760435028248587,449,0.25,0,706,22.8,4,5,5,Champions
15720,2010-06-07 15:40:00,2011-11-15 14:48:00,153,2,327,2.1372549019607843,739.22,4.831503267973856,152,0.25,0,526,263.0,4,2,3,Promising / New
15721,2011-11-28 12:14:00,2011-11-28 12:14:00,84,1,388,4.619047619047619,471.4,5.6119047619047615,80,0.25,0,1,1.0,5,1,2,Promising / New
15722,2010-03-09 15:05:00,2011-11-04 11:43:00,178,11,2279,12.803370786516854,5234.0,29.40449438202247,91,0.25,0,605,55.0,4,5,5,Champions
15723,2010-05-14 12:55:00,2010-12-10 11:12:00,123,4,427,3.4715447154471546,930.7,7.566666666666667,108,0.25,1,210,52.5,2,3,3,At Risk
15724,2010-11-04 10:22:00,2011-05-22 14:40:00,17,3,117,6.882352941176471,310.85,18.28529411764706,17,0.25,1,200,66.7,2,3,2,At Risk
15725,2011-11-24 14:51:00,2011-11-24 14:51:00,32,1,221,6.90625,415.25,12.9765625,32,0.25,0,1,1.0,5,1,2,Promising / New
15726,2010-11-14 16:12:00,2010-11-14 16:12:00,23,1,123,5.3478260869565215,321.91,13.99608695652174,23,0.25,1,1,1.0,2,1,2,Lost / Inactive
15727,2010-01-24 12:12:00,2011-11-23 12:36:00,685,15,5908,8.624817518248175,9371.71,13.681328467153284,426,0.25,0,669,44.6,5,5,5,Champions
15728,2010-09-21 14:46:00,2010-11-25 10:39:00,12,2,132,11.0,544.6,45.38333333333333,10,0.25,1,65,32.5,2,2,2,Lost / Inactive
15729,2010-11-01 13:44:00,2011-05-11 12:36:00,11,3,47,4.2727272727272725,192.55,17.504545454545454,10,0.25,1,191,63.7,2,3,1,At Risk
15730,2010-10-04 14:15:00,2011-10-05 12:31:00,111,5,1061,9.558558558558559,1726.58,15.554774774774774,102,0.25,0,366,73.2,3,4,4,Loyal Customers
15731,2010-06-04 10:10:00,2010-06-04 10:10:00,8,1,122,15.25,125.3,15.6625,8,0.25,1,1,1.0,1,1,1,Lost / Inactive
15732,2010-02-04 10:10:00,2011-05-11 14:24:00,99,10,1264,12.767676767676768,1543.97,15.595656565656565,53,0.25,1,462,46.2,2,5,4,At Risk
15733,2011-03-02 09:05:00,2011-03-02 09:05:00,10,1,62,6.2,162.3,16.23,10,0.25,1,1,1.0,2,1,1,Lost / Inactive
15734,2010-06-10 14:25:00,2011-08-17 10:50:00,43,4,516,12.0,2263.3,52.63488372093024,36,0.25,1,433,108.2,3,3,4,Loyal Customers
15735,2010-10-14 13:38:00,2010-10-14 13:38:00,19,1,206,10.842105263157896,327.68,17.246315789473684,19,0.25,1,1,1.0,1,1,2,Lost / Inactive
15736,2010-09-30 14:19:00,2010-09-30 14:20:00,100,2,1208,12.08,1767.12,17.6712,95,0.25,1,1,0.5,1,2,4,Lost / Inactive
15737,2011-04-11 10:01:00,2011-11-25 11:21:00,71,8,597,8.408450704225352,1188.12,16.73408450704225,60,0.25,0,229,28.6,5,4,3,Champions
15738,2009-12-10 15:52:00,2011-11-21 08:26:00,482,41,9030,18.734439834024897,13043.32,27.06082987551867,70,0.25,0,711,17.3,5,5,5,Champions
15739,2011-10-04 13:42:00,2011-10-04 13:42:00,8,1,472,59.0,449.12,56.14,8,0.25,0,1,1.0,3,1,2,Needs Attention
15740,2011-10-21 14:29:00,2011-10-21 14:29:00,9,1,152,16.88888888888889,154.88,17.20888888888889,9,0.25,0,1,1.0,4,1,1,Promising / New
15741,2010-03-31 11:55:00,2010-09-07 16:21:00,12,2,70,5.833333333333333,208.62,17.385,11,0.25,1,161,80.5,1,2,1,Lost / Inactive
15742,2010-03-30 15:25:00,2010-03-30 15:25:00,41,1,51,1.2439024390243902,156.87,3.82609756097561,41,0.25,1,1,1.0,1,1,1,Lost / Inactive
15743,2011-06-08 10:14:00,2011-11-23 17:19:00,86,4,214,2.488372093023256,775.96,9.022790697674418,59,0.25,0,169,42.2,5,3,3,Loyal Customers
15744,2011-09-23 09:52:00,2011-09-23 09:52:00,3,1,120,40.0,34.8,11.6,3,0.25,0,1,1.0,3,1,1,Needs Attention
15745,2011-04-17 13:04:00,2011-11-20 13:45:00,62,4,421,6.790322580645161,1094.59,17.654677419354837,57,0.25,0,218,54.5,5,3,3,Loyal Customers
15746,2011-07-28 15:21:00,2011-07-28 15:21:00,28,1,178,6.357142857142857,196.88,7.031428571428571,28,0.25,1,1,1.0,3,1,1,Needs Attention
15747,2010-01-18 11:21:00,2011-11-27 12:26:00,216,9,1344,6.222222222222222,2499.81,11.573194444444445,116,0.25,0,679,75.4,5,5,4,Champions
15748,2010-09-16 16:52:00,2011-10-30 12:51:00,36,3,261,7.25,609.81,16.939166666666665,34,0.25,0,409,136.3,4,3,3,Loyal Customers
15749,2011-01-11 12:55:00,2011-04-18 13:20:00,10,3,18028,1802.8,44534.3,4453.43,5,0.25,1,98,32.7,2,3,5,At Risk
15750,2009-12-01 17:19:00,2011-12-07 12:34:00,628,18,4281,6.81687898089172,6452.99,10.27546178343949,389,0.25,0,736,40.9,5,5,5,Champions
15751,2009-12-06 13:08:00,2010-09-05 12:44:00,130,11,443,3.4076923076923076,1380.44,10.618769230769232,90,0.25,1,273,24.8,1,5,4,At Risk
15752,2010-09-08 11:56:00,2011-10-31 11:37:00,586,9,2792,4.764505119453925,3924.91,6.697798634812287,359,0.25,0,418,46.4,4,5,5,Champions
15753,2011-02-08 12:41:00,2011-02-08 12:41:00,1,1,144,144.0,79.2,79.2,1,0.25,1,1,1.0,2,1,1,Lost / Inactive
15754,2010-02-22 13:31:00,2011-10-19 14:40:00,131,9,1762,13.450381679389313,3037.61,23.187862595419848,114,0.25,0,605,67.2,4,5,5,Champions
15755,2009-12-04 08:24:00,2011-11-29 14:57:00,371,17,4034,10.873315363881401,5993.12,16.153962264150945,281,0.25,0,726,42.7,5,5,5,Champions
15756,2011-04-04 14:00:00,2011-10-09 13:30:00,191,4,241,1.2617801047120418,528.01,2.764450261780105,160,0.25,0,188,47.0,3,3,2,Loyal Customers
15757,2010-06-10 13:47:00,2011-10-05 12:14:00,193,6,1757,9.103626943005182,2940.36,15.235025906735752,162,0.25,0,482,80.3,3,4,5,Loyal Customers
15758,2011-11-15 10:48:00,2011-11-15 10:48:00,9,1,47,5.222222222222222,205.25,22.805555555555557,9,0.25,0,1,1.0,4,1,1,Promising / New
15759,2009-12-02 10:08:00,2011-05-05 15:13:00,17,7,523,30.764705882352942,830.93,48.878235294117644,10,0.25,1,520,74.3,2,4,3,At Risk
15760,2010-03-19 11:35:00,2010-03-19 11:45:00,2,2,2,1.0,13916.34,6958.17,1,0.25,1,1,0.5,1,2,5,Lost / Inactive
15761,2010-09-23 09:33:00,2010-09-23 09:33:00,5,1,31,6.2,143.05,28.610000000000003,5,0.25,1,1,1.0,1,1,1,Lost / Inactive
15762,2011-09-23 15:17:00,2011-10-05 16:15:00,37,2,251,6.783783783783784,583.75,15.777027027027026,37,0.25,0,13,6.5,3,2,2,Needs Attention
15763,2011-09-23 12:10:00,2011-11-08 09:44:00,61,2,271,4.442622950819672,1086.92,17.818360655737706,58,0.25,0,46,23.0,4,2,3,Promising / New
15764,2010-08-18 13:58:00,2011-09-12 17:58:00,249,8,2945,11.82730923694779,4503.08,18.08465863453815,187,0.25,0,391,48.9,3,4,5,Loyal Customers
15765,2010-02-11 10:25:00,2010-02-11 10:25:00,25,1,335,13.4,370.63,14.8252,25,0.25,1,1,1.0,1,1,2,Lost / Inactive
15766,2010-01-26 15:55:00,2011-10-06 17:03:00,26,3,334,12.846153846153847,831.0600000000001,31.963846153846156,21,0.25,0,619,206.3,3,3,3,Loyal Customers
15768,2009-12-03 12:10:00,2011-08-16 10:48:00,1208,34,4215,3.4892384105960264,15308.89,12.672922185430464,437,0.25,1,621,18.3,3,5,5,Loyal Customers
15769,2009-12-11 09:58:00,2011-12-02 13:52:00,223,46,49068,220.03587443946188,88612.52,397.3655605381166,26,0.25,0,722,15.7,5,5,5,Champions
15770,2010-04-06 11:47:00,2010-04-06 11:47:00,18,1,67,3.7222222222222223,321.45,17.858333333333334,18,0.25,1,1,1.0,1,1,2,Lost / Inactive
15771,2010-01-15 12:14:00,2010-04-14 13:56:00,28,3,512,18.285714285714285,1006.54,35.94785714285714,26,0.25,1,90,30.0,1,3,3,At Risk
15772,2010-10-17 13:33:00,2010-10-17 13:33:00,16,1,110,6.875,280.88,17.555,16,0.25,1,1,1.0,1,1,1,Lost / Inactive
15773,2010-10-26 15:27:00,2011-12-04 12:48:00,47,2,410,8.72340425531915,774.52,16.479148936170212,46,0.25,0,404,202.0,5,2,3,Promising / New
15774,2010-02-21 12:57:00,2011-10-02 12:04:00,110,6,465,4.2272727272727275,1288.34,11.712181818181817,88,0.25,0,588,98.0,3,4,4,Loyal Customers
15775,2010-03-18 07:32:00,2011-04-08 12:56:00,9,2,260,28.88888888888889,150.5,16.72222222222222,9,0.25,1,387,193.5,2,2,1,Lost / Inactive
15776,2011-07-29 13:46:00,2011-07-29 13:46:00,18,1,138,7.666666666666667,241.62,13.423333333333334,18,0.25,1,1,1.0,3,1,1,Needs Attention
15777,2010-05-20 10:37:00,2011-04-12 16:43:00,39,7,599,15.35897435897436,1762.61,45.1951282051282,29,0.25,1,328,46.9,2,4,4,At Risk
15778,2010-10-04 15:10:00,2010-10-04 15:10:00,17,1,101,5.9411764705882355,307.95,18.11470588235294,17,0.25,1,1,1.0,1,1,2,Lost / Inactive
15779,2010-06-25 15:55:00,2010-09-02 16:40:00,8,2,20,2.5,124.08,15.51,8,0.25,1,70,35.0,1,2,1,Lost / Inactive
15780,2010-12-17 11:43:00,2011-06-09 12:01:00,29,3,220,7.586206896551724,475.28000000000003,16.38896551724138,26,0.25,1,175,58.3,3,3,2,Loyal Customers
15781,2011-02-07 09:15:00,2011-11-14 14:57:00,20,3,180,9.0,345.46,17.273,20,0.25,0,281,93.7,4,3,2,Loyal Customers
15782,2010-10-05 15:43:00,2011-11-30 10:49:00,61,4,1844,30.229508196721312,4014.1,65.80491803278689,51,0.25,0,421,105.2,5,3,5,Loyal Customers
15783,2011-11-29 09:50:00,2011-11-29 09:50:00,14,1,212,15.142857142857142,246.3,17.592857142857145,14,0.25,0,1,1.0,5,1,1,Promising / New
15784,2010-02-05 14:42:00,2010-08-29 10:38:00,43,2,381,8.86046511627907,848.33,19.72860465116279,33,0.25,1,205,102.5,1,2,3,Lost / Inactive
15785,2009-12-15 16:28:00,2011-11-07 11:33:00,225,16,4479,19.906666666666666,5969.93,26.533022222222222,102,0.25,0,692,43.2,4,5,5,Champions
15786,2010-06-21 10:13:00,2011-10-24 14:13:00,465,5,5957,12.810752688172043,8501.62,18.28305376344086,358,0.25,0,491,98.2,4,4,5,Champions
15787,2011-10-09 13:11:00,2011-11-13 14:55:00,200,3,534,2.67,933.26,4.6663,156,0.25,0,36,12.0,4,3,3,Loyal Customers
15788,2010-07-19 12:48:00,2010-07-19 12:48:00,14,1,115,8.214285714285714,221.82999999999998,15.844999999999999,14,0.25,1,1,1.0,1,1,1,Lost / Inactive
15789,2010-03-26 11:21:00,2010-12-16 14:35:00,138,6,2499,18.108695652173914,1962.01,14.217463768115943,110,0.25,1,266,44.3,2,4,4,At Risk
15790,2011-11-29 14:53:00,2011-11-29 14:53:00,34,1,113,3.323529411764706,218.75,6.4338235294117645,34,0.25,0,1,1.0,5,1,1,Promising / New
15791,2010-03-08 09:41:00,2011-10-27 10:14:00,167,5,1970,11.796407185628743,3608.34,21.60682634730539,121,0.25,0,599,119.8,4,4,5,Champions
15792,2010-03-31 09:42:00,2010-11-05 08:21:00,57,2,606,10.631578947368421,933.84,16.383157894736843,57,0.25,1,219,109.5,2,2,3,Lost / Inactive
15793,2009-12-01 12:54:00,2011-11-25 09:31:00,30,8,1685,56.166666666666664,2399.57,79.98566666666667,12,0.25,0,724,90.5,5,4,4,Champions
15794,2009-12-02 15:10:00,2009-12-03 13:04:00,15,2,288,19.2,777.0,51.8,15,0.25,1,1,0.5,1,2,3,Lost / Inactive
15795,2010-01-18 11:31:00,2011-07-13 10:43:00,131,8,1411,10.770992366412214,1979.87,15.11351145038168,111,0.25,1,541,67.6,3,4,4,Loyal Customers
15796,2010-03-31 13:10:00,2011-12-08 19:55:00,293,17,1733,5.914675767918089,5171.63,17.65061433447099,138,0.25,0,618,36.4,5,5,5,Champions
15797,2010-01-27 13:12:00,2011-08-18 17:04:00,12,6,1281,106.75,2821.08,235.09,12,0.25,1,569,94.8,3,4,4,Loyal Customers
15798,2010-01-27 11:55:00,2010-08-04 09:13:00,83,3,915,11.024096385542169,1535.37,18.49843373493976,73,0.25,1,189,63.0,1,3,4,At Risk
15799,2010-10-17 14:26:00,2011-09-25 12:46:00,154,4,1341,8.707792207792208,1421.34,9.22948051948052,143,0.25,0,343,85.8,3,3,4,Loyal Customers
15800,2010-03-31 13:17:00,2011-08-24 14:23:00,232,7,575,2.478448275862069,1227.07,5.289094827586206,198,0.25,1,512,73.1,3,4,4,Loyal Customers
15801,2011-08-22 09:53:00,2011-10-24 13:52:00,64,3,570,8.90625,1063.95,16.62421875,61,0.25,0,64,21.3,4,3,3,Loyal Customers
15802,2011-07-20 11:38:00,2011-07-20 11:38:00,1,1,1,1.0,451.42,451.42,1,0.25,1,1,1.0,3,1,2,Needs Attention
15803,2010-02-01 16:29:00,2011-10-19 14:56:00,51,4,1030,20.19607843137255,1929.66,37.836470588235294,48,0.25,0,625,156.2,4,3,4,Loyal Customers
15804,2011-05-25 10:12:00,2011-12-09 12:31:00,262,13,2565,9.790076335877863,4206.39,16.05492366412214,170,0.25,0,199,15.3,5,5,5,Champions
15805,2009-12-10 12:57:00,2011-11-16 16:32:00,529,30,6205,11.7296786389414,10148.93,19.185122873345936,337,0.25,0,707,23.6,4,5,5,Champions
15806,2011-03-08 09:24:00,2011-10-24 14:35:00,31,3,602,19.419354838709676,784.58,25.309032258064516,24,0.25,0,231,77.0,4,3,3,Loyal Customers
15807,2010-02-11 15:32:00,2011-10-20 14:10:00,88,5,1532,17.40909090909091,1817.52,20.653636363636362,85,0.25,0,616,123.2,4,4,4,Champions
15808,2009-12-01 16:30:00,2011-02-06 14:33:00,772,21,6753,8.74740932642487,17180.25,22.254209844559586,348,0.25,1,432,20.6,2,5,5,At Risk
15809,2010-06-22 14:23:00,2011-11-03 16:40:00,58,7,700,12.068965517241379,1274.44,21.973103448275864,51,0.25,0,500,71.4,4,4,4,Champions
15810,2010-02-04 18:18:00,2011-09-22 09:38:00,166,8,1653,9.957831325301205,2999.04,18.066506024096384,89,0.25,0,595,74.4,3,4,5,Loyal Customers
15811,2010-11-16 16:46:00,2011-11-17 15:31:00,273,7,1781,6.523809523809524,3486.15,12.76978021978022,205,0.25,0,366,52.3,4,4,5,Champions
15812,2009-12-15 13:40:00,2011-08-24 14:19:00,125,12,3450,27.6,5201.47,41.611760000000004,87,0.25,1,618,51.5,3,5,5,Loyal Customers
15813,2011-04-14 09:09:00,2011-05-16 08:13:00,40,2,603,15.075,1303.9099999999999,32.59775,40,0.25,1,32,16.0,2,2,4,Lost / Inactive
15814,2010-04-15 14:31:00,2011-11-23 08:17:00,98,6,1728,17.632653061224488,2634.44,26.88204081632653,83,0.25,0,587,97.8,5,4,4,Champions
15815,2011-03-25 08:43:00,2011-10-07 12:42:00,49,5,1856,37.87755102040816,2100.6,42.86938775510204,33,0.25,0,197,39.4,3,4,4,Loyal Customers
15816,2010-06-15 12:54:00,2010-06-15 13:36:00,11,2,54,4.909090909090909,144.15,13.104545454545455,11,0.25,1,1,0.5,1,2,1,Lost / Inactive
15817,2010-06-14 13:31:00,2010-10-15 11:07:00,152,3,1596,10.5,2766.4,18.2,133,0.25,1,123,41.0,1,3,4,At Risk
15818,2010-04-30 12:58:00,2010-04-30 12:58:00,11,1,284,25.818181818181817,340.5,30.954545454545453,11,0.25,1,1,1.0,1,1,2,Lost / Inactive
15819,2010-03-18 11:08:00,2011-10-21 14:50:00,260,10,2928,11.261538461538462,3934.79,15.133807692307693,182,0.25,0,583,58.3,4,5,5,Champions
15820,2011-01-24 12:00:00,2011-01-24 12:00:00,17,1,128,7.529411764705882,206.98,12.175294117647057,17,0.25,1,1,1.0,2,1,1,Lost / Inactive
15821,2011-10-09 13:28:00,2011-10-26 15:48:00,62,2,202,3.2580645161290325,570.96,9.209032258064516,57,0.25,0,18,9.0,4,2,2,Promising / New
15822,2009-12-06 15:12:00,2011-12-06 14:50:00,65,6,950,14.615384615384615,1840.06,28.308615384615383,46,0.25,0,730,121.7,5,4,4,Champions
15823,2009-12-08 15:12:00,2010-12-02 15:08:00,155,3,1774,11.44516129032258,3882.17,25.04625806451613,155,0.25,1,359,119.7,2,3,5,At Risk
15824,2010-06-25 15:10:00,2010-09-12 13:20:00,26,2,478,18.384615384615383,890.94,34.26692307692308,24,0.25,1,79,39.5,1,2,3,Lost / Inactive
15825,2011-06-20 13:27:00,2011-06-20 13:27:00,20,1,220,11.0,532.94,26.647000000000002,20,0.25,1,1,1.0,3,1,2,Needs Attention
15826,2010-05-20 17:00:00,2011-10-14 16:05:00,119,4,1824,15.327731092436975,2598.28,21.834285714285716,100,0.25,0,512,128.0,4,3,4,Loyal Customers
15827,2010-01-08 11:25:00,2011-09-27 15:35:00,217,28,1715,7.903225806451613,3603.14,16.604331797235023,124,0.25,0,628,22.4,3,5,5,Loyal Customers
15828,2010-11-29 16:41:00,2010-11-29 16:41:00,74,1,367,4.95945945945946,1108.82,14.984054054054052,74,0.25,1,1,1.0,2,1,3,Lost / Inactive
15829,2011-07-22 10:23:00,2011-09-01 16:45:00,51,2,996,19.529411764705884,636.14,12.473333333333333,44,0.25,1,42,21.0,3,2,3,Needs Attention
15830,2011-11-02 10:40:00,2011-11-02 10:40:00,39,1,415,10.64102564102564,576.0,14.76923076923077,39,0.25,0,1,1.0,4,1,2,Promising / New
15831,2011-01-19 14:52:00,2011-10-12 13:14:00,66,3,1092,16.545454545454547,794.64,12.04,63,0.25,0,266,88.7,4,3,3,Loyal Customers
15832,2011-03-30 15:29:00,2011-03-30 15:29:00,54,1,465,8.61111111111111,836.79,15.49611111111111,54,0.25,1,1,1.0,2,1,3,Lost / Inactive
15833,2009-12-02 11:59:00,2009-12-02 11:59:00,5,1,24,4.8,80.4,16.080000000000002,5,0.25,1,1,1.0,1,1,1,Lost / Inactive
15834,2010-10-11 14:05:00,2011-09-30 14:41:00,374,7,1815,4.852941176470588,3764.39,10.065213903743315,333,0.25,0,355,50.7,3,4,5,Loyal Customers
15835,2011-01-13 10:35:00,2011-10-26 15:47:00,50,4,439,8.78,954.09,19.0818,47,0.25,0,287,71.8,4,3,3,Loyal Customers
15836,2011-10-20 17:13:00,2011-10-20 17:13:00,10,1,26,2.6,137.37,13.737,10,0.25,0,1,1.0,4,1,1,Promising / New
15837,2010-08-11 10:16:00,2011-10-06 09:01:00,52,2,405,7.788461538461538,777.01,14.942499999999999,52,0.25,0,421,210.5,3,2,3,Needs Attention
15838,2009-12-15 09:51:00,2011-11-28 14:00:00,206,34,64114,311.2330097087379,73205.5,355.36650485436894,61,0.25,0,714,21.0,5,5,5,Champions
15839,2011-07-14 16:35:00,2011-11-06 13:54:00,62,3,675,10.887096774193548,1048.49,16.911129032258064,56,0.25,0,115,38.3,4,3,3,Loyal Customers
15840,2011-06-20 11:42:00,2011-10-12 09:08:00,27,2,396,14.666666666666666,355.56,13.168888888888889,26,0.25,0,114,57.0,4,2,2,Promising / New
15841,2009-12-10 08:29:00,2011-09-28 12:15:00,92,9,2391,25.98913043478261,2742.41,29.808804347826086,60,0.25,0,658,73.1,3,5,4,Loyal Customers
15842,2010-06-30 09:06:00,2010-11-11 14:08:00,25,2,296,11.84,548.8,21.951999999999998,24,0.25,1,135,67.5,2,2,2,Lost / Inactive
15843,2011-02-09 10:19:00,2011-02-09 10:19:00,8,1,27,3.375,118.95,14.86875,8,0.25,1,1,1.0,2,1,1,Lost / Inactive
15844,2011-10-24 15:19:00,2011-10-24 15:19:00,11,1,134,12.181818181818182,130.74,11.885454545454547,11,0.25,0,1,1.0,4,1,1,Promising / New
15845,2010-01-26 14:44:00,2011-11-22 09:42:00,174,11,2128,12.229885057471265,4426.28,25.4383908045977,129,0.25,0,665,60.5,5,5,5,Champions
15846,2010-11-19 14:40:00,2010-11-19 14:40:00,29,1,79,2.7241379310344827,107.01,3.6900000000000004,27,0.25,1,1,1.0,2,1,1,Lost / Inactive
15847,2010-03-08 08:47:00,2011-11-01 14:41:00,48,5,643,13.395833333333334,822.5699999999999,17.136875,39,0.25,0,604,120.8,4,4,3,Champions
15848,2010-03-28 10:54:00,2010-03-28 10:54:00,34,1,45,1.3235294117647058,137.99,4.058529411764706,34,0.25,1,1,1.0,1,1,1,Lost / Inactive
15850,2009-12-13 13:27:00,2011-11-20 14:14:00,311,6,1334,4.289389067524116,1006.75,3.237138263665595,269,0.25,0,708,118.0,5,4,3,Champions
15851,2010-07-01 12:34:00,2010-07-01 12:34:00,8,1,67,8.375,109.73,13.71625,8,0.25,1,1,1.0,1,1,1,Lost / Inactive
15852,2010-07-01 10:16:00,2011-06-06 11:22:00,33,3,60,1.8181818181818181,257.26,7.795757575757576,31,0.25,1,341,113.7,3,3,1,Loyal Customers
15853,2011-10-19 10:38:00,2011-10-19 10:38:00,30,1,135,4.5,110.8,3.6933333333333334,29,0.25,0,1,1.0,4,1,1,Promising / New
15854,2009-12-10 12:08:00,2011-12-05 13:39:00,256,21,1691,6.60546875,5578.28,21.79015625,168,0.25,0,726,34.6,5,5,5,Champions
15855,2010-08-20 17:15:00,2011-07-26 10:20:00,95,6,712,7.494736842105263,1052.72,11.081263157894737,72,0.25,1,340,56.7,3,4,3,Loyal Customers
15856,2009-12-03 14:02:00,2011-12-05 17:09:00,1102,52,19550,17.740471869328495,32275.95,29.288520871143376,384,0.25,0,733,14.1,5,5,5,Champions
15857,2010-10-05 16:43:00,2011-11-21 12:18:00,24,2,584,24.333333333333332,570.48,23.77,21,0.25,0,412,206.0,5,2,2,Promising / New
15858,2009-12-10 11:42:00,2011-11-24 12:48:00,435,13,2715,6.241379310344827,3552.41,8.166459770114942,273,0.25,0,715,55.0,5,5,5,Champions
15859,2010-10-03 12:52:00,2010-10-03 12:52:00,22,1,174,7.909090909090909,438.46,19.93,22,0.25,1,1,1.0,1,1,2,Lost / Inactive
15860,2009-12-06 12:31:00,2011-10-30 11:25:00,343,17,1259,3.6705539358600583,2361.3,6.884256559766764,249,0.25,0,693,40.8,4,5,4,Champions
15861,2010-01-28 19:41:00,2011-11-27 15:59:00,788,12,3837,4.869289340101523,4369.2,5.544670050761421,452,0.25,0,668,55.7,5,5,5,Champions
15862,2009-12-17 11:33:00,2011-12-01 13:28:00,498,13,1520,3.0522088353413657,2512.29,5.044759036144578,417,0.25,0,715,55.0,5,5,4,Champions
15863,2009-12-17 10:20:00,2011-11-14 12:49:00,77,5,162,2.103896103896104,355.1,4.611688311688312,74,0.25,0,698,139.6,4,4,2,Champions
15864,2010-11-23 15:02:00,2011-11-17 13:32:00,23,7,1486,64.6086956521739,2180.7599999999998,94.81565217391304,18,0.25,0,359,51.3,4,4,4,Champions
15865,2010-01-05 13:58:00,2011-10-30 12:43:00,126,5,1141,9.055555555555555,2241.42,17.78904761904762,119,0.25,0,663,132.6,4,4,4,Champions
15866,2011-08-30 14:09:00,2011-08-30 14:09:00,43,1,124,2.883720930232558,211.89,4.927674418604651,43,0.25,1,1,1.0,3,1,1,Needs Attention
15867,2009-12-14 15:16:00,2011-12-04 13:32:00,1020,31,5067,4.9676470588235295,8923.3,8.748333333333333,547,0.25,0,720,23.2,5,5,5,Champions
15868,2010-05-05 14:11:00,2010-05-05 14:11:00,4,1,57,14.25,94.53,23.6325,4,0.25,1,1,1.0,1,1,1,Lost / Inactive
15869,2010-03-23 16:50:00,2011-03-07 17:23:00,34,3,273,8.029411764705882,321.11,9.444411764705883,29,0.25,1,350,116.7,2,3,2,At Risk
15870,2010-09-19 16:22:00,2011-11-07 10:58:00,143,4,504,3.5244755244755246,857.46,5.9962237762237764,127,0.25,0,414,103.5,4,3,3,Loyal Customers
15871,2010-09-28 14:16:00,2010-09-28 14:16:00,5,1,5,1.0,33.099999999999994,6.619999999999999,5,0.25,1,1,1.0,1,1,1,Lost / Inactive
15872,2010-06-07 14:53:00,2011-11-25 11:55:00,188,4,467,2.484042553191489,729.25,3.8789893617021276,164,0.25,0,536,134.0,5,3,3,Loyal Customers
15873,2010-07-27 11:58:00,2010-07-28 12:41:00,6,4,1152,192.0,313.91999999999996,52.31999999999999,3,0.25,1,2,0.5,1,3,2,At Risk
15874,2010-01-07 13:56:00,2011-10-07 12:31:00,342,21,5102,14.91812865497076,11284.76,32.99637426900585,262,0.25,0,638,30.4,3,5,5,Loyal Customers
15875,2010-03-03 16:51:00,2010-03-03 16:51:00,23,1,74,3.217391304347826,108.52,4.718260869565217,18,0.25,1,1,1.0,1,1,1,Lost / Inactive
15876,2010-09-17 15:26:00,2010-10-26 18:58:00,11,2,886,80.54545454545455,1449.14,131.74,11,0.25,1,40,20.0,2,2,4,Lost / Inactive
15877,2011-11-22 11:18:00,2011-12-08 11:53:00,126,2,368,2.9206349206349205,490.33,3.8915079365079364,122,0.25,0,17,8.5,5,2,2,Promising / New
15878,2009-12-06 12:28:00,2010-05-27 12:17:00,51,2,243,4.764705882352941,330.77,6.485686274509804,47,0.25,1,172,86.0,1,2,2,Lost / Inactive
15879,2009-12-17 19:54:00,2010-10-31 16:21:00,179,4,639,3.569832402234637,1137.8,6.356424581005586,171,0.25,1,318,79.5,2,3,3,At Risk
15880,2010-12-05 13:00:00,2010-12-05 13:00:00,96,1,202,2.1041666666666665,329.03,3.427395833333333,95,0.25,1,1,1.0,2,1,2,Lost / Inactive
15881,2010-12-10 13:32:00,2011-01-31 16:59:00,29,5,260,8.96551724137931,501.39,17.289310344827587,26,0.25,1,53,10.6,2,4,2,At Risk
15882,2009-12-10 15:33:00,2011-05-25 11:35:00,59,8,650,11.016949152542374,1124.66,19.062033898305085,49,0.25,1,531,66.4,2,4,3,At Risk
15883,2011-11-06 14:50:00,2011-12-07 17:05:00,49,2,223,4.551020408163265,396.48,8.091428571428573,42,0.25,0,32,16.0,5,2,2,Promising / New
15884,2009-12-03 18:23:00,2010-10-03 15:55:00,14,2,152,10.857142857142858,244.6,17.47142857142857,14,0.25,1,304,152.0,1,2,1,Lost / Inactive
15885,2010-01-21 12:47:00,2011-09-08 10:43:00,115,15,622,5.408695652173913,1951.82,16.972347826086956,83,0.25,1,595,39.7,3,5,4,Loyal Customers
15886,2010-04-20 15:03:00,2011-10-10 14:25:00,62,4,667,10.758064516129032,1052.87,16.981774193548386,58,0.25,0,538,134.5,3,3,3,Loyal Customers
15887,2010-06-02 11:53:00,2010-10-29 08:36:00,37,3,605,16.35135135135135,1027.15,27.760810810810813,27,0.25,1,149,49.7,2,3,3,At Risk
15888,2010-07-01 11:51:00,2011-09-20 12:30:00,39,3,139,3.5641025641025643,429.16,11.004102564102565,33,0.25,0,447,149.0,3,3,2,Loyal Customers
15889,2009-12-10 12:21:00,2011-07-06 11:10:00,301,8,800,2.6578073089700998,1427.6,4.742857142857143,256,0.25,1,573,71.6,3,4,4,Loyal Customers
15890,2010-04-14 08:43:00,2010-11-10 12:46:00,10,5,119,11.9,535.65,53.565,10,0.25,1,211,42.2,2,4,2,At Risk
15891,2011-04-27 12:35:00,2011-04-27 12:35:00,60,1,418,6.966666666666667,511.68,8.528,60,0.25,1,1,1.0,2,1,2,Lost / Inactive
15892,2010-02-08 16:23:00,2010-02-08 16:23:00,38,1,46,1.2105263157894737,128.2,3.3736842105263154,38,0.25,1,1,1.0,1,1,1,Lost / Inactive
15893,2010-08-15 11:12:00,2010-08-15 11:12:00,1,1,288,288.0,305.28,305.28,1,0.25,1,1,1.0,1,1,2,Lost / Inactive
15894,2010-12-05 14:06:00,2011-03-31 13:50:00,37,2,164,4.4324324324324325,258.25,6.97972972972973,35,0.25,1,116,58.0,2,2,1,Lost / Inactive
15895,2011-07-13 10:27:00,2011-07-13 10:27:00,11,1,94,8.545454545454545,179.17,16.288181818181815,11,0.25,1,1,1.0,3,1,1,Needs Attention
15897,2011-05-29 13:32:00,2011-05-29 13:50:00,22,2,223,10.136363636363637,208.59,9.481363636363637,17,0.25,1,1,0.5,2,2,1,Lost / Inactive
15898,2009-12-11 16:11:00,2011-12-08 15:23:00,619,25,2160,3.489499192245557,4996.45,8.071809369951534,281,0.25,0,727,29.1,5,5,5,Champions
15899,2010-12-06 10:36:00,2010-12-06 10:36:00,4,1,39,9.75,56.25,14.0625,4,0.25,1,1,1.0,2,1,1,Lost / Inactive
15900,2010-05-26 11:27:00,2011-11-16 12:19:00,126,4,656,5.2063492063492065,886.57,7.036269841269841,100,0.25,0,540,135.0,4,3,3,Loyal Customers
15901,2010-06-14 12:39:00,2011-11-23 12:43:00,164,7,695,4.237804878048781,687.72,4.193414634146341,145,0.25,0,528,75.4,5,4,3,Champions
15902,2010-11-24 16:57:00,2010-11-24 16:57:00,18,1,124,6.888888888888889,145.01,8.056111111111111,18,0.25,1,1,1.0,2,1,1,Lost / Inactive
15903,2010-01-14 10:57:00,2011-11-30 08:08:00,116,12,3926,33.8448275862069,8939.84,77.06758620689655,58,0.25,0,685,57.1,5,5,5,Champions
15904,2011-12-01 14:50:00,2011-12-01 14:50:00,30,1,84,2.8,164.68,5.489333333333334,30,0.25,0,1,1.0,5,1,1,Promising / New
15905,2010-06-14 16:00:00,2010-06-14 16:00:00,22,1,82,3.727272727272727,114.69,5.213181818181818,22,0.25,1,1,1.0,1,1,1,Lost / Inactive
15906,2010-09-15 12:17:00,2011-11-20 12:24:00,201,10,749,3.72636815920398,2530.19,12.588009950248756,143,0.25,0,432,43.2,4,5,4,Champions
15907,2011-05-13 13:01:00,2011-12-06 12:21:00,226,3,478,2.1150442477876106,882.72,3.905840707964602,175,0.25,0,207,69.0,5,3,3,Loyal Customers
15908,2010-07-15 19:21:00,2010-08-06 11:56:00,40,2,173,4.325,758.62,18.9655,37,0.25,1,22,11.0,1,2,3,Lost / Inactive
15909,2011-06-19 10:38:00,2011-06-19 10:38:00,7,1,98,14.0,191.94,27.419999999999998,7,0.25,1,1,1.0,3,1,1,Needs Attention
15910,2010-01-21 11:51:00,2011-12-09 10:51:00,620,15,2158,3.4806451612903224,2661.17,4.292209677419355,394,0.25,0,687,45.8,5,5,4,Champions
15911,2009-12-09 13:26:00,2010-03-26 12:06:00,258,8,810,3.13953488372093,1700.24,6.590077519379845,162,0.25,1,107,13.4,1,4,4,At Risk
15912,2009-12-10 12:58:00,2011-06-14 14:29:00,95,9,759,7.989473684210527,1074.7,11.31263157894737,83,0.25,1,552,61.3,3,5,3,Loyal Customers
15913,2010-06-23 16:31:00,2010-06-23 16:31:00,1,1,3,3.0,6.3,6.3,1,0.25,1,1,1.0,1,1,1,Lost / Inactive
15914,2010-11-26 16:09:00,2010-11-26 16:10:00,13,2,149,11.461538461538462,205.99,15.845384615384615,13,0.25,1,1,0.5,2,2,1,Lost / Inactive
15915,2010-11-03 11:13:00,2010-11-03 11:13:00,113,1,414,3.663716814159292,364.45,3.225221238938053,105,0.25,1,1,1.0,2,1,2,Lost / Inactive
15916,2009-12-10 16:21:00,2011-11-23 13:46:00,306,13,1618,5.287581699346405,3145.24,10.278562091503268,227,0.25,0,713,54.8,5,5,5,Champions
15917,2009-12-02 14:55:00,2011-04-06 10:40:00,142,5,248,1.7464788732394365,530.17,3.7335915492957743,127,0.25,1,490,98.0,2,4,2,At Risk
15918,2010-03-18 11:40:00,2011-06-02 11:42:00,61,3,240,3.9344262295081966,582.88,9.555409836065573,49,0.25,1,442,147.3,2,3,2,At Risk
15919,2010-12-06 11:26:00,2011-11-20 11:28:00,122,2,385,3.1557377049180326,525.69,4.308934426229508,103,0.25,0,350,175.0,4,2,2,Promising / New
15920,2009-12-14 13:09:00,2011-07-08 15:31:00,107,9,238,2.2242990654205608,569.14,5.319065420560747,93,0.25,1,572,63.6,3,5,2,Loyal Customers
15921,2010-03-09 11:03:00,2011-06-20 11:03:00,79,4,335,4.2405063291139244,775.26,9.813417721518988,69,0.25,1,469,117.2,3,3,3,Loyal Customers
15922,2010-12-01 13:51:00,2010-12-01 13:51:00,11,1,138,12.545454545454545,369.5,33.59090909090909,11,0.25,1,1,1.0,2,1,2,Lost / Inactive
15923,2010-12-02 12:16:00,2010-12-02 12:16:00,21,1,122,5.809523809523809,127.08,6.051428571428572,21,0.25,1,1,1.0,2,1,1,Lost / Inactive
15924,2009-12-08 15:00:00,2009-12-08 15:00:00,15,1,103,6.866666666666666,102.82,6.854666666666666,14,0.25,1,1,1.0,1,1,1,Lost / Inactive
15925,2011-05-29 15:35:00,2011-05-29 15:35:00,12,1,93,7.75,207.15,17.2625,12,0.25,1,1,1.0,2,1,1,Lost / Inactive
15926,2010-06-15 15:23:00,2010-06-15 15:23:00,7,1,155,22.142857142857142,134.44,19.205714285714286,7,0.25,1,1,1.0,1,1,1,Lost / Inactive
15927,2010-03-02 13:25:00,2010-03-02 13:25:00,15,1,66,4.4,106.53999999999999,7.102666666666666,13,0.25,1,1,1.0,1,1,1,Lost / Inactive
15928,2010-02-21 15:16:00,2010-02-21 15:16:00,11,1,164,14.909090909090908,293.53,26.684545454545454,11,0.25,1,1,1.0,1,1,2,Lost / Inactive
15929,2010-03-05 14:56:00,2010-03-05 14:56:00,1,1,120,120.0,594.0,594.0,1,0.25,1,1,1.0,1,1,2,Lost / Inactive
15930,2011-10-03 14:52:00,2011-10-03 14:52:00,21,1,139,6.619047619047619,426.63,20.315714285714286,21,0.25,0,1,1.0,3,1,2,Needs Attention
15931,2010-10-07 16:46:00,2010-10-07 16:46:00,14,1,118,8.428571428571429,239.9,17.135714285714286,14,0.25,1,1,1.0,1,1,1,Lost / Inactive
15932,2011-02-23 14:50:00,2011-12-05 17:13:00,115,8,2325,20.217391304347824,2495.87,21.703217391304346,93,0.25,0,286,35.8,5,4,4,Champions
15933,2011-09-14 12:05:00,2011-11-18 13:14:00,74,3,885,11.95945945945946,1107.46,14.965675675675676,63,0.25,0,66,22.0,4,3,3,Loyal Customers
15934,2010-10-06 12:08:00,2010-10-18 10:13:00,29,2,2166,74.6896551724138,2190.66,75.53999999999999,29,0.25,1,12,6.0,1,2,4,Lost / Inactive
15935,2011-04-12 09:35:00,2011-04-14 13:27:00,12,2,115,9.583333333333334,416.86,34.73833333333334,12,0.25,1,3,1.5,2,2,2,Lost / Inactive
15936,2010-08-29 11:42:00,2010-11-25 16:39:00,19,2,211,11.105263157894736,282.79,14.883684210526317,16,0.25,1,89,44.5,2,2,1,Lost / Inactive
15937,2011-10-06 15:48:00,2011-10-06 15:48:00,7,1,73,10.428571428571429,145.35,20.764285714285712,7,0.25,0,1,1.0,3,1,1,Needs Attention
15938,2010-06-01 09:42:00,2011-08-19 12:56:00,39,9,449,11.512820512820513,734.81,18.84128205128205,27,0.25,1,445,49.4,3,5,3,Loyal Customers
15939,2010-11-30 12:07:00,2011-09-11 11:30:00,161,16,6260,38.88198757763975,9060.39,56.27571428571428,52,0.25,0,285,17.8,3,5,5,Loyal Customers
15940,2011-02-01 16:18:00,2011-02-01 16:18:00,1,1,4,4.0,35.8,35.8,1,0.25,1,1,1.0,2,1,1,Lost / Inactive
15941,2010-03-12 14:45:00,2010-03-12 14:45:00,6,1,60,10.0,405.0,67.5,6,0.25,1,1,1.0,1,1,2,Lost / Inactive
15942,2011-07-29 09:01:00,2011-07-29 09:01:00,14,1,232,16.571428571428573,337.44,24.102857142857143,14,0.25,1,1,1.0,3,1,2,Needs Attention
15943,2010-01-31 11:04:00,2010-02-28 12:49:00,12,2,183,15.25,271.28999999999996,22.607499999999998,12,0.25,1,29,14.5,1,2,1,Lost / Inactive
15944,2009-12-13 12:57:00,2011-03-08 10:33:00,38,4,859,22.605263157894736,2164.24,56.95368421052631,25,0.25,1,450,112.5,2,3,4,At Risk
15945,2009-12-01 13:47:00,2010-12-09 13:14:00,28,4,345,12.321428571428571,646.27,23.081071428571427,24,0.25,1,373,93.2,2,4,3,At Risk
15946,2010-03-16 10:49:00,2010-07-25 12:18:00,26,3,1614,62.07692307692308,2304.18,88.62230769230769,25,0.25,1,132,44.0,1,3,4,At Risk
15947,2011-09-18 10:46:00,2011-09-18 10:46:00,29,1,898,30.96551724137931,1708.24,58.9048275862069,29,0.25,0,1,1.0,3,1,4,Needs Attention
15948,2010-10-11 12:16:00,2011-12-01 15:32:00,95,3,852,8.968421052631578,1509.09,15.88515789473684,63,0.25,0,417,139.0,5,3,4,Loyal Customers
15949,2011-09-29 17:34:00,2011-11-23 09:09:00,19,2,284,14.947368421052632,364.71999999999997,19.195789473684208,12,0.25,0,55,27.5,5,2,2,Promising / New
15950,2010-01-26 11:39:00,2011-11-08 11:09:00,393,10,3354,8.534351145038167,7120.91,18.119363867684477,225,0.25,0,651,65.1,4,5,5,Champions
15951,2010-11-23 18:20:00,2011-12-01 08:34:00,59,3,420,7.11864406779661,1013.17,17.17237288135593,44,0.25,0,373,124.3,5,3,3,Loyal Customers
15952,2011-04-28 12:55:00,2011-11-06 11:18:00,84,4,391,4.654761904761905,781.91,9.30845238095238,65,0.25,0,192,48.0,4,4,3,Champions
15953,2009-12-03 14:00:00,2011-11-24 15:32:00,167,18,1741,10.425149700598803,3440.34,20.600838323353294,102,0.25,0,722,40.1,5,5,5,Champions
15954,2010-04-29 13:35:00,2010-04-29 13:35:00,20,1,119,5.95,190.75,9.5375,20,0.25,1,1,1.0,1,1,1,Lost / Inactive
15955,2010-02-23 16:36:00,2011-11-15 14:15:00,342,22,3967,11.599415204678362,8085.9800000000005,23.643216374269006,222,0.25,0,630,28.6,4,5,5,Champions
15956,2009-12-13 11:16:00,2010-06-06 13:06:00,18,2,278,15.444444444444445,617.6,34.31111111111111,18,0.25,1,176,88.0,1,2,3,Lost / Inactive
15957,2010-10-15 12:11:00,2011-11-08 12:14:00,146,3,453,3.1027397260273974,921.25,6.309931506849315,121,0.25,0,390,130.0,4,3,3,Loyal Customers
15958,2010-06-07 10:59:00,2011-09-26 13:41:00,65,4,154,2.3692307692307693,462.12,7.109538461538461,50,0.25,0,477,119.2,3,4,2,Loyal Customers
15959,2010-01-26 16:19:00,2010-01-26 16:38:00,71,3,269,3.788732394366197,542.89,7.646338028169014,58,0.25,1,1,0.3,1,3,2,At Risk
15960,2010-09-30 15:50:00,2010-11-30 15:57:00,26,4,258,9.923076923076923,410.95,15.805769230769231,24,0.25,1,62,15.5,2,4,2,At Risk
15961,2010-11-25 15:59:00,2010-11-25 15:59:00,42,1,154,3.6666666666666665,451.28999999999996,10.745,42,0.25,1,1,1.0,2,1,2,Lost / Inactive
15962,2010-09-16 13:48:00,2010-09-16 13:48:00,55,1,228,4.1454545454545455,289.48,5.263272727272728,43,0.25,1,1,1.0,1,1,2,Lost / Inactive
15963,2011-10-25 13:05:00,2011-11-20 11:33:00,28,2,298,10.642857142857142,470.76,16.812857142857144,26,0.25,0,26,13.0,4,2,2,Promising / New
15964,2010-02-14 15:30:00,2010-02-14 15:30:00,20,1,93,4.65,269.21,13.4605,20,0.25,1,1,1.0,1,1,1,Lost / Inactive
15965,2009-12-03 11:45:00,2011-11-22 16:44:00,332,13,1313,3.9548192771084336,2771.94,8.34921686746988,202,0.25,0,720,55.4,5,5,4,Champions
15966,2010-09-15 10:44:00,2010-09-15 10:44:00,27,1,275,10.185185185185185,426.53,15.797407407407407,27,0.25,1,1,1.0,1,1,2,Lost / Inactive
15967,2009-12-01 13:29:00,2011-11-16 15:41:00,480,12,1183,2.464583333333333,2966.0,6.179166666666666,316,0.25,0,716,59.7,4,5,5,Champions
15968,2010-11-16 13:04:00,2010-11-16 13:04:00,80,1,247,3.0875,404.55,5.056875,70,0.25,1,1,1.0,2,1,2,Lost / Inactive
15969,2010-07-05 13:10:00,2011-12-07 11:06:00,35,5,223,6.371428571428571,1127.05,32.20142857142857,31,0.25,0,520,104.0,5,4,3,Champions
15970,2010-04-20 11:30:00,2011-02-09 12:08:00,24,2,498,20.75,1017.3199999999999,42.38833333333333,19,0.25,1,296,148.0,2,2,3,Lost / Inactive
15971,2009-12-08 09:46:00,2011-11-22 12:50:00,42,18,2251,53.595238095238095,5902.83,140.54357142857143,12,0.25,0,715,39.7,5,5,5,Champions
15972,2010-04-18 14:06:00,2010-09-09 13:20:00,139,5,468,3.366906474820144,1769.33,12.728992805755395,104,0.25,1,144,28.8,1,4,4,At Risk
15973,2010-10-06 15:00:00,2010-12-08 11:42:00,11,3,195,17.727272727272727,680.62,61.874545454545455,8,0.25,1,63,21.0,2,3,3,At Risk
15974,2011-02-24 10:10:00,2011-10-31 13:13:00,176,7,2262,12.852272727272727,3442.15,19.557670454545455,141,0.25,0,250,35.7,4,4,5,Champions
15975,2011-09-16 13:33:00,2011-09-16 13:33:00,24,1,243,10.125,371.01,15.45875,24,0.25,0,1,1.0,3,1,2,Needs Attention
15976,2010-06-06 14:01:00,2011-06-27 13:00:00,378,6,1053,2.7857142857142856,1694.41,4.482566137566137,265,0.25,1,386,64.3,3,4,4,Loyal Customers
15977,2011-10-31 16:24:00,2011-11-22 13:29:00,65,2,1016,15.63076923076923,1054.73,16.226615384615386,48,0.25,0,22,11.0,5,2,3,Promising / New
15978,2010-03-05 14:39:00,2011-09-23 15:21:00,129,3,2444,18.94573643410853,3279.42,25.42186046511628,107,0.25,0,568,189.3,3,3,5,Loyal Customers
15979,2010-04-16 11:35:00,2010-04-16 11:35:00,22,1,450,20.454545454545453,329.21999999999997,14.964545454545453,22,0.25,1,1,1.0,1,1,2,Lost / Inactive
15980,2010-06-01 14:40:00,2011-09-12 09:41:00,115,7,4822,41.93043478260869,6543.68,56.90156521739131,101,0.25,0,468,66.9,3,4,5,Loyal Customers
15981,2010-03-29 10:07:00,2011-11-15 08:00:00,288,21,4827,16.760416666666668,9362.77,32.509618055555556,151,0.25,0,596,28.4,4,5,5,Champions
15982,2010-04-13 15:47:00,2010-04-13 15:47:00,45,1,131,2.911111111111111,324.51,7.211333333333333,45,0.25,1,1,1.0,1,1,2,Lost / Inactive
15983,2009-12-06 12:52:00,2011-11-17 17:34:00,258,8,1872,7.255813953488372,3110.37,12.055697674418605,137,0.25,0,712,89.0,4,4,5,Champions
15984,2009-12-01 13:38:00,2011-12-07 12:16:00,700,30,5730,8.185714285714285,8393.02,11.990028571428573,458,0.25,0,736,24.5,5,5,5,Champions
15985,2010-05-27 15:51:00,2011-08-08 16:31:00,104,7,2750,26.442307692307693,2715.2799999999997,26.108461538461537,50,0.25,1,439,62.7,3,4,4,Loyal Customers
15986,2010-11-23 10:02:00,2011-11-09 15:17:00,25,2,368,14.72,354.42,14.1768,25,0.25,0,352,176.0,4,2,2,Promising / New
15987,2010-11-25 12:56:00,2011-11-27 15:38:00,169,8,1599,9.461538461538462,1535.99,9.08869822485207,143,0.25,0,368,46.0,5,4,4,Champions
15988,2010-02-21 11:36:00,2011-11-20 13:23:00,120,3,476,3.966666666666667,738.89,6.157416666666666,114,0.25,0,638,212.7,5,3,3,Loyal Customers
15989,2009-12-02 15:51:00,2010-11-29 12:03:00,86,2,169,1.9651162790697674,368.31,4.2826744186046515,81,0.25,1,362,181.0,2,2,2,Lost / Inactive
15990,2010-02-28 12:30:00,2011-10-26 15:58:00,177,7,1086,6.135593220338983,1997.75,11.286723163841808,117,0.25,0,606,86.6,4,4,4,Champions
15991,2010-06-23 15:50:00,2010-06-23 15:50:00,6,1,41,6.833333333333333,150.55,25.09166666666667,6,0.25,1,1,1.0,1,1,1,Lost / Inactive
15992,2010-09-12 11:52:00,2011-12-06 11:00:00,54,3,514,9.518518518518519,896.6,16.603703703703705,53,0.25,0,450,150.0,5,3,3,Loyal Customers
15993,2011-10-26 16:21:00,2011-12-01 10:45:00,543,7,2037,3.751381215469613,2777.67,5.115414364640884,335,0.25,0,36,5.1,5,4,4,Champions
15994,2010-03-14 11:55:00,2011-10-16 12:28:00,108,3,462,4.277777777777778,1175.68,10.885925925925926,93,0.25,0,582,194.0,4,3,3,Loyal Customers
15995,2010-10-21 13:57:00,2010-10-21 13:57:00,110,1,352,3.2,694.54,6.314,108,0.25,1,1,1.0,1,1,3,Lost / Inactive
15996,2010-11-07 15:49:00,2011-09-12 15:14:00,173,7,643,3.7167630057803467,1386.4,8.013872832369943,140,0.25,0,309,44.1,3,4,4,Loyal Customers
15998,2009-12-01 11:45:00,2011-11-03 12:45:00,1425,16,5350,3.754385964912281,8274.14,5.806414035087719,682,0.25,0,703,43.9,4,5,5,Champions
15999,2009-12-04 12:31:00,2009-12-04 12:31:00,1,1,24,24.0,20.4,20.4,1,0.25,1,1,1.0,1,1,1,Lost / Inactive
16000,2011-12-07 12:14:00,2011-12-07 12:17:00,9,3,5110,567.7777777777778,12393.7,1377.0777777777778,9,0.25,0,1,0.3,5,3,5,Loyal Customers
16001,2010-11-23 17:10:00,2010-11-23 17:10:00,29,1,337,11.620689655172415,583.39,20.11689655172414,29,0.25,1,1,1.0,2,1,2,Lost / Inactive
16002,2010-03-24 13:08:00,2010-03-24 13:08:00,42,1,70,1.6666666666666667,169.21,4.028809523809524,42,0.25,1,1,1.0,1,1,1,Lost / Inactive
16003,2009-12-03 18:51:00,2011-11-10 09:57:00,203,10,2210,10.886699507389162,5613.83,27.65433497536946,146,0.25,0,707,70.7,4,5,5,Champions
16004,2010-01-25 13:56:00,2010-08-22 11:48:00,90,5,1076,11.955555555555556,2146.39,23.848777777777777,63,0.25,1,209,41.8,1,4,4,At Risk
16005,2010-09-15 13:21:00,2011-11-27 13:47:00,484,10,1269,2.621900826446281,2365.49,4.88737603305785,315,0.25,0,439,43.9,5,5,4,Champions
16006,2010-11-17 12:03:00,2011-05-12 13:12:00,78,2,205,2.628205128205128,332.82,4.266923076923077,75,0.25,1,177,88.5,2,2,2,Lost / Inactive
16007,2010-06-14 13:18:00,2011-10-23 11:05:00,657,7,2631,4.004566210045662,3053.06,4.646971080669711,337,0.25,0,496,70.9,4,4,5,Champions
16008,2010-03-19 11:07:00,2011-11-16 10:32:00,253,15,3237,12.794466403162055,5339.13,21.103280632411067,63,0.25,0,607,40.5,4,5,5,Champions
16009,2011-07-03 11:26:00,2011-11-17 16:51:00,82,4,366,4.463414634146342,972.11,11.855,68,0.25,0,138,34.5,4,4,3,Champions
16010,2010-10-24 10:54:00,2011-04-08 10:14:00,289,11,919,3.179930795847751,1694.86,5.864567474048442,122,0.25,1,166,15.1,2,5,4,At Risk
16011,2009-12-01 12:02:00,2011-12-01 16:31:00,425,29,3323,7.818823529411764,5601.01,13.17884705882353,181,0.25,0,731,25.2,5,5,5,Champions
16012,2010-06-28 11:39:00,2011-11-04 13:25:00,239,5,1760,7.364016736401673,2978.59,12.462719665271967,207,0.25,0,495,99.0,4,4,5,Champions
16013,2009-12-08 10:24:00,2011-12-06 10:36:00,216,84,25520,118.14814814814815,56078.44,259.6224074074074,54,0.25,0,729,8.7,5,5,5,Champions
16014,2010-01-31 12:43:00,2011-11-02 12:04:00,275,5,462,1.68,1100.28,4.001018181818182,219,0.25,0,640,128.0,4,4,3,Champions
16015,2011-10-21 12:56:00,2011-12-06 10:58:00,181,3,907,5.011049723756906,704.55,3.892541436464088,146,0.25,0,46,15.3,5,3,3,Loyal Customers
16016,2010-11-02 13:27:00,2011-12-06 14:35:00,297,11,881,2.9663299663299663,2083.4,7.014814814814815,181,0.25,0,400,36.4,5,5,4,Champions
16017,2010-01-05 12:06:00,2011-10-23 12:56:00,130,5,635,4.884615384615385,1545.58,11.889076923076923,99,0.25,0,657,131.4,4,4,4,Champions
16018,2009-12-07 13:57:00,2011-10-31 14:13:00,56,4,503,8.982142857142858,698.13,12.466607142857143,48,0.25,0,694,173.5,4,4,3,Champions
16019,2009-12-14 14:12:00,2011-10-24 11:51:00,403,27,6959,17.267990074441688,17329.16,43.00039702233251,256,0.25,0,679,25.1,4,5,5,Champions
16020,2011-10-05 13:54:00,2011-11-23 11:18:00,46,3,487,10.58695652173913,851.01,18.500217391304346,42,0.25,0,49,16.3,5,3,3,Loyal Customers
16021,2010-06-13 11:05:00,2010-11-09 14:48:00,126,2,276,2.1904761904761907,487.03,3.8653174603174603,117,0.25,1,150,75.0,2,2,2,Lost / Inactive
16022,2011-03-24 13:16:00,2011-03-24 13:16:00,71,1,255,3.591549295774648,602.63,8.48774647887324,68,0.25,1,1,1.0,2,1,2,Lost / Inactive
16023,2011-03-18 13:32:00,2011-10-24 16:34:00,101,3,358,3.5445544554455446,719.81,7.126831683168317,90,0.25,0,221,73.7,4,3,3,Loyal Customers
16024,2010-10-24 11:40:00,2011-11-27 13:26:00,85,3,504,5.929411764705883,483.99,5.694,78,0.25,0,400,133.3,5,3,2,Loyal Customers
16025,2011-11-10 11:45:00,2011-11-10 11:45:00,28,1,338,12.071428571428571,439.65999999999997,15.702142857142857,28,0.25,0,1,1.0,4,1,2,Promising / New
16026,2011-10-27 13:53:00,2011-10-27 13:53:00,32,1,243,7.59375,236.09,7.3778125,30,0.25,0,1,1.0,4,1,1,Promising / New
16027,2010-01-08 13:21:00,2011-09-09 10:47:00,35,15,2099,59.97142857142857,2048.36,58.524571428571434,20,0.25,1,609,40.6,3,5,4,Loyal Customers
16028,2010-04-23 11:45:00,2010-04-23 11:45:00,5,1,18,3.6,82.2,16.44,5,0.25,1,1,1.0,1,1,1,Lost / Inactive
16029,2009-12-08 11:23:00,2011-11-01 10:27:00,370,107,54450,147.16216216216216,117763.62,318.28005405405406,57,0.25,0,693,6.5,4,5,5,Champions
16030,2011-02-03 11:28:00,2011-02-03 11:28:00,29,1,283,9.758620689655173,331.24,11.422068965517242,28,0.25,1,1,1.0,2,1,2,Lost / Inactive
16031,2011-04-06 14:23:00,2011-09-08 13:07:00,98,2,421,4.295918367346939,547.9,5.590816326530612,91,0.25,1,155,77.5,3,2,2,Needs Attention
16032,2010-07-04 13:31:00,2010-09-09 18:00:00,210,6,1467,6.985714285714286,1965.72,9.36057142857143,130,0.25,1,68,11.3,1,4,4,At Risk
16033,2010-08-11 16:44:00,2011-12-04 12:44:00,1359,27,4200,3.0905077262693155,10608.81,7.806335540838852,605,0.25,0,480,17.8,5,5,5,Champions
16034,2010-10-26 13:00:00,2011-05-27 16:17:00,56,6,585,10.446428571428571,911.32,16.27357142857143,43,0.25,1,214,35.7,2,4,3,At Risk
16035,2010-05-28 15:09:00,2010-05-28 15:09:00,21,1,33,1.5714285714285714,217.73,10.368095238095238,21,0.25,1,1,1.0,1,1,1,Lost / Inactive
16036,2010-03-29 14:47:00,2011-09-13 14:53:00,140,4,1369,9.778571428571428,2556.84,18.263142857142856,120,0.25,0,534,133.5,3,4,4,Loyal Customers
16037,2010-03-01 12:31:00,2011-03-15 09:13:00,71,5,766,10.788732394366198,1509.34,21.258309859154927,62,0.25,1,379,75.8,2,4,4,At Risk
16038,2011-05-22 11:29:00,2011-12-02 12:40:00,26,3,244,9.384615384615385,471.78,18.145384615384614,24,0.25,0,195,65.0,5,3,2,Loyal Customers
16039,2010-03-21 15:17:00,2010-10-12 10:44:00,32,2,409,12.78125,456.4,14.2625,27,0.25,1,205,102.5,1,2,2,Lost / Inactive
16040,2010-04-09 10:12:00,2011-10-05 13:47:00,125,7,1185,9.48,2416.9,19.3352,95,0.25,0,545,77.9,3,4,4,Loyal Customers
16041,2011-07-21 16:27:00,2011-11-09 12:25:00,6,3,1584,264.0,3166.4,527.7333333333333,6,0.25,0,111,37.0,4,3,5,Loyal Customers
16042,2010-09-12 12:00:00,2011-11-17 17:50:00,129,8,1430,11.085271317829458,2245.32,17.40558139534884,88,0.25,0,432,54.0,4,4,4,Champions
16043,2010-08-15 11:26:00,2011-11-02 12:50:00,73,8,1011,13.849315068493151,1856.59,25.432739726027396,56,0.25,0,445,55.6,4,4,4,Champions
16044,2010-09-30 18:12:00,2010-09-30 18:12:00,19,1,170,8.947368421052632,340.84,17.93894736842105,19,0.25,1,1,1.0,1,1,2,Lost / Inactive
16045,2010-07-29 12:50:00,2011-08-12 12:41:00,148,8,2108,14.243243243243244,3434.93,23.208986486486484,111,0.25,1,379,47.4,3,4,5,Loyal Customers
16046,2010-05-26 13:18:00,2010-05-26 13:18:00,22,1,248,11.272727272727273,235.78,10.717272727272727,22,0.25,1,1,1.0,1,1,1,Lost / Inactive
16047,2010-01-26 16:34:00,2010-01-26 16:34:00,1,1,1,1.0,107.14,107.14,1,0.25,1,1,1.0,1,1,1,Lost / Inactive
16048,2010-06-08 12:36:00,2010-12-01 15:28:00,36,4,425,11.805555555555555,818.79,22.744166666666665,30,0.25,1,177,44.2,2,4,3,At Risk
16049,2010-07-11 13:53:00,2011-10-30 13:19:00,485,6,1132,2.334020618556701,1852.15,3.8188659793814437,383,0.25,0,476,79.3,4,4,4,Champions
16050,2010-11-03 15:55:00,2011-06-19 11:44:00,21,3,388,18.476190476190474,300.7,14.319047619047618,19,0.25,1,228,76.0,3,3,2,Loyal Customers
16051,2010-01-27 09:38:00,2010-01-27 09:38:00,12,1,80,6.666666666666667,188.44,15.703333333333333,12,0.25,1,1,1.0,1,1,1,Lost / Inactive
16052,2011-10-16 15:13:00,2011-10-16 15:13:00,34,1,282,8.294117647058824,362.06,10.648823529411764,34,0.25,0,1,1.0,4,1,2,Promising / New
16053,2010-04-08 11:11:00,2011-11-07 11:21:00,194,6,3067,15.809278350515465,3634.84,18.736288659793814,169,0.25,0,579,96.5,4,4,5,Champions
16054,2010-04-01 18:37:00,2011-07-17 13:08:00,122,4,791,6.483606557377049,2111.88,17.31049180327869,109,0.25,1,472,118.0,3,4,4,Loyal Customers
16055,2011-05-03 09:26:00,2011-05-03 09:26:00,8,1,22,2.75,134.8,16.85,8,0.25,1,1,1.0,2,1,1,Lost / Inactive
16056,2011-10-25 15:19:00,2011-10-25 15:19:00,66,1,345,5.2272727272727275,650.75,9.859848484848484,66,0.25,0,1,1.0,4,1,3,Promising / New
16057,2010-01-07 17:11:00,2011-11-23 15:23:00,218,10,1691,7.756880733944954,3854.85,17.682798165137616,175,0.25,0,685,68.5,5,5,5,Champions
16058,2010-10-29 16:48:00,2010-10-29 16:48:00,2,1,18,9.0,62.7,31.35,2,0.25,1,1,1.0,2,1,1,Lost / Inactive
16059,2010-05-19 13:04:00,2011-10-05 09:56:00,391,12,1431,3.659846547314578,3053.57,7.809641943734015,233,0.25,0,504,42.0,3,5,5,Loyal Customers
16060,2010-08-02 15:26:00,2010-11-04 12:10:00,24,3,243,10.125,541.95,22.58125,22,0.25,1,94,31.3,2,3,2,At Risk
16061,2010-10-04 15:29:00,2010-10-04 15:29:00,3,1,19,6.333333333333333,89.65,29.883333333333336,3,0.25,1,1,1.0,1,1,1,Lost / Inactive
16062,2010-06-21 13:32:00,2011-11-30 12:15:00,185,8,2035,11.0,2863.45,15.478108108108108,134,0.25,0,527,65.9,5,5,4,Champions
16063,2011-03-24 14:55:00,2011-03-24 14:56:00,23,1,262,11.391304347826088,335.32,14.57913043478261,23,0.25,1,1,1.0,2,1,2,Lost / Inactive
16064,2009-12-14 16:11:00,2009-12-14 16:11:00,17,1,55,3.235294117647059,109.31,6.43,17,0.25,1,1,1.0,1,1,1,Lost / Inactive
16065,2010-09-02 13:27:00,2010-12-09 13:03:00,353,8,1207,3.4192634560906514,1992.1299999999999,5.64342776203966,214,0.25,1,98,12.2,2,5,4,At Risk
16066,2011-08-07 14:33:00,2011-11-23 11:54:00,101,5,935,9.257425742574258,1521.04,15.059801980198019,77,0.25,0,108,21.6,5,4,4,Champions
16067,2010-02-02 18:01:00,2010-05-26 12:33:00,68,3,1236,18.176470588235293,3269.11,48.07514705882353,60,0.25,1,113,37.7,1,3,5,At Risk
16068,2010-04-25 11:52:00,2010-04-25 11:52:00,35,1,48,1.3714285714285714,115.73,3.3065714285714285,34,0.25,1,1,1.0,1,1,1,Lost / Inactive
16069,2010-10-18 10:32:00,2010-10-18 10:32:00,25,1,138,5.52,457.7,18.308,25,0.25,1,1,1.0,1,1,2,Lost / Inactive
16070,2011-11-07 16:36:00,2011-11-17 15:50:00,33,2,457,13.848484848484848,852.15,25.82272727272727,32,0.25,0,10,5.0,4,2,3,Promising / New
16071,2010-02-22 14:48:00,2011-10-26 11:14:00,73,4,697,9.547945205479452,1076.8,14.750684931506848,62,0.25,0,611,152.8,4,4,3,Champions
16072,2010-06-08 16:47:00,2011-02-24 14:32:00,531,4,1580,2.975517890772128,4180.09,7.87210922787194,414,0.25,1,261,65.2,2,4,5,At Risk
16073,2011-02-15 15:41:00,2011-02-15 15:41:00,1,1,48,48.0,122.4,122.4,1,0.25,1,1,1.0,2,1,1,Lost / Inactive
16074,2010-11-14 13:19:00,2010-11-14 13:19:00,25,1,38,1.52,252.5,10.1,23,0.25,1,1,1.0,2,1,1,Lost / Inactive
16075,2010-05-24 15:57:00,2010-07-25 11:31:00,41,2,271,6.609756097560975,736.93,17.97390243902439,41,0.25,1,62,31.0,1,2,3,Lost / Inactive
16076,2011-05-15 12:31:00,2011-12-06 14:59:00,129,10,1435,11.124031007751938,2234.73,17.323488372093024,71,0.25,0,206,20.6,5,5,4,Champions
16077,2010-03-24 10:42:00,2010-03-24 10:42:00,8,1,840,105.0,2300.3999999999996,287.54999999999995,8,0.25,1,1,1.0,1,1,4,Lost / Inactive
16078,2010-02-08 13:29:00,2011-03-01 09:47:00,39,2,200,5.128205128205129,362.99,9.307435897435898,39,0.25,1,386,193.0,2,2,2,Lost / Inactive
16079,2011-10-30 13:06:00,2011-11-23 12:48:00,21,3,864,41.142857142857146,1352.0,64.38095238095238,18,0.25,0,24,8.0,5,3,4,Loyal Customers
16080,2010-09-15 14:19:00,2011-09-19 10:42:00,30,4,298,9.933333333333334,602.56,20.08533333333333,29,0.25,0,369,92.2,3,4,2,Loyal Customers
16081,2010-02-03 12:46:00,2011-10-14 13:06:00,368,8,2177,5.915760869565218,4278.96,11.627608695652174,235,0.25,0,619,77.4,4,5,5,Champions
16082,2010-02-07 15:16:00,2010-02-07 15:16:00,16,1,39,2.4375,106.75,6.671875,16,0.25,1,1,1.0,1,1,1,Lost / Inactive
16083,2010-11-16 11:53:00,2011-08-31 10:47:00,71,4,1514,21.323943661971832,2351.42,33.11859154929578,61,0.25,1,288,72.0,3,4,4,Loyal Customers
16084,2011-02-13 16:05:00,2011-02-13 16:05:00,38,1,216,5.684210526315789,436.18,11.47842105263158,38,0.25,1,1,1.0,2,1,2,Lost / Inactive
16085,2010-01-20 14:03:00,2011-11-16 13:24:00,375,12,1382,3.6853333333333333,2341.03,6.242746666666667,259,0.25,0,665,55.4,4,5,4,Champions
16086,2009-12-02 13:20:00,2011-10-11 13:09:00,129,10,1450,11.24031007751938,2687.73,20.83511627906977,66,0.25,0,678,67.8,4,5,4,Champions
16087,2010-01-19 12:30:00,2010-11-15 16:44:00,10,5,664,66.4,1739.92,173.99200000000002,6,0.25,1,301,60.2,2,4,4,At Risk
16088,2010-04-27 10:56:00,2010-05-13 10:16:00,6,2,373,62.166666666666664,1437.43,239.5716666666667,3,0.25,1,16,8.0,1,2,4,Lost / Inactive
16089,2010-07-18 15:51:00,2010-11-18 13:51:00,47,2,119,2.5319148936170213,263.49,5.606170212765957,42,0.25,1,123,61.5,2,2,1,Lost / Inactive
16090,2010-03-25 13:05:00,2010-03-25 13:05:00,18,1,58,3.2222222222222223,180.56,10.03111111111111,18,0.25,1,1,1.0,1,1,1,Lost / Inactive
16091,2011-05-25 09:18:00,2011-07-08 08:45:00,18,2,154,8.555555555555555,315.06,17.503333333333334,16,0.25,1,44,22.0,3,2,2,Needs Attention
16092,2010-05-09 16:10:00,2011-08-17 10:46:00,90,6,1188,13.2,1587.94,17.64377777777778,60,0.25,1,465,77.5,3,4,4,Loyal Customers
16093,2011-08-25 11:09:00,2011-08-25 11:09:00,1,1,20,20.0,17.0,17.0,1,0.25,1,1,1.0,3,1,1,Needs Attention
16094,2010-04-16 14:00:00,2011-11-28 12:45:00,196,11,2020,10.306122448979592,3695.56,18.854897959183674,101,0.25,0,591,53.7,5,5,5,Champions
16095,2010-09-09 16:54:00,2010-09-09 16:54:00,30,1,265,8.833333333333334,447.05,14.901666666666667,30,0.25,1,1,1.0,1,1,2,Lost / Inactive
16096,2010-03-04 15:44:00,2011-03-20 13:38:00,66,4,700,10.606060606060606,1584.97,24.01469696969697,58,0.25,1,381,95.2,2,4,4,At Risk
16097,2011-04-13 13:47:00,2011-04-13 13:47:00,10,1,87,8.7,185.04999999999998,18.505,10,0.25,1,1,1.0,2,1,1,Lost / Inactive
16098,2009-12-15 09:40:00,2011-09-13 09:59:00,150,14,2008,13.386666666666667,4010.7,26.738,83,0.25,0,638,45.6,3,5,5,Loyal Customers
16099,2010-03-03 11:13:00,2011-10-20 13:13:00,69,7,960,13.91304347826087,1573.2,22.8,44,0.25,0,597,85.3,4,4,4,Champions
16100,2010-09-03 11:39:00,2010-09-03 11:39:00,37,1,438,11.837837837837839,582.64,15.747027027027027,37,0.25,1,1,1.0,1,1,2,Lost / Inactive
16101,2010-05-27 12:50:00,2011-09-30 10:18:00,192,4,1844,9.604166666666666,3229.16,16.818541666666665,153,0.25,0,491,122.8,3,4,5,Loyal Customers
16102,2011-08-03 12:50:00,2011-10-28 13:19:00,57,3,942,16.526315789473685,1842.1399999999999,32.318245614035085,41,0.25,0,87,29.0,4,3,4,Loyal Customers
16103,2010-01-08 12:08:00,2011-12-02 14:16:00,200,22,2639,13.195,6191.71,30.95855,111,0.25,0,694,31.5,5,5,5,Champions
16104,2009-12-06 10:41:00,2011-10-09 10:23:00,232,9,1047,4.512931034482759,2774.46,11.958879310344829,187,0.25,0,672,74.7,3,5,4,Loyal Customers
16105,2010-04-14 13:27:00,2011-04-05 10:13:00,110,5,2125,19.318181818181817,2386.19,21.692636363636364,92,0.25,1,356,71.2,2,4,4,At Risk
16106,2011-10-05 10:37:00,2011-10-05 10:37:00,6,1,74,12.333333333333334,108.38,18.063333333333333,6,0.25,0,1,1.0,3,1,1,Needs Attention
16107,2011-06-09 18:42:00,2011-11-22 09:40:00,31,7,1176,37.935483870967744,3204.16,103.36,16,0.25,0,166,23.7,5,4,5,Champions
16108,2010-03-18 14:14:00,2011-09-16 11:48:00,135,4,1473,10.911111111111111,2235.92,16.56237037037037,124,0.25,0,547,136.8,3,4,4,Loyal Customers
16109,2010-01-10 10:37:00,2011-05-05 09:17:00,31,3,1092,35.225806451612904,939.48,30.305806451612902,30,0.25,1,480,160.0,2,3,3,At Risk
16110,2010-07-05 13:04:00,2011-10-25 14:35:00,430,4,880,2.046511627906977,1781.59,4.143232558139535,343,0.25,0,478,119.5,4,4,4,Champions
16111,2010-10-07 19:51:00,2010-10-07 19:51:00,73,1,233,3.191780821917808,549.33,7.525068493150686,72,0.25,1,1,1.0,1,1,2,Lost / Inactive
16112,2011-01-05 11:47:00,2011-07-19 14:28:00,16,4,574,35.875,195.74,12.23375,15,0.25,1,196,49.0,3,4,1,Loyal Customers
16113,2011-06-09 16:16:00,2011-06-09 16:16:00,30,1,176,5.866666666666666,161.38,5.379333333333333,30,0.25,1,1,1.0,3,1,1,Needs Attention
16114,2011-06-22 10:13:00,2011-06-22 10:13:00,8,1,43,5.375,135.75,16.96875,8,0.25,1,1,1.0,3,1,1,Needs Attention
16115,2010-05-14 11:59:00,2011-11-30 11:32:00,419,12,1589,3.79236276849642,2553.8,6.094988066825776,230,0.25,0,565,47.1,5,5,4,Champions
16116,2011-05-12 12:01:00,2011-05-12 12:01:00,34,1,248,7.294117647058823,612.78,18.02294117647059,34,0.25,1,1,1.0,2,1,3,Lost / Inactive
16117,2010-04-27 11:50:00,2011-06-03 11:42:00,89,3,321,3.606741573033708,654.4,7.352808988764044,64,0.25,1,402,134.0,2,3,3,At Risk
16118,2010-02-25 09:40:00,2010-02-25 09:40:00,41,1,2851,69.53658536585365,4376.25,106.73780487804878,41,0.25,1,1,1.0,1,1,5,Lost / Inactive
16119,2009-12-16 11:56:00,2011-12-01 15:11:00,54,8,811,15.018518518518519,1720.81,31.86685185185185,37,0.25,0,716,89.5,5,5,4,Champions
16120,2010-10-13 15:07:00,2011-10-11 14:22:00,92,6,2161,23.48913043478261,2967.5099999999998,32.25554347826087,84,0.25,0,363,60.5,4,4,5,Champions
16121,2010-05-23 10:52:00,2011-10-13 12:59:00,344,5,879,2.5552325581395348,1450.04,4.215232558139535,256,0.25,0,509,101.8,4,4,4,Champions
16122,2010-10-10 15:26:00,2011-09-27 15:34:00,54,6,1280,23.703703703703702,895.62,16.585555555555555,28,0.25,0,353,58.8,3,4,3,Loyal Customers
16123,2011-10-19 09:18:00,2011-10-19 09:18:00,16,1,170,10.625,307.78,19.23625,16,0.25,0,1,1.0,4,1,2,Promising / New
16124,2009-12-07 10:33:00,2011-01-26 14:45:00,82,4,797,9.71951219512195,1772.49,21.615731707317074,63,0.25,1,416,104.0,2,4,4,At Risk
16125,2009-12-14 15:38:00,2010-12-07 15:48:00,287,14,1819,6.337979094076655,4292.35,14.955923344947736,168,0.25,1,359,25.6,2,5,5,At Risk
16126,2009-12-02 13:34:00,2011-11-10 16:03:00,381,15,6140,16.11548556430446,14644.6,38.43727034120735,144,0.25,0,709,47.3,4,5,5,Champions
16127,2009-12-13 12:19:00,2011-10-31 13:58:00,75,2,391,5.213333333333333,801.3100000000001,10.684133333333333,75,0.25,0,688,344.0,4,2,3,Promising / New
16128,2010-07-16 16:30:00,2011-11-22 11:14:00,182,11,2445,13.434065934065934,3801.05,20.88489010989011,155,0.25,0,494,44.9,5,5,5,Champions
16129,2010-07-20 12:32:00,2010-10-28 14:29:00,96,3,1261,13.135416666666666,1396.05,14.542187499999999,91,0.25,1,101,33.7,2,3,4,At Risk
16130,2010-04-01 13:58:00,2010-10-13 15:14:00,55,4,296,5.381818181818182,987.48,17.95418181818182,53,0.25,1,196,49.0,1,4,3,At Risk
16131,2009-12-02 10:09:00,2011-10-19 11:53:00,219,12,4768,21.771689497716896,9957.42,45.46767123287671,131,0.25,0,687,57.2,4,5,5,Champions
16132,2010-03-22 10:25:00,2010-06-13 13:49:00,17,2,280,16.470588235294116,664.1999999999999,39.07058823529411,14,0.25,1,84,42.0,1,2,3,Lost / Inactive
16133,2010-03-31 12:21:00,2011-12-06 11:24:00,544,56,13653,25.097426470588236,22992.26,42.26518382352941,303,0.25,0,615,11.0,5,5,5,Champions
16134,2010-06-17 09:48:00,2011-11-18 10:05:00,116,5,1637,14.112068965517242,2145.34,18.49431034482759,85,0.25,0,520,104.0,4,4,4,Champions
16135,2010-05-05 09:35:00,2011-03-22 12:30:00,39,2,395,10.128205128205128,819.45,21.011538461538464,35,0.25,1,322,161.0,2,2,3,Lost / Inactive
16136,2010-02-14 12:49:00,2011-10-11 09:10:00,46,4,674,14.652173913043478,946.8,20.582608695652173,44,0.25,0,604,151.0,3,4,3,Loyal Customers
16137,2010-01-28 15:04:00,2010-01-28 15:04:00,28,1,210,7.5,422.7,15.096428571428572,28,0.25,1,1,1.0,1,1,2,Lost / Inactive
16138,2010-04-28 09:51:00,2010-11-26 12:13:00,37,3,774,20.91891891891892,910.35,24.604054054054053,35,0.25,1,213,71.0,2,3,3,At Risk
16139,2009-12-03 13:51:00,2011-11-21 08:37:00,57,5,602,10.56140350877193,1111.15,19.493859649122808,47,0.25,0,718,143.6,5,4,3,Champions
16140,2010-09-24 12:03:00,2011-10-05 12:15:00,64,3,1272,19.875,1433.46,22.3978125,50,0.25,0,377,125.7,3,3,4,Loyal Customers
16141,2010-10-18 14:12:00,2011-09-12 13:11:00,50,2,410,8.2,955.9399999999999,19.1188,47,0.25,0,329,164.5,3,2,3,Needs Attention
16142,2011-04-04 10:16:00,2011-04-04 10:16:00,37,1,422,11.405405405405405,535.34,14.46864864864865,37,0.25,1,1,1.0,2,1,2,Lost / Inactive
16143,2009-12-10 09:44:00,2011-12-06 14:13:00,223,12,1866,8.367713004484305,4555.08,20.426367713004485,107,0.25,0,727,60.6,5,5,5,Champions
16144,2011-04-07 10:09:00,2011-04-07 10:09:00,1,1,16,16.0,175.2,175.2,1,0.25,1,1,1.0,2,1,1,Lost / Inactive
16145,2010-05-04 13:31:00,2011-12-01 10:33:00,396,19,5270,13.308080808080808,6805.44,17.185454545454544,217,0.25,0,576,30.3,5,5,5,Champions
16146,2010-09-17 10:46:00,2011-07-05 14:20:00,41,4,544,13.268292682926829,946.38,23.082439024390244,34,0.25,1,292,73.0,3,4,3,Loyal Customers
16147,2010-02-05 12:26:00,2011-07-29 09:57:00,136,5,1395,10.257352941176471,2398.91,17.639044117647057,113,0.25,1,539,107.8,3,4,4,Loyal Customers
16148,2010-09-29 10:12:00,2011-02-16 14:01:00,9,2,250,27.77777777777778,386.62,42.95777777777778,9,0.25,1,141,70.5,2,2,2,Lost / Inactive
16149,2010-10-06 15:54:00,2011-12-05 11:29:00,30,3,598,19.933333333333334,422.21999999999997,14.074,30,0.25,0,425,141.7,5,3,2,Loyal Customers
16150,2009-12-17 15:33:00,2011-10-28 12:39:00,216,10,1990,9.212962962962964,4002.17,18.528564814814814,143,0.25,0,680,68.0,4,5,5,Champions
16152,2011-03-16 09:47:00,2011-03-16 09:47:00,29,1,642,22.137931034482758,1829.04,63.070344827586204,29,0.25,1,1,1.0,2,1,4,Lost / Inactive
16153,2010-05-26 12:41:00,2011-10-21 10:50:00,226,11,3693,16.34070796460177,5133.49,22.714557522123894,161,0.25,0,513,46.6,4,5,5,Champions
16155,2010-06-18 11:23:00,2010-11-23 12:03:00,48,5,495,10.3125,796.9,16.602083333333333,45,0.25,1,159,31.8,2,4,3,At Risk
16156,2009-12-02 17:06:00,2011-12-01 12:42:00,261,20,3205,12.279693486590038,6188.18,23.709501915708813,199,0.25,0,729,36.4,5,5,5,Champions
16157,2011-09-28 11:48:00,2011-11-24 11:41:00,18,3,347,19.27777777777778,656.6899999999999,36.48277777777778,12,0.25,0,57,19.0,5,3,3,Loyal Customers
16158,2009-12-05 15:00:00,2010-07-05 13:55:00,35,9,182,5.2,628.32,17.952,29,0.25,1,212,23.6,1,5,3,At Risk
16159,2009-12-03 11:51:00,2011-03-03 12:27:00,52,4,635,12.211538461538462,1232.79,23.7075,31,0.25,1,456,114.0,2,4,4,At Risk
16160,2011-09-15 10:53:00,2011-10-05 14:19:00,20,2,1162,58.1,1025.44,51.272000000000006,20,0.25,0,21,10.5,3,2,3,Needs Attention
16161,2010-02-08 11:06:00,2011-12-08 12:10:00,1134,43,6255,5.515873015873016,12580.06,11.093527336860669,458,0.25,0,669,15.6,5,5,5,Champions
16162,2011-04-01 15:03:00,2011-04-01 15:03:00,2,1,4,2.0,37.4,18.7,2,0.25,1,1,1.0,2,1,1,Lost / Inactive
16163,2009-12-02 10:00:00,2011-04-21 15:15:00,68,6,676,9.941176470588236,2407.98,35.4114705882353,59,0.25,1,506,84.3,2,4,4,At Risk
16164,2011-10-28 09:12:00,2011-11-22 15:04:00,34,3,433,12.735294117647058,822.48,24.19058823529412,27,0.25,0,26,8.7,5,3,3,Loyal Customers
16165,2010-07-22 14:17:00,2010-07-22 14:17:00,1,1,2,2.0,79.9,79.9,1,0.25,1,1,1.0,1,1,1,Lost / Inactive
16166,2010-01-17 14:16:00,2010-10-07 15:44:00,22,2,173,7.863636363636363,435.83,19.810454545454544,18,0.25,1,264,132.0,1,2,2,Lost / Inactive
16167,2009-12-01 10:46:00,2010-10-21 15:33:00,63,5,1494,23.714285714285715,1386.12,22.00190476190476,51,0.25,1,325,65.0,1,4,4,At Risk
16168,2009-12-03 12:38:00,2011-11-29 12:45:00,306,66,4975,16.258169934640524,10360.67,33.85839869281046,131,0.25,0,727,11.0,5,5,5,Champions
16169,2011-09-25 11:33:00,2011-12-01 15:28:00,85,4,1325,15.588235294117647,1822.97,21.44670588235294,71,0.25,0,68,17.0,5,4,4,Champions
16170,2010-02-18 13:50:00,2011-10-20 08:21:00,440,20,6056,13.763636363636364,6869.0,15.611363636363636,254,0.25,0,609,30.4,4,5,5,Champions
16171,2011-10-11 14:51:00,2011-10-11 14:51:00,3,1,24,8.0,73.19999999999999,24.399999999999995,3,0.25,0,1,1.0,4,1,1,Promising / New
16172,2010-07-14 15:34:00,2011-09-05 13:22:00,113,8,1419,12.557522123893806,1884.55,16.677433628318585,81,0.25,1,418,52.2,3,5,4,Loyal Customers
16173,2011-09-02 15:23:00,2011-11-24 10:53:00,84,6,575,6.845238095238095,1418.32,16.884761904761906,70,0.25,0,83,13.8,5,4,4,Champions
16174,2010-04-15 15:12:00,2011-08-05 13:26:00,65,7,1431,22.015384615384615,2246.75,34.565384615384616,28,0.25,1,477,68.1,3,4,4,Loyal Customers
16175,2010-05-25 12:01:00,2011-09-06 14:32:00,98,7,932,9.510204081632653,1836.44,18.739183673469388,59,0.25,1,470,67.1,3,4,4,Loyal Customers
16176,2010-03-29 14:52:00,2010-10-14 13:54:00,72,4,952,13.222222222222221,2052.69,28.509583333333335,53,0.25,1,199,49.8,1,4,4,At Risk
16177,2010-03-02 14:03:00,2011-10-20 12:57:00,118,8,1021,8.652542372881356,2247.31,19.044999999999998,79,0.25,0,597,74.6,4,5,4,Champions
16178,2010-11-03 14:46:00,2011-07-24 16:05:00,25,2,304,12.16,612.6,24.504,24,0.25,1,264,132.0,3,2,3,Needs Attention
16179,2011-10-10 09:41:00,2011-10-10 09:41:00,11,1,99,9.0,215.83,19.62090909090909,11,0.25,0,1,1.0,3,1,1,Needs Attention
16180,2010-06-23 13:19:00,2011-08-31 16:28:00,327,13,9813,30.009174311926607,16249.87,49.693792048929666,171,0.25,1,435,33.5,3,5,5,Loyal Customers
16181,2011-09-27 13:38:00,2011-09-27 13:38:00,11,1,152,13.818181818181818,305.53999999999996,27.776363636363634,11,0.25,0,1,1.0,3,1,2,Needs Attention
16182,2010-03-09 09:34:00,2011-09-28 13:23:00,51,9,5887,115.43137254901961,9971.65,195.52254901960782,20,0.25,0,569,63.2,3,5,5,Loyal Customers
16183,2010-10-28 14:43:00,2011-10-03 14:59:00,41,4,351,8.560975609756097,1077.81,26.288048780487802,32,0.25,0,341,85.2,3,4,3,Loyal Customers
16184,2011-05-12 13:33:00,2011-10-06 17:43:00,45,6,561,12.466666666666667,1158.79,25.750888888888888,26,0.25,0,148,24.7,3,4,3,Loyal Customers
16185,2010-05-24 11:04:00,2011-11-23 09:41:00,40,3,321,8.025,644.72,16.118000000000002,39,0.25,0,548,182.7,5,3,3,Loyal Customers
16186,2009-12-09 15:36:00,2011-11-17 12:43:00,505,26,6594,13.057425742574257,8718.43,17.26421782178218,172,0.25,0,708,27.2,4,5,5,Champions
16187,2011-02-28 13:34:00,2011-11-08 09:50:00,295,15,5048,17.11186440677966,6911.44,23.428610169491524,160,0.25,0,253,16.9,4,5,5,Champions
16188,2010-10-27 11:50:00,2011-10-26 12:19:00,74,5,838,11.324324324324325,1087.66,14.698108108108109,72,0.25,0,365,73.0,4,4,3,Champions
16189,2011-09-15 15:21:00,2011-11-24 11:47:00,11,2,134,12.181818181818182,215.48,19.58909090909091,9,0.25,0,70,35.0,5,2,1,Promising / New
16190,2009-12-14 11:59:00,2011-10-30 15:59:00,119,8,1231,10.344537815126051,2723.5499999999997,22.886974789915964,89,0.25,0,686,85.8,4,5,4,Champions
16191,2009-12-11 12:24:00,2011-12-07 11:26:00,232,24,9348,40.293103448275865,15677.82,67.57681034482758,113,0.25,0,726,30.2,5,5,5,Champions
16192,2009-12-04 12:28:00,2009-12-04 12:28:00,11,1,208,18.90909090909091,351.3,31.936363636363637,11,0.25,1,1,1.0,1,1,2,Lost / Inactive
16193,2010-10-25 10:25:00,2011-04-17 11:45:00,38,2,379,9.973684210526315,630.43,16.590263157894736,38,0.25,1,175,87.5,2,2,3,Lost / Inactive
16194,2010-11-29 13:28:00,2010-11-29 13:28:00,8,1,140,17.5,308.6,38.575,8,0.25,1,1,1.0,2,1,2,Lost / Inactive
16195,2009-12-16 14:09:00,2009-12-16 14:09:00,16,1,123,7.6875,323.25,20.203125,16,0.25,1,1,1.0,1,1,2,Lost / Inactive
16196,2010-08-08 11:40:00,2010-08-08 11:40:00,4,1,26,6.5,93.3,23.325,4,0.25,1,1,1.0,1,1,1,Lost / Inactive
16197,2009-12-16 11:44:00,2010-08-27 12:56:00,93,9,1420,15.268817204301076,2016.71,21.68505376344086,52,0.25,1,255,28.3,1,5,4,At Risk
16198,2010-09-28 13:59:00,2011-09-25 14:58:00,33,2,384,11.636363636363637,1030.04,31.21333333333333,31,0.25,0,363,181.5,3,2,3,Needs Attention
16199,2010-03-18 18:47:00,2010-11-12 12:55:00,10,7,321,32.1,942.75,94.275,2,0.25,1,239,34.1,2,4,3,At Risk
16200,2009-12-02 15:04:00,2011-12-05 14:40:00,613,12,3068,5.00489396411093,5608.1,9.148613376835238,361,0.25,0,733,61.1,5,5,5,Champions
16201,2010-10-20 12:00:00,2011-12-06 16:02:00,124,5,1421,11.459677419354838,2112.12,17.03322580645161,86,0.25,0,413,82.6,5,4,4,Champions
16202,2009-12-02 10:48:00,2010-12-14 10:43:00,124,9,1307,10.540322580645162,2501.99,20.177338709677418,105,0.25,1,377,41.9,2,5,4,At Risk
16203,2010-07-23 13:09:00,2011-10-12 12:31:00,66,6,537,8.136363636363637,943.84,14.30060606060606,56,0.25,0,446,74.3,4,4,3,Champions
16204,2009-12-08 17:44:00,2011-11-16 13:40:00,101,3,671,6.643564356435643,918.71,9.096138613861386,86,0.25,0,708,236.0,4,3,3,Loyal Customers
16205,2010-06-15 11:58:00,2011-11-09 09:32:00,197,7,1452,7.370558375634518,1820.11,9.239137055837563,147,0.25,0,512,73.1,4,4,4,Champions
16206,2010-01-24 15:25:00,2011-10-16 10:41:00,240,13,1379,5.745833333333334,2589.87,10.791125,187,0.25,0,630,48.5,4,5,4,Champions
16207,2011-11-14 13:51:00,2011-11-14 13:51:00,19,1,140,7.368421052631579,394.38,20.756842105263157,19,0.25,0,1,1.0,4,1,2,Promising / New
16208,2010-02-24 14:24:00,2011-10-26 11:36:00,253,10,1541,6.090909090909091,3440.45,13.598616600790512,180,0.25,0,609,60.9,4,5,5,Champions
16209,2010-06-11 11:58:00,2011-09-12 11:58:00,67,9,1895,28.28358208955224,4146.78,61.892238805970145,51,0.25,0,459,51.0,3,5,5,Loyal Customers
16210,2009-12-02 12:54:00,2011-12-08 12:36:00,256,35,12397,48.42578125,33750.97,131.8397265625,145,0.25,0,736,21.0,5,5,5,Champions
16211,2010-09-27 15:24:00,2011-09-12 12:11:00,36,3,519,14.416666666666666,1090.59,30.294166666666666,35,0.25,0,350,116.7,3,3,3,Loyal Customers
16212,2010-02-07 15:26:00,2011-11-20 13:00:00,78,4,571,7.32051282051282,1293.71,16.586025641025643,71,0.25,0,651,162.8,5,4,4,Champions
16213,2011-09-22 10:03:00,2011-09-22 10:03:00,6,1,48,8.0,159.0,26.5,6,0.25,0,1,1.0,3,1,1,Needs Attention
16214,2010-09-30 13:57:00,2011-06-22 11:30:00,98,4,1308,13.346938775510203,2038.25,20.7984693877551,84,0.25,1,265,66.2,3,4,4,Loyal Customers
16215,2011-09-20 10:18:00,2011-09-20 10:18:00,14,1,104,7.428571428571429,242.35,17.310714285714287,14,0.25,0,1,1.0,3,1,1,Needs Attention
16216,2011-03-17 15:34:00,2011-03-17 15:34:00,37,1,254,6.864864864864865,914.93,24.727837837837836,37,0.25,1,1,1.0,2,1,3,Lost / Inactive
16217,2011-03-02 15:28:00,2011-04-18 13:31:00,15,2,91,6.066666666666666,304.25,20.283333333333335,13,0.25,1,47,23.5,2,2,2,Lost / Inactive
16218,2010-05-27 16:09:00,2011-11-10 09:59:00,136,13,2799,20.580882352941178,3968.67,29.18139705882353,82,0.25,0,532,40.9,4,5,5,Champions
16219,2010-07-27 11:44:00,2010-07-27 11:44:00,1,1,48,48.0,40.8,40.8,1,0.25,1,1,1.0,1,1,1,Lost / Inactive
16221,2010-08-10 13:32:00,2011-11-03 11:43:00,239,9,1449,6.062761506276151,2019.92,8.451548117154813,177,0.25,0,450,50.0,4,5,4,Champions
16222,2009-12-18 14:31:00,2011-01-25 13:38:00,145,2,463,3.193103448275862,1272.05,8.772758620689656,133,0.25,1,403,201.5,2,2,4,Lost / Inactive
16223,2010-11-09 12:07:00,2010-11-30 11:50:00,123,2,643,5.227642276422764,1087.05,8.83780487804878,101,0.25,1,21,10.5,2,2,3,Lost / Inactive
16224,2010-11-17 13:14:00,2011-10-13 17:51:00,116,5,1555,13.405172413793103,1616.54,13.935689655172414,107,0.25,0,331,66.2,4,4,4,Champions
16225,2010-02-07 12:41:00,2011-10-26 08:30:00,300,15,1281,4.27,2859.31,9.531033333333333,189,0.25,0,626,41.7,4,5,4,Champions
16226,2010-10-22 11:19:00,2011-05-20 14:41:00,31,5,521,16.806451612903224,672.17,21.68290322580645,23,0.25,1,211,42.2,2,4,3,At Risk
16227,2010-06-22 13:28:00,2011-04-28 13:33:00,34,3,436,12.823529411764707,1027.22,30.212352941176473,28,0.25,1,311,103.7,2,3,3,At Risk
16228,2010-11-04 18:54:00,2010-11-19 14:20:00,54,3,555,10.277777777777779,885.71,16.402037037037037,45,0.25,1,15,5.0,2,3,3,At Risk
16229,2010-05-24 12:59:00,2011-09-13 17:16:00,176,6,1292,7.340909090909091,2867.86,16.294659090909093,144,0.25,0,478,79.7,3,4,4,Loyal Customers
16230,2011-05-03 15:12:00,2011-06-03 10:06:00,35,2,365,10.428571428571429,542.03,15.486571428571429,32,0.25,1,31,15.5,2,2,2,Lost / Inactive
16231,2010-04-21 12:06:00,2010-11-25 15:00:00,100,4,563,5.63,1074.47,10.7447,69,0.25,1,219,54.8,2,4,3,At Risk
16232,2010-06-07 14:04:00,2011-10-27 12:16:00,105,7,1849,17.60952380952381,2712.97,25.837809523809522,60,0.25,0,507,72.4,4,4,4,Champions
16233,2009-12-02 13:23:00,2011-09-29 17:27:00,73,9,677,9.273972602739725,1818.31,24.908356164383562,49,0.25,0,667,74.1,3,5,4,Loyal Customers
16234,2010-05-27 10:39:00,2010-08-20 14:33:00,15,3,170,11.333333333333334,333.18,22.212,13,0.25,1,86,28.7,1,3,2,At Risk
16235,2010-08-26 12:10:00,2011-10-30 10:56:00,115,9,788,6.852173913043479,2053.71,17.858347826086955,80,0.25,0,430,47.8,4,5,4,Champions
16236,2011-09-22 14:10:00,2011-09-22 14:10:00,20,1,184,9.2,432.2,21.61,20,0.25,0,1,1.0,3,1,2,Needs Attention
16237,2010-09-28 17:02:00,2010-09-28 17:02:00,7,1,57,8.142857142857142,136.65,19.521428571428572,7,0.25,1,1,1.0,1,1,1,Lost / Inactive
16238,2010-10-13 12:36:00,2010-10-13 12:36:00,6,1,85,14.166666666666666,63.66,10.61,6,0.25,1,1,1.0,1,1,1,Lost / Inactive
16239,2010-09-02 19:17:00,2011-10-14 08:29:00,35,6,692,19.771428571428572,1492.2,42.63428571428572,24,0.25,0,407,67.8,4,4,4,Champions
16240,2011-09-23 13:44:00,2011-11-15 14:30:00,135,2,1641,12.155555555555555,3718.8,27.546666666666667,126,0.25,0,54,27.0,4,2,5,Promising / New
16241,2010-10-25 13:40:00,2011-11-30 11:08:00,962,16,2258,2.3471933471933473,3992.86,4.15058212058212,500,0.25,0,401,25.1,5,5,5,Champions
16242,2010-03-15 16:02:00,2011-12-01 15:12:00,672,14,3921,5.834821428571429,7404.65,11.018824404761904,348,0.25,0,626,44.7,5,5,5,Champions
16243,2011-10-16 12:09:00,2011-11-06 12:32:00,51,2,110,2.156862745098039,409.1,8.02156862745098,49,0.25,0,22,11.0,4,2,2,Promising / New
16244,2010-12-02 11:41:00,2011-05-12 10:18:00,91,2,855,9.395604395604396,1522.75,16.733516483516482,88,0.25,1,161,80.5,2,2,4,Lost / Inactive
16245,2011-03-28 09:30:00,2011-11-16 10:14:00,90,3,1014,11.266666666666667,1413.66,15.707333333333334,80,0.25,0,234,78.0,4,3,4,Loyal Customers
16246,2010-02-08 12:32:00,2010-09-06 12:04:00,88,2,336,3.8181818181818183,821.35,9.333522727272728,79,0.25,1,210,105.0,1,2,3,Lost / Inactive
16247,2011-06-22 14:23:00,2011-06-22 14:23:00,16,1,182,11.375,114.56,7.16,16,0.25,1,1,1.0,3,1,1,Needs Attention
16248,2011-10-09 11:32:00,2011-10-09 11:32:00,7,1,78,11.142857142857142,152.94,21.84857142857143,7,0.25,0,1,1.0,3,1,1,Needs Attention
16249,2011-04-14 13:50:00,2011-10-18 10:07:00,69,5,950,13.768115942028986,1800.07,26.08797101449275,67,0.25,0,187,37.4,4,4,4,Champions
16250,2010-11-18 10:43:00,2011-03-23 15:07:00,35,3,268,7.6571428571428575,565.24,16.149714285714285,29,0.25,1,126,42.0,2,3,2,At Risk
16251,2010-07-15 14:55:00,2010-07-15 14:55:00,20,1,44,2.2,128.31,6.4155,20,0.25,1,1,1.0,1,1,1,Lost / Inactive
16252,2010-11-22 11:57:00,2010-11-22 11:57:00,21,1,158,7.523809523809524,295.09,14.05190476190476,21,0.25,1,1,1.0,2,1,2,Lost / Inactive
16253,2009-12-08 17:24:00,2011-10-04 09:09:00,297,7,6030,20.303030303030305,7272.2,24.485521885521884,218,0.25,0,665,95.0,3,4,5,Loyal Customers
16254,2010-03-17 15:43:00,2010-11-26 13:22:00,74,3,543,7.337837837837838,967.44,13.073513513513515,65,0.25,1,254,84.7,2,3,3,At Risk
16255,2010-01-24 12:21:00,2011-11-23 12:40:00,508,15,2876,5.661417322834645,4530.0,8.917322834645669,231,0.25,0,669,44.6,5,5,5,Champions
16256,2010-04-21 10:34:00,2011-03-18 12:18:00,29,3,1590,54.827586206896555,1629.37,56.1851724137931,27,0.25,1,332,110.7,2,3,4,At Risk
16257,2011-06-16 10:11:00,2011-06-16 10:11:00,2,1,2,1.0,46.95,23.475,2,0.25,1,1,1.0,3,1,1,Needs Attention
16258,2010-03-10 14:19:00,2011-10-25 13:30:00,344,15,7200,20.930232558139537,11942.52,34.71662790697675,253,0.25,0,594,39.6,4,5,5,Champions
16259,2010-04-13 16:57:00,2010-10-25 14:27:00,85,3,143,1.6823529411764706,340.94,4.011058823529412,75,0.25,1,195,65.0,2,3,2,At Risk
16260,2011-10-20 09:40:00,2011-10-20 09:40:00,18,1,311,17.27777777777778,1035.45,57.525000000000006,18,0.25,0,1,1.0,4,1,3,Promising / New
16261,2010-09-23 16:40:00,2011-11-22 17:23:00,163,6,454,2.785276073619632,1041.16,6.3874846625766875,118,0.25,0,426,71.0,5,4,3,Champions
16262,2010-11-26 13:22:00,2010-11-26 13:22:00,46,1,446,9.695652173913043,755.15,16.416304347826088,46,0.25,1,1,1.0,2,1,3,Lost / Inactive
16263,2010-10-12 14:52:00,2010-10-12 14:52:00,21,1,197,9.380952380952381,348.15999999999997,16.579047619047618,19,0.25,1,1,1.0,1,1,2,Lost / Inactive
16264,2010-09-19 16:14:00,2010-09-27 15:00:00,63,2,616,9.777777777777779,823.53,13.071904761904761,62,0.25,1,8,4.0,1,2,3,Lost / Inactive
16265,2010-10-28 15:18:00,2011-11-30 16:41:00,337,12,3214,9.537091988130564,6935.17,20.57913946587537,192,0.25,0,399,33.2,5,5,5,Champions
16266,2010-02-04 16:21:00,2011-09-27 12:08:00,109,14,791,7.256880733944954,1757.95,16.127981651376146,73,0.25,0,600,42.9,3,5,4,Loyal Customers
16267,2010-04-27 14:10:00,2010-04-27 14:10:00,7,1,198,28.285714285714285,186.66,26.665714285714284,7,0.25,1,1,1.0,1,1,1,Lost / Inactive
16268,2011-09-29 18:30:00,2011-09-29 18:30:00,45,2,533,11.844444444444445,667.65,14.836666666666666,45,0.25,0,1,0.5,3,2,3,Needs Attention
16269,2010-09-28 11:50:00,2010-09-28 11:50:00,53,1,579,10.924528301886792,717.5699999999999,13.539056603773584,53,0.25,1,1,1.0,1,1,3,Lost / Inactive
16270,2010-12-21 14:26:00,2010-12-21 14:26:00,54,1,688,12.74074074074074,1141.24,21.134074074074075,54,0.25,1,1,1.0,2,1,3,Lost / Inactive
16271,2010-03-07 12:03:00,2011-12-07 12:45:00,299,10,2359,7.889632107023411,3397.82,11.363946488294316,176,0.25,0,641,64.1,5,5,5,Champions
16272,2011-08-15 10:53:00,2011-08-15 10:54:00,25,1,224,8.96,411.7,16.468,25,0.25,1,1,1.0,3,1,2,Needs Attention
16273,2010-02-21 16:02:00,2010-03-01 13:24:00,15,2,40,2.6666666666666665,318.34000000000003,21.22266666666667,15,0.25,1,8,4.0,1,2,2,Lost / Inactive
16274,2010-12-01 15:35:00,2010-12-01 15:35:00,65,1,153,2.353846153846154,351.75,5.411538461538462,64,0.25,1,1,1.0,2,1,2,Lost / Inactive
16275,2010-03-08 14:41:00,2011-05-27 12:41:00,111,3,1268,11.423423423423424,2151.11,19.37936936936937,105,0.25,1,445,148.3,2,3,4,At Risk
16276,2010-04-11 12:02:00,2011-06-16 09:34:00,26,3,1467,56.42307692307692,2629.39,101.13038461538461,20,0.25,1,431,143.7,3,3,4,Loyal Customers
16277,2009-12-06 11:27:00,2009-12-06 11:27:00,23,1,33,1.434782608695652,188.69,8.203913043478261,23,0.25,1,1,1.0,1,1,1,Lost / Inactive
16278,2010-07-28 15:40:00,2011-08-31 17:12:00,55,3,342,6.218181818181818,1117.84,20.324363636363636,50,0.25,1,400,133.3,3,3,3,Loyal Customers
16279,2010-04-22 14:09:00,2011-11-18 15:00:00,348,9,3683,10.583333333333334,5698.28,16.374367816091954,243,0.25,0,576,64.0,4,5,5,Champions
16280,2009-12-14 15:49:00,2009-12-14 15:49:00,16,1,101,6.3125,238.04999999999998,14.878124999999999,16,0.25,1,1,1.0,1,1,1,Lost / Inactive
16281,2010-01-26 13:41:00,2011-09-28 14:57:00,39,3,1570,40.256410256410255,3424.02,87.79538461538462,27,0.25,0,611,203.7,3,3,5,Loyal Customers
16282,2009-12-21 11:52:00,2011-01-04 11:42:00,33,3,790,23.939393939393938,1307.58,39.623636363636365,31,0.25,1,379,126.3,2,3,4,At Risk
16283,2010-02-28 14:12:00,2011-12-04 12:08:00,582,8,2867,4.926116838487973,4350.32,7.474776632302405,385,0.25,0,644,80.5,5,5,5,Champions
16284,2010-11-11 13:27:00,2011-11-08 16:12:00,133,3,674,5.067669172932331,1018.48,7.657744360902256,108,0.25,0,363,121.0,4,3,3,Loyal Customers
16285,2010-03-03 16:03:00,2010-03-03 16:03:00,31,1,60,1.935483870967742,176.9,5.706451612903226,31,0.25,1,1,1.0,1,1,1,Lost / Inactive
16286,2010-03-26 09:58:00,2010-08-19 14:48:00,17,2,101,5.9411764705882355,328.95,19.349999999999998,17,0.25,1,147,73.5,1,2,2,Lost / Inactive
16287,2010-01-19 09:46:00,2011-06-23 09:08:00,42,5,1426,33.95238095238095,1006.98,23.975714285714286,18,0.25,1,520,104.0,3,4,3,Loyal Customers
16288,2010-08-26 14:45:00,2010-08-26 14:45:00,7,1,19,2.7142857142857144,129.85,18.55,7,0.25,1,1,1.0,1,1,1,Lost / Inactive
16289,2010-09-03 14:02:00,2010-09-03 14:02:00,21,1,97,4.619047619047619,136.31,6.490952380952381,21,0.25,1,1,1.0,1,1,1,Lost / Inactive
16290,2010-05-23 11:46:00,2010-09-01 11:52:00,124,4,957,7.717741935483871,1957.7,15.787903225806453,85,0.25,1,102,25.5,1,4,4,At Risk
16291,2010-01-26 16:26:00,2010-01-26 16:26:00,1,1,1,1.0,117.72,117.72,1,0.25,1,1,1.0,1,1,1,Lost / Inactive
16292,2010-04-14 13:29:00,2011-08-10 12:24:00,62,5,688,11.096774193548388,1253.76,20.22193548387097,51,0.25,1,483,96.6,3,4,4,Loyal Customers
16293,2009-12-11 09:58:00,2011-11-18 09:58:00,225,15,1833,8.146666666666667,4279.2,19.018666666666665,168,0.25,0,708,47.2,4,5,5,Champions
16294,2010-08-20 12:01:00,2010-08-20 12:01:00,8,1,54,6.75,126.05,15.75625,8,0.25,1,1,1.0,1,1,1,Lost / Inactive
16295,2011-10-06 10:45:00,2011-11-30 08:17:00,79,4,841,10.645569620253164,1328.55,16.817088607594936,70,0.25,0,55,13.8,5,4,4,Champions
16296,2009-12-18 12:03:00,2010-03-23 13:11:00,74,4,645,8.716216216216216,1313.67,17.752297297297297,56,0.25,1,96,24.0,1,4,4,At Risk
16297,2011-03-16 08:29:00,2011-03-16 08:29:00,20,1,206,10.3,301.9,15.094999999999999,20,0.25,1,1,1.0,2,1,2,Lost / Inactive
16298,2010-09-23 15:23:00,2011-11-17 11:59:00,47,7,308,6.553191489361702,1085.7,23.1,32,0.25,0,420,60.0,4,4,3,Champions
16299,2010-08-19 17:46:00,2010-08-19 17:46:00,12,1,107,8.916666666666666,193.65,16.1375,12,0.25,1,1,1.0,1,1,1,Lost / Inactive
16300,2010-02-02 11:40:00,2010-10-05 13:14:00,238,3,643,2.7016806722689077,1367.32,5.745042016806722,190,0.25,1,246,82.0,1,3,4,At Risk
16301,2009-12-03 10:20:00,2009-12-03 10:20:00,6,1,41,6.833333333333333,107.33,17.888333333333332,6,0.25,1,1,1.0,1,1,1,Lost / Inactive
16302,2011-08-05 09:44:00,2011-08-05 09:44:00,11,1,158,14.363636363636363,233.22,21.201818181818183,11,0.25,1,1,1.0,3,1,1,Needs Attention
16303,2010-03-18 14:12:00,2011-11-14 10:49:00,286,7,3859,13.493006993006993,7928.2699999999995,27.721223776223773,156,0.25,0,606,86.6,4,4,5,Champions
16304,2010-01-14 08:30:00,2010-01-14 08:30:00,25,1,228,9.12,381.65999999999997,15.266399999999999,25,0.25,1,1,1.0,1,1,2,Lost / Inactive
16305,2011-07-24 12:18:00,2011-07-24 12:18:00,22,1,256,11.636363636363637,361.22,16.41909090909091,22,0.25,1,1,1.0,3,1,2,Needs Attention
16306,2010-10-01 09:36:00,2011-05-10 12:12:00,67,7,712,10.626865671641792,1124.72,16.78686567164179,55,0.25,1,222,31.7,2,4,3,At Risk
16307,2010-05-11 14:40:00,2010-10-06 14:31:00,75,3,1123,14.973333333333333,1194.92,15.932266666666667,69,0.25,1,148,49.3,1,3,3,At Risk
16308,2009-12-15 15:48:00,2011-11-02 11:24:00,7,7,16000,2285.714285714286,5120.0,731.4285714285714,1,0.25,0,687,98.1,4,4,5,Champions
16309,2011-04-13 11:46:00,2011-08-25 15:35:00,42,2,467,11.119047619047619,706.5699999999999,16.823095238095238,39,0.25,1,135,67.5,3,2,3,Needs Attention
16310,2010-03-07 15:41:00,2010-10-21 14:47:00,28,2,270,9.642857142857142,460.08,16.431428571428572,26,0.25,1,228,114.0,1,2,2,Lost / Inactive
16311,2011-10-21 13:13:00,2011-11-22 08:54:00,37,2,394,10.64864864864865,616.26,16.655675675675674,35,0.25,0,32,16.0,5,2,3,Promising / New
16312,2010-10-03 14:15:00,2010-10-03 14:15:00,10,1,53,5.3,171.15,17.115000000000002,10,0.25,1,1,1.0,1,1,1,Lost / Inactive
16313,2011-10-21 09:04:00,2011-12-06 13:02:00,16,2,165,10.3125,274.15,17.134375,16,0.25,0,47,23.5,5,2,1,Promising / New
16314,2010-08-24 11:52:00,2010-11-15 12:06:00,62,3,636,10.258064516129032,1491.4,24.05483870967742,58,0.25,1,84,28.0,2,3,4,At Risk
16315,2010-06-21 13:53:00,2011-01-13 11:57:00,23,2,143,6.217391304347826,402.71,17.50913043478261,21,0.25,1,206,103.0,2,2,2,Lost / Inactive
16316,2010-08-03 14:38:00,2011-10-06 13:48:00,297,13,3057,10.292929292929292,5744.91,19.343131313131313,193,0.25,0,429,33.0,3,5,5,Loyal Customers
16317,2010-05-04 10:17:00,2011-08-12 12:46:00,117,5,1236,10.564102564102564,2192.5099999999998,18.739401709401708,103,0.25,1,466,93.2,3,4,4,Loyal Customers
16318,2011-11-04 13:05:00,2011-11-04 13:05:00,19,1,199,10.473684210526315,328.15,17.271052631578947,19,0.25,0,1,1.0,4,1,2,Promising / New
16319,2011-05-06 11:27:00,2011-05-06 11:27:00,3,1,72,24.0,404.40000000000003,134.8,3,0.25,1,1,1.0,2,1,2,Lost / Inactive
16320,2010-01-27 13:29:00,2011-06-20 15:25:00,241,6,3319,13.771784232365146,5628.99,23.356804979253113,193,0.25,1,510,85.0,3,4,5,Loyal Customers
16321,2009-12-01 10:36:00,2011-09-28 14:55:00,23,7,259,11.26086956521739,604.55,26.28478260869565,15,0.25,0,667,95.3,3,4,2,Loyal Customers
16322,2011-11-03 14:33:00,2011-12-08 15:41:00,37,2,231,6.243243243243243,326.75,8.83108108108108,28,0.25,0,36,18.0,5,2,2,Promising / New
16323,2010-05-11 09:48:00,2011-05-27 14:48:00,4,2,146,36.5,353.65999999999997,88.41499999999999,4,0.25,1,382,191.0,2,2,2,Lost / Inactive
16324,2011-06-15 14:26:00,2011-08-03 12:58:00,111,3,270,2.4324324324324325,408.59,3.6809909909909906,100,0.25,1,49,16.3,3,3,2,Loyal Customers
16325,2009-12-04 13:21:00,2011-10-24 08:48:00,138,12,2464,17.855072463768117,3597.5,26.068840579710145,104,0.25,0,689,57.4,4,5,5,Champions
16326,2010-01-28 13:23:00,2011-12-04 10:11:00,467,24,1083,2.3190578158458246,4721.25,10.109743040685224,243,0.25,0,675,28.1,5,5,5,Champions
16327,2009-12-14 13:06:00,2011-11-25 13:23:00,877,16,8124,9.26339794754846,10159.64,11.584538198403648,289,0.25,0,712,44.5,5,5,5,Champions
16328,2010-05-25 14:02:00,2010-05-25 14:02:00,16,1,141,8.8125,310.83,19.426875,16,0.25,1,1,1.0,1,1,2,Lost / Inactive
16329,2009-12-01 11:34:00,2010-10-08 12:44:00,104,4,797,7.663461538461538,1664.92,16.008846153846154,83,0.25,1,312,78.0,1,4,4,At Risk
16330,2010-02-15 12:36:00,2011-11-22 12:24:00,117,7,326,2.786324786324786,625.38,5.345128205128205,105,0.25,0,645,92.1,5,4,3,Champions
16331,2010-03-07 10:55:00,2010-10-03 13:47:00,34,6,756,22.235294117647058,2037.7,59.932352941176475,33,0.25,1,211,35.2,1,4,4,At Risk
16332,2010-04-29 13:41:00,2011-11-11 14:22:00,197,11,1128,5.725888324873097,2000.01,10.15233502538071,158,0.25,0,562,51.1,4,5,4,Champions
16333,2011-02-03 10:50:00,2011-12-02 12:19:00,45,22,32184,715.2,26626.8,591.7066666666667,9,0.25,0,303,13.8,5,5,5,Champions
16334,2010-08-04 16:38:00,2010-08-04 16:38:00,54,1,206,3.814814814814815,263.73,4.883888888888889,54,0.25,1,1,1.0,1,1,1,Lost / Inactive
16335,2009-12-04 10:18:00,2010-06-06 11:35:00,361,7,1004,2.781163434903047,2753.52,7.6274792243767315,193,0.25,1,185,26.4,1,4,4,At Risk
16336,2010-03-18 08:05:00,2010-10-15 12:32:00,68,4,1473,21.66176470588235,3517.69,51.73073529411765,64,0.25,1,212,53.0,1,4,5,At Risk
16337,2011-11-03 10:03:00,2011-11-03 10:03:00,10,1,87,8.7,151.05,15.105,10,0.25,0,1,1.0,4,1,1,Promising / New
16338,2011-07-05 13:56:00,2011-07-05 13:56:00,11,1,94,8.545454545454545,214.8,19.527272727272727,11,0.25,1,1,1.0,3,1,1,Needs Attention
16339,2011-02-28 13:41:00,2011-02-28 13:41:00,18,1,21,1.1666666666666667,94.05,5.225,17,0.25,1,1,1.0,2,1,1,Lost / Inactive
16340,2010-06-06 13:26:00,2011-08-24 14:53:00,357,3,1319,3.6946778711484596,1496.24,4.191148459383753,277,0.25,1,445,148.3,3,3,4,Loyal Customers
16341,2010-04-09 10:30:00,2011-11-15 09:12:00,158,7,3022,19.126582278481013,3850.79,24.372088607594936,103,0.25,0,585,83.6,4,4,5,Champions
16342,2011-06-13 10:10:00,2011-09-25 14:36:00,15,4,157,10.466666666666667,322.41,21.494000000000003,10,0.25,0,105,26.2,3,4,2,Loyal Customers
16343,2010-10-28 14:15:00,2011-11-23 17:45:00,78,3,345,4.423076923076923,614.12,7.873333333333333,54,0.25,0,392,130.7,5,3,3,Loyal Customers
16344,2010-02-09 12:16:00,2011-07-04 15:50:00,46,4,706,15.347826086956522,842.42,18.313478260869566,43,0.25,1,511,127.8,3,4,3,Loyal Customers
16345,2010-08-13 17:13:00,2011-10-26 16:03:00,108,2,611,5.657407407407407,1178.79,10.914722222222222,95,0.25,0,439,219.5,4,2,3,Promising / New
16346,2010-11-19 15:55:00,2010-11-19 15:55:00,15,1,289,19.266666666666666,224.51,14.967333333333332,15,0.25,1,1,1.0,2,1,1,Lost / Inactive
16347,2010-03-12 12:41:00,2011-11-28 13:14:00,342,11,1715,5.014619883040936,3442.96,10.067134502923977,209,0.25,0,627,57.0,5,5,5,Champions
16348,2010-10-05 13:57:00,2011-11-07 15:44:00,253,8,1164,4.600790513833992,1744.42,6.894940711462451,180,0.25,0,399,49.9,4,5,4,Champions
16349,2011-02-22 12:40:00,2011-02-22 12:40:00,9,1,9,1.0,53.5,5.944444444444445,9,0.25,1,1,1.0,2,1,1,Lost / Inactive
16350,2010-10-07 16:33:00,2011-11-18 15:53:00,122,9,1077,8.827868852459016,2253.89,18.47450819672131,72,0.25,0,407,45.2,4,5,4,Champions
16351,2009-12-04 16:12:00,2011-01-11 10:26:00,187,13,2165,11.577540106951872,3330.0299999999997,17.807647058823527,124,0.25,1,403,31.0,2,5,5,At Risk
16352,2011-11-02 08:44:00,2011-11-22 10:32:00,28,2,300,10.714285714285714,494.44,17.658571428571427,28,0.25,0,21,10.5,5,2,2,Promising / New
16353,2009-12-07 13:55:00,2011-12-06 12:23:00,173,38,3483,20.13294797687861,9795.46,56.621156069364154,76,0.25,0,729,19.2,5,5,5,Champions
16354,2010-04-27 13:33:00,2011-10-07 14:28:00,140,5,592,4.228571428571429,1119.46,7.996142857142857,116,0.25,0,529,105.8,3,4,3,Loyal Customers
16355,2010-11-29 14:21:00,2010-11-29 14:21:00,48,1,179,3.7291666666666665,416.35,8.673958333333333,47,0.25,1,1,1.0,2,1,2,Lost / Inactive
16356,2010-06-06 11:26:00,2011-05-26 11:51:00,59,6,190,3.2203389830508473,415.87,7.0486440677966105,27,0.25,1,355,59.2,2,4,2,At Risk
16357,2010-11-23 18:52:00,2011-11-06 16:04:00,47,4,389,8.27659574468085,868.37,18.47595744680851,43,0.25,0,348,87.0,4,4,3,Champions
16358,2010-11-10 11:36:00,2011-12-08 15:09:00,154,5,2065,13.409090909090908,2919.65,18.958766233766234,118,0.25,0,394,78.8,5,4,5,Champions
16359,2010-02-16 10:39:00,2011-12-02 17:04:00,125,16,1764,14.112,2697.75,21.582,78,0.25,0,655,40.9,5,5,4,Champions
16360,2011-09-12 13:50:00,2011-12-05 12:16:00,636,6,2110,3.3176100628930816,3450.41,5.425172955974842,365,0.25,0,84,14.0,5,4,5,Champions
16361,2011-09-29 13:13:00,2011-11-30 12:32:00,104,4,418,4.019230769230769,891.21,8.569326923076924,87,0.25,0,62,15.5,5,4,3,Champions
16362,2010-09-28 09:24:00,2011-11-07 13:01:00,90,6,467,5.188888888888889,922.16,10.246222222222222,67,0.25,0,406,67.7,4,4,3,Champions
16363,2011-10-17 14:14:00,2011-10-17 14:14:00,5,1,52,10.4,109.36,21.872,5,0.25,0,1,1.0,4,1,1,Promising / New
16364,2011-07-25 14:35:00,2011-11-28 11:27:00,52,2,279,5.365384615384615,705.79,13.572884615384615,48,0.25,0,126,63.0,5,2,3,Promising / New
16365,2009-12-11 12:41:00,2011-11-22 11:24:00,124,15,1034,8.338709677419354,3167.34,25.543064516129032,97,0.25,0,711,47.4,5,5,5,Champions
16366,2009-12-16 10:39:00,2011-11-21 08:19:00,78,4,882,11.307692307692308,1548.1299999999999,19.847820512820512,74,0.25,0,705,176.2,5,4,4,Champions
16367,2010-11-21 13:23:00,2011-11-02 13:13:00,223,3,1103,4.946188340807175,1350.48,6.055964125560538,196,0.25,0,346,115.3,4,3,4,Loyal Customers
16368,2010-09-30 11:30:00,2011-12-07 13:12:00,90,3,307,3.411111111111111,621.4399999999999,6.904888888888888,74,0.25,0,434,144.7,5,3,3,Loyal Customers
16369,2010-04-07 16:52:00,2011-11-21 16:25:00,169,7,1589,9.402366863905325,2656.56,15.719289940828402,115,0.25,0,593,84.7,5,4,4,Champions
16370,2011-04-28 16:40:00,2011-09-18 15:55:00,221,4,640,2.8959276018099547,1301.91,5.890995475113122,143,0.25,0,143,35.8,3,4,4,Loyal Customers
16371,2010-09-17 12:09:00,2010-09-17 12:09:00,11,1,108,9.818181818181818,157.2,14.29090909090909,11,0.25,1,1,1.0,1,1,1,Lost / Inactive
16372,2010-04-11 15:20:00,2011-11-06 13:08:00,315,5,722,2.292063492063492,1290.31,4.096222222222222,271,0.25,0,574,114.8,4,4,4,Champions
16373,2010-10-24 13:10:00,2010-11-22 15:50:00,29,2,119,4.103448275862069,309.49,10.672068965517242,25,0.25,1,30,15.0,2,2,2,Lost / Inactive
16374,2010-04-30 13:10:00,2011-10-04 15:21:00,346,5,771,2.2283236994219653,1723.4,4.98092485549133,276,0.25,0,523,104.6,3,4,4,Loyal Customers
16375,2010-08-26 14:12:00,2010-08-26 14:25:00,13,2,74,5.6923076923076925,104.0,8.0,11,0.25,1,1,0.5,1,2,1,Lost / Inactive
16376,2011-11-22 16:47:00,2011-12-01 11:38:00,122,2,691,5.663934426229508,974.96,7.991475409836066,104,0.25,0,9,4.5,5,2,3,Promising / New
16377,2010-04-01 10:36:00,2011-03-17 15:41:00,10,2,2928,292.8,1308.48,130.848,6,0.25,1,351,175.5,2,2,4,Lost / Inactive
16378,2011-02-02 12:42:00,2011-04-06 15:07:00,23,3,267,11.608695652173912,362.95,15.780434782608696,22,0.25,1,64,21.3,2,3,2,At Risk
16379,2011-09-22 09:33:00,2011-12-05 15:38:00,108,4,1410,13.055555555555555,2157.4,19.975925925925928,87,0.25,0,75,18.8,5,4,4,Champions
16380,2011-10-09 15:40:00,2011-10-09 15:40:00,31,1,1428,46.064516129032256,1743.1499999999999,56.23064516129032,28,0.25,0,1,1.0,3,1,4,Needs Attention
16381,2010-10-17 13:06:00,2010-11-09 09:56:00,61,2,108,1.7704918032786885,247.85,4.06311475409836,60,0.25,1,23,11.5,2,2,1,Lost / Inactive
16382,2010-06-07 12:42:00,2010-10-27 16:23:00,44,2,167,3.7954545454545454,353.1,8.025,42,0.25,1,143,71.5,2,2,2,Lost / Inactive
16383,2010-02-04 13:18:00,2011-09-26 12:45:00,400,7,1596,3.99,2896.69,7.241725,239,0.25,0,599,85.6,3,4,4,Loyal Customers
16384,2010-04-28 14:01:00,2011-09-11 11:19:00,81,4,861,10.62962962962963,1358.95,16.77716049382716,80,0.25,0,501,125.2,3,4,4,Loyal Customers
16385,2010-03-18 12:45:00,2011-10-10 13:12:00,114,5,476,4.175438596491228,881.35,7.731140350877193,94,0.25,0,572,114.4,3,4,3,Loyal Customers
16386,2010-11-17 11:19:00,2011-11-11 12:28:00,139,3,700,5.0359712230215825,1068.16,7.684604316546763,127,0.25,0,360,120.0,4,3,3,Loyal Customers
16387,2010-03-11 12:22:00,2011-01-21 11:34:00,87,5,448,5.149425287356322,882.46,10.143218390804599,68,0.25,1,316,63.2,2,4,3,At Risk
16388,2010-02-24 10:20:00,2010-02-24 10:20:00,13,1,83,6.384615384615385,186.05,14.311538461538463,13,0.25,1,1,1.0,1,1,1,Lost / Inactive
16389,2011-03-01 15:47:00,2011-10-17 14:41:00,34,4,1242,36.529411764705884,1382.07,40.64911764705882,33,0.25,0,230,57.5,4,4,4,Champions
16390,2010-01-29 15:25:00,2010-06-21 10:11:00,21,3,122,5.809523809523809,467.5,22.261904761904763,16,0.25,1,143,47.7,1,3,2,At Risk
16391,2010-05-27 11:27:00,2010-11-04 12:27:00,304,4,715,2.351973684210526,1052.26,3.4613815789473685,261,0.25,1,162,40.5,2,4,3,At Risk
16392,2010-05-27 11:17:00,2011-03-15 12:11:00,144,3,604,4.194444444444445,756.7,5.254861111111111,125,0.25,1,293,97.7,2,3,3,At Risk
16393,2009-12-01 12:13:00,2011-12-07 12:51:00,747,23,3001,4.017402945113789,5297.7699999999995,7.092061579651941,313,0.25,0,737,32.0,5,5,5,Champions
16394,2011-02-23 10:58:00,2011-10-14 09:48:00,83,5,2604,31.373493975903614,1555.34,18.73903614457831,61,0.25,0,233,46.6,4,4,4,Champions
16395,2009-12-06 12:26:00,2011-10-10 12:50:00,634,14,2901,4.575709779179811,3518.41,5.549542586750788,416,0.25,0,674,48.1,3,5,5,Loyal Customers
16396,2010-08-20 14:17:00,2010-08-20 14:17:00,8,1,80,10.0,137.8,17.225,8,0.25,1,1,1.0,1,1,1,Lost / Inactive
16397,2010-03-21 15:36:00,2010-03-21 15:36:00,9,1,43,4.777777777777778,123.13,13.681111111111111,9,0.25,1,1,1.0,1,1,1,Lost / Inactive
16398,2011-03-31 09:38:00,2011-07-08 15:16:00,82,2,758,9.24390243902439,1705.8,20.802439024390242,75,0.25,1,100,50.0,3,2,4,Needs Attention
16399,2010-11-15 15:03:00,2011-11-20 16:12:00,110,3,452,4.109090909090909,630.22,5.729272727272727,97,0.25,0,371,123.7,5,3,3,Loyal Customers
16400,2009-12-08 12:38:00,2011-09-06 12:27:00,267,9,2066,7.737827715355805,3059.85,11.460112359550562,214,0.25,1,637,70.8,3,5,5,Loyal Customers
16401,2010-06-02 13:13:00,2011-12-08 18:15:00,363,23,6035,16.62534435261708,6849.15,18.868181818181817,110,0.25,0,555,24.1,5,5,5,Champions
16402,2010-12-05 13:42:00,2011-03-20 12:25:00,57,2,146,2.56140350877193,293.45,5.148245614035088,55,0.25,1,105,52.5,2,2,2,Lost / Inactive
16403,2011-01-31 13:39:00,2011-01-31 13:39:00,10,1,114,11.4,177.5,17.75,10,0.25,1,1,1.0,2,1,1,Lost / Inactive
16404,2011-09-30 14:55:00,2011-09-30 14:55:00,23,1,157,6.826086956521739,443.05,19.26304347826087,23,0.25,0,1,1.0,3,1,2,Needs Attention
16405,2011-02-02 17:08:00,2011-02-10 15:24:00,5,2,187,37.4,167.25,33.45,3,0.25,1,8,4.0,2,2,1,Lost / Inactive
16406,2010-02-24 11:51:00,2011-11-21 11:57:00,148,3,257,1.7364864864864864,528.36,3.5700000000000003,135,0.25,0,636,212.0,5,3,2,Loyal Customers
16407,2010-10-03 13:56:00,2011-11-27 11:05:00,225,14,1448,6.435555555555555,2761.65,12.274000000000001,120,0.25,0,420,30.0,5,5,4,Champions
16408,2010-04-27 14:08:00,2010-04-27 14:08:00,45,1,227,5.044444444444444,231.93,5.154,45,0.25,1,1,1.0,1,1,1,Lost / Inactive
16409,2009-12-13 15:38:00,2011-11-03 16:45:00,775,12,3664,4.727741935483871,5652.74,7.293858064516129,335,0.25,0,691,57.6,4,5,5,Champions
16410,2009-12-05 14:51:00,2009-12-05 14:51:00,5,1,348,69.6,130.32,26.064,5,0.25,1,1,1.0,1,1,1,Lost / Inactive
16411,2010-10-07 15:09:00,2011-11-20 13:23:00,181,4,461,2.546961325966851,756.39,4.178950276243094,139,0.25,0,409,102.2,5,4,3,Champions
16412,2010-02-04 13:46:00,2011-10-17 12:35:00,122,5,288,2.360655737704918,593.19,4.862213114754099,84,0.25,0,620,124.0,4,4,2,Champions
16413,2010-11-29 12:49:00,2011-10-14 12:08:00,68,2,283,4.161764705882353,522.03,7.676911764705882,55,0.25,0,319,159.5,4,2,2,Promising / New
16414,2010-01-14 10:21:00,2011-11-18 09:42:00,63,5,201,3.1904761904761907,551.21,8.74936507936508,58,0.25,0,673,134.6,4,4,2,Champions
16415,2010-02-01 12:30:00,2011-10-26 13:35:00,145,3,508,3.503448275862069,696.76,4.805241379310345,120,0.25,0,633,211.0,4,3,3,Loyal Customers
16416,2010-02-23 12:00:00,2011-11-13 12:50:00,186,9,2198,11.817204301075268,2957.88,15.90258064516129,146,0.25,0,629,69.9,4,5,5,Champions
16417,2010-08-04 09:08:00,2010-08-04 09:08:00,1,1,6,6.0,35.7,35.7,1,0.25,1,1,1.0,1,1,1,Lost / Inactive
16418,2010-10-13 12:31:00,2011-10-26 12:39:00,156,5,564,3.6153846153846154,1028.74,6.59448717948718,121,0.25,0,379,75.8,4,4,3,Champions
16419,2010-02-09 13:26:00,2011-08-19 12:33:00,90,8,701,7.788888888888889,1463.7,16.263333333333335,62,0.25,1,556,69.5,3,5,4,Loyal Customers
16420,2010-11-08 15:15:00,2010-11-08 15:15:00,2,1,120,60.0,75.0,37.5,2,0.25,1,1,1.0,2,1,1,Lost / Inactive
16421,2010-08-27 12:02:00,2010-11-28 13:31:00,38,3,123,3.236842105263158,526.27,13.849210526315789,35,0.25,1,94,31.3,2,3,2,At Risk
16422,2010-01-12 11:57:00,2011-11-22 14:00:00,698,109,64225,92.01289398280802,61920.87,88.71184813753582,111,0.25,0,680,6.2,5,5,5,Champions
16423,2011-11-15 09:21:00,2011-11-15 09:21:00,18,1,230,12.777777777777779,346.12,19.22888888888889,18,0.25,0,1,1.0,4,1,2,Promising / New
16424,2010-11-22 11:24:00,2011-06-01 13:40:00,13,2,212,16.307692307692307,443.06,34.081538461538464,10,0.25,1,192,96.0,2,2,2,Lost / Inactive
16425,2011-02-10 14:30:00,2011-02-10 14:30:00,21,1,199,9.476190476190476,302.7,14.414285714285715,21,0.25,1,1,1.0,2,1,2,Lost / Inactive
16426,2011-03-08 15:45:00,2011-12-07 14:01:00,353,10,1215,3.441926345609065,1863.76,5.279773371104816,211,0.25,0,274,27.4,5,5,4,Champions
16427,2011-02-28 15:18:00,2011-03-21 17:10:00,9,2,156,17.333333333333332,241.06,26.784444444444446,8,0.25,1,22,11.0,2,2,1,Lost / Inactive
16428,2010-07-30 12:10:00,2010-10-22 12:22:00,127,3,575,4.52755905511811,638.49,5.02748031496063,121,0.25,1,85,28.3,1,3,3,At Risk
16429,2011-08-25 13:54:00,2011-08-25 13:54:00,2,1,9,4.5,284.55,142.275,2,0.25,1,1,1.0,3,1,1,Needs Attention
16430,2010-01-27 12:45:00,2011-10-13 14:47:00,28,7,307,10.964285714285714,1117.94,39.92642857142857,19,0.25,0,625,89.3,4,4,3,Champions
16431,2011-02-15 14:02:00,2011-05-10 14:09:00,76,3,442,5.815789473684211,623.28,8.201052631578946,51,0.25,1,85,28.3,2,3,3,At Risk
16432,2011-10-06 13:59:00,2011-10-06 13:59:00,8,1,276,34.5,287.40000000000003,35.925000000000004,8,0.25,0,1,1.0,3,1,2,Needs Attention
16433,2010-10-27 12:26:00,2011-11-11 14:09:00,34,2,214,6.294117647058823,384.52,11.309411764705882,33,0.25,0,381,190.5,4,2,2,Promising / New
16434,2010-01-17 14:51:00,2011-11-10 14:28:00,180,12,1310,7.277777777777778,2673.69,14.853833333333334,126,0.25,0,662,55.2,4,5,4,Champions
16435,2010-07-13 13:29:00,2010-07-15 18:22:00,125,3,608,4.864,1003.0699999999999,8.02456,119,0.25,1,3,1.0,1,3,3,At Risk
16436,2009-12-06 16:02:00,2010-02-09 13:19:00,40,3,227,5.675,319.14,7.9784999999999995,37,0.25,1,65,21.7,1,3,2,At Risk
16437,2010-10-06 12:34:00,2010-11-23 16:59:00,21,2,197,9.380952380952381,301.25,14.345238095238095,17,0.25,1,49,24.5,2,2,2,Lost / Inactive
16438,2011-09-18 13:31:00,2011-12-04 10:51:00,132,5,463,3.507575757575758,798.35,6.04810606060606,74,0.25,0,77,15.4,5,4,3,Champions
16439,2009-12-17 14:22:00,2009-12-17 14:22:00,9,1,74,8.222222222222221,310.7,34.52222222222222,9,0.25,1,1,1.0,1,1,2,Lost / Inactive
16440,2010-08-03 11:32:00,2011-12-02 12:02:00,307,6,2108,6.866449511400652,3856.97,12.563420195439738,202,0.25,0,487,81.2,5,4,5,Champions
16441,2010-03-22 18:00:00,2011-10-03 17:48:00,85,5,478,5.623529411764705,1019.13,11.989764705882353,67,0.25,0,560,112.0,3,4,3,Loyal Customers
16442,2009-12-13 11:05:00,2011-12-08 11:43:00,247,5,580,2.348178137651822,891.98,3.611255060728745,226,0.25,0,726,145.2,5,4,3,Champions
16443,2010-07-07 11:57:00,2010-07-07 11:57:00,1,1,96,96.0,162.24,162.24,1,0.25,1,1,1.0,1,1,1,Lost / Inactive
16444,2010-03-24 14:06:00,2011-10-24 13:50:00,371,17,1945,5.242587601078167,3625.88,9.773261455525606,217,0.25,0,579,34.1,4,5,5,Champions
16445,2010-10-24 12:39:00,2011-11-06 12:32:00,180,4,287,1.5944444444444446,583.16,3.2397777777777774,143,0.25,0,378,94.5,4,4,2,Champions
16446,2011-05-18 09:52:00,2011-12-09 09:15:00,3,2,80997,26999.0,168472.5,56157.5,3,0.25,0,205,102.5,5,2,5,Promising / New
16447,2010-02-17 14:09:00,2011-07-27 12:45:00,68,3,315,4.632352941176471,727.1,10.69264705882353,59,0.25,1,525,175.0,3,3,3,Loyal Customers
16448,2010-08-25 16:58:00,2011-05-25 16:28:00,50,2,176,3.52,361.12,7.2224,45,0.25,1,273,136.5,2,2,2,Lost / Inactive
16449,2011-03-04 12:15:00,2011-05-26 10:25:00,40,2,367,9.175,707.69,17.69225,40,0.25,1,83,41.5,2,2,3,Lost / Inactive
16450,2010-02-21 15:46:00,2011-07-13 11:47:00,43,3,681,15.837209302325581,1505.73,35.016976744186046,36,0.25,1,507,169.0,3,3,4,Loyal Customers
16451,2009-12-04 15:11:00,2011-09-13 09:17:00,65,3,524,8.061538461538461,1013.15,15.586923076923076,61,0.25,0,648,216.0,3,3,3,Loyal Customers
16452,2010-01-15 12:22:00,2010-03-19 12:39:00,18,2,199,11.055555555555555,332.17,18.45388888888889,14,0.25,1,64,32.0,1,2,2,Lost / Inactive
16453,2010-06-09 13:15:00,2010-06-27 12:46:00,15,2,139,9.266666666666667,251.71,16.78066666666667,15,0.25,1,18,9.0,1,2,1,Lost / Inactive
16454,2010-04-07 15:54:00,2011-10-26 11:40:00,4,4,9,2.25,30.950000000000003,7.737500000000001,4,0.25,0,567,141.8,4,4,1,Champions
16455,2010-03-30 10:31:00,2011-10-07 12:17:00,205,11,2851,13.907317073170733,3995.57,19.490585365853658,111,0.25,0,557,50.6,3,5,5,Loyal Customers
16456,2010-03-29 11:16:00,2011-09-01 13:50:00,391,13,3296,8.429667519181585,6000.94,15.347672634271099,226,0.25,1,522,40.2,3,5,5,Loyal Customers
16457,2011-05-05 13:19:00,2011-05-05 13:19:00,9,1,140,15.555555555555555,208.36,23.151111111111113,9,0.25,1,1,1.0,2,1,1,Lost / Inactive
16458,2010-05-26 14:38:00,2011-12-07 09:34:00,381,30,3395,8.910761154855644,5690.89,14.936719160104987,91,0.25,0,560,18.7,5,5,5,Champions
16459,2009-12-10 12:42:00,2009-12-10 12:42:00,5,1,59,11.8,71.78999999999999,14.357999999999999,5,0.25,1,1,1.0,1,1,1,Lost / Inactive
16460,2011-09-19 10:15:00,2011-11-11 13:46:00,132,3,876,6.636363636363637,811.23,6.145681818181818,128,0.25,0,54,18.0,4,3,3,Loyal Customers
16461,2010-03-03 13:57:00,2011-06-15 12:07:00,252,3,933,3.7023809523809526,1545.83,6.134246031746032,223,0.25,1,469,156.3,3,3,4,Loyal Customers
16462,2011-03-01 08:58:00,2011-09-27 10:24:00,3,3,16,5.333333333333333,136.0,45.333333333333336,1,0.25,0,211,70.3,3,3,1,Loyal Customers
16463,2011-05-19 14:45:00,2011-11-18 14:01:00,82,4,1163,14.182926829268293,1422.4,17.346341463414635,74,0.25,0,183,45.8,4,4,4,Champions
16464,2011-07-20 13:53:00,2011-11-20 12:11:00,230,3,952,4.139130434782609,1298.66,5.646347826086957,152,0.25,0,123,41.0,4,3,4,Loyal Customers
16465,2010-09-21 10:46:00,2010-10-15 09:27:00,48,2,504,10.5,746.24,15.546666666666667,45,0.25,1,24,12.0,1,2,3,Lost / Inactive
16466,2010-03-07 14:31:00,2011-11-06 11:35:00,336,15,1777,5.288690476190476,3767.09,11.21157738095238,207,0.25,0,609,40.6,4,5,5,Champions
16467,2009-12-02 11:59:00,2010-07-19 11:49:00,24,7,7384,307.6666666666667,2869.16,119.54833333333333,14,0.25,1,229,32.7,1,4,4,At Risk
16468,2010-08-15 13:10:00,2011-09-26 14:13:00,45,3,371,8.244444444444444,787.52,17.500444444444444,38,0.25,0,408,136.0,3,3,3,Loyal Customers
16469,2010-07-13 13:17:00,2011-11-16 12:25:00,194,5,332,1.711340206185567,803.9,4.14381443298969,167,0.25,0,491,98.2,4,4,3,Champions
16470,2009-12-11 12:21:00,2011-10-19 12:11:00,468,11,1335,2.8525641025641026,2416.85,5.164209401709401,286,0.25,0,677,61.5,4,5,4,Champions
16471,2010-02-25 10:07:00,2011-03-10 09:41:00,62,4,670,10.806451612903226,1189.98,19.193225806451615,48,0.25,1,378,94.5,2,4,3,At Risk
16472,2010-04-21 11:48:00,2010-10-01 13:56:00,39,2,252,6.461538461538462,789.6,20.246153846153845,39,0.25,1,164,82.0,1,2,3,Lost / Inactive
16473,2010-11-30 16:29:00,2011-06-28 09:10:00,28,4,296,10.571428571428571,470.83,16.815357142857142,26,0.25,1,210,52.5,3,4,2,Loyal Customers
16474,2011-07-17 14:51:00,2011-12-02 13:02:00,337,7,909,2.6973293768545994,1810.65,5.372848664688427,237,0.25,0,138,19.7,5,4,4,Champions
16475,2011-03-11 09:39:00,2011-09-12 14:37:00,28,4,319,11.392857142857142,544.3,19.439285714285713,23,0.25,0,186,46.5,3,4,2,Loyal Customers
16476,2010-10-04 10:29:00,2010-10-04 10:29:00,24,1,187,7.791666666666667,350.35,14.597916666666668,24,0.25,1,1,1.0,1,1,2,Lost / Inactive
16477,2010-08-12 09:43:00,2011-10-07 09:44:00,246,11,2507,10.191056910569106,4094.37,16.64378048780488,177,0.25,0,422,38.4,3,5,5,Loyal Customers
16478,2011-10-05 12:02:00,2011-11-14 15:51:00,17,3,224,13.176470588235293,331.0,19.470588235294116,15,0.25,0,41,13.7,4,3,2,Loyal Customers
16479,2011-11-29 13:04:00,2011-11-29 13:40:00,35,2,102,2.914285714285714,300.83,8.595142857142857,35,0.25,0,1,0.5,5,2,2,Promising / New
16480,2011-09-25 11:40:00,2011-09-25 11:40:00,53,1,455,8.584905660377359,769.29,14.514905660377357,51,0.25,0,1,1.0,3,1,3,Needs Attention
16481,2010-01-26 13:09:00,2010-01-26 13:09:00,16,1,201,12.5625,453.38,28.33625,16,0.25,1,1,1.0,1,1,2,Lost / Inactive
16482,2011-11-24 12:33:00,2011-11-24 12:33:00,18,1,346,19.22222222222222,220.62,12.256666666666668,18,0.25,0,1,1.0,5,1,1,Promising / New
16483,2011-05-31 13:08:00,2011-05-31 13:08:00,19,1,44,2.3157894736842106,139.35,7.334210526315789,19,0.25,1,1,1.0,2,1,1,Lost / Inactive
16484,2011-06-02 10:39:00,2011-06-19 12:06:00,25,2,200,8.0,404.3,16.172,25,0.25,1,18,9.0,3,2,2,Needs Attention
16485,2009-12-06 12:28:00,2011-09-23 15:50:00,144,5,1153,8.006944444444445,2287.19,15.883263888888889,126,0.25,0,657,131.4,3,4,4,Loyal Customers
16486,2010-06-20 12:16:00,2010-06-20 12:16:00,7,1,24,3.4285714285714284,134.36,19.194285714285716,7,0.25,1,1,1.0,1,1,1,Lost / Inactive
16487,2010-02-18 17:36:00,2010-05-11 13:38:00,35,2,163,4.6571428571428575,209.4,5.982857142857143,28,0.25,1,82,41.0,1,2,1,Lost / Inactive
16488,2011-07-14 11:46:00,2011-11-06 13:42:00,29,3,728,25.103448275862068,498.8,17.2,28,0.25,0,116,38.7,4,3,2,Loyal Customers
16489,2010-09-29 15:02:00,2010-11-24 14:40:00,6,2,38,6.333333333333333,303.7,50.61666666666667,4,0.25,1,56,28.0,2,2,2,Lost / Inactive
16490,2010-09-29 16:30:00,2010-09-29 16:30:00,13,1,113,8.692307692307692,205.41,15.80076923076923,13,0.25,1,1,1.0,1,1,1,Lost / Inactive
16491,2010-10-22 15:42:00,2011-10-24 10:18:00,87,2,1060,12.183908045977011,1533.16,17.622528735632184,86,0.25,0,367,183.5,4,2,4,Promising / New
16492,2010-06-17 08:20:00,2010-06-17 08:20:00,23,1,235,10.217391304347826,385.56,16.763478260869565,23,0.25,1,1,1.0,1,1,2,Lost / Inactive
16493,2010-03-26 13:05:00,2011-09-21 11:10:00,111,7,1988,17.90990990990991,2132.09,19.20801801801802,77,0.25,0,544,77.7,3,4,4,Loyal Customers
16494,2011-02-16 12:49:00,2011-02-16 12:49:00,50,1,675,13.5,826.53,16.5306,47,0.25,1,1,1.0,2,1,3,Lost / Inactive
16495,2011-03-08 16:38:00,2011-12-06 13:20:00,88,3,328,3.727272727272727,648.26,7.366590909090909,78,0.25,0,273,91.0,5,3,3,Loyal Customers
16496,2010-07-18 13:42:00,2011-12-01 10:31:00,138,6,1764,12.782608695652174,2330.77,16.88963768115942,120,0.25,0,501,83.5,5,4,4,Champions
16497,2009-12-03 14:11:00,2011-10-21 10:55:00,337,23,3050,9.050445103857566,6695.28,19.867299703264095,239,0.25,0,687,29.9,4,5,5,Champions
16498,2011-06-30 19:52:00,2011-07-01 15:07:00,15,2,45,3.0,100.97,6.731333333333334,15,0.25,1,1,0.5,3,2,1,Needs Attention
16499,2010-06-11 12:22:00,2010-12-14 13:31:00,144,8,1364,9.472222222222221,2578.34,17.90513888888889,104,0.25,1,187,23.4,2,5,4,At Risk
16500,2010-06-14 14:54:00,2011-12-05 12:04:00,34,9,386,11.352941176470589,843.91,24.820882352941176,24,0.25,0,539,59.9,5,5,3,Champions
16501,2010-11-21 14:10:00,2010-11-21 14:10:00,199,1,628,3.1557788944723617,1191.23,5.98608040201005,181,0.25,1,1,1.0,2,1,3,Lost / Inactive
16502,2010-03-29 13:39:00,2010-03-29 13:44:00,41,2,220,5.365853658536586,258.55,6.30609756097561,41,0.25,1,1,0.5,1,2,1,Lost / Inactive
16503,2010-06-21 14:07:00,2011-08-25 11:46:00,213,11,1535,7.206572769953052,3614.34,16.9687323943662,161,0.25,1,430,39.1,3,5,5,Loyal Customers
16504,2011-11-14 15:18:00,2011-11-14 15:18:00,83,1,510,6.144578313253012,465.88,5.613012048192771,76,0.25,0,1,1.0,4,1,2,Promising / New
16505,2011-11-08 12:14:00,2011-11-08 12:14:00,4,1,576,144.0,777.5999999999999,194.39999999999998,4,0.25,0,1,1.0,4,1,3,Promising / New
16506,2011-10-30 15:50:00,2011-11-20 12:17:00,3,2,42,14.0,90.3,30.099999999999998,3,0.25,0,21,10.5,4,2,1,Promising / New
16507,2010-05-16 12:56:00,2010-05-16 12:56:00,38,1,111,2.9210526315789473,142.71,3.755526315789474,37,0.25,1,1,1.0,1,1,1,Lost / Inactive
16508,2010-03-19 13:41:00,2010-03-19 13:41:00,43,1,103,2.395348837209302,240.95,5.603488372093023,42,0.25,1,1,1.0,1,1,1,Lost / Inactive
16509,2011-02-16 09:25:00,2011-02-16 09:25:00,13,1,64,4.923076923076923,363.7,27.976923076923075,13,0.25,1,1,1.0,2,1,2,Lost / Inactive
16510,2010-01-17 12:30:00,2010-12-02 13:39:00,112,6,930,8.303571428571429,1777.5,15.870535714285714,94,0.25,1,320,53.3,2,4,4,At Risk
16511,2010-03-01 12:21:00,2011-11-18 10:41:00,304,6,769,2.5296052631578947,1760.49,5.79108552631579,235,0.25,0,627,104.5,4,4,4,Champions
16513,2011-10-27 14:56:00,2011-12-05 10:18:00,35,4,407,11.628571428571428,874.59,24.988285714285716,33,0.25,0,39,9.8,5,4,3,Champions
16515,2010-06-17 12:17:00,2011-10-18 13:10:00,236,10,1573,6.665254237288136,3179.06,13.470593220338984,184,0.25,0,489,48.9,4,5,5,Champions
16516,2011-11-09 14:59:00,2011-11-09 14:59:00,6,1,58,9.666666666666666,101.69999999999999,16.95,6,0.25,0,1,1.0,4,1,1,Promising / New
16517,2011-03-07 13:50:00,2011-03-07 13:50:00,17,1,96,5.647058823529412,162.70000000000002,9.57058823529412,17,0.25,1,1,1.0,2,1,1,Lost / Inactive
16518,2010-06-01 13:31:00,2011-10-09 15:04:00,68,4,524,7.705882352941177,959.37,14.108382352941177,61,0.25,0,496,124.0,3,4,3,Loyal Customers
16519,2010-03-01 13:51:00,2011-11-14 15:41:00,36,4,150,4.166666666666667,439.06,12.196111111111112,32,0.25,0,624,156.0,4,4,2,Champions
16520,2010-03-02 16:50:00,2011-06-06 13:24:00,352,6,1045,2.96875,2148.38,6.103352272727273,251,0.25,1,461,76.8,3,4,4,Loyal Customers
16521,2010-03-01 13:22:00,2010-10-20 13:09:00,237,3,1014,4.2784810126582276,1140.11,4.810590717299577,212,0.25,1,233,77.7,1,3,3,At Risk
16522,2010-09-15 13:32:00,2010-09-30 10:54:00,18,2,212,11.777777777777779,433.36,24.075555555555557,16,0.25,1,15,7.5,1,2,2,Lost / Inactive
16523,2010-01-24 13:14:00,2011-12-08 09:06:00,371,28,4979,13.420485175202156,11916.33,32.11948787061995,180,0.25,0,683,24.4,5,5,5,Champions
16524,2010-01-17 13:16:00,2010-09-19 13:37:00,53,2,259,4.886792452830188,306.19,5.777169811320754,50,0.25,1,246,123.0,1,2,2,Lost / Inactive
16525,2009-12-02 13:53:00,2011-12-07 15:07:00,353,48,14430,40.87818696883853,24151.3,68.41728045325779,115,0.25,0,736,15.3,5,5,5,Champions
16526,2010-05-04 16:34:00,2011-06-21 12:02:00,35,2,279,7.9714285714285715,717.21,20.491714285714288,30,0.25,1,413,206.5,3,2,3,Needs Attention
16527,2010-10-11 13:25:00,2011-09-19 16:21:00,73,2,708,9.698630136986301,1232.94,16.889589041095892,66,0.25,0,344,172.0,3,2,4,Needs Attention
16528,2011-12-06 12:45:00,2011-12-06 12:45:00,17,1,171,10.058823529411764,244.41,14.377058823529412,17,0.25,0,1,1.0,5,1,1,Promising / New
16529,2010-06-27 13:29:00,2011-06-02 17:23:00,128,4,739,5.7734375,1986.8,15.521875,87,0.25,1,341,85.2,2,4,4,At Risk
16530,2010-02-09 15:30:00,2010-02-09 15:30:00,3,1,17,5.666666666666667,48.35,16.116666666666667,3,0.25,1,1,1.0,1,1,1,Lost / Inactive
16531,2010-09-24 09:49:00,2011-11-17 16:29:00,138,11,1863,13.5,2298.33,16.654565217391305,109,0.25,0,420,38.2,4,5,4,Champions
16532,2010-03-29 10:26:00,2011-11-22 11:08:00,6,5,2544,424.0,8756.64,1459.4399999999998,2,0.25,0,604,120.8,5,4,5,Champions
16533,2011-10-02 15:07:00,2011-11-20 13:08:00,176,3,611,3.471590909090909,1082.81,6.1523295454545455,112,0.25,0,49,16.3,5,3,3,Loyal Customers
16534,2010-03-07 15:47:00,2010-03-07 15:47:00,36,1,168,4.666666666666667,635.9,17.663888888888888,36,0.25,1,1,1.0,1,1,3,Lost / Inactive
16535,2010-01-28 15:26:00,2011-12-04 15:18:00,71,3,664,9.352112676056338,972.04,13.690704225352112,67,0.25,0,675,225.0,5,3,3,Loyal Customers
16536,2011-08-21 15:54:00,2011-08-21 15:54:00,54,1,250,4.62962962962963,548.12,10.15037037037037,49,0.25,1,1,1.0,3,1,2,Needs Attention
16537,2010-03-08 13:41:00,2010-03-08 13:41:00,4,1,59,14.75,23.35,5.8375,3,0.25,1,1,1.0,1,1,1,Lost / Inactive
16538,2010-04-23 16:25:00,2010-06-16 16:59:00,41,3,254,6.195121951219512,395.07,9.635853658536584,35,0.25,1,55,18.3,1,3,2,At Risk
16539,2010-06-25 15:24:00,2011-12-07 08:41:00,131,10,1014,7.740458015267175,3289.66,25.111908396946564,83,0.25,0,530,53.0,5,5,5,Champions
16540,2010-10-21 17:22:00,2010-10-21 17:22:00,29,1,105,3.6206896551724137,205.75,7.094827586206897,25,0.25,1,1,1.0,1,1,1,Lost / Inactive
16541,2009-12-04 13:22:00,2009-12-04 13:22:00,38,1,173,4.552631578947368,424.03,11.158684210526316,38,0.25,1,1,1.0,1,1,2,Lost / Inactive
16542,2010-11-03 14:44:00,2011-10-17 10:47:00,14,2,142,10.142857142857142,257.32,18.38,13,0.25,0,348,174.0,4,2,1,Promising / New
16543,2010-04-27 11:38:00,2010-04-27 11:38:00,18,1,317,17.61111111111111,292.21,16.233888888888888,18,0.25,1,1,1.0,1,1,2,Lost / Inactive
16544,2010-02-15 13:20:00,2010-07-08 11:11:00,11,4,150,13.636363636363637,376.7,34.24545454545454,8,0.25,1,143,35.8,1,4,2,At Risk
16545,2010-11-29 10:39:00,2011-06-28 10:37:00,8,2,322,40.25,689.8199999999999,86.22749999999999,6,0.25,1,211,105.5,3,2,3,Needs Attention
16546,2010-09-23 15:43:00,2011-02-22 11:20:00,88,5,4211,47.85227272727273,5307.07,60.307613636363634,75,0.25,1,152,30.4,2,4,5,At Risk
16547,2010-06-11 13:02:00,2010-06-11 13:02:00,25,1,108,4.32,104.25999999999999,4.1704,25,0.25,1,1,1.0,1,1,1,Lost / Inactive
16548,2010-04-19 16:15:00,2010-04-19 16:15:00,6,1,6,1.0,30.15,5.0249999999999995,6,0.25,1,1,1.0,1,1,1,Lost / Inactive
16549,2010-03-28 15:45:00,2011-11-29 15:06:00,3093,34,7087,2.2913029421273845,12781.8,4.1324927255092145,836,0.25,0,611,18.0,5,5,5,Champions
16550,2009-12-02 11:24:00,2011-08-23 11:12:00,755,18,5405,7.158940397350993,8813.58,11.673615894039735,274,0.25,1,629,34.9,3,5,5,Loyal Customers
16551,2009-12-13 16:12:00,2011-09-05 09:38:00,88,7,2076,23.59090909090909,2237.12,25.421818181818182,67,0.25,1,631,90.1,3,4,4,Loyal Customers
16552,2010-12-01 12:36:00,2011-04-11 10:04:00,17,2,219,12.882352941176471,379.73,22.337058823529414,17,0.25,1,131,65.5,2,2,2,Lost / Inactive
16553,2010-02-11 18:46:00,2011-06-29 15:42:00,292,33,16427,56.25684931506849,16584.01,56.79455479452054,195,0.25,1,503,15.2,3,5,5,Loyal Customers
16554,2009-12-15 09:42:00,2011-10-28 14:51:00,167,8,1346,8.059880239520957,2841.72,17.0162874251497,108,0.25,0,683,85.4,4,5,4,Champions
16555,2010-07-22 13:39:00,2011-11-04 14:31:00,66,6,1816,27.515151515151516,1915.68,29.025454545454547,59,0.25,0,471,78.5,4,4,4,Champions
16556,2009-12-07 10:51:00,2011-10-04 11:36:00,482,17,4353,9.031120331950207,8012.58,16.623609958506226,280,0.25,0,667,39.2,3,5,5,Loyal Customers
16557,2011-07-25 13:28:00,2011-11-15 14:04:00,11,2,111,10.090909090909092,281.85,25.622727272727275,11,0.25,0,114,57.0,4,2,1,Promising / New
16558,2009-12-03 18:11:00,2011-12-09 10:20:00,753,38,7813,10.375830013280213,13304.11,17.668140770252325,383,0.25,0,736,19.4,5,5,5,Champions
16559,2010-11-07 13:52:00,2010-11-07 13:52:00,17,1,61,3.588235294117647,175.0,10.294117647058824,17,0.25,1,1,1.0,2,1,1,Lost / Inactive
16560,2009-12-08 12:05:00,2011-11-13 10:35:00,198,8,1603,8.095959595959595,3048.38,15.395858585858587,140,0.25,0,705,88.1,4,5,5,Champions
16561,2011-10-11 09:53:00,2011-12-04 11:50:00,31,2,244,7.870967741935484,511.12,16.48774193548387,29,0.25,0,55,27.5,5,2,2,Promising / New
16562,2010-08-20 11:45:00,2010-08-20 11:45:00,34,1,264,7.764705882352941,223.86,6.584117647058824,34,0.25,1,1,1.0,1,1,1,Lost / Inactive
16563,2009-12-01 18:35:00,2011-10-17 11:51:00,89,6,2584,29.03370786516854,4412.56,49.57932584269663,55,0.25,0,685,114.2,4,4,5,Champions
16564,2010-05-19 14:41:00,2010-05-19 14:41:00,5,1,40,8.0,87.80000000000001,17.560000000000002,5,0.25,1,1,1.0,1,1,1,Lost / Inactive
16565,2010-06-02 12:47:00,2010-12-10 15:21:00,11,4,211,19.181818181818183,773.05,70.27727272727272,7,0.25,1,192,48.0,2,4,3,At Risk
16566,2011-02-20 10:29:00,2011-11-24 16:34:00,18,5,362,20.11111111111111,614.66,34.147777777777776,14,0.25,0,278,55.6,5,4,3,Champions
16567,2011-01-07 09:31:00,2011-05-29 13:57:00,35,2,996,28.457142857142856,865.6,24.731428571428573,34,0.25,1,143,71.5,2,2,3,Lost / Inactive
16568,2010-03-08 14:51:00,2010-10-08 10:54:00,5,2,366,73.2,1020.9,204.18,5,0.25,1,214,107.0,1,2,3,Lost / Inactive
16569,2009-12-16 15:05:00,2011-12-06 15:32:00,35,5,988,28.228571428571428,1455.23,41.578,27,0.25,0,721,144.2,5,4,4,Champions
16570,2010-03-30 09:32:00,2011-11-24 17:02:00,241,20,4292,17.809128630705395,7434.31,30.847759336099585,114,0.25,0,605,30.2,5,5,5,Champions
16571,2010-03-18 09:12:00,2011-11-13 11:46:00,255,10,3703,14.52156862745098,4248.74,16.661725490196076,151,0.25,0,606,60.6,4,5,5,Champions
16572,2011-03-09 12:04:00,2011-08-04 16:34:00,57,3,532,9.333333333333334,1009.6,17.712280701754388,40,0.25,1,149,49.7,3,3,3,Loyal Customers
16573,2011-02-22 15:14:00,2011-09-16 09:13:00,42,2,360,8.571428571428571,663.61,15.800238095238095,40,0.25,0,206,103.0,3,2,3,Needs Attention
16574,2010-02-19 11:46:00,2011-09-29 13:39:00,86,3,1002,11.651162790697674,1301.78,15.136976744186047,86,0.25,0,588,196.0,3,3,4,Loyal Customers
16576,2010-07-06 10:42:00,2010-10-15 13:37:00,33,2,323,9.787878787878787,540.87,16.39,32,0.25,1,102,51.0,1,2,2,Lost / Inactive
16577,2010-02-11 09:45:00,2010-02-11 09:45:00,23,1,142,6.173913043478261,380.0,16.52173913043478,23,0.25,1,1,1.0,1,1,2,Lost / Inactive
16578,2010-03-23 15:11:00,2010-03-23 15:11:00,9,1,108,12.0,156.6,17.4,9,0.25,1,1,1.0,1,1,1,Lost / Inactive
16579,2010-10-10 11:58:00,2010-10-10 11:58:00,14,1,119,8.5,295.05,21.075,14,0.25,1,1,1.0,1,1,2,Lost / Inactive
16581,2011-06-10 10:05:00,2011-06-10 10:05:00,9,1,134,14.88888888888889,105.84,11.76,9,0.25,1,1,1.0,3,1,1,Needs Attention
16582,2011-08-18 17:02:00,2011-08-18 17:02:00,6,1,164,27.333333333333332,313.62,52.27,6,0.25,1,1,1.0,3,1,2,Needs Attention
16583,2010-02-04 12:18:00,2010-12-01 12:03:00,18,2,153,8.5,297.95,16.552777777777777,18,0.25,1,300,150.0,2,2,2,Lost / Inactive
16584,2010-02-16 10:41:00,2011-09-20 13:45:00,82,5,1913,23.329268292682926,3156.17,38.48987804878049,61,0.25,0,582,116.4,3,4,5,Loyal Customers
16585,2010-01-13 13:31:00,2010-04-25 10:34:00,18,2,151,8.38888888888889,341.59000000000003,18.977222222222224,16,0.25,1,102,51.0,1,2,2,Lost / Inactive
16586,2010-03-14 11:24:00,2011-04-05 09:32:00,28,3,348,12.428571428571429,1462.78,52.24214285714286,27,0.25,1,387,129.0,2,3,4,At Risk
16587,2011-04-21 15:51:00,2011-04-21 15:51:00,13,1,71,5.461538461538462,225.15,17.31923076923077,13,0.25,1,1,1.0,2,1,1,Lost / Inactive
16588,2010-05-14 13:43:00,2010-11-18 17:56:00,71,4,882,12.422535211267606,1361.28,19.172957746478872,64,0.25,1,189,47.2,2,4,4,At Risk
16589,2010-09-15 14:56:00,2011-09-29 14:50:00,44,4,536,12.181818181818182,612.36,13.917272727272728,39,0.25,0,379,94.8,3,4,3,Loyal Customers
16590,2010-10-21 12:09:00,2010-11-04 09:06:00,29,2,240,8.275862068965518,605.9,20.893103448275863,26,0.25,1,14,7.0,2,2,2,Lost / Inactive
16591,2011-10-02 10:43:00,2011-10-02 10:43:00,10,1,41,4.1,213.5,21.35,10,0.25,0,1,1.0,3,1,1,Needs Attention
16592,2009-12-18 15:57:00,2011-12-05 13:49:00,428,28,5504,12.85981308411215,7807.91,18.242780373831774,221,0.25,0,717,25.6,5,5,5,Champions
16593,2009-12-05 10:44:00,2011-10-20 12:41:00,78,8,377,4.833333333333333,1071.14,13.732564102564103,57,0.25,0,685,85.6,4,5,3,Champions
16594,2011-09-25 14:08:00,2011-09-25 14:08:00,53,1,64,1.2075471698113207,181.09,3.416792452830189,53,0.25,0,1,1.0,3,1,1,Needs Attention
16595,2010-01-17 12:12:00,2011-10-09 13:15:00,452,5,1331,2.9446902654867255,1757.75,3.8888274336283186,337,0.25,0,631,126.2,3,4,4,Loyal Customers
16596,2009-12-10 13:09:00,2011-11-24 10:02:00,24,4,180,7.5,458.98,19.124166666666667,23,0.25,0,714,178.5,5,4,2,Champions
16597,2011-12-05 15:44:00,2011-12-05 15:44:00,7,1,184,26.285714285714285,90.03999999999999,12.862857142857141,7,0.25,0,1,1.0,5,1,1,Promising / New
16598,2011-02-27 11:42:00,2011-02-27 11:42:00,10,1,73,7.3,145.05,14.505,10,0.25,1,1,1.0,2,1,1,Lost / Inactive
16599,2010-11-19 12:45:00,2010-11-19 12:45:00,12,1,159,13.25,172.8,14.4,12,0.25,1,1,1.0,2,1,1,Lost / Inactive
16600,2009-12-18 12:59:00,2011-12-05 16:00:00,143,13,2420,16.923076923076923,2153.41,15.058811188811188,106,0.25,0,718,55.2,5,5,4,Champions
16601,2010-03-26 13:39:00,2011-10-30 11:09:00,69,3,391,5.666666666666667,677.0,9.81159420289855,60,0.25,0,583,194.3,4,3,3,Loyal Customers
16602,2010-11-16 09:13:00,2011-11-03 15:54:00,40,2,429,10.725,763.3299999999999,19.08325,37,0.25,0,353,176.5,4,2,3,Promising / New
16603,2011-09-09 13:02:00,2011-09-26 10:06:00,34,2,480,14.117647058823529,482.46999999999997,14.190294117647058,34,0.25,0,17,8.5,3,2,2,Needs Attention
16604,2010-05-20 16:34:00,2010-05-26 09:10:00,12,2,175,14.583333333333334,432.45,36.0375,10,0.25,1,6,3.0,1,2,2,Lost / Inactive
16605,2009-12-15 19:03:00,2009-12-15 19:03:00,1,1,144,144.0,60.48,60.48,1,0.25,1,1,1.0,1,1,1,Lost / Inactive
16606,2010-10-01 13:21:00,2010-10-31 13:57:00,22,2,148,6.7272727272727275,357.66,16.257272727272728,16,0.25,1,31,15.5,2,2,2,Lost / Inactive
16607,2010-04-29 14:01:00,2011-11-22 10:24:00,298,25,4436,14.885906040268456,5706.87,19.15057046979866,212,0.25,0,572,22.9,5,5,5,Champions
16608,2010-02-14 11:57:00,2010-09-12 11:44:00,121,2,612,5.0578512396694215,1286.62,10.633223140495867,94,0.25,1,210,105.0,1,2,4,Lost / Inactive
16609,2011-04-01 10:11:00,2011-11-24 13:32:00,276,7,2420,8.768115942028986,5493.46,19.903840579710145,155,0.25,0,238,34.0,5,4,5,Champions
16610,2011-05-04 13:13:00,2011-05-04 13:13:00,6,1,66,11.0,75.66,12.61,6,0.25,1,1,1.0,2,1,1,Lost / Inactive
16611,2010-03-10 16:07:00,2011-06-06 15:46:00,110,6,874,7.945454545454545,1785.1299999999999,16.228454545454543,86,0.25,1,453,75.5,3,4,4,Loyal Customers
16612,2009-12-03 15:54:00,2011-11-07 07:38:00,167,9,1419,8.497005988023952,3245.43,19.433712574850297,105,0.25,0,704,78.2,4,5,5,Champions
16613,2011-09-30 15:52:00,2011-09-30 15:52:00,30,1,293,9.766666666666667,618.59,20.619666666666667,30,0.25,0,1,1.0,3,1,3,Needs Attention
16614,2010-05-10 15:18:00,2011-06-10 11:36:00,49,3,349,7.122448979591836,1179.79,24.07734693877551,37,0.25,1,396,132.0,3,3,3,Loyal Customers
16615,2010-03-23 15:13:00,2010-03-23 15:13:00,19,1,211,11.105263157894736,291.5,15.342105263157896,19,0.25,1,1,1.0,1,1,2,Lost / Inactive
16616,2011-07-05 13:38:00,2011-11-24 16:31:00,33,2,370,11.212121212121213,500.42,15.164242424242424,31,0.25,0,143,71.5,5,2,2,Promising / New
16617,2011-04-18 10:35:00,2011-04-18 10:35:00,5,1,91,18.2,151.85,30.369999999999997,5,0.25,1,1,1.0,2,1,1,Lost / Inactive
16618,2011-01-21 11:55:00,2011-11-08 13:52:00,96,5,1363,14.197916666666666,2647.59,27.579062500000003,79,0.25,0,292,58.4,4,4,4,Champions
16619,2010-02-22 12:05:00,2011-03-21 08:18:00,116,4,1055,9.094827586206897,1938.33,16.709741379310344,103,0.25,1,392,98.0,2,4,4,At Risk
16620,2009-12-01 14:35:00,2011-12-06 12:19:00,94,6,1146,12.191489361702128,1758.93,18.712021276595745,78,0.25,0,735,122.5,5,4,4,Champions
16621,2011-03-07 11:32:00,2011-10-19 11:38:00,29,4,302,10.413793103448276,813.48,28.05103448275862,22,0.25,0,227,56.8,4,4,3,Champions
16622,2010-06-14 10:44:00,2010-06-14 10:44:00,12,1,44,3.6666666666666665,225.4,18.783333333333335,12,0.25,1,1,1.0,1,1,1,Lost / Inactive
16623,2010-04-26 14:04:00,2011-04-08 10:09:00,51,4,442,8.666666666666666,1015.24,19.906666666666666,44,0.25,1,347,86.8,2,4,3,At Risk
16624,2011-05-26 14:20:00,2011-09-20 12:39:00,48,2,488,10.166666666666666,810.57,16.886875,44,0.25,0,117,58.5,3,2,3,Needs Attention
16625,2010-06-14 11:56:00,2011-03-10 12:50:00,99,5,1057,10.676767676767676,1654.03,16.707373737373736,82,0.25,1,270,54.0,2,4,4,At Risk
16626,2011-03-18 12:27:00,2011-12-09 11:56:00,179,17,2690,15.027932960893855,4413.1,24.65418994413408,86,0.25,0,266,15.6,5,5,5,Champions
16627,2011-09-21 14:38:00,2011-09-21 14:38:00,20,1,162,8.1,322.8,16.14,20,0.25,0,1,1.0,3,1,2,Needs Attention
16628,2010-03-08 12:24:00,2011-11-10 12:45:00,125,7,1260,10.08,2318.1,18.5448,84,0.25,0,613,87.6,4,4,4,Champions
16629,2011-09-04 16:12:00,2011-09-27 10:34:00,60,2,489,8.15,408.63,6.8105,58,0.25,0,23,11.5,3,2,2,Needs Attention
16630,2010-10-28 14:30:00,2010-10-28 14:30:00,4,1,72,18.0,106.8,26.7,4,0.25,1,1,1.0,2,1,1,Lost / Inactive
16631,2010-02-26 10:49:00,2010-08-15 11:20:00,80,7,775,9.6875,1892.52,23.6565,46,0.25,1,171,24.4,1,4,4,At Risk
16632,2010-05-07 16:46:00,2010-08-11 11:39:00,27,2,256,9.481481481481481,406.4,15.05185185185185,22,0.25,1,96,48.0,1,2,2,Lost / Inactive
16633,2011-04-19 14:36:00,2011-11-22 13:41:00,152,6,1138,7.4868421052631575,2883.1,18.967763157894737,115,0.25,0,217,36.2,5,4,4,Champions
16634,2010-01-21 09:30:00,2011-05-01 12:09:00,83,6,1257,15.144578313253012,1649.81,19.87722891566265,72,0.25,1,466,77.7,2,4,4,At Risk
16635,2010-10-29 09:41:00,2010-10-29 09:41:00,25,1,277,11.08,473.0,18.92,25,0.25,1,1,1.0,2,1,2,Lost / Inactive
16636,2010-03-03 14:06:00,2010-09-27 13:13:00,73,4,2186,29.945205479452056,3802.04,52.0827397260274,62,0.25,1,208,52.0,1,4,5,At Risk
16637,2011-04-28 10:20:00,2011-11-07 13:17:00,69,4,927,13.434782608695652,1154.47,16.73144927536232,66,0.25,0,194,48.5,4,4,3,Champions
16638,2010-08-18 13:33:00,2011-11-17 11:09:00,138,15,1627,11.789855072463768,2380.13,17.247318840579712,130,0.25,0,456,30.4,4,5,4,Champions
16639,2010-10-26 18:23:00,2011-11-08 13:20:00,81,4,751,9.271604938271604,1747.98,21.580000000000002,76,0.25,0,378,94.5,4,4,4,Champions
16640,2010-11-07 10:48:00,2010-11-07 10:48:00,13,1,146,11.23076923076923,179.4,13.8,13,0.25,1,1,1.0,2,1,1,Lost / Inactive
16641,2010-01-07 12:22:00,2011-08-26 12:49:00,36,2,454,12.61111111111111,554.5,15.402777777777779,36,0.25,1,597,298.5,3,2,2,Needs Attention
16642,2010-10-20 14:22:00,2011-12-05 11:31:00,54,3,775,14.351851851851851,1077.45,19.95277777777778,50,0.25,0,411,137.0,5,3,3,Loyal Customers
16643,2010-10-13 09:47:00,2011-04-08 08:24:00,55,2,553,10.054545454545455,923.11,16.783818181818184,48,0.25,1,177,88.5,2,2,3,Lost / Inactive
16644,2011-05-11 12:53:00,2011-06-15 12:39:00,62,2,826,13.32258064516129,833.78,13.448064516129032,62,0.25,1,35,17.5,3,2,3,Needs Attention
16645,2009-12-04 09:49:00,2009-12-04 09:49:00,14,1,117,8.357142857142858,160.39,11.456428571428571,14,0.25,1,1,1.0,1,1,1,Lost / Inactive
16646,2010-09-16 13:28:00,2010-09-16 13:28:00,29,1,1072,36.96551724137931,678.8,23.406896551724138,29,0.25,1,1,1.0,1,1,3,Lost / Inactive
16647,2010-06-13 15:52:00,2011-06-23 11:47:00,33,4,396,12.0,541.9,16.421212121212122,28,0.25,1,375,93.8,3,4,2,Loyal Customers
16648,2010-04-28 14:58:00,2011-10-28 08:58:00,37,3,503,13.594594594594595,672.8,18.18378378378378,37,0.25,0,548,182.7,4,3,3,Loyal Customers
16649,2010-07-07 15:41:00,2010-07-07 15:41:00,20,1,82,4.1,306.58,15.328999999999999,20,0.25,1,1,1.0,1,1,2,Lost / Inactive
16650,2010-07-08 14:18:00,2011-09-29 09:51:00,98,7,1511,15.418367346938776,1916.11,19.552142857142854,71,0.25,0,448,64.0,3,4,4,Loyal Customers
16651,2010-05-02 11:46:00,2010-05-02 11:46:00,6,1,60,10.0,136.2,22.7,6,0.25,1,1,1.0,1,1,1,Lost / Inactive
16652,2010-03-17 10:22:00,2011-10-12 09:38:00,275,16,7477,27.189090909090908,17550.39,63.8196,124,0.25,0,574,35.9,4,5,5,Champions
16653,2011-09-29 13:38:00,2011-11-23 14:51:00,69,2,733,10.623188405797102,1212.66,17.574782608695653,67,0.25,0,56,28.0,5,2,3,Promising / New
16654,2010-04-06 13:29:00,2011-07-21 15:23:00,74,8,640,8.64864864864865,1484.07,20.055,64,0.25,1,472,59.0,3,5,4,Loyal Customers
16655,2010-01-31 15:40:00,2011-11-22 11:25:00,590,13,3938,6.6745762711864405,6423.26,10.886881355932204,408,0.25,0,660,50.8,5,5,5,Champions
16656,2009-12-04 12:59:00,2011-11-17 14:43:00,141,30,15433,109.45390070921985,16833.170000000002,119.38418439716314,22,0.25,0,714,23.8,4,5,5,Champions
16657,2011-03-30 12:02:00,2011-11-30 11:48:00,192,4,1130,5.885416666666667,874.43,4.554322916666666,158,0.25,0,245,61.2,5,4,3,Champions
16658,2010-03-30 16:24:00,2010-12-06 13:47:00,64,6,277,4.328125,690.83,10.79421875,49,0.25,1,251,41.8,2,4,3,At Risk
16659,2011-06-03 15:03:00,2011-06-03 15:03:00,2,1,72,36.0,39.12,19.56,2,0.25,1,1,1.0,3,1,1,Needs Attention
16660,2010-01-14 11:09:00,2011-11-23 14:53:00,24,7,991,41.291666666666664,1879.55,78.31458333333333,20,0.25,0,679,97.0,5,4,4,Champions
16661,2009-12-17 15:39:00,2010-06-17 15:24:00,62,4,364,5.870967741935484,932.76,15.044516129032258,50,0.25,1,182,45.5,1,4,3,At Risk
16662,2010-11-10 16:56:00,2010-11-10 16:56:00,28,1,35,1.25,151.05,5.394642857142857,28,0.25,1,1,1.0,2,1,1,Lost / Inactive
16663,2009-12-10 13:12:00,2009-12-10 13:12:00,1,1,100,100.0,165.0,165.0,1,0.25,1,1,1.0,1,2,1,Lost / Inactive
16664,2010-05-19 17:11:00,2010-05-19 17:11:00,8,1,24,3.0,109.2,13.65,8,0.25,1,1,1.0,1,2,1,Lost / Inactive
16665,2010-12-12 14:03:00,2010-12-12 14:03:00,9,1,59,6.555555555555555,135.4,15.044444444444444,9,0.25,1,1,1.0,2,2,1,Lost / Inactive
16666,2010-03-28 15:13:00,2011-11-20 14:01:00,48,2,354,7.375,217.71,4.5356250000000005,42,0.25,0,602,301.0,5,2,1,Promising / New
16667,2011-02-28 12:57:00,2011-10-02 15:26:00,52,2,236,4.538461538461538,567.1800000000001,10.907307692307693,52,0.25,0,217,108.5,3,2,2,Needs Attention
16668,2010-03-18 18:25:00,2011-11-24 17:43:00,53,13,773,14.584905660377359,862.42,16.272075471698113,28,0.25,0,616,47.4,5,5,3,Champions
16669,2011-09-22 14:13:00,2011-11-16 12:26:00,156,3,881,5.647435897435898,1348.8799999999999,8.646666666666667,141,0.25,0,55,18.3,4,3,4,Loyal Customers
16670,2009-12-10 15:28:00,2011-11-23 09:34:00,485,20,4534,9.348453608247423,8030.15,16.55701030927835,258,0.25,0,713,35.6,5,5,5,Champions
16671,2011-06-28 11:20:00,2011-11-11 13:40:00,6,3,875,145.83333333333334,1692.27,282.045,3,0.25,0,137,45.7,4,3,4,Loyal Customers
16672,2011-03-18 10:15:00,2011-12-07 16:29:00,114,20,2832,24.842105263157894,8134.94,71.35912280701754,22,0.25,0,265,13.2,5,5,5,Champions
16673,2010-01-29 14:22:00,2010-01-29 14:22:00,19,1,95,5.0,171.13,9.006842105263157,19,0.25,1,1,1.0,1,2,1,Lost / Inactive
16674,2011-09-02 13:59:00,2011-10-16 11:31:00,93,2,181,1.946236559139785,304.24,3.2713978494623657,89,0.25,0,44,22.0,4,2,2,Promising / New
16675,2010-08-18 13:11:00,2010-09-24 12:15:00,23,2,296,12.869565217391305,608.86,26.47217391304348,21,0.25,1,37,18.5,1,2,2,Lost / Inactive
16676,2010-10-17 13:07:00,2011-11-06 12:01:00,133,6,927,6.969924812030075,2361.9,17.758646616541355,106,0.25,0,385,64.2,4,4,4,Champions
16677,2010-02-25 16:11:00,2010-10-24 14:53:00,47,2,457,9.72340425531915,880.62,18.73659574468085,45,0.25,1,241,120.5,1,2,3,Lost / Inactive
16678,2011-03-02 09:24:00,2011-12-07 12:17:00,163,12,2397,14.705521472392638,3109.99,19.07969325153374,92,0.25,0,281,23.4,5,5,5,Champions
16679,2010-06-10 18:35:00,2010-12-08 13:51:00,18,3,247,13.722222222222221,663.31,36.85055555555555,15,0.25,1,181,60.3,2,3,3,At Risk
16680,2010-06-23 09:30:00,2011-10-27 17:35:00,29,3,377,13.0,821.45,28.32586206896552,24,0.25,0,492,164.0,4,3,3,Loyal Customers
16681,2010-03-08 14:10:00,2011-09-28 11:11:00,49,7,1492,30.448979591836736,1921.84,39.221224489795915,22,0.25,0,569,81.3,3,4,4,Loyal Customers
16682,2011-06-05 11:02:00,2011-12-05 12:13:00,30,5,1040,34.666666666666664,1028.0,34.266666666666666,15,0.25,0,184,36.8,5,4,3,Champions
16683,2010-06-24 10:36:00,2010-06-24 10:36:00,18,1,190,10.555555555555555,320.25,17.791666666666668,18,0.25,1,1,1.0,1,2,2,Lost / Inactive
16684,2009-12-07 12:56:00,2011-12-05 14:06:00,718,55,104810,145.974930362117,147142.77,204.93422005571028,184,0.25,0,729,13.3,5,5,5,Champions
16685,2011-10-09 13:44:00,2011-10-09 13:58:00,62,2,396,6.387096774193548,324.24,5.2296774193548385,60,0.25,0,1,0.5,3,2,2,Needs Attention
16686,2009-12-06 15:48:00,2011-10-23 13:49:00,1028,16,3419,3.325875486381323,4881.07,4.748122568093385,549,0.25,0,686,42.9,4,5,5,Champions
16687,2010-11-14 11:46:00,2010-11-14 11:46:00,8,1,141,17.625,157.63,19.70375,8,0.25,1,1,1.0,2,2,1,Lost / Inactive
16688,2011-10-10 12:23:00,2011-12-08 15:24:00,62,4,804,12.96774193548387,1260.8600000000001,20.33645161290323,52,0.25,0,60,15.0,5,4,4,Champions
16689,2011-09-18 13:29:00,2011-09-25 11:39:00,13,2,330,25.384615384615383,422.6,32.50769230769231,12,0.25,0,7,3.5,3,2,2,Needs Attention
16690,2010-09-14 15:00:00,2011-09-28 15:02:00,19,4,209,11.0,353.03000000000003,18.580526315789474,12,0.25,0,380,95.0,3,4,2,Loyal Customers
16691,2010-05-27 14:55:00,2010-10-17 15:03:00,11,2,92,8.363636363636363,178.82999999999998,16.257272727272724,11,0.25,1,144,72.0,1,2,1,Lost / Inactive
16692,2010-09-24 11:31:00,2011-03-28 14:46:00,5,4,878,175.6,1914.7,382.94,3,0.25,1,186,46.5,2,4,4,At Risk
16693,2010-02-21 12:42:00,2011-10-02 11:10:00,168,5,658,3.9166666666666665,1179.48,7.020714285714286,149,0.25,0,588,117.6,3,4,3,Loyal Customers
16694,2009-12-16 15:45:00,2009-12-16 15:45:00,3,1,26,8.666666666666666,98.3,32.766666666666666,3,0.25,1,1,1.0,1,2,1,Lost / Inactive
16695,2010-05-27 12:24:00,2010-05-27 12:36:00,35,2,184,5.257142857142857,191.9,5.482857142857143,30,0.25,1,1,0.5,1,2,1,Lost / Inactive
16696,2011-04-05 15:20:00,2011-07-27 14:23:00,10,4,146,14.6,657.9,65.78999999999999,7,0.25,1,113,28.2,3,4,3,Loyal Customers
16697,2011-04-12 17:12:00,2011-04-12 17:12:00,21,1,27,1.2857142857142858,112.75,5.369047619047619,20,0.25,1,1,1.0,2,2,1,Lost / Inactive
16698,2011-03-31 13:33:00,2011-04-27 10:52:00,5,2,840,168.0,1998.0,399.6,4,0.25,1,27,13.5,2,2,4,Lost / Inactive
16699,2009-12-04 13:31:00,2010-11-24 14:38:00,62,7,640,10.32258064516129,994.6,16.04193548387097,51,0.25,1,356,50.9,2,4,3,At Risk
16700,2009-12-02 10:51:00,2011-12-01 11:00:00,515,25,6644,12.900970873786408,8830.77,17.147126213592234,263,0.25,0,730,29.2,5,5,5,Champions
16701,2009-12-01 19:19:00,2011-12-01 11:10:00,275,26,11046,40.167272727272724,9916.73,36.06083636363636,154,0.25,0,730,28.1,5,5,5,Champions
16702,2009-12-07 16:40:00,2010-10-20 14:10:00,91,4,692,7.604395604395604,1110.83,12.206923076923076,84,0.25,1,317,79.2,1,4,3,At Risk
16704,2010-02-05 14:14:00,2010-03-31 14:02:00,54,2,433,8.018518518518519,664.16,12.299259259259259,50,0.25,1,54,27.0,1,2,3,Lost / Inactive
16705,2009-12-09 13:34:00,2011-12-09 12:08:00,691,42,22302,32.27496382054993,43515.05,62.97402315484805,400,0.25,0,730,17.4,5,5,5,Champions
16706,2011-08-17 15:53:00,2011-11-02 13:50:00,123,3,249,2.024390243902439,531.35,4.319918699186992,108,0.25,0,77,25.7,4,3,2,Loyal Customers
16707,2010-03-09 15:16:00,2010-11-04 14:39:00,65,4,396,6.092307692307692,533.41,8.206307692307691,64,0.25,1,240,60.0,2,4,2,At Risk
16708,2011-10-25 12:20:00,2011-10-25 12:20:00,27,1,285,10.555555555555555,656.63,24.31962962962963,27,0.25,0,1,1.0,4,2,3,Promising / New
16709,2009-12-09 13:16:00,2011-09-16 10:56:00,302,14,3261,10.798013245033113,9056.01,29.986788079470198,220,0.25,0,646,46.1,3,5,5,Loyal Customers
16710,2009-12-04 13:41:00,2011-11-20 14:50:00,909,22,4174,4.591859185918592,5921.35,6.514136413641364,541,0.25,0,717,32.6,5,5,5,Champions
16711,2009-12-02 13:22:00,2011-12-06 16:32:00,33,9,1212,36.72727272727273,2868.48,86.92363636363636,26,0.25,0,735,81.7,5,5,4,Champions
16712,2010-11-03 15:45:00,2011-11-30 13:48:00,521,13,2074,3.980806142034549,4232.87,8.12451055662188,301,0.25,0,392,30.2,5,5,5,Champions
16713,2009-12-15 12:49:00,2011-11-21 12:36:00,1266,32,8482,6.699842022116903,14115.56,11.149731437598735,541,0.25,0,706,22.1,5,5,5,Champions
16714,2010-02-07 11:17:00,2011-05-05 11:09:00,110,4,828,7.527272727272727,1497.33,13.612090909090908,95,0.25,1,452,113.0,2,4,4,At Risk
16715,2010-05-26 12:35:00,2011-09-22 18:15:00,28,2,1174,41.92857142857143,625.52,22.34,27,0.25,0,485,242.5,3,2,3,Needs Attention
16716,2010-03-19 11:05:00,2011-03-18 10:03:00,8,3,912,114.0,2149.68,268.71,7,0.25,1,364,121.3,2,3,4,At Risk
16717,2009-12-07 15:55:00,2011-11-16 12:16:00,350,14,3145,8.985714285714286,6663.68,19.039085714285715,274,0.25,0,709,50.6,4,5,5,Champions
16718,2009-12-06 13:07:00,2010-12-05 13:03:00,177,5,1924,10.870056497175142,3006.08,16.983502824858757,123,0.25,1,364,72.8,2,4,5,At Risk
16719,2009-12-13 10:59:00,2011-11-25 09:27:00,392,14,2356,6.010204081632653,3513.62,8.963316326530611,204,0.25,0,712,50.9,5,5,5,Champions
16720,2009-12-17 17:54:00,2011-11-13 16:22:00,140,3,460,3.2857142857142856,758.74,5.4195714285714285,130,0.25,0,696,232.0,4,3,3,Loyal Customers
16721,2011-03-22 16:08:00,2011-03-22 16:08:00,37,1,172,4.648648648648648,292.47,7.904594594594595,37,0.25,1,1,1.0,2,2,2,Lost / Inactive
16722,2009-12-03 19:23:00,2011-11-22 13:28:00,378,22,7986,21.126984126984127,8189.56,21.665502645502645,145,0.25,0,719,32.7,5,5,5,Champions
16723,2009-12-04 13:23:00,2011-09-09 13:01:00,124,4,958,7.725806451612903,1231.3600000000001,9.930322580645162,108,0.25,1,644,161.0,3,4,4,Loyal Customers
16724,2010-10-31 11:40:00,2010-10-31 11:40:00,17,1,69,4.0588235294117645,147.35,8.66764705882353,17,0.25,1,1,1.0,2,2,1,Lost / Inactive
16725,2009-12-13 15:54:00,2011-02-10 16:52:00,348,14,700,2.0114942528735633,1688.26,4.85132183908046,242,0.25,1,425,30.4,2,5,4,At Risk
16726,2010-10-24 16:09:00,2011-11-13 14:53:00,262,7,1323,5.049618320610687,2063.88,7.877404580152672,150,0.25,0,385,55.0,4,4,4,Champions
16727,2010-01-20 10:48:00,2010-12-10 13:48:00,205,4,1066,5.2,1377.77,6.7208292682926825,158,0.25,1,325,81.2,2,4,4,At Risk
16728,2011-03-20 13:28:00,2011-10-24 14:36:00,263,4,671,2.5513307984790874,1048.28,3.9858555133079845,218,0.25,0,219,54.8,4,4,3,Champions
16729,2011-04-12 14:22:00,2011-11-01 14:29:00,656,21,5722,8.722560975609756,7205.33,10.983734756097562,234,0.25,0,204,9.7,4,5,5,Champions
16730,2011-01-24 14:01:00,2011-10-18 14:11:00,82,3,994,12.121951219512194,743.11,9.062317073170732,75,0.25,0,268,89.3,4,3,3,Loyal Customers
16731,2010-03-01 15:05:00,2010-03-01 15:05:00,42,1,124,2.9523809523809526,170.3,4.0547619047619055,40,0.25,1,1,1.0,1,2,1,Lost / Inactive
16732,2009-12-08 13:04:00,2011-11-08 09:54:00,221,4,2414,10.923076923076923,4387.64,19.853574660633484,199,0.25,0,700,175.0,4,4,5,Champions
16733,2010-06-28 10:12:00,2010-06-28 10:12:00,12,1,112,9.333333333333334,259.68,21.64,12,0.25,1,1,1.0,1,2,1,Lost / Inactive
16734,2011-08-17 15:00:00,2011-10-18 13:44:00,52,3,345,6.634615384615385,646.76,12.437692307692307,44,0.25,0,62,20.7,4,3,3,Loyal Customers
16735,2009-12-08 09:24:00,2011-09-22 11:49:00,294,14,4240,14.421768707482993,6217.41,21.14765306122449,178,0.25,0,654,46.7,3,5,5,Loyal Customers
16736,2009-12-03 16:12:00,2010-07-22 10:09:00,143,5,1050,7.3426573426573425,2956.56,20.675244755244755,116,0.25,1,231,46.2,1,4,5,At Risk
16737,2010-05-11 09:53:00,2011-10-17 13:03:00,2,2,576,288.0,835.2,417.6,1,0.25,0,525,262.5,4,2,3,Promising / New
16738,2011-02-15 09:46:00,2011-02-15 09:46:00,1,1,3,3.0,3.75,3.75,1,0.25,1,1,1.0,2,2,1,Lost / Inactive
16739,2010-06-21 09:38:00,2011-06-16 09:17:00,38,2,391,10.289473684210526,786.43,20.695526315789472,33,0.25,1,360,180.0,3,2,3,Needs Attention
16740,2010-11-09 13:34:00,2010-11-09 13:34:00,32,1,110,3.4375,226.91,7.0909375,30,0.25,1,1,1.0,2,2,1,Lost / Inactive
16741,2010-03-24 15:15:00,2010-03-24 15:15:00,11,1,81,7.363636363636363,173.06,15.732727272727272,11,0.25,1,1,1.0,1,2,1,Lost / Inactive
16742,2009-12-16 17:22:00,2011-10-24 12:02:00,104,14,2558,24.596153846153847,2799.87,26.92182692307692,51,0.25,0,677,48.4,4,5,4,Champions
16743,2010-04-22 13:21:00,2011-11-10 13:13:00,371,14,3707,9.991913746630727,4212.15,11.353504043126684,118,0.25,0,567,40.5,4,5,5,Champions
16744,2011-06-19 15:13:00,2011-11-28 13:06:00,236,7,798,3.3813559322033897,1291.91,5.4741949152542375,198,0.25,0,162,23.1,5,4,4,Champions
16745,2011-02-01 11:31:00,2011-09-14 11:58:00,355,17,6719,18.92676056338028,7180.7,20.227323943661972,148,0.25,0,226,13.3,3,5,5,Loyal Customers
16746,2009-12-04 13:00:00,2011-12-05 12:33:00,983,42,11900,12.105798575788404,18046.75,18.3588504577823,390,0.25,0,731,17.4,5,5,5,Champions
16747,2011-10-03 10:18:00,2011-11-02 11:37:00,42,2,583,13.880952380952381,836.06,19.906190476190474,34,0.25,0,31,15.5,4,2,3,Promising / New
16748,2009-12-10 12:28:00,2011-11-22 10:17:00,165,14,2127,12.89090909090909,3637.33,22.044424242424242,55,0.25,0,712,50.9,5,5,5,Champions
16749,2009-12-15 14:05:00,2010-04-27 13:06:00,72,2,1910,26.52777777777778,4157.88,57.748333333333335,53,0.25,1,133,66.5,1,2,5,Lost / Inactive
16750,2011-04-21 16:53:00,2011-10-26 12:48:00,95,5,214,2.2526315789473683,623.9300000000001,6.567684210526316,74,0.25,0,188,37.6,4,4,3,Champions
16751,2011-11-09 10:48:00,2011-11-09 10:48:00,25,1,1031,41.24,1764.72,70.5888,24,0.25,0,1,1.0,4,2,4,Promising / New
16752,2010-12-02 12:18:00,2010-12-02 12:18:00,9,1,54,6.0,207.5,23.055555555555557,9,0.25,1,1,1.0,2,2,1,Lost / Inactive
16753,2011-10-12 13:14:00,2011-10-12 13:14:00,34,1,189,5.5588235294117645,223.92000000000002,6.5858823529411765,34,0.25,0,1,1.0,4,2,1,Promising / New
16754,2010-03-08 11:32:00,2010-12-02 17:38:00,140,29,63551,453.9357142857143,65500.07,467.8576428571429,38,0.25,1,270,9.3,2,5,5,At Risk
16755,2009-12-09 14:25:00,2011-08-17 13:21:00,319,7,1985,6.222570532915361,2864.68,8.980188087774295,219,0.25,1,616,88.0,3,4,4,Loyal Customers
16756,2010-03-09 15:56:00,2011-05-09 09:33:00,79,7,707,8.949367088607595,1312.37,16.612278481012655,64,0.25,1,426,60.9,2,4,4,At Risk
16757,2010-10-26 15:09:00,2011-01-25 11:59:00,15,2,180,12.0,270.47999999999996,18.031999999999996,13,0.25,1,91,45.5,2,2,1,Lost / Inactive
16758,2011-10-05 14:47:00,2011-10-05 14:47:00,22,1,203,9.227272727272727,369.34,16.788181818181815,22,0.25,0,1,1.0,3,2,2,Needs Attention
16759,2011-11-09 09:06:00,2011-12-02 12:42:00,42,3,609,14.5,789.79,18.804523809523808,40,0.25,0,24,8.0,5,3,3,Loyal Customers
16760,2010-10-05 15:55:00,2010-10-05 15:55:00,17,1,168,9.882352941176471,228.0,13.411764705882353,17,0.25,1,1,1.0,1,2,1,Lost / Inactive
16761,2011-09-04 11:15:00,2011-09-04 11:15:00,13,1,341,26.23076923076923,316.62,24.355384615384615,13,0.25,1,1,1.0,3,2,2,Needs Attention
16762,2011-07-18 12:52:00,2011-11-20 11:43:00,63,3,480,7.619047619047619,1207.24,19.162539682539684,51,0.25,0,125,41.7,4,3,3,Loyal Customers
16763,2009-12-01 15:26:00,2011-05-25 11:52:00,44,2,492,11.181818181818182,964.7,21.925,44,0.25,1,540,270.0,2,2,3,Lost / Inactive
16764,2011-07-19 17:17:00,2011-12-06 11:41:00,700,13,1253,1.79,2790.95,3.9870714285714284,209,0.25,0,140,10.8,5,5,4,Champions
16765,2010-11-22 13:42:00,2011-02-18 15:41:00,52,2,311,5.980769230769231,454.75,8.745192307692308,52,0.25,1,89,44.5,2,2,2,Lost / Inactive
16766,2011-03-11 13:34:00,2011-03-11 15:22:00,34,2,536,15.764705882352942,1145.6,33.69411764705882,17,0.25,1,1,0.5,2,2,3,Lost / Inactive
16767,2010-04-28 16:49:00,2011-11-09 09:42:00,321,15,7102,22.12461059190031,8056.76,25.09894080996885,209,0.25,0,560,37.3,4,5,5,Champions
16768,2009-12-07 11:47:00,2011-10-23 10:38:00,161,9,774,4.807453416149069,1698.57,10.550124223602484,108,0.25,0,685,76.1,4,5,4,Champions
16769,2009-12-14 11:10:00,2011-03-24 13:41:00,97,4,295,3.0412371134020617,1117.05,11.515979381443298,76,0.25,1,466,116.5,2,4,3,At Risk
16770,2010-08-22 16:08:00,2011-10-13 12:21:00,339,9,1052,3.103244837758112,1778.93,5.247581120943953,202,0.25,0,417,46.3,4,5,4,Champions
16771,2009-12-09 11:52:00,2011-11-06 13:28:00,408,10,2308,5.6568627450980395,3949.6,9.680392156862744,303,0.25,0,698,69.8,4,5,5,Champions
16772,2009-12-18 10:50:00,2010-10-12 13:19:00,68,3,687,10.102941176470589,3698.0499999999997,54.38308823529411,54,0.25,1,299,99.7,1,3,5,At Risk
16773,2009-12-06 15:01:00,2011-10-13 14:37:00,65,3,252,3.876923076923077,421.24,6.480615384615385,53,0.25,0,676,225.3,4,3,2,Loyal Customers
16774,2010-02-16 16:53:00,2011-10-03 12:41:00,131,8,774,5.908396946564886,1567.48,11.965496183206106,89,0.25,0,594,74.2,3,5,4,Loyal Customers
16775,2010-09-23 17:34:00,2011-11-29 15:22:00,259,16,957,3.694980694980695,2820.84,10.891274131274132,132,0.25,0,432,27.0,5,5,4,Champions
16776,2010-10-20 12:13:00,2011-10-10 13:04:00,126,2,435,3.4523809523809526,592.51,4.702460317460317,105,0.25,0,356,178.0,3,2,2,Needs Attention
16777,2010-03-17 12:42:00,2011-09-20 13:41:00,142,5,470,3.3098591549295775,1292.18,9.099859154929577,125,0.25,0,553,110.6,3,4,4,Loyal Customers
16778,2011-03-10 15:21:00,2011-09-26 13:48:00,16,2,194,12.125,245.94,15.37125,16,0.25,0,200,100.0,3,2,1,Needs Attention
16779,2009-12-03 13:03:00,2011-12-07 14:54:00,1040,53,19411,18.664423076923075,32809.03,31.54714423076923,293,0.25,0,735,13.9,5,5,5,Champions
16780,2010-10-28 19:41:00,2011-08-31 16:09:00,96,3,352,3.6666666666666665,596.4,6.2124999999999995,73,0.25,1,307,102.3,3,3,2,Loyal Customers
16781,2010-02-08 13:56:00,2010-12-02 14:26:00,39,2,192,4.923076923076923,623.0,15.974358974358974,36,0.25,1,298,149.0,2,2,3,Lost / Inactive
16782,2009-12-09 11:58:00,2011-11-29 13:20:00,1683,38,4027,2.3927510398098635,9636.12,5.725561497326204,575,0.25,0,721,19.0,5,5,5,Champions
16783,2010-09-29 11:53:00,2010-09-29 11:53:00,25,1,163,6.52,391.95,15.677999999999999,25,0.25,1,1,1.0,1,2,2,Lost / Inactive
16784,2010-03-28 12:55:00,2011-11-20 12:20:00,158,5,494,3.1265822784810124,892.33,5.647658227848101,138,0.25,0,602,120.4,4,4,3,Champions
16785,2010-10-26 10:36:00,2010-10-26 10:36:00,35,1,313,8.942857142857143,533.78,15.250857142857143,35,0.25,1,1,1.0,2,2,2,Lost / Inactive
16786,2010-11-11 08:25:00,2010-11-11 08:25:00,1,1,72,72.0,51.84,51.84,1,0.25,1,1,1.0,2,2,1,Lost / Inactive
16787,2010-01-10 11:12:00,2010-11-07 11:01:00,112,4,472,4.214285714285714,1017.53,9.085089285714286,102,0.25,1,301,75.2,2,4,3,At Risk
16788,2010-02-07 12:40:00,2011-08-08 14:53:00,478,5,965,2.018828451882845,1928.93,4.035418410041841,348,0.25,1,548,109.6,3,4,4,Loyal Customers
16789,2011-12-01 15:12:00,2011-12-01 15:12:00,5,1,32,6.4,80.8,16.16,5,0.25,0,1,1.0,5,2,1,Promising / New
16790,2011-11-02 11:23:00,2011-12-06 11:53:00,93,6,898,9.655913978494624,1545.6200000000001,16.61956989247312,88,0.25,0,35,5.8,5,4,4,Champions
16791,2009-12-03 18:08:00,2011-11-10 19:12:00,681,15,1854,2.7224669603524227,3957.63,5.811497797356829,393,0.25,0,708,47.2,4,5,5,Champions
16792,2010-01-04 13:47:00,2011-03-02 14:41:00,102,5,324,3.176470588235294,623.46,6.1123529411764705,90,0.25,1,423,84.6,2,4,3,At Risk
16793,2011-10-13 15:08:00,2011-10-13 15:08:00,16,1,146,9.125,243.84,15.24,16,0.25,0,1,1.0,4,2,1,Promising / New
16794,2010-03-25 15:17:00,2011-12-08 17:54:00,502,15,1576,3.139442231075697,2052.7,4.089043824701195,245,0.25,0,624,41.6,5,5,4,Champions
16795,2010-01-25 13:14:00,2010-12-09 14:08:00,336,3,1214,3.613095238095238,2062.41,6.138125,306,0.25,1,319,106.3,2,3,4,At Risk
16796,2011-09-11 14:01:00,2011-09-11 14:01:00,18,1,186,10.333333333333334,305.62,16.97888888888889,18,0.25,0,1,1.0,3,2,2,Needs Attention
16797,2009-12-02 13:33:00,2010-11-11 19:14:00,398,5,898,2.2562814070351758,1802.02,4.527688442211055,289,0.25,1,345,69.0,2,4,4,At Risk
16798,2009-12-10 19:35:00,2010-06-03 19:01:00,169,3,205,1.21301775147929,841.16,4.977278106508876,141,0.25,1,175,58.3,1,3,3,At Risk
16799,2010-09-12 12:46:00,2010-10-03 14:28:00,92,2,162,1.7608695652173914,452.78,4.9215217391304344,81,0.25,1,22,11.0,1,2,2,Lost / Inactive
16800,2011-11-28 14:06:00,2011-11-28 14:06:00,156,1,524,3.358974358974359,1162.65,7.452884615384616,148,0.25,0,1,1.0,5,2,3,Promising / New
16801,2011-03-11 13:56:00,2011-06-29 15:33:00,75,4,493,6.573333333333333,1594.23,21.2564,72,0.25,1,111,27.8,3,4,4,Loyal Customers
16802,2009-12-09 13:00:00,2010-01-29 13:44:00,53,2,369,6.962264150943396,582.61,10.992641509433962,48,0.25,1,52,26.0,1,2,2,Lost / Inactive
16803,2011-10-05 14:28:00,2011-10-05 14:28:00,24,1,245,10.208333333333334,332.3,13.845833333333333,24,0.25,0,1,1.0,3,2,2,Needs Attention
16804,2011-03-14 15:48:00,2011-11-16 16:43:00,60,3,246,4.1,536.99,8.949833333333334,59,0.25,0,248,82.7,4,3,2,Loyal Customers
16805,2009-12-08 14:29:00,2011-06-19 11:23:00,249,5,1120,4.497991967871486,1091.34,4.38289156626506,213,0.25,1,558,111.6,3,4,3,Loyal Customers
16806,2011-04-14 19:59:00,2011-08-28 15:27:00,93,4,356,3.827956989247312,762.16,8.195268817204301,68,0.25,1,136,34.0,3,4,3,Loyal Customers
16807,2010-03-26 14:38:00,2011-07-20 12:00:00,142,6,1433,10.091549295774648,2123.88,14.956901408450705,107,0.25,1,481,80.2,3,4,4,Loyal Customers
16808,2011-03-10 19:05:00,2011-09-01 19:34:00,23,2,196,8.521739130434783,288.42,12.540000000000001,21,0.25,1,176,88.0,3,2,2,Needs Attention
16809,2010-04-13 15:34:00,2011-11-16 15:45:00,259,9,1093,4.22007722007722,1727.43,6.6696138996139,113,0.25,0,583,64.8,4,5,4,Champions
16810,2010-10-15 15:32:00,2011-05-31 15:32:00,34,2,372,10.941176470588236,842.04,24.765882352941176,34,0.25,1,229,114.5,2,2,3,Lost / Inactive
16811,2011-11-22 17:19:00,2011-12-05 11:39:00,28,2,477,17.035714285714285,547.0699999999999,19.538214285714282,26,0.25,0,13,6.5,5,2,2,Promising / New
16812,2010-11-22 14:36:00,2010-12-14 12:35:00,115,4,1116,9.704347826086957,2392.0,20.8,98,0.25,1,22,5.5,2,4,4,At Risk
16813,2011-05-19 13:28:00,2011-12-01 14:03:00,426,10,1501,3.523474178403756,1652.18,3.878356807511737,248,0.25,0,197,19.7,5,5,4,Champions
16814,2010-04-11 12:45:00,2011-11-25 13:27:00,767,36,4844,6.315514993481095,11924.85,15.547392438070405,247,0.25,0,594,16.5,5,5,5,Champions
16815,2010-06-21 12:05:00,2010-09-12 10:59:00,73,2,237,3.2465753424657535,406.02,5.561917808219178,66,0.25,1,83,41.5,1,2,2,Lost / Inactive
16816,2010-12-16 17:01:00,2011-08-28 14:16:00,28,4,274,9.785714285714286,417.06,14.895,28,0.25,1,255,63.8,3,4,2,Loyal Customers
16817,2010-10-04 09:06:00,2011-12-07 11:03:00,141,13,1401,9.936170212765957,2560.7,18.16099290780142,107,0.25,0,430,33.1,5,5,4,Champions
16818,2011-05-18 11:42:00,2011-11-29 10:41:00,188,11,2164,11.51063829787234,3349.57,17.81686170212766,172,0.25,0,195,17.7,5,5,5,Champions
16819,2010-08-31 17:31:00,2010-08-31 17:37:00,17,2,253,14.882352941176471,182.59,10.740588235294117,17,0.25,1,1,0.5,1,2,1,Lost / Inactive
16820,2011-09-05 12:06:00,2011-09-05 12:06:00,26,1,307,11.807692307692308,497.61,19.138846153846153,26,0.25,1,1,1.0,3,2,2,Needs Attention
16821,2010-11-23 10:04:00,2010-11-23 10:04:00,7,1,13,1.8571428571428572,113.35,16.192857142857143,7,0.25,1,1,1.0,2,2,1,Lost / Inactive
16822,2010-01-22 14:22:00,2010-01-22 14:22:00,11,1,171,15.545454545454545,181.39,16.49,11,0.25,1,1,1.0,1,2,1,Lost / Inactive
16823,2009-12-02 09:57:00,2011-04-26 15:00:00,173,7,1166,6.7398843930635834,2243.09,12.965838150289018,149,0.25,1,511,73.0,2,4,4,At Risk
16824,2010-11-11 12:21:00,2011-11-24 12:38:00,39,3,390,10.0,686.24,17.595897435897434,34,0.25,0,379,126.3,5,3,3,Loyal Customers
16825,2010-06-23 13:14:00,2011-11-01 11:51:00,64,5,1297,20.265625,1826.8899999999999,28.545156249999998,48,0.25,0,496,99.2,4,4,4,Champions
16826,2011-10-19 14:05:00,2011-10-19 14:05:00,22,1,158,7.181818181818182,341.7,15.531818181818181,22,0.25,0,1,1.0,4,2,2,Promising / New
16827,2010-04-29 19:07:00,2010-11-11 14:04:00,12,5,125,10.416666666666666,392.13,32.6775,10,0.25,1,196,39.2,2,4,2,At Risk
16828,2011-08-19 13:24:00,2011-09-07 15:10:00,8,2,59,7.375,128.5,16.0625,8,0.25,1,20,10.0,3,2,1,Needs Attention
16829,2010-11-16 18:11:00,2011-07-06 10:48:00,27,2,215,7.962962962962963,513.32,19.011851851851855,25,0.25,1,232,116.0,3,2,2,Needs Attention
16830,2009-12-13 12:11:00,2011-11-01 11:35:00,75,4,699,9.32,1207.5,16.1,65,0.25,0,688,172.0,4,4,3,Champions
16831,2010-05-24 09:08:00,2010-05-24 09:08:00,6,1,48,8.0,91.8,15.299999999999999,6,0.25,1,1,1.0,1,2,1,Lost / Inactive
16832,2010-09-07 12:35:00,2011-06-08 15:36:00,21,5,179,8.523809523809524,417.61,19.886190476190478,19,0.25,1,275,55.0,3,4,2,Loyal Customers
16833,2010-03-26 15:31:00,2011-12-08 14:39:00,92,6,878,9.543478260869565,2409.04,26.18521739130435,87,0.25,0,622,103.7,5,4,4,Champions
16834,2010-02-03 14:24:00,2011-04-26 09:37:00,48,2,760,15.833333333333334,898.9599999999999,18.72833333333333,43,0.25,1,447,223.5,2,3,3,At Risk
16835,2010-05-19 08:41:00,2011-08-03 13:50:00,82,6,496,6.048780487804878,1456.66,17.764146341463416,58,0.25,1,442,73.7,3,4,4,Loyal Customers
16836,2010-05-14 12:52:00,2011-10-31 10:05:00,42,4,539,12.833333333333334,782.37,18.627857142857142,42,0.25,0,535,133.8,4,4,3,Champions
16837,2011-04-08 08:48:00,2011-11-08 14:27:00,165,11,1563,9.472727272727273,3170.98,19.218060606060607,123,0.25,0,215,19.5,4,5,5,Champions
16838,2010-02-14 15:27:00,2011-05-26 13:13:00,59,4,509,8.627118644067796,1159.6100000000001,19.65440677966102,53,0.25,1,466,116.5,2,4,3,At Risk
16839,2010-02-11 15:02:00,2011-12-01 09:03:00,350,44,11295,32.27142857142857,21758.25,62.16642857142857,132,0.25,0,658,15.0,5,5,5,Champions
16840,2010-02-03 12:42:00,2010-04-15 15:48:00,9,2,117,13.0,139.85,15.538888888888888,9,0.25,1,72,36.0,1,3,1,At Risk
16841,2010-01-12 11:32:00,2011-11-03 11:51:00,219,12,3478,15.881278538812785,4006.06,18.292511415525112,187,0.25,0,661,55.1,4,5,5,Champions
16842,2011-02-10 14:51:00,2011-08-31 10:42:00,63,3,693,11.0,1264.19,20.066507936507936,45,0.25,1,202,67.3,3,3,4,Loyal Customers
16843,2009-12-10 11:40:00,2011-10-28 09:06:00,596,35,18502,31.043624161073826,19571.43,32.83796979865772,317,0.25,0,687,19.6,4,5,5,Champions
16844,2010-05-06 09:16:00,2010-05-26 10:29:00,32,2,281,8.78125,614.34,19.198125,26,0.25,1,21,10.5,1,3,3,At Risk
16845,2010-03-31 13:09:00,2010-03-31 13:09:00,20,1,167,8.35,253.88,12.693999999999999,20,0.25,1,1,1.0,1,2,1,Lost / Inactive
16846,2010-03-10 12:03:00,2011-10-20 13:55:00,47,3,517,11.0,842.41,17.923617021276595,47,0.25,0,590,196.7,4,3,3,Loyal Customers
16847,2010-03-31 13:32:00,2011-10-27 13:29:00,37,2,255,6.891891891891892,614.89,16.618648648648648,37,0.25,0,575,287.5,4,3,3,Loyal Customers
16848,2010-10-03 11:01:00,2011-10-18 08:42:00,85,4,780,9.176470588235293,1411.62,16.607294117647058,75,0.25,0,380,95.0,4,4,4,Champions
16849,2011-06-06 09:16:00,2011-06-06 09:16:00,8,1,33,4.125,124.57,15.57125,8,0.25,1,1,1.0,3,2,1,Needs Attention
16850,2011-01-10 11:09:00,2011-01-10 11:09:00,19,1,249,13.105263157894736,332.40999999999997,17.495263157894737,19,0.25,1,1,1.0,2,2,2,Lost / Inactive
16851,2011-10-19 09:48:00,2011-12-05 13:32:00,20,3,271,13.55,342.45,17.1225,17,0.25,0,48,16.0,5,3,2,Loyal Customers
16852,2011-06-16 15:49:00,2011-11-29 13:22:00,9,2,56,6.222222222222222,144.91,16.10111111111111,9,0.25,0,166,83.0,5,3,1,Loyal Customers
16854,2010-03-09 14:32:00,2010-10-18 16:31:00,75,2,997,13.293333333333333,1408.96,18.786133333333336,72,0.25,1,224,112.0,1,3,4,At Risk
16855,2011-10-27 16:31:00,2011-11-16 12:03:00,19,2,164,8.631578947368421,328.4,17.28421052631579,19,0.25,0,20,10.0,4,3,2,Loyal Customers
16856,2010-09-23 13:11:00,2011-11-25 08:59:00,19,3,171,9.0,358.49,18.867894736842107,16,0.25,0,428,142.7,5,3,2,Loyal Customers
16857,2010-09-23 10:49:00,2010-09-23 10:49:00,11,1,168,15.272727272727273,352.8,32.07272727272727,11,0.25,1,1,1.0,1,2,2,Lost / Inactive
16858,2009-12-15 11:09:00,2010-12-06 09:52:00,126,10,1423,11.293650793650794,4292.59,34.068174603174604,75,0.25,1,356,35.6,2,5,5,At Risk
16859,2010-03-04 12:37:00,2011-07-18 12:19:00,110,7,1899,17.263636363636362,1932.41,17.567363636363638,87,0.25,1,501,71.6,3,4,4,Loyal Customers
16860,2010-02-15 13:46:00,2010-09-13 10:05:00,43,3,625,14.534883720930232,1610.62,37.45627906976744,35,0.25,1,210,70.0,1,3,4,At Risk
16861,2010-07-19 11:44:00,2011-10-11 09:05:00,49,5,616,12.571428571428571,946.59,19.318163265306122,39,0.25,0,449,89.8,3,4,3,Loyal Customers
16862,2010-01-07 12:57:00,2010-06-10 13:05:00,35,4,513,14.657142857142857,662.3299999999999,18.923714285714283,34,0.25,1,155,38.8,1,4,3,At Risk
16863,2010-10-26 10:03:00,2011-11-08 15:26:00,47,3,640,13.617021276595745,834.27,17.750425531914892,43,0.25,0,379,126.3,4,3,3,Loyal Customers
16864,2010-04-20 11:56:00,2010-10-01 16:16:00,17,2,283,16.647058823529413,409.25,24.073529411764707,17,0.25,1,165,82.5,1,3,2,At Risk
16865,2010-11-03 11:34:00,2010-11-03 11:34:00,16,1,157,9.8125,130.95,8.184375,15,0.25,1,1,1.0,2,2,1,Lost / Inactive
16866,2011-07-01 12:34:00,2011-07-22 10:06:00,11,3,60,5.454545454545454,207.74,18.885454545454547,10,0.25,1,21,7.0,3,3,1,Loyal Customers
16867,2010-01-19 09:11:00,2010-01-19 09:11:00,6,1,58,9.666666666666666,76.74,12.79,6,0.25,1,1,1.0,1,2,1,Lost / Inactive
16868,2010-04-25 11:31:00,2010-11-10 13:17:00,50,3,112,2.24,384.56,7.6912,47,0.25,1,200,66.7,2,3,2,At Risk
16869,2011-06-17 13:01:00,2011-11-17 12:02:00,127,4,583,4.590551181102362,817.12,6.434015748031496,113,0.25,0,153,38.2,4,4,3,Champions
16870,2010-08-27 13:53:00,2010-08-27 13:53:00,28,1,278,9.928571428571429,450.15999999999997,16.077142857142857,28,0.25,1,1,1.0,1,2,2,Lost / Inactive
16871,2011-03-14 10:31:00,2011-11-17 19:27:00,137,6,1253,9.145985401459853,2812.34,20.528029197080293,131,0.25,0,249,41.5,4,4,4,Champions
16872,2010-09-02 17:36:00,2011-09-23 16:05:00,18,6,1079,59.94444444444444,1213.1299999999999,67.39611111111111,12,0.25,0,386,64.3,3,4,3,Loyal Customers
16873,2010-02-09 14:17:00,2011-12-05 12:05:00,512,12,8601,16.798828125,14617.39,28.54958984375,252,0.25,0,664,55.3,5,5,5,Champions
16874,2010-11-25 13:08:00,2010-11-25 13:08:00,31,1,78,2.5161290322580645,209.89,6.7706451612903225,31,0.25,1,1,1.0,2,2,1,Lost / Inactive
16875,2010-01-05 09:16:00,2011-10-03 13:39:00,230,11,2099,9.126086956521739,4234.53,18.410999999999998,161,0.25,0,637,57.9,3,5,5,Loyal Customers
16876,2010-11-01 11:59:00,2010-11-01 11:59:00,32,1,181,5.65625,136.01,4.2503125,32,0.25,1,1,1.0,2,2,1,Lost / Inactive
16877,2011-05-15 16:13:00,2011-11-27 13:47:00,156,6,458,2.9358974358974357,846.62,5.427051282051282,111,0.25,0,196,32.7,5,4,3,Champions
16878,2011-09-16 17:39:00,2011-09-16 17:39:00,3,1,12,4.0,13.3,4.433333333333334,3,0.25,0,1,1.0,3,2,1,Needs Attention
16880,2010-08-03 13:54:00,2011-11-09 11:33:00,183,8,904,4.939890710382514,1813.21,9.908251366120219,130,0.25,0,463,57.9,4,5,4,Champions
16881,2011-10-04 10:33:00,2011-10-04 10:33:00,1,1,600,600.0,432.0,432.0,1,0.25,0,1,1.0,3,2,2,Needs Attention
16882,2011-01-26 17:43:00,2011-10-04 10:42:00,39,3,424,10.871794871794872,705.12,18.080000000000002,39,0.25,0,251,83.7,3,3,3,Loyal Customers
16883,2009-12-04 12:07:00,2011-06-05 12:51:00,267,19,1016,3.805243445692884,2246.06,8.412209737827714,159,0.25,1,549,28.9,3,5,4,Loyal Customers
16884,2010-05-18 12:00:00,2011-11-02 11:52:00,74,4,520,7.027027027027027,1070.97,14.472567567567568,64,0.25,0,533,133.2,4,4,3,Champions
16885,2010-11-19 12:51:00,2011-11-24 13:40:00,136,4,358,2.6323529411764706,684.6,5.033823529411765,121,0.25,0,371,92.8,5,4,3,Champions
16886,2010-09-09 15:08:00,2010-09-09 15:08:00,8,1,48,6.0,134.0,16.75,8,0.25,1,1,1.0,1,2,1,Lost / Inactive
16887,2009-12-01 13:41:00,2011-11-04 14:07:00,101,3,423,4.188118811881188,658.17,6.516534653465346,94,0.25,0,704,234.7,4,3,3,Loyal Customers
16888,2010-01-07 13:07:00,2010-11-04 12:39:00,52,3,145,2.7884615384615383,434.2,8.35,44,0.25,1,301,100.3,2,3,2,At Risk
16889,2010-05-23 10:46:00,2011-05-29 11:05:00,217,6,1611,7.423963133640553,2526.65,11.643548387096775,163,0.25,1,372,62.0,2,4,4,At Risk
16890,2010-05-06 16:27:00,2010-08-20 11:23:00,19,3,243,12.789473684210526,285.40999999999997,15.02157894736842,17,0.25,1,106,35.3,1,3,1,At Risk
16891,2009-12-04 12:37:00,2011-12-08 11:15:00,418,11,652,1.5598086124401913,1727.94,4.133827751196172,335,0.25,0,734,66.7,5,5,4,Champions
16892,2009-12-08 14:20:00,2011-12-08 13:18:00,137,7,367,2.678832116788321,754.75,5.509124087591241,119,0.25,0,730,104.3,5,4,3,Champions
16893,2010-11-28 15:14:00,2010-12-08 12:06:00,87,2,117,1.3448275862068966,249.89000000000001,2.8722988505747127,80,0.25,1,10,5.0,2,3,1,At Risk
16894,2010-06-22 14:21:00,2010-07-25 15:43:00,187,3,503,2.6898395721925135,1306.96,6.989090909090909,186,0.25,1,34,11.3,1,3,4,At Risk
16895,2010-02-12 11:07:00,2011-10-06 12:15:00,163,5,421,2.5828220858895707,1102.9,6.766257668711657,135,0.25,0,602,120.4,3,4,3,Loyal Customers
16896,2010-06-02 15:40:00,2010-06-02 15:40:00,18,1,18,1.0,103.95,5.775,18,0.25,1,1,1.0,1,2,1,Lost / Inactive
16897,2011-01-30 11:52:00,2011-02-13 15:02:00,37,2,73,1.972972972972973,289.78,7.831891891891891,37,0.25,1,15,7.5,2,3,2,At Risk
16898,2010-05-12 12:18:00,2011-11-13 15:44:00,251,5,695,2.768924302788845,885.21,3.526733067729084,223,0.25,0,551,110.2,4,4,3,Champions
16899,2010-11-07 15:00:00,2011-12-02 12:03:00,173,8,811,4.687861271676301,1695.77,9.8021387283237,101,0.25,0,390,48.8,5,5,4,Champions
16900,2011-10-07 13:17:00,2011-11-23 10:32:00,79,3,833,10.544303797468354,887.11,11.229240506329115,78,0.25,0,47,15.7,5,3,3,Loyal Customers
16901,2009-12-10 16:30:00,2009-12-10 16:30:00,23,1,42,1.826086956521739,204.26,8.880869565217392,23,0.25,1,1,1.0,1,2,1,Lost / Inactive
16902,2011-08-15 14:17:00,2011-08-15 14:17:00,44,1,629,14.295454545454545,1706.88,38.79272727272728,43,0.25,1,1,1.0,3,2,4,Needs Attention
16903,2010-10-20 14:42:00,2011-11-10 15:32:00,182,3,717,3.9395604395604398,1041.75,5.7239010989010985,148,0.25,0,387,129.0,4,3,3,Loyal Customers
16904,2010-10-24 16:03:00,2011-12-05 13:10:00,897,21,2607,2.9063545150501673,4675.36,5.212218506131549,484,0.25,0,407,19.4,5,5,5,Champions
16905,2009-12-10 20:04:00,2011-12-04 14:01:00,320,17,1913,5.978125,4706.77,14.70865625,171,0.25,0,724,42.6,5,5,5,Champions
16906,2010-05-13 13:23:00,2011-09-19 11:49:00,213,7,590,2.7699530516431925,1410.92,6.624037558685447,180,0.25,0,494,70.6,3,4,4,Loyal Customers
16907,2010-07-01 17:30:00,2011-11-10 18:04:00,209,9,451,2.1578947368421053,1470.89,7.037751196172249,109,0.25,0,498,55.3,4,5,4,Champions
16908,2009-12-17 13:35:00,2009-12-17 13:35:00,20,1,61,3.05,252.59,12.6295,20,0.25,1,1,1.0,1,2,1,Lost / Inactive
16909,2011-09-28 16:45:00,2011-09-28 16:45:00,18,1,436,24.22222222222222,379.14,21.063333333333333,18,0.25,0,1,1.0,3,2,2,Needs Attention
16910,2011-09-09 14:14:00,2011-12-05 12:51:00,545,8,884,1.6220183486238533,1508.96,2.7687339449541284,318,0.25,0,87,10.9,5,5,4,Champions
16911,2010-02-16 16:12:00,2010-03-14 12:18:00,35,2,161,4.6,255.25,7.292857142857143,30,0.25,1,26,13.0,1,3,1,At Risk
16912,2009-12-09 12:32:00,2011-11-11 12:18:00,172,15,1689,9.819767441860465,4460.51,25.933197674418604,130,0.25,0,702,46.8,4,5,5,Champions
16913,2010-02-26 12:06:00,2011-02-22 12:56:00,18,3,229,12.722222222222221,423.91,23.550555555555558,18,0.25,1,362,120.7,2,3,2,At Risk
16914,2011-11-03 15:27:00,2011-11-03 15:27:00,30,1,112,3.7333333333333334,183.76,6.125333333333333,25,0.25,0,1,1.0,4,2,1,Promising / New
16915,2010-05-19 13:32:00,2011-11-30 16:39:00,74,11,190,2.5675675675675675,1543.18,20.853783783783786,54,0.25,0,561,51.0,5,5,4,Champions
16916,2010-10-20 12:56:00,2011-11-16 12:08:00,205,4,649,3.1658536585365855,902.02,4.40009756097561,180,0.25,0,392,98.0,4,4,3,Champions
16917,2010-03-17 15:24:00,2011-03-08 11:55:00,50,2,792,15.84,1851.88,37.037600000000005,45,0.25,1,356,178.0,2,3,4,At Risk
16918,2009-12-03 12:27:00,2011-10-21 12:50:00,454,16,2066,4.5506607929515415,3206.54,7.062863436123348,280,0.25,0,688,43.0,4,5,5,Champions
16919,2010-08-19 15:28:00,2011-07-06 13:35:00,614,24,2333,3.7996742671009773,4909.66,7.996188925081433,230,0.25,1,321,13.4,3,5,5,Loyal Customers
16920,2010-10-24 14:07:00,2010-10-24 14:07:00,23,1,81,3.5217391304347827,355.45,15.454347826086956,23,0.25,1,1,1.0,1,2,2,Lost / Inactive
16921,2010-04-18 15:34:00,2011-10-09 16:22:00,88,3,275,3.125,409.21,4.650113636363636,78,0.25,0,540,180.0,3,3,2,Loyal Customers
16922,2010-05-16 11:24:00,2010-05-16 11:24:00,122,1,281,2.30327868852459,611.08,5.008852459016394,122,0.25,1,1,1.0,1,2,3,Lost / Inactive
16923,2010-01-31 11:14:00,2011-11-27 13:00:00,1083,32,6190,5.715604801477378,13157.13,12.148781163434903,431,0.25,0,666,20.8,5,5,5,Champions
16924,2011-09-16 12:54:00,2011-11-18 12:53:00,81,3,467,5.765432098765432,829.89,10.245555555555555,69,0.25,0,63,21.0,4,3,3,Loyal Customers
16925,2010-06-17 15:03:00,2010-06-17 15:03:00,18,1,123,6.833333333333333,125.65,6.980555555555556,18,0.25,1,1,1.0,1,2,1,Lost / Inactive
16926,2010-07-01 12:57:00,2010-12-03 13:42:00,96,5,197,2.0520833333333335,1169.6100000000001,12.183437500000002,63,0.25,1,156,31.2,2,4,3,At Risk
16927,2010-12-13 11:57:00,2011-08-16 11:10:00,6,3,993,165.5,543.05,90.50833333333333,5,0.25,1,246,82.0,3,3,2,Loyal Customers
16928,2010-02-03 12:30:00,2011-09-20 15:10:00,319,29,2587,8.109717868338558,3897.53,12.217962382445142,135,0.25,0,595,20.5,3,5,5,Loyal Customers
16929,2011-07-07 12:39:00,2011-12-06 08:37:00,77,7,929,12.064935064935066,1295.39,16.823246753246753,51,0.25,0,152,21.7,5,4,4,Champions
16930,2011-10-02 14:25:00,2011-11-13 16:13:00,53,3,339,6.39622641509434,378.89,7.148867924528302,47,0.25,0,43,14.3,4,3,2,Loyal Customers
16931,2010-11-07 13:24:00,2011-12-04 13:15:00,948,23,3357,3.5411392405063293,5032.22,5.30824894514768,466,0.25,0,392,17.0,5,5,5,Champions
16932,2010-05-17 14:15:00,2011-10-17 14:12:00,133,3,217,1.631578947368421,412.55,3.1018796992481206,116,0.25,0,518,172.7,4,3,2,Loyal Customers
16933,2009-12-09 15:03:00,2011-12-08 12:54:00,282,9,1533,5.4361702127659575,3099.3,10.990425531914894,213,0.25,0,729,81.0,5,5,5,Champions
16934,2010-03-28 12:43:00,2011-10-16 12:40:00,141,6,936,6.638297872340425,2083.14,14.774042553191489,128,0.25,0,567,94.5,4,4,4,Champions
16935,2010-10-14 13:09:00,2010-11-23 09:16:00,69,3,273,3.9565217391304346,530.86,7.693623188405797,55,0.25,1,40,13.3,2,3,2,At Risk
16936,2010-11-19 11:54:00,2011-11-14 11:04:00,139,2,339,2.4388489208633093,548.29,3.944532374100719,122,0.25,0,360,180.0,4,3,2,Loyal Customers
16937,2010-07-28 17:56:00,2010-07-28 17:56:00,49,1,123,2.510204081632653,196.25,4.005102040816326,49,0.25,1,1,1.0,1,2,1,Lost / Inactive
16938,2010-02-17 14:47:00,2011-12-01 10:20:00,824,9,5041,6.117718446601942,6995.36,8.489514563106797,547,0.25,0,652,72.4,5,5,5,Champions
16939,2010-02-28 13:33:00,2010-08-08 12:24:00,41,3,229,5.585365853658536,433.85,10.581707317073171,38,0.25,1,161,53.7,1,3,2,At Risk
16940,2009-12-08 13:08:00,2011-10-18 13:15:00,629,8,4503,7.158982511923688,6427.66,10.218855325914149,360,0.25,0,680,85.0,4,5,5,Champions
16941,2010-04-07 11:13:00,2010-04-07 11:13:00,2,1,12,6.0,33.0,16.5,2,0.25,1,1,1.0,1,2,1,Lost / Inactive
16942,2011-04-26 11:59:00,2011-11-27 12:40:00,277,9,805,2.9061371841155235,1904.99,6.877220216606498,159,0.25,0,216,24.0,5,5,4,Champions
16943,2010-03-25 13:34:00,2011-05-12 11:57:00,35,5,147,4.2,1299.49,37.12828571428572,24,0.25,1,413,82.6,2,4,4,At Risk
16944,2010-04-09 11:03:00,2010-04-09 11:03:00,7,1,27,3.857142857142857,101.36,14.48,7,0.25,1,1,1.0,1,2,1,Lost / Inactive
16945,2009-12-09 11:33:00,2011-11-18 11:39:00,474,33,5889,12.424050632911392,8548.16,18.03409282700422,231,0.25,0,710,21.5,4,5,5,Champions
16946,2010-03-02 10:49:00,2010-11-21 14:06:00,75,5,509,6.786666666666667,1222.04,16.293866666666666,69,0.25,1,265,53.0,2,4,4,At Risk
16947,2010-03-03 10:54:00,2011-04-18 09:38:00,53,5,655,12.358490566037736,955.21,18.022830188679247,50,0.25,1,411,82.2,2,4,3,At Risk
16948,2010-02-21 13:48:00,2011-07-24 12:46:00,43,7,2091,48.627906976744185,868.77,20.203953488372093,20,0.25,1,518,74.0,3,4,3,Loyal Customers
16949,2011-01-27 12:11:00,2011-12-06 11:07:00,60,6,791,13.183333333333334,1286.27,21.437833333333334,57,0.25,0,313,52.2,5,4,4,Champions
16950,2010-01-24 11:26:00,2011-10-14 09:06:00,144,10,2432,16.88888888888889,3541.77,24.595625,111,0.25,0,628,62.8,4,5,5,Champions
16951,2011-02-08 14:58:00,2011-07-28 12:05:00,86,3,1318,15.325581395348838,1277.75,14.857558139534884,73,0.25,1,170,56.7,3,3,4,Loyal Customers
16952,2009-12-11 13:52:00,2011-08-22 13:03:00,87,5,343,3.942528735632184,795.83,9.147471264367816,76,0.25,1,619,123.8,3,4,3,Loyal Customers
16953,2011-11-09 15:54:00,2011-11-09 15:54:00,1,1,10,10.0,20.8,20.8,1,0.25,0,1,1.0,4,2,1,Promising / New
16954,2010-01-18 14:49:00,2011-12-09 09:46:00,206,20,4086,19.83495145631068,6081.88,29.52368932038835,83,0.25,0,690,34.5,5,5,5,Champions
16955,2010-01-31 11:38:00,2011-06-08 10:36:00,50,6,723,14.46,1120.31,22.4062,33,0.25,1,493,82.2,3,4,3,Loyal Customers
16956,2011-11-22 08:56:00,2011-11-22 08:56:00,16,1,114,7.125,308.74,19.29625,16,0.25,0,1,1.0,5,2,2,Promising / New
16957,2011-03-03 09:25:00,2011-04-14 13:56:00,16,2,172,10.75,416.64,26.04,15,0.25,1,43,21.5,2,3,2,At Risk
16958,2010-09-30 14:25:00,2010-09-30 14:25:00,70,1,514,7.3428571428571425,778.49,11.121285714285714,69,0.25,1,1,1.0,1,2,3,Lost / Inactive
16959,2011-09-13 15:03:00,2011-09-13 15:03:00,7,1,49,7.0,117.35,16.764285714285712,7,0.25,0,1,1.0,3,2,1,Needs Attention
16960,2010-03-02 13:36:00,2011-11-01 11:35:00,449,8,1492,3.3229398663697105,1990.8799999999999,4.434031180400891,334,0.25,0,609,76.1,4,5,4,Champions
16961,2010-06-25 14:36:00,2011-08-15 13:46:00,52,3,482,9.26923076923077,794.56,15.28,52,0.25,1,416,138.7,3,3,3,Loyal Customers
16962,2010-10-26 11:36:00,2010-10-26 11:36:00,15,1,158,10.533333333333333,251.04,16.736,15,0.25,1,1,1.0,2,2,1,Lost / Inactive
16963,2011-06-05 13:48:00,2011-06-05 13:48:00,7,1,35,5.0,110.55,15.792857142857143,7,0.25,1,1,1.0,3,2,1,Needs Attention
16964,2009-12-06 12:51:00,2009-12-06 12:53:00,6,2,49,8.166666666666666,207.85000000000002,34.64166666666667,6,0.25,1,1,0.5,1,3,1,At Risk
16965,2011-04-27 12:08:00,2011-04-27 12:08:00,26,1,291,11.192307692307692,201.19,7.738076923076923,26,0.25,1,1,1.0,2,2,1,Lost / Inactive
16966,2011-04-13 14:17:00,2011-12-01 13:40:00,28,7,1981,70.75,2154.9700000000003,76.9632142857143,8,0.25,0,232,33.1,5,4,4,Champions
16967,2011-06-03 14:24:00,2011-06-03 14:24:00,21,1,333,15.857142857142858,319.02,15.19142857142857,21,0.25,1,1,1.0,3,2,2,Needs Attention
16968,2011-08-24 10:51:00,2011-12-05 15:02:00,31,2,326,10.516129032258064,439.43,14.175161290322581,31,0.25,0,104,52.0,5,3,2,Loyal Customers
16969,2011-06-01 12:10:00,2011-10-31 13:12:00,42,3,816,19.428571428571427,650.41,15.48595238095238,42,0.25,0,153,51.0,4,3,3,Loyal Customers
16970,2010-03-23 13:50:00,2010-03-23 13:50:00,2,1,12,6.0,71.4,35.7,2,0.25,1,1,1.0,1,2,1,Lost / Inactive
16971,2011-11-01 15:06:00,2011-11-01 15:06:00,41,1,72,1.7560975609756098,357.21,8.712439024390243,40,0.25,0,1,1.0,4,2,2,Promising / New
16972,2010-09-09 11:20:00,2010-11-22 10:59:00,82,2,183,2.231707317073171,749.0,9.134146341463415,54,0.25,1,74,37.0,2,3,3,At Risk
16973,2010-11-18 13:56:00,2010-11-18 13:56:00,6,1,60,10.0,127.0,21.166666666666668,6,0.25,1,1,1.0,2,2,1,Lost / Inactive
16974,2010-05-24 10:43:00,2010-07-05 10:18:00,8,2,70,8.75,365.5,45.6875,5,0.25,1,42,21.0,1,3,2,At Risk
16975,2010-07-22 11:38:00,2010-10-12 17:53:00,45,3,586,13.022222222222222,926.12,20.580444444444446,44,0.25,1,83,27.7,1,3,3,At Risk
16976,2011-03-17 16:33:00,2011-03-17 16:33:00,2,1,88,44.0,251.51999999999998,125.75999999999999,2,0.25,1,1,1.0,2,2,1,Lost / Inactive
16977,2010-03-18 11:06:00,2010-11-09 13:17:00,28,4,142,5.071428571428571,496.0,17.714285714285715,25,0.25,1,237,59.2,2,4,2,At Risk
16978,2010-02-11 16:27:00,2011-09-23 12:50:00,67,3,285,4.253731343283582,768.88,11.475820895522387,65,0.25,0,589,196.3,3,3,3,Loyal Customers
16979,2010-09-15 14:30:00,2011-12-06 12:21:00,129,9,1451,11.248062015503876,2859.74,22.168527131782945,82,0.25,0,447,49.7,5,5,4,Champions
16980,2010-10-07 14:05:00,2011-03-29 16:36:00,106,3,990,9.339622641509434,1422.83,13.422924528301886,91,0.25,1,174,58.0,2,3,4,At Risk
16982,2011-10-10 12:28:00,2011-10-10 12:28:00,22,1,182,8.272727272727273,384.06,17.457272727272727,22,0.25,0,1,1.0,3,2,2,Needs Attention
16983,2010-09-19 12:38:00,2011-11-27 12:10:00,231,11,2315,10.021645021645021,3490.5299999999997,15.11051948051948,151,0.25,0,434,39.5,5,5,5,Champions
16984,2010-03-07 15:34:00,2011-09-12 13:43:00,1072,9,5127,4.782649253731344,10350.53,9.655345149253732,669,0.25,0,554,61.6,3,5,5,Loyal Customers
16985,2009-12-10 13:34:00,2011-11-22 13:33:00,243,23,3103,12.76954732510288,10923.16,44.95127572016461,130,0.25,0,712,31.0,5,5,5,Champions
16986,2010-02-04 14:46:00,2011-11-10 11:55:00,174,11,2539,14.591954022988507,4888.75,28.096264367816094,65,0.25,0,644,58.5,4,5,5,Champions
16987,2009-12-02 14:34:00,2011-12-06 17:26:00,261,11,671,2.57088122605364,2521.4,9.660536398467434,155,0.25,0,735,66.8,5,5,4,Champions
16988,2010-11-25 09:22:00,2011-12-04 16:02:00,20,2,158,7.9,382.67,19.1335,20,0.25,0,375,187.5,5,3,2,Loyal Customers
16989,2011-07-12 09:11:00,2011-12-02 16:39:00,12,6,1233,102.75,1133.25,94.4375,7,0.25,0,144,24.0,5,4,3,Champions
16990,2010-10-13 11:42:00,2011-05-05 08:30:00,2,2,200,100.0,344.0,172.0,1,0.25,1,204,102.0,2,3,2,At Risk
16991,2010-10-14 14:08:00,2010-10-14 14:08:00,74,1,793,10.716216216216216,1041.21,14.070405405405406,74,0.25,1,1,1.0,1,2,3,Lost / Inactive
16992,2010-02-11 12:36:00,2011-11-29 11:50:00,285,13,2061,7.231578947368421,5476.5,19.21578947368421,212,0.25,0,656,50.5,5,5,5,Champions
16993,2010-05-12 13:55:00,2010-09-02 12:16:00,28,2,285,10.178571428571429,1950.95,69.67678571428571,19,0.25,1,113,56.5,1,3,4,At Risk
16996,2010-10-18 12:24:00,2011-11-09 16:43:00,75,9,919,12.253333333333334,2123.61,28.3148,32,0.25,0,388,43.1,4,5,4,Champions
16997,2011-01-18 11:51:00,2011-02-24 17:28:00,12,3,360,30.0,702.0,58.5,7,0.25,1,38,12.7,2,3,3,At Risk
16998,2010-09-21 14:39:00,2011-07-13 09:44:00,6,5,104,17.333333333333332,402.0,67.0,2,0.25,1,295,59.0,3,4,2,Loyal Customers
16999,2011-09-26 15:43:00,2011-11-16 13:53:00,23,2,294,12.782608695652174,484.82,21.07913043478261,21,0.25,0,51,25.5,4,3,2,Loyal Customers
17000,2010-10-27 14:16:00,2010-11-08 13:35:00,30,2,305,10.166666666666666,406.3,13.543333333333333,26,0.25,1,12,6.0,2,3,2,At Risk
17001,2010-03-25 12:41:00,2011-12-09 09:38:00,275,19,3782,13.752727272727272,6640.8,24.148363636363637,108,0.25,0,624,32.8,5,5,5,Champions
17002,2010-03-08 15:46:00,2011-09-15 12:40:00,84,7,1265,15.05952380952381,2571.55,30.613690476190477,64,0.25,0,556,79.4,3,4,4,Loyal Customers
17003,2010-05-10 11:20:00,2010-11-02 13:15:00,111,4,494,4.45045045045045,828.21,7.461351351351352,90,0.25,1,177,44.2,2,4,3,At Risk
17004,2010-10-11 15:43:00,2011-10-24 14:25:00,69,4,1233,17.869565217391305,2324.36,33.68637681159421,48,0.25,0,378,94.5,4,4,4,Champions
17005,2010-04-30 10:55:00,2010-08-26 10:57:00,18,2,691,38.388888888888886,622.36,34.57555555555555,14,0.25,1,119,59.5,1,3,3,At Risk
17006,2010-03-05 13:33:00,2011-12-05 12:09:00,129,8,572,4.434108527131783,1635.27,12.676511627906976,103,0.25,0,640,80.0,5,5,4,Champions
17007,2010-09-28 13:51:00,2011-10-20 10:47:00,67,7,717,10.701492537313433,1120.1,16.71791044776119,63,0.25,0,387,55.3,4,4,3,Champions
17008,2010-10-06 15:19:00,2010-10-06 15:19:00,1,1,24,24.0,81.36,81.36,1,0.25,1,1,1.0,1,2,1,Lost / Inactive
17009,2010-06-06 16:01:00,2010-06-06 16:01:00,11,1,336,30.545454545454547,242.06,22.005454545454544,10,0.25,1,1,1.0,1,2,1,Lost / Inactive
17010,2011-11-21 14:49:00,2011-11-21 14:49:00,11,1,118,10.727272727272727,195.36,17.76,11,0.25,0,1,1.0,5,2,1,Promising / New
17011,2010-02-26 09:47:00,2011-11-09 13:30:00,28,3,792,28.285714285714285,671.7,23.989285714285717,27,0.25,0,622,207.3,4,3,3,Loyal Customers
17012,2009-12-14 17:34:00,2009-12-14 17:34:00,36,1,251,6.972222222222222,360.61,10.016944444444444,34,0.25,1,1,1.0,1,2,2,Lost / Inactive
17014,2011-10-04 11:36:00,2011-12-01 14:09:00,72,3,243,3.375,583.43,8.103194444444444,63,0.25,0,59,19.7,5,3,2,Loyal Customers
17015,2011-06-07 13:19:00,2011-11-11 10:45:00,214,3,1978,9.242990654205608,1838.61,8.59163551401869,182,0.25,0,157,52.3,4,3,4,Loyal Customers
17016,2010-05-12 12:32:00,2010-05-12 12:32:00,41,1,309,7.536585365853658,552.4,13.473170731707317,41,0.25,1,1,1.0,1,2,2,Lost / Inactive
17017,2009-12-03 13:22:00,2011-12-07 09:32:00,378,29,9397,24.85978835978836,12576.99,33.272460317460315,120,0.25,0,734,25.3,5,5,5,Champions
17018,2009-12-05 10:27:00,2011-10-30 11:42:00,37,6,456,12.324324324324325,2287.7,61.82972972972973,26,0.25,0,695,115.8,4,4,4,Champions
17019,2009-12-02 11:52:00,2011-11-28 13:06:00,643,11,2396,3.7262830482115086,3602.29,5.602317262830482,344,0.25,0,727,66.1,5,5,5,Champions
17020,2010-03-03 12:27:00,2010-06-15 13:06:00,69,2,860,12.46376811594203,935.62,13.559710144927536,64,0.25,1,105,52.5,1,3,3,At Risk
17021,2010-04-29 20:05:00,2010-09-23 20:01:00,48,6,992,20.666666666666668,1182.22,24.629583333333333,35,0.25,1,147,24.5,1,4,3,At Risk
17022,2010-10-03 10:27:00,2011-11-08 17:09:00,16,2,180,11.25,260.0,16.25,16,0.25,0,402,201.0,4,3,1,Loyal Customers
17023,2010-01-11 15:09:00,2010-10-18 15:37:00,49,3,530,10.816326530612244,800.18,16.33020408163265,48,0.25,1,281,93.7,1,3,3,At Risk
17024,2011-07-05 09:31:00,2011-10-25 13:47:00,3,3,69,23.0,95.85,31.95,2,0.25,0,113,37.7,4,3,1,Loyal Customers
17025,2010-03-08 13:37:00,2011-10-10 09:06:00,37,5,885,23.91891891891892,1349.67,36.47756756756757,31,0.25,0,581,116.2,3,4,4,Loyal Customers
17026,2010-10-18 15:22:00,2011-06-07 14:28:00,5,3,107,21.4,175.83,35.166000000000004,4,0.25,1,232,77.3,3,3,1,Loyal Customers
17027,2009-12-10 12:10:00,2011-09-22 12:24:00,178,9,645,3.6235955056179776,1310.63,7.3630898876404505,126,0.25,0,652,72.4,3,5,4,Loyal Customers
17028,2009-12-18 14:28:00,2010-05-07 15:33:00,95,3,856,9.010526315789473,1593.83,16.777157894736842,85,0.25,1,141,47.0,1,3,4,At Risk
17029,2010-02-14 10:19:00,2011-08-21 11:06:00,29,7,1265,43.62068965517241,2137.3,73.7,19,0.25,1,554,79.1,3,4,4,Loyal Customers
17030,2011-10-07 08:49:00,2011-10-07 08:49:00,11,1,146,13.272727272727273,146.87,13.351818181818182,11,0.25,0,1,1.0,3,2,1,Needs Attention
17031,2010-05-07 14:52:00,2011-11-28 10:23:00,50,6,1595,31.9,2773.85,55.477,34,0.25,0,570,95.0,5,4,4,Champions
17032,2009-12-10 15:36:00,2010-06-10 12:16:00,237,8,1667,7.033755274261603,2984.32,12.592067510548524,183,0.25,1,182,22.8,1,5,5,At Risk
17033,2010-11-07 12:55:00,2011-09-14 14:34:00,40,4,871,21.775,1332.79,33.31975,33,0.25,0,312,78.0,3,4,4,Loyal Customers
17034,2010-07-14 12:55:00,2011-11-23 15:14:00,58,5,694,11.96551724137931,1276.42,22.007241379310347,49,0.25,0,498,99.6,5,4,4,Champions
17035,2009-12-03 10:37:00,2011-04-08 11:23:00,33,4,327,9.909090909090908,613.59,18.593636363636364,29,0.25,1,492,123.0,2,4,3,At Risk
17036,2010-11-21 14:26:00,2010-11-21 14:26:00,12,1,76,6.333333333333333,176.9,14.741666666666667,12,0.25,1,1,1.0,2,2,1,Lost / Inactive
17037,2011-09-13 12:49:00,2011-09-13 12:49:00,75,1,656,8.746666666666666,1267.32,16.8976,75,0.25,0,1,1.0,3,2,4,Needs Attention
17038,2010-10-20 16:04:00,2011-11-09 13:50:00,63,2,535,8.492063492063492,743.17,11.796349206349205,61,0.25,0,385,192.5,4,3,3,Loyal Customers
17039,2010-04-14 12:56:00,2010-04-14 12:56:00,44,1,689,15.659090909090908,1954.99,44.43159090909091,44,0.25,1,1,1.0,1,2,4,Lost / Inactive
17040,2010-06-07 15:08:00,2011-07-25 10:19:00,16,2,189,11.8125,463.25,28.953125,15,0.25,1,413,206.5,3,3,2,Loyal Customers
17041,2010-04-18 14:25:00,2011-11-13 11:21:00,126,6,1303,10.341269841269842,1655.2,13.136507936507936,93,0.25,0,574,95.7,4,4,4,Champions
17042,2011-04-06 14:53:00,2011-12-07 12:26:00,97,5,990,10.206185567010309,1036.58,10.686391752577318,74,0.25,0,245,49.0,5,4,3,Champions
17043,2009-12-09 15:20:00,2011-11-07 15:33:00,199,8,1616,8.120603015075377,2593.65,13.033417085427136,175,0.25,0,699,87.4,4,5,4,Champions
17044,2009-12-07 12:25:00,2011-11-14 14:28:00,149,12,5722,38.40268456375839,11962.3,80.28389261744967,92,0.25,0,708,59.0,4,5,5,Champions
17045,2010-10-06 14:52:00,2011-08-18 17:09:00,53,5,294,5.547169811320755,827.6800000000001,15.616603773584908,44,0.25,1,317,63.4,3,4,3,Loyal Customers
17046,2010-03-29 13:46:00,2011-07-05 14:24:00,85,5,1636,19.24705882352941,1906.07,22.42435294117647,76,0.25,1,464,92.8,3,4,4,Loyal Customers
17047,2009-12-08 08:48:00,2011-09-15 13:27:00,142,6,1184,8.338028169014084,2289.23,16.121338028169014,114,0.25,0,647,107.8,3,4,4,Loyal Customers
17048,2010-01-18 13:55:00,2011-08-14 11:49:00,101,7,1068,10.574257425742575,2071.68,20.51168316831683,88,0.25,1,573,81.9,3,4,4,Loyal Customers
17049,2010-03-04 10:23:00,2011-12-07 10:48:00,558,19,4273,7.657706093189964,9942.53,17.8181541218638,316,0.25,0,644,33.9,5,5,5,Champions
17050,2010-01-26 14:54:00,2011-09-04 13:48:00,349,11,2432,6.9684813753581665,4648.59,13.31974212034384,193,0.25,1,586,53.3,3,5,5,Loyal Customers
17051,2010-03-21 14:55:00,2011-05-29 14:13:00,155,4,507,3.270967741935484,706.49,4.558,107,0.25,1,434,108.5,2,4,3,At Risk
17052,2011-11-11 14:50:00,2011-11-11 14:50:00,83,1,251,3.0240963855421685,399.09,4.808313253012048,72,0.25,0,1,1.0,4,2,2,Promising / New
17053,2011-08-01 10:23:00,2011-08-01 10:23:00,13,1,122,9.384615384615385,498.48,38.34461538461539,13,0.25,1,1,1.0,3,2,2,Needs Attention
17054,2011-04-08 13:14:00,2011-11-11 12:56:00,83,5,804,9.686746987951807,1356.33,16.34132530120482,64,0.25,0,217,43.4,4,4,4,Champions
17055,2010-09-20 12:21:00,2010-09-20 12:21:00,26,1,83,3.1923076923076925,232.85,8.955769230769231,24,0.25,1,1,1.0,1,2,1,Lost / Inactive
17056,2009-12-01 12:55:00,2009-12-01 12:55:00,8,1,26,3.25,128.60000000000002,16.075000000000003,8,0.25,1,1,1.0,1,2,1,Lost / Inactive
17057,2010-04-22 19:21:00,2010-04-22 19:21:00,50,1,129,2.58,294.74,5.8948,48,0.25,1,1,1.0,1,2,2,Lost / Inactive
17058,2011-04-14 09:18:00,2011-09-19 10:13:00,62,3,592,9.548387096774194,1179.89,19.030483870967743,51,0.25,0,159,53.0,3,3,3,Loyal Customers
17059,2010-01-26 14:43:00,2011-11-10 12:27:00,721,9,3107,4.309292649098475,4864.57,6.7469764216366155,349,0.25,0,653,72.6,4,5,5,Champions
17060,2011-03-18 13:27:00,2011-03-18 13:27:00,5,1,216,43.2,234.23999999999998,46.848,5,0.25,1,1,1.0,2,2,1,Lost / Inactive
17061,2011-04-21 13:29:00,2011-09-27 11:24:00,99,11,1526,15.414141414141413,5232.23,52.85080808080808,57,0.25,0,159,14.5,3,5,5,Loyal Customers
17062,2010-09-26 11:57:00,2011-01-30 11:01:00,121,6,644,5.322314049586777,889.75,7.353305785123967,82,0.25,1,126,21.0,2,4,3,At Risk
17063,2009-12-01 12:36:00,2011-11-18 16:19:00,205,13,1899,9.263414634146342,3638.53,17.748926829268292,150,0.25,0,718,55.2,4,5,5,Champions
17064,2011-01-16 16:10:00,2011-10-12 10:18:00,61,3,316,5.180327868852459,855.4499999999999,14.023770491803278,53,0.25,0,269,89.7,4,3,3,Loyal Customers
17065,2010-03-12 11:40:00,2010-03-12 11:41:00,12,2,82,6.833333333333333,194.7,16.224999999999998,6,0.25,1,1,0.5,1,3,1,At Risk
17066,2009-12-13 13:24:00,2009-12-13 13:24:00,18,1,93,5.166666666666667,228.34,12.685555555555556,17,0.25,1,1,1.0,1,2,1,Lost / Inactive
17067,2009-12-08 12:03:00,2009-12-15 08:39:00,13,3,322,24.76923076923077,454.53999999999996,34.964615384615385,8,0.25,1,7,2.3,1,3,2,At Risk
17068,2010-03-28 14:26:00,2011-11-27 13:14:00,996,47,4351,4.368473895582329,8987.68,9.023775100401608,250,0.25,0,609,13.0,5,5,5,Champions
17069,2009-12-03 12:27:00,2011-11-11 17:13:00,284,14,3230,11.373239436619718,5517.23,19.4268661971831,202,0.25,0,709,50.6,4,5,5,Champions
17070,2010-10-25 15:57:00,2011-08-17 17:01:00,103,2,232,2.2524271844660193,437.42,4.2467961165048544,102,0.25,1,297,148.5,3,3,2,Loyal Customers
17071,2010-01-24 13:05:00,2011-11-11 16:31:00,211,13,1934,9.165876777251185,3793.71,17.9796682464455,141,0.25,0,657,50.5,4,5,5,Champions
17072,2010-03-24 16:33:00,2010-03-24 16:33:00,21,1,212,10.095238095238095,273.34999999999997,13.016666666666666,20,0.25,1,1,1.0,1,2,1,Lost / Inactive
17073,2011-08-22 14:37:00,2011-11-22 11:47:00,174,4,759,4.362068965517241,1446.09,8.310862068965516,142,0.25,0,92,23.0,5,4,4,Champions
17074,2010-05-26 12:04:00,2010-05-26 12:04:00,4,1,19,4.75,203.05,50.7625,4,0.25,1,1,1.0,1,2,1,Lost / Inactive
17075,2009-12-14 11:24:00,2011-11-22 11:58:00,199,10,785,3.9447236180904524,2236.63,11.239346733668341,153,0.25,0,709,70.9,5,5,4,Champions
17076,2009-12-04 12:12:00,2011-11-03 17:53:00,50,6,514,10.28,1242.75,24.855,31,0.25,0,700,116.7,4,4,4,Champions
17077,2010-05-10 16:36:00,2010-05-10 16:36:00,1,1,36,36.0,306.0,306.0,1,0.25,1,1,1.0,1,2,2,Lost / Inactive
17078,2011-11-03 18:49:00,2011-11-03 19:17:00,28,2,788,28.142857142857142,378.2,13.507142857142856,28,0.25,0,1,0.5,4,3,2,Loyal Customers
17079,2011-09-22 15:34:00,2011-09-22 15:34:00,2,1,24,12.0,118.8,59.4,2,0.25,0,1,1.0,3,2,1,Needs Attention
17080,2010-07-01 16:03:00,2011-11-17 12:59:00,33,7,569,17.242424242424242,957.53,29.016060606060606,26,0.25,0,504,72.0,4,4,3,Champions
17081,2010-02-22 13:19:00,2011-11-14 12:56:00,207,6,381,1.8405797101449275,949.39,4.5864251207729465,166,0.25,0,630,105.0,4,4,3,Champions
17082,2009-12-15 11:25:00,2011-11-06 15:17:00,170,6,2526,14.858823529411765,4732.03,27.835470588235292,117,0.25,0,692,115.3,4,4,5,Champions
17083,2010-02-09 11:46:00,2011-08-22 15:43:00,115,9,1955,17.0,4049.79,35.2155652173913,30,0.25,1,560,62.2,3,5,5,Loyal Customers
17084,2010-11-08 14:20:00,2011-11-04 14:54:00,281,3,3178,11.309608540925266,5001.21,17.797900355871885,263,0.25,0,362,120.7,4,3,5,Loyal Customers
17085,2009-12-06 12:16:00,2011-08-08 14:15:00,987,28,3583,3.6301925025329282,7847.67,7.951033434650456,411,0.25,1,611,21.8,3,5,5,Loyal Customers
17086,2011-10-07 11:22:00,2011-12-02 13:54:00,96,6,1859,19.364583333333332,2050.08,21.355,76,0.25,0,57,9.5,5,4,4,Champions
17087,2009-12-02 10:41:00,2009-12-02 10:41:00,12,1,113,9.416666666666666,221.53,18.460833333333333,12,0.25,1,1,1.0,1,2,1,Lost / Inactive
17088,2011-03-31 09:48:00,2011-11-11 14:23:00,115,4,868,7.547826086956522,1991.01,17.313130434782607,96,0.25,0,226,56.5,4,4,4,Champions
17089,2010-11-18 15:33:00,2010-11-18 15:33:00,4,1,35,8.75,128.45,32.1125,4,0.25,1,1,1.0,2,2,1,Lost / Inactive
17090,2010-07-19 16:02:00,2011-12-05 13:44:00,90,13,1344,14.933333333333334,3080.18,34.224222222222224,54,0.25,0,504,38.8,5,5,5,Champions
17091,2009-12-16 15:45:00,2011-12-07 10:43:00,455,19,3732,8.202197802197801,7495.75,16.474175824175823,242,0.25,0,721,37.9,5,5,5,Champions
17092,2010-02-02 16:42:00,2011-10-20 19:51:00,392,11,3768,9.612244897959183,5511.41,14.059719387755102,273,0.25,0,626,56.9,4,5,5,Champions
17093,2010-04-26 10:22:00,2010-04-26 10:22:00,13,1,114,8.76923076923077,235.88,18.144615384615385,13,0.25,1,1,1.0,1,2,1,Lost / Inactive
17094,2010-10-12 10:48:00,2011-01-21 13:09:00,18,2,212,11.777777777777779,402.2,22.344444444444445,18,0.25,1,102,51.0,2,3,2,At Risk
17095,2009-12-15 12:32:00,2011-11-17 12:21:00,137,7,1695,12.372262773722628,2572.25,18.775547445255473,110,0.25,0,702,100.3,4,4,4,Champions
17096,2010-06-02 14:48:00,2011-11-24 15:01:00,205,11,1559,7.6048780487804875,3697.93,18.038682926829267,162,0.25,0,541,49.2,5,5,5,Champions
17097,2010-10-05 14:09:00,2011-12-07 17:05:00,267,9,582,2.1797752808988764,1143.36,4.282247191011235,182,0.25,0,429,47.7,5,5,3,Champions
17098,2010-06-17 10:30:00,2010-11-23 12:13:00,18,3,125,6.944444444444445,591.07,32.83722222222222,10,0.25,1,160,53.3,2,3,2,At Risk
17099,2010-06-24 16:25:00,2010-06-24 16:25:00,40,1,317,7.925,582.17,14.55425,40,0.25,1,1,1.0,1,2,2,Lost / Inactive
17100,2011-11-21 16:36:00,2011-11-21 16:36:00,65,2,800,12.307692307692308,971.74,14.949846153846154,65,0.25,0,1,0.5,5,3,3,Loyal Customers
17101,2010-06-07 15:12:00,2011-11-29 13:57:00,73,7,1175,16.095890410958905,2507.05,34.34315068493151,54,0.25,0,540,77.1,5,4,4,Champions
17102,2011-03-23 10:08:00,2011-03-23 10:08:00,1,1,2,2.0,25.5,25.5,1,0.25,1,1,1.0,2,2,1,Lost / Inactive
17103,2009-12-17 14:08:00,2009-12-17 14:08:00,32,1,471,14.71875,424.3,13.259375,32,0.25,1,1,1.0,1,2,2,Lost / Inactive
17104,2010-10-12 12:21:00,2010-10-12 12:21:00,19,1,149,7.842105263157895,474.03000000000003,24.948947368421056,19,0.25,1,1,1.0,1,2,2,Lost / Inactive
17105,2011-02-06 14:46:00,2011-07-03 15:53:00,90,2,693,7.7,665.78,7.397555555555555,80,0.25,1,148,74.0,3,3,3,Loyal Customers
17106,2010-11-15 14:11:00,2010-11-15 14:11:00,51,1,153,3.0,481.58,9.442745098039216,51,0.25,1,1,1.0,2,2,2,Lost / Inactive
17107,2010-01-31 15:47:00,2011-11-06 14:14:00,670,10,7530,11.238805970149254,16052.72,23.95928358208955,377,0.25,0,644,64.4,4,5,5,Champions
17108,2010-02-14 12:22:00,2010-02-14 12:22:00,9,1,31,3.4444444444444446,174.95,19.438888888888886,9,0.25,1,1,1.0,1,2,1,Lost / Inactive
17109,2010-07-30 12:42:00,2011-11-10 16:59:00,139,8,788,5.669064748201439,1291.71,9.292877697841726,124,0.25,0,469,58.6,4,5,4,Champions
17110,2010-04-08 13:32:00,2011-06-27 12:58:00,49,3,136,2.7755102040816326,499.9,10.20204081632653,38,0.25,1,445,148.3,3,3,2,Loyal Customers
17111,2010-10-10 15:21:00,2011-10-23 15:59:00,48,2,581,12.104166666666666,459.58,9.574583333333333,44,0.25,0,379,189.5,4,3,2,Loyal Customers
17112,2010-07-25 11:14:00,2010-07-25 11:14:00,47,1,130,2.765957446808511,197.57,4.203617021276596,44,0.25,1,1,1.0,1,2,1,Lost / Inactive
17113,2010-01-11 10:14:00,2010-05-14 13:59:00,158,6,913,5.7784810126582276,2305.59,14.592341772151899,122,0.25,1,124,20.7,1,4,4,At Risk
17114,2011-01-09 11:39:00,2011-12-04 12:17:00,123,8,215,1.7479674796747968,801.12,6.5131707317073175,85,0.25,0,330,41.2,5,5,3,Champions
17115,2009-12-05 12:13:00,2011-12-01 14:30:00,120,7,885,7.375,2761.49,23.012416666666663,102,0.25,0,727,103.9,5,4,4,Champions
17116,2010-03-01 16:29:00,2010-03-01 16:29:00,47,1,392,8.340425531914894,389.78,8.293191489361702,47,0.25,1,1,1.0,1,2,2,Lost / Inactive
17117,2011-02-24 13:54:00,2011-02-24 13:54:00,9,1,68,7.555555555555555,116.2,12.911111111111111,9,0.25,1,1,1.0,2,2,1,Lost / Inactive
17118,2011-01-26 12:19:00,2011-01-26 12:19:00,10,1,154,15.4,157.02,15.702000000000002,10,0.25,1,1,1.0,2,2,1,Lost / Inactive
17119,2011-10-11 11:03:00,2011-12-06 14:40:00,35,2,334,9.542857142857143,606.91,17.340285714285713,35,0.25,0,57,28.5,5,3,2,Loyal Customers
17120,2011-04-20 15:21:00,2011-04-20 15:21:00,18,1,120,6.666666666666667,307.46,17.08111111111111,18,0.25,1,1,1.0,2,2,2,Lost / Inactive
17121,2010-11-02 11:47:00,2010-11-02 11:47:00,12,1,106,8.833333333333334,314.74,26.228333333333335,12,0.25,1,1,1.0,2,2,2,Lost / Inactive
17122,2010-07-28 09:34:00,2011-08-12 14:33:00,30,4,368,12.266666666666667,570.5,19.016666666666666,23,0.25,1,381,95.2,3,4,2,Loyal Customers
17123,2010-05-16 11:52:00,2011-07-01 10:47:00,43,3,676,15.720930232558139,977.1700000000001,22.724883720930233,37,0.25,1,411,137.0,3,3,3,Loyal Customers
17124,2011-06-07 14:02:00,2011-06-07 14:02:00,31,1,129,4.161290322580645,294.24,9.491612903225807,31,0.25,1,1,1.0,3,2,2,Needs Attention
17125,2011-10-20 14:41:00,2011-10-20 14:41:00,35,1,281,8.028571428571428,230.5,6.585714285714285,34,0.25,0,1,1.0,4,2,1,Promising / New
17126,2010-08-31 13:41:00,2011-07-10 13:52:00,445,9,1426,3.204494382022472,2016.43,4.531303370786517,295,0.25,1,314,34.9,3,5,4,Loyal Customers
17127,2009-12-04 15:18:00,2010-10-07 09:54:00,37,5,340,9.18918918918919,1155.03,31.217027027027026,27,0.25,1,307,61.4,1,4,3,At Risk
17128,2011-01-09 12:02:00,2011-01-09 12:02:00,14,1,76,5.428571428571429,157.09,11.220714285714285,14,0.25,1,1,1.0,2,2,1,Lost / Inactive
17129,2010-07-07 13:46:00,2010-07-07 13:46:00,2,1,5,2.5,31.85,15.925,2,0.25,1,1,1.0,1,2,1,Lost / Inactive
17131,2011-09-25 12:42:00,2011-12-04 12:52:00,134,5,983,7.335820895522388,2463.17,18.38186567164179,78,0.25,0,71,14.2,5,4,4,Champions
17132,2010-08-08 13:49:00,2010-09-13 16:31:00,71,2,963,13.56338028169014,1220.91,17.19591549295775,62,0.25,1,37,18.5,1,3,4,At Risk
17133,2010-03-21 12:31:00,2011-11-24 12:27:00,56,12,10107,180.48214285714286,14622.33,261.11303571428573,22,0.25,0,613,51.1,5,5,5,Champions
17134,2010-09-23 18:32:00,2011-08-25 09:53:00,36,3,144,4.0,625.3,17.369444444444444,31,0.25,1,336,112.0,3,3,3,Loyal Customers
17135,2010-05-09 16:03:00,2011-11-23 16:48:00,143,10,1686,11.79020979020979,1722.18,12.043216783216783,98,0.25,0,564,56.4,5,5,4,Champions
17136,2010-02-15 13:13:00,2010-02-15 13:13:00,14,1,256,18.285714285714285,231.68,16.548571428571428,14,0.25,1,1,1.0,1,2,1,Lost / Inactive
17137,2010-01-31 12:27:00,2010-10-19 14:51:00,167,6,680,4.07185628742515,1099.81,6.585688622754491,125,0.25,1,262,43.7,1,4,3,At Risk
17138,2010-02-04 14:19:00,2011-03-09 11:54:00,256,7,2024,7.90625,4417.2699999999995,17.254960937499998,234,0.25,1,398,56.9,2,4,5,At Risk
17139,2010-01-11 11:31:00,2011-11-24 10:12:00,808,25,9853,12.194306930693068,19566.76,24.21628712871287,447,0.25,0,682,27.3,5,5,5,Champions
17140,2011-04-06 13:33:00,2011-04-06 13:33:00,18,1,296,16.444444444444443,454.12,25.22888888888889,16,0.25,1,1,1.0,2,2,2,Lost / Inactive
17141,2010-01-24 14:19:00,2010-10-17 14:54:00,162,4,423,2.611111111111111,727.58,4.491234567901235,138,0.25,1,267,66.8,1,4,3,At Risk
17142,2010-01-24 15:23:00,2011-04-14 18:22:00,89,4,322,3.6179775280898876,1275.25,14.32865168539326,78,0.25,1,446,111.5,2,4,4,At Risk
17143,2010-07-12 13:26:00,2010-10-18 15:27:00,112,2,314,2.8035714285714284,880.97,7.865803571428572,82,0.25,1,99,49.5,1,3,3,At Risk
17144,2011-09-16 12:50:00,2011-12-08 17:57:00,48,2,483,10.0625,984.57,20.511875,42,0.25,0,84,42.0,5,3,3,Loyal Customers
17145,2010-02-19 12:07:00,2010-07-15 09:02:00,180,4,2591,14.394444444444444,3120.91,17.33838888888889,168,0.25,1,146,36.5,1,4,5,At Risk
17146,2010-02-02 09:39:00,2011-08-26 12:44:00,301,13,2188,7.269102990033223,5852.64,19.443986710963458,164,0.25,1,571,43.9,3,5,5,Loyal Customers
17147,2010-01-11 09:38:00,2011-11-17 12:32:00,136,9,1308,9.617647058823529,3199.95,23.529044117647057,99,0.25,0,676,75.1,4,5,5,Champions
17148,2011-10-19 09:59:00,2011-10-19 09:59:00,9,1,82,9.11111111111111,124.88,13.875555555555556,9,0.25,0,1,1.0,4,2,1,Promising / New
17149,2010-09-14 14:56:00,2010-09-14 14:56:00,6,1,18,3.0,143.10000000000002,23.850000000000005,6,0.25,1,1,1.0,1,2,1,Lost / Inactive
17150,2009-12-06 10:51:00,2010-11-28 11:27:00,92,6,397,4.315217391304348,1357.95,14.760326086956523,64,0.25,1,358,59.7,2,4,4,At Risk
17151,2009-12-04 14:56:00,2009-12-04 14:56:00,4,1,42,10.5,231.90000000000003,57.97500000000001,4,0.25,1,1,1.0,1,2,1,Lost / Inactive
17152,2010-10-10 12:40:00,2011-05-29 12:19:00,16,4,577,36.0625,2016.5,126.03125,9,0.25,1,231,57.8,2,4,4,At Risk
17153,2011-11-15 13:42:00,2011-11-15 13:42:00,14,1,104,7.428571428571429,213.78,15.27,14,0.25,0,1,1.0,4,2,1,Promising / New
17154,2011-09-25 13:42:00,2011-09-25 13:42:00,23,1,490,21.304347826086957,329.34,14.319130434782608,23,0.25,0,1,1.0,3,2,2,Needs Attention
17155,2009-12-03 11:34:00,2011-11-22 12:38:00,73,7,987,13.520547945205479,892.46,12.225479452054795,43,0.25,0,720,102.9,5,4,3,Champions
17156,2010-08-05 11:30:00,2010-08-05 11:30:00,39,1,391,10.025641025641026,591.87,15.176153846153847,39,0.25,1,1,1.0,1,2,2,Lost / Inactive
17157,2009-12-04 13:00:00,2011-12-02 09:10:00,141,19,2092,14.836879432624114,5151.900000000001,36.53829787234043,78,0.25,0,728,38.3,5,5,5,Champions
17158,2010-03-07 15:50:00,2011-11-07 15:15:00,113,5,1147,10.150442477876107,1980.0,17.52212389380531,74,0.25,0,610,122.0,4,4,4,Champions
17159,2010-03-04 14:53:00,2011-11-18 10:52:00,130,5,1348,10.36923076923077,2099.59,16.15069230769231,115,0.25,0,624,124.8,4,4,4,Champions
17160,2009-12-04 10:57:00,2011-11-08 14:05:00,651,17,8390,12.887864823348695,10209.16,15.68227342549923,215,0.25,0,705,41.5,4,5,5,Champions
17161,2010-09-21 16:44:00,2010-09-21 16:44:00,52,1,537,10.326923076923077,856.01,16.46173076923077,52,0.25,1,1,1.0,1,2,3,Lost / Inactive
17162,2011-02-07 12:27:00,2011-11-11 11:34:00,104,10,1001,9.625,1715.46,16.494807692307692,81,0.25,0,277,27.7,4,5,4,Champions
17163,2010-02-02 10:39:00,2011-11-18 08:57:00,30,4,531,17.7,699.78,23.326,27,0.25,0,654,163.5,4,4,3,Champions
17164,2011-03-11 14:26:00,2011-11-07 09:14:00,144,7,1501,10.42361111111111,2467.35,17.134375,92,0.25,0,241,34.4,4,4,4,Champions
17165,2009-12-11 09:18:00,2011-02-28 16:39:00,100,6,788,7.88,1794.32,17.9432,77,0.25,1,445,74.2,2,4,4,At Risk
17166,2011-05-20 08:18:00,2011-11-01 09:46:00,12,2,78,6.5,206.34,17.195,11,0.25,0,166,83.0,4,3,1,Loyal Customers
17167,2010-09-20 14:02:00,2010-11-25 10:05:00,79,3,429,5.430379746835443,867.11,10.97607594936709,64,0.25,1,66,22.0,2,3,3,At Risk
17168,2010-07-29 12:33:00,2010-07-29 12:33:00,21,1,220,10.476190476190476,400.2,19.057142857142857,21,0.25,1,1,1.0,1,2,2,Lost / Inactive
17169,2010-05-10 13:00:00,2011-10-13 10:25:00,75,3,671,8.946666666666667,1156.73,15.423066666666667,64,0.25,0,521,173.7,4,3,3,Loyal Customers
17170,2010-11-15 16:23:00,2010-11-30 15:55:00,10,2,152,15.2,178.68,17.868000000000002,8,0.25,1,15,7.5,2,3,1,At Risk
17171,2010-02-16 12:02:00,2011-02-23 16:37:00,25,2,225,9.0,384.59000000000003,15.383600000000001,25,0.25,1,373,186.5,2,3,2,At Risk
17172,2009-12-13 11:46:00,2011-09-22 09:36:00,39,3,1215,31.153846153846153,956.5699999999999,24.527435897435897,39,0.25,0,648,216.0,3,3,3,Loyal Customers
17173,2011-07-31 15:26:00,2011-12-04 14:40:00,86,8,1122,13.046511627906977,3766.6,43.79767441860465,36,0.25,0,126,15.8,5,5,5,Champions
17174,2011-05-06 11:47:00,2011-05-06 11:47:00,4,1,41,10.25,59.9,14.975,4,0.25,1,1,1.0,2,2,1,Lost / Inactive
17175,2011-02-16 14:56:00,2011-10-26 15:31:00,63,4,866,13.746031746031745,1443.69,22.915714285714287,42,0.25,0,253,63.2,4,4,4,Champions
17176,2010-01-31 15:49:00,2011-05-22 12:41:00,42,3,576,13.714285714285714,902.3199999999999,21.483809523809523,37,0.25,1,476,158.7,2,3,3,At Risk
17177,2010-07-22 14:53:00,2010-07-22 14:53:00,29,1,40,1.3793103448275863,119.5,4.120689655172414,29,0.25,1,1,1.0,1,2,1,Lost / Inactive
17178,2009-12-08 16:20:00,2009-12-08 16:20:00,31,1,100,3.225806451612903,432.96000000000004,13.966451612903226,31,0.25,1,1,1.0,1,2,2,Lost / Inactive
17179,2010-05-26 11:22:00,2011-06-14 16:48:00,158,6,625,3.9556962025316458,1507.26,9.539620253164557,75,0.25,1,385,64.2,3,4,4,Loyal Customers
17180,2010-01-21 17:43:00,2011-10-14 15:46:00,400,11,1809,4.5225,2236.77,5.591925,189,0.25,0,631,57.4,4,5,4,Champions
17181,2010-04-23 11:21:00,2011-10-13 14:48:00,28,3,268,9.571428571428571,309.85,11.06607142857143,28,0.25,0,539,179.7,4,3,2,Loyal Customers
17182,2009-12-21 15:22:00,2010-10-13 10:09:00,6,2,54,9.0,321.3,53.550000000000004,4,0.25,1,296,148.0,1,3,2,At Risk
17183,2011-08-26 15:25:00,2011-12-02 10:07:00,73,6,1296,17.753424657534246,3347.31,45.85356164383562,42,0.25,0,98,16.3,5,4,5,Champions
17184,2009-12-09 14:17:00,2010-05-19 14:24:00,14,2,73,5.214285714285714,198.41,14.172142857142857,14,0.25,1,162,81.0,1,3,1,At Risk
17185,2010-04-20 13:49:00,2010-04-27 12:15:00,44,3,119,2.7045454545454546,229.46,5.215,38,0.25,1,7,2.3,1,3,1,At Risk
17186,2011-10-10 12:52:00,2011-10-24 10:20:00,2,2,200,100.0,144.0,72.0,1,0.25,0,14,7.0,4,3,1,Loyal Customers
17187,2010-07-01 14:38:00,2011-04-27 12:39:00,23,2,426,18.52173913043478,467.71,20.335217391304347,21,0.25,1,300,150.0,2,3,2,At Risk
17188,2009-12-08 19:16:00,2011-11-28 13:53:00,172,13,2569,14.936046511627907,4592.93,26.70308139534884,136,0.25,0,720,55.4,5,5,5,Champions
17189,2009-12-02 11:45:00,2011-08-25 19:39:00,120,5,601,5.008333333333334,953.63,7.946916666666667,101,0.25,1,632,126.4,3,4,3,Loyal Customers
17190,2010-03-05 13:21:00,2011-10-12 11:33:00,190,7,2218,11.673684210526316,1726.57,9.08721052631579,160,0.25,0,586,83.7,4,4,4,Champions
17191,2009-12-01 16:34:00,2011-11-11 16:58:00,497,15,2208,4.442655935613682,4310.34,8.672716297786721,269,0.25,0,711,47.4,4,5,5,Champions
17192,2010-06-21 16:07:00,2010-06-21 16:07:00,20,1,45,2.25,75.28,3.7640000000000002,20,0.25,1,1,1.0,1,2,1,Lost / Inactive
17193,2009-12-02 10:02:00,2011-11-04 12:47:00,44,9,1668,37.90909090909091,2310.04,52.50090909090909,28,0.25,0,703,78.1,4,5,4,Champions
17194,2010-06-27 13:16:00,2011-03-11 12:05:00,61,3,420,6.885245901639344,812.5,13.319672131147541,57,0.25,1,257,85.7,2,3,3,At Risk
17195,2010-02-22 13:05:00,2010-02-22 13:05:00,31,1,486,15.67741935483871,562.98,18.160645161290322,31,0.25,1,1,1.0,1,2,2,Lost / Inactive
17196,2010-10-08 11:31:00,2010-10-08 11:31:00,93,1,154,1.6559139784946237,327.75,3.524193548387097,84,0.25,1,1,1.0,1,2,2,Lost / Inactive
17197,2011-11-10 10:32:00,2011-11-10 10:32:00,29,1,191,6.586206896551724,1013.01,34.93137931034483,29,0.25,0,1,1.0,4,2,3,Promising / New
17198,2010-12-03 14:54:00,2011-11-16 10:39:00,96,3,357,3.71875,692.22,7.210625,89,0.25,0,348,116.0,4,3,3,Loyal Customers
17199,2010-05-06 13:53:00,2010-05-06 13:53:00,8,1,232,29.0,135.04,16.88,8,0.25,1,1,1.0,1,2,1,Lost / Inactive
17200,2010-02-25 13:23:00,2010-11-17 13:04:00,25,4,367,14.68,356.71,14.2684,25,0.25,1,265,66.2,2,4,2,At Risk
17201,2010-02-10 12:26:00,2011-10-17 11:55:00,171,4,1004,5.871345029239766,1143.1,6.684795321637426,154,0.25,0,614,153.5,4,4,3,Champions
17202,2010-10-15 11:25:00,2010-10-15 11:25:00,8,1,55,6.875,160.65,20.08125,8,0.25,1,1,1.0,1,2,1,Lost / Inactive
17203,2010-11-16 12:52:00,2011-11-04 12:27:00,261,10,4597,17.613026819923373,5564.09,21.318352490421457,195,0.25,0,353,35.3,4,5,5,Champions
17204,2010-06-10 11:37:00,2011-06-17 14:46:00,177,9,2651,14.977401129943503,5504.69,31.099943502824857,110,0.25,1,373,41.4,3,5,5,Loyal Customers
17205,2010-05-24 15:36:00,2011-10-17 12:46:00,35,3,2214,63.25714285714286,999.35,28.552857142857142,27,0.25,0,511,170.3,4,3,3,Loyal Customers
17206,2011-10-17 13:25:00,2011-10-17 13:25:00,7,1,76,10.857142857142858,204.24,29.177142857142858,7,0.25,0,1,1.0,4,2,1,Promising / New
17207,2010-02-25 19:08:00,2010-02-25 19:08:00,60,1,233,3.8833333333333333,292.62,4.877,55,0.25,1,1,1.0,1,2,2,Lost / Inactive
17208,2010-11-09 12:50:00,2010-11-09 12:50:00,23,1,101,4.391304347826087,111.15,4.8326086956521745,21,0.25,1,1,1.0,2,2,1,Lost / Inactive
17209,2009-12-03 11:10:00,2010-02-28 16:01:00,38,3,723,19.026315789473685,595.6999999999999,15.676315789473682,36,0.25,1,88,29.3,1,3,2,At Risk
17210,2010-11-12 12:15:00,2010-11-12 12:15:00,53,1,242,4.566037735849057,251.72,4.749433962264151,47,0.25,1,1,1.0,2,2,1,Lost / Inactive
17211,2009-12-13 13:17:00,2011-11-13 12:03:00,344,13,2141,6.223837209302325,3773.35,10.969040697674417,217,0.25,0,700,53.8,4,5,5,Champions
17212,2010-08-10 09:22:00,2011-03-31 19:42:00,29,3,727,25.06896551724138,794.41,27.393448275862067,29,0.25,1,234,78.0,2,3,3,At Risk
17213,2009-12-15 10:28:00,2011-10-30 14:53:00,266,13,2087,7.845864661654136,4869.4,18.306015037593983,130,0.25,0,685,52.7,4,5,5,Champions
17214,2010-12-15 15:14:00,2011-10-10 13:17:00,101,6,272,2.6930693069306932,1059.12,10.486336633663365,79,0.25,0,299,49.8,3,4,3,Loyal Customers
17215,2010-09-01 13:39:00,2010-09-01 13:39:00,11,1,104,9.454545454545455,186.15,16.922727272727272,11,0.25,1,1,1.0,1,2,1,Lost / Inactive
17216,2010-06-03 13:03:00,2010-06-03 13:03:00,13,1,21,1.6153846153846154,63.6,4.892307692307693,13,0.25,1,1,1.0,1,2,1,Lost / Inactive
17217,2010-03-30 13:35:00,2011-04-19 17:19:00,27,2,93,3.4444444444444446,210.1,7.781481481481482,27,0.25,1,386,193.0,2,3,1,At Risk
17218,2010-01-25 16:12:00,2011-12-05 13:52:00,471,18,2066,4.386411889596603,3891.39,8.261974522292993,248,0.25,0,679,37.7,5,5,5,Champions
17219,2010-10-19 11:29:00,2011-11-08 11:25:00,50,2,188,3.76,259.13,5.1826,43,0.25,0,385,192.5,4,3,1,Loyal Customers
17220,2010-01-20 11:57:00,2011-11-15 13:47:00,672,21,2663,3.962797619047619,4457.31,6.632901785714286,408,0.25,0,665,31.7,4,5,5,Champions
17221,2010-04-11 15:34:00,2011-12-02 13:35:00,124,5,713,5.75,976.62,7.875967741935484,115,0.25,0,600,120.0,5,4,3,Champions
17222,2010-01-10 15:24:00,2011-10-05 13:58:00,112,6,857,7.651785714285714,1579.51,14.102767857142856,94,0.25,0,633,105.5,3,4,4,Loyal Customers
17223,2010-11-29 17:19:00,2011-02-02 15:57:00,69,3,155,2.246376811594203,558.04,8.087536231884057,62,0.25,1,65,21.7,2,3,2,At Risk
17224,2010-07-26 13:30:00,2010-07-26 13:30:00,8,1,65,8.125,100.86000000000001,12.607500000000002,8,0.25,1,1,1.0,1,2,1,Lost / Inactive
17225,2010-05-07 11:38:00,2010-05-07 11:38:00,5,1,36,7.2,131.15,26.23,5,0.25,1,1,1.0,1,2,1,Lost / Inactive
17226,2010-02-12 14:31:00,2011-02-04 11:52:00,59,3,853,14.457627118644067,895.47,15.177457627118644,51,0.25,1,357,119.0,2,3,3,At Risk
17227,2010-01-15 15:05:00,2011-11-21 10:51:00,114,12,1681,14.74561403508772,1878.93,16.48184210526316,58,0.25,0,675,56.2,5,5,4,Champions
17228,2010-03-12 11:54:00,2011-11-24 10:24:00,327,13,2354,7.198776758409786,2820.03,8.623944954128442,199,0.25,0,622,47.8,5,5,4,Champions
17229,2011-07-20 12:38:00,2011-09-04 13:56:00,47,2,185,3.9361702127659575,318.76,6.782127659574468,39,0.25,1,47,23.5,3,3,2,Loyal Customers
17230,2009-12-08 13:41:00,2011-03-20 16:12:00,217,18,3753,17.294930875576036,9388.49,43.264930875576034,141,0.25,1,468,26.0,2,5,5,At Risk
17231,2009-12-07 16:38:00,2011-11-27 15:18:00,1201,25,3681,3.0649458784346377,7064.8,5.882431307243963,509,0.25,0,720,28.8,5,5,5,Champions
17232,2011-11-25 12:24:00,2011-12-07 12:21:00,35,2,202,5.771428571428571,417.77,11.936285714285713,30,0.25,0,12,6.0,5,3,2,Loyal Customers
17233,2009-12-15 12:03:00,2011-11-04 14:06:00,58,3,298,5.137931034482759,560.86,9.67,56,0.25,0,690,230.0,4,3,2,Loyal Customers
17234,2011-06-10 11:20:00,2011-06-10 11:20:00,14,1,55,3.9285714285714284,149.89,10.706428571428571,14,0.25,1,1,1.0,3,2,1,Needs Attention
17235,2010-06-04 17:01:00,2011-11-14 15:51:00,89,8,845,9.49438202247191,1562.98,17.561573033707866,52,0.25,0,528,66.0,4,5,4,Champions
17236,2010-03-07 13:00:00,2011-11-27 12:00:00,158,12,804,5.0886075949367084,1929.26,12.210506329113924,123,0.25,0,630,52.5,5,5,4,Champions
17237,2010-11-23 11:45:00,2011-11-28 15:02:00,79,4,414,5.2405063291139244,994.13,12.58392405063291,76,0.25,0,371,92.8,5,4,3,Champions
17238,2009-12-01 10:59:00,2011-12-07 11:35:00,1139,32,3555,3.1211589113257245,7331.67,6.436935908691835,486,0.25,0,737,23.0,5,5,5,Champions
17239,2010-07-01 10:53:00,2011-01-31 09:41:00,32,4,515,16.09375,1189.45,37.1703125,18,0.25,1,214,53.5,2,4,3,At Risk
17240,2010-04-22 15:44:00,2010-04-22 15:44:00,7,1,108,15.428571428571429,130.6,18.657142857142855,7,0.25,1,1,1.0,1,2,1,Lost / Inactive
17241,2010-02-15 14:47:00,2010-11-19 13:01:00,170,12,859,5.052941176470588,2736.64,16.097882352941177,116,0.25,1,277,23.1,2,5,4,At Risk
17242,2010-01-24 10:27:00,2011-08-23 14:55:00,84,5,1459,17.36904761904762,2889.2799999999997,34.396190476190476,44,0.25,1,577,115.4,3,4,4,Loyal Customers
17243,2009-12-01 15:36:00,2011-12-08 13:26:00,1073,69,7932,7.392357875116496,20203.58,18.8290587138863,359,0.25,0,737,10.7,5,5,5,Champions
17244,2009-12-06 11:27:00,2011-10-17 15:19:00,120,5,1419,11.825,1826.04,15.217,109,0.25,0,681,136.2,4,4,4,Champions
17245,2010-01-19 15:39:00,2011-05-19 10:43:00,25,2,307,12.28,371.63,14.8652,24,0.25,1,485,242.5,2,3,2,At Risk
17246,2009-12-01 17:45:00,2010-06-11 12:36:00,6,2,36,6.0,38.92,6.486666666666667,6,0.25,1,192,96.0,1,3,1,At Risk
17247,2011-11-24 15:21:00,2011-11-24 15:21:00,54,1,105,1.9444444444444444,280.09,5.186851851851851,53,0.25,0,1,1.0,5,2,1,Promising / New
17248,2010-08-15 11:55:00,2011-08-11 13:34:00,104,2,276,2.6538461538461537,500.54,4.812884615384616,85,0.25,1,362,181.0,3,3,2,Loyal Customers
17249,2010-10-07 11:33:00,2010-10-07 11:33:00,27,1,79,2.925925925925926,68.03,2.51962962962963,27,0.25,1,1,1.0,1,2,1,Lost / Inactive
17250,2011-03-23 16:45:00,2011-12-06 12:15:00,56,2,167,2.982142857142857,381.97,6.820892857142858,55,0.25,0,258,129.0,5,3,2,Loyal Customers
17251,2009-12-15 10:36:00,2010-12-12 11:06:00,78,3,377,4.833333333333333,798.98,10.243333333333334,65,0.25,1,363,121.0,2,3,3,At Risk
17252,2011-06-06 16:41:00,2011-08-15 09:45:00,86,2,192,2.2325581395348837,348.90999999999997,4.057093023255813,86,0.25,1,70,35.0,3,3,2,Loyal Customers
17253,2011-11-21 12:59:00,2011-11-21 12:59:00,18,1,43,2.388888888888889,178.26,9.903333333333332,18,0.25,0,1,1.0,5,2,1,Promising / New
17254,2010-11-03 14:00:00,2011-12-05 12:46:00,147,3,397,2.7006802721088436,469.48,3.1937414965986397,129,0.25,0,397,132.3,5,3,2,Loyal Customers
17255,2010-09-19 15:53:00,2011-10-30 12:18:00,182,4,583,3.2032967032967035,781.7,4.295054945054945,163,0.25,0,406,101.5,4,4,3,Champions
17256,2010-04-18 13:40:00,2011-08-24 13:30:00,31,5,299,9.64516129032258,498.93,16.094516129032257,20,0.25,1,493,98.6,3,4,2,Loyal Customers
17257,2010-09-29 12:49:00,2010-09-29 12:51:00,14,2,187,13.357142857142858,189.78,13.555714285714286,14,0.25,1,1,0.5,1,3,1,At Risk
17258,2010-02-12 15:51:00,2010-11-08 12:37:00,55,2,188,3.418181818181818,417.3,7.587272727272728,46,0.25,1,269,134.5,2,3,2,At Risk
17259,2010-02-22 13:38:00,2011-07-14 15:01:00,230,6,844,3.6695652173913045,1452.39,6.314739130434783,179,0.25,1,508,84.7,3,4,4,Loyal Customers
17260,2010-10-24 13:21:00,2010-10-24 13:21:00,6,1,23,3.8333333333333335,120.95,20.158333333333335,6,0.25,1,1,1.0,1,2,1,Lost / Inactive
17261,2010-07-18 11:49:00,2010-07-18 11:49:00,43,1,95,2.2093023255813953,221.59,5.153255813953488,43,0.25,1,1,1.0,1,2,1,Lost / Inactive
17262,2009-12-15 11:26:00,2011-10-18 12:56:00,19,11,635,33.421052631578945,2488.76,130.98736842105265,12,0.25,0,673,61.2,4,5,4,Champions
17263,2011-05-15 14:32:00,2011-05-15 14:32:00,23,1,36,1.565217391304348,63.440000000000005,2.7582608695652175,23,0.25,1,1,1.0,2,2,1,Lost / Inactive
17264,2010-10-11 12:52:00,2010-10-11 12:52:00,74,1,217,2.9324324324324325,268.28,3.625405405405405,70,0.25,1,1,1.0,1,2,1,Lost / Inactive
17265,2011-06-12 12:00:00,2011-07-24 10:49:00,122,2,389,3.1885245901639343,550.01,4.50827868852459,106,0.25,1,42,21.0,3,3,2,Loyal Customers
17266,2010-03-09 10:42:00,2011-12-07 14:12:00,119,5,243,2.042016806722689,501.72,4.216134453781513,95,0.25,0,639,127.8,5,4,2,Champions
17267,2011-08-04 17:19:00,2011-08-04 17:22:00,37,2,158,4.27027027027027,317.2,8.572972972972973,37,0.25,1,1,0.5,3,3,2,Loyal Customers
17268,2009-12-08 11:46:00,2011-08-24 10:06:00,30,11,1395,46.5,1733.8899999999999,57.79633333333333,26,0.25,1,624,56.7,3,5,4,Loyal Customers
17269,2010-11-19 11:12:00,2010-11-19 11:12:00,125,1,314,2.512,491.81,3.93448,110,0.25,1,1,1.0,2,2,2,Lost / Inactive
17270,2009-12-07 17:18:00,2010-08-27 14:09:00,48,2,420,8.75,601.45,12.530208333333334,45,0.25,1,263,131.5,1,3,2,At Risk
17271,2009-12-03 13:49:00,2009-12-03 13:49:00,48,1,113,2.3541666666666665,204.3,4.2562500000000005,46,0.25,1,1,1.0,1,2,1,Lost / Inactive
17272,2011-03-22 12:05:00,2011-10-28 16:37:00,114,4,1778,15.596491228070175,2148.63,18.847631578947368,70,0.25,0,221,55.2,4,4,4,Champions
17273,2010-10-11 15:57:00,2010-10-11 15:57:00,12,1,133,11.083333333333334,141.12,11.76,12,0.25,1,1,1.0,1,2,1,Lost / Inactive
17274,2010-11-09 12:06:00,2011-11-04 13:16:00,77,2,271,3.5194805194805197,573.22,7.444415584415585,76,0.25,0,361,180.5,4,3,2,Loyal Customers
17275,2010-11-21 13:26:00,2010-11-21 13:26:00,23,1,71,3.0869565217391304,114.1,4.960869565217391,23,0.25,1,1,1.0,2,2,1,Lost / Inactive
17276,2010-11-02 16:20:00,2010-11-02 16:20:00,53,1,187,3.5283018867924527,502.49,9.480943396226415,50,0.25,1,1,1.0,2,2,2,Lost / Inactive
17277,2011-01-21 12:37:00,2011-04-26 12:47:00,69,2,430,6.231884057971015,1065.35,15.439855072463766,67,0.25,1,96,48.0,2,3,3,At Risk
17278,2010-05-23 13:49:00,2011-04-12 13:10:00,17,2,195,11.470588235294118,271.24,15.955294117647059,17,0.25,1,324,162.0,2,3,1,At Risk
17279,2011-10-13 11:58:00,2011-10-13 11:58:00,9,1,48,5.333333333333333,187.82999999999998,20.869999999999997,8,0.25,0,1,1.0,4,2,1,Promising / New
17280,2010-09-27 16:46:00,2010-09-27 16:46:00,6,1,74,12.333333333333334,118.86,19.81,6,0.25,1,1,1.0,1,2,1,Lost / Inactive
17281,2010-02-04 13:00:00,2010-11-30 18:05:00,6,6,295,49.166666666666664,797.85,132.975,2,0.25,1,300,50.0,2,4,3,At Risk
17282,2010-06-09 12:07:00,2011-08-01 14:29:00,204,5,2332,11.431372549019608,2308.54,11.316372549019608,168,0.25,1,419,83.8,3,4,4,Loyal Customers
17283,2010-11-26 11:53:00,2010-11-26 11:53:00,15,1,179,11.933333333333334,188.46,12.564,15,0.25,1,1,1.0,2,2,1,Lost / Inactive
17284,2010-09-20 16:18:00,2011-10-10 14:38:00,373,8,2069,5.546916890080429,2788.06,7.474691689008043,285,0.25,0,385,48.1,3,5,4,Loyal Customers
17285,2010-02-14 14:10:00,2010-03-21 13:38:00,44,2,134,3.0454545454545454,407.94,9.271363636363636,41,0.25,1,35,17.5,1,3,2,At Risk
17286,2010-11-04 13:43:00,2011-11-18 12:47:00,90,3,368,4.088888888888889,389.18,4.324222222222223,89,0.25,0,379,126.3,4,3,2,Loyal Customers
17287,2009-12-03 12:45:00,2011-11-13 13:27:00,463,21,1955,4.222462203023758,3826.86,8.265356371490281,279,0.25,0,711,33.9,4,5,5,Champions
17288,2010-11-10 14:44:00,2011-11-30 16:09:00,288,11,1699,5.899305555555555,2468.43,8.5709375,233,0.25,0,386,35.1,5,5,4,Champions
17289,2010-03-08 12:52:00,2011-11-08 12:01:00,266,9,1237,4.650375939849624,2041.8,7.67593984962406,202,0.25,0,610,67.8,4,5,4,Champions
17290,2009-12-13 13:28:00,2011-12-06 12:38:00,196,8,1139,5.811224489795919,1487.96,7.591632653061224,184,0.25,0,723,90.4,5,5,4,Champions
17291,2011-02-04 13:04:00,2011-02-04 13:04:00,1,1,72,72.0,550.8,550.8,1,0.25,1,1,1.0,2,2,2,Lost / Inactive
17292,2010-05-09 14:52:00,2010-08-24 17:14:00,15,2,131,8.733333333333333,271.75,18.116666666666667,14,0.25,1,108,54.0,1,3,1,At Risk
17293,2009-12-03 15:09:00,2011-12-01 14:37:00,241,17,2228,9.244813278008298,3750.63,15.562780082987553,148,0.25,0,728,42.8,5,5,5,Champions
17294,2010-02-08 14:21:00,2010-02-08 16:12:00,17,2,297,17.470588235294116,467.79,27.517058823529414,17,0.25,1,1,0.5,1,3,2,At Risk
17295,2011-10-06 12:22:00,2011-11-11 10:49:00,68,3,293,4.3088235294117645,547.0,8.044117647058824,53,0.25,0,36,12.0,4,3,2,Loyal Customers
17296,2009-12-09 14:01:00,2009-12-09 14:01:00,33,1,216,6.545454545454546,338.13,10.246363636363636,32,0.25,1,1,1.0,1,2,2,Lost / Inactive
17297,2011-11-22 14:43:00,2011-11-22 14:43:00,49,1,65,1.3265306122448979,128.18,2.615918367346939,49,0.25,0,1,1.0,5,2,1,Promising / New
17298,2010-03-08 08:56:00,2011-08-30 16:43:00,69,5,852,12.347826086956522,954.26,13.829855072463769,61,0.25,1,541,108.2,3,4,3,Loyal Customers
17299,2010-08-15 16:00:00,2011-11-28 12:01:00,113,6,919,8.132743362831858,993.23,8.789646017699114,96,0.25,0,470,78.3,5,4,3,Champions
17300,2010-08-15 11:02:00,2010-11-14 10:56:00,44,2,467,10.613636363636363,393.64,8.946363636363635,37,0.25,1,91,45.5,2,3,2,At Risk
17301,2010-03-25 13:16:00,2011-11-18 13:43:00,113,2,216,1.9115044247787611,294.39,2.605221238938053,107,0.25,0,604,302.0,4,3,2,Loyal Customers
17302,2011-02-07 10:14:00,2011-11-25 09:36:00,79,5,575,7.2784810126582276,1135.63,14.375063291139242,68,0.25,0,291,58.2,5,4,3,Champions
17303,2010-12-13 13:32:00,2010-12-13 13:32:00,53,1,144,2.7169811320754715,250.04,4.717735849056604,53,0.25,1,1,1.0,2,2,1,Lost / Inactive
17304,2010-06-23 16:23:00,2010-06-23 16:23:00,5,1,73,14.6,111.5,22.3,5,0.25,1,1,1.0,1,2,1,Lost / Inactive
17305,2010-03-01 12:47:00,2010-03-01 12:47:00,9,1,1006,111.77777777777777,2135.46,237.27333333333334,9,0.25,1,1,1.0,1,2,4,Lost / Inactive
17306,2010-11-01 11:38:00,2011-11-29 12:14:00,72,21,13747,190.93055555555554,9782.35,135.86597222222224,17,0.25,0,394,18.8,5,5,5,Champions
17307,2010-01-19 16:38:00,2010-11-09 13:40:00,48,11,3667,76.39583333333333,3999.89,83.33104166666666,22,0.25,1,294,26.7,2,5,5,At Risk
17308,2010-09-13 09:35:00,2010-11-11 13:19:00,7,2,5148,735.4285714285714,4511.76,644.5371428571428,5,0.25,1,60,30.0,2,3,5,At Risk
17309,2010-02-04 15:49:00,2011-09-05 15:20:00,36,3,181,5.027777777777778,320.39,8.899722222222222,33,0.25,1,578,192.7,3,3,2,Loyal Customers
17310,2010-06-23 11:38:00,2010-11-17 16:00:00,2,2,402,201.0,1025.1,512.55,1,0.25,1,148,74.0,2,3,3,At Risk
17311,2010-02-03 12:38:00,2011-09-22 14:11:00,127,6,2755,21.69291338582677,3566.56,28.083149606299212,124,0.25,0,597,99.5,3,4,5,Loyal Customers
17312,2011-07-03 13:12:00,2011-07-24 11:52:00,14,3,372,26.571428571428573,644.3,46.021428571428565,11,0.25,1,21,7.0,3,3,3,Loyal Customers
17313,2011-11-08 15:45:00,2011-11-08 15:45:00,24,1,1402,58.416666666666664,2328.84,97.03500000000001,24,0.25,0,1,1.0,4,2,4,Promising / New
17314,2009-12-03 11:25:00,2011-11-15 09:41:00,256,17,3663,14.30859375,4904.43,19.1579296875,200,0.25,0,712,41.9,4,5,5,Champions
17315,2010-09-27 12:45:00,2011-12-08 12:15:00,747,43,5088,6.811244979919679,9599.58,12.850843373493976,385,0.25,0,437,10.2,5,5,5,Champions
17316,2010-10-15 14:35:00,2010-10-15 14:35:00,35,1,44,1.2571428571428571,124.45,3.5557142857142856,35,0.25,1,1,1.0,1,2,1,Lost / Inactive
17317,2011-09-11 12:45:00,2011-10-24 17:19:00,9,3,1146,127.33333333333333,2600.34,288.9266666666667,8,0.25,0,44,14.7,4,3,4,Loyal Customers
17318,2009-12-14 13:11:00,2009-12-14 13:11:00,17,1,59,3.4705882352941178,157.32999999999998,9.25470588235294,17,0.25,1,1,1.0,1,2,1,Lost / Inactive
17319,2010-02-08 15:47:00,2010-02-08 15:47:00,3,1,14,4.666666666666667,29.099999999999998,9.7,3,0.25,1,1,1.0,1,2,1,Lost / Inactive
17320,2010-01-21 16:29:00,2011-08-31 13:31:00,152,6,1182,7.776315789473684,2444.85,16.08453947368421,86,0.25,1,587,97.8,3,4,4,Loyal Customers
17321,2010-05-11 12:10:00,2011-12-01 13:41:00,271,6,790,2.915129151291513,1665.21,6.144686346863469,241,0.25,0,570,95.0,5,4,4,Champions
17322,2009-12-03 11:46:00,2010-11-28 14:41:00,177,5,631,3.5649717514124295,922.59,5.2123728813559325,115,0.25,1,361,72.2,2,4,3,At Risk
17323,2010-01-10 11:58:00,2011-11-24 17:29:00,331,12,1426,4.308157099697885,1551.04,4.685921450151057,168,0.25,0,684,57.0,5,5,4,Champions
17324,2009-12-18 15:29:00,2011-11-22 10:34:00,145,12,1485,10.241379310344827,2171.07,14.972896551724139,111,0.25,0,704,58.7,5,5,4,Champions
17325,2010-03-08 11:31:00,2011-03-04 13:09:00,39,3,465,11.923076923076923,609.5699999999999,15.629999999999999,39,0.25,1,362,120.7,2,3,3,At Risk
17326,2010-06-28 14:05:00,2010-10-27 15:38:00,86,2,136,1.5813953488372092,312.35,3.631976744186047,82,0.25,1,122,61.0,2,3,2,At Risk
17327,2010-05-26 11:20:00,2010-10-26 09:54:00,4,2,59,14.75,152.35,38.0875,3,0.25,1,153,76.5,2,3,1,At Risk
17328,2010-02-04 17:11:00,2010-02-04 17:11:00,6,1,86,14.333333333333334,104.7,17.45,6,0.25,1,1,1.0,1,2,1,Lost / Inactive
17329,2009-12-03 16:09:00,2011-11-25 14:24:00,104,5,430,4.134615384615385,998.53,9.60125,80,0.25,0,722,144.4,5,4,3,Champions
17330,2010-03-02 09:20:00,2011-11-17 08:56:00,8,4,122,15.25,423.8,52.975,7,0.25,0,625,156.2,4,4,2,Champions
17331,2011-08-08 11:55:00,2011-08-08 11:55:00,1,1,16,16.0,175.2,175.2,1,0.25,1,1,1.0,3,2,1,Needs Attention
17332,2010-02-21 14:41:00,2010-06-29 16:10:00,95,5,794,8.357894736842105,838.27,8.823894736842105,82,0.25,1,129,25.8,1,4,3,At Risk
17333,2011-09-15 10:11:00,2011-09-15 10:11:00,28,1,375,13.392857142857142,494.25,17.651785714285715,28,0.25,0,1,1.0,3,2,2,Needs Attention
17334,2010-10-29 12:16:00,2011-02-10 14:59:00,31,3,566,18.258064516129032,635.15,20.488709677419354,20,0.25,1,105,35.0,2,3,3,At Risk
17335,2010-01-24 11:15:00,2010-11-21 10:17:00,36,2,210,5.833333333333333,497.04,13.806666666666667,34,0.25,1,301,150.5,2,3,2,At Risk
17336,2010-08-24 15:37:00,2010-08-24 15:37:00,1,1,48,48.0,81.12,81.12,1,0.25,1,1,1.0,1,2,1,Lost / Inactive
17337,2011-02-02 17:06:00,2011-07-11 14:55:00,521,4,1247,2.3934740882917467,1981.06,3.802418426103647,421,0.25,1,159,39.8,3,4,4,Loyal Customers
17338,2010-03-10 16:09:00,2011-11-22 14:23:00,1305,17,5780,4.42911877394636,11889.33,9.110597701149425,590,0.25,0,622,36.6,5,5,5,Champions
17339,2010-07-18 13:08:00,2011-09-06 13:29:00,10,3,172,17.2,302.36,30.236,10,0.25,1,416,138.7,3,3,2,Loyal Customers
17340,2010-02-14 14:54:00,2011-11-10 10:45:00,678,18,9497,14.007374631268437,19617.95,28.935029498525076,322,0.25,0,634,35.2,4,5,5,Champions
17341,2010-06-17 18:17:00,2011-07-06 12:33:00,219,5,831,3.7945205479452055,1272.21,5.809178082191781,200,0.25,1,384,76.8,3,4,4,Loyal Customers
17342,2010-02-08 09:16:00,2010-11-25 11:07:00,35,4,521,14.885714285714286,1227.54,35.07257142857143,31,0.25,1,291,72.8,2,4,4,At Risk
17343,2009-12-03 18:30:00,2010-12-19 15:07:00,80,6,454,5.675,1259.94,15.74925,61,0.25,1,381,63.5,2,4,4,At Risk
17344,2009-12-11 12:31:00,2011-10-24 12:56:00,67,2,200,2.985074626865672,457.36,6.826268656716418,64,0.25,0,683,341.5,4,3,2,Loyal Customers
17345,2009-12-01 16:17:00,2011-11-24 15:03:00,209,10,2008,9.607655502392344,1586.6299999999999,7.591531100478468,174,0.25,0,723,72.3,5,5,4,Champions
17346,2010-04-18 12:18:00,2011-12-06 12:18:00,923,26,3439,3.725893824485374,4998.61,5.415612134344529,517,0.25,0,598,23.0,5,5,5,Champions
17347,2011-09-14 13:12:00,2011-09-14 13:12:00,1,1,216,216.0,228.96,228.96,1,0.25,0,1,1.0,3,2,1,Needs Attention
17348,2010-03-10 12:13:00,2011-11-25 11:25:00,443,9,2766,6.243792325056433,2442.29,5.513069977426636,326,0.25,0,625,69.4,5,5,4,Champions
17349,2010-03-18 14:26:00,2011-06-13 14:29:00,85,5,772,9.08235294117647,772.41,9.087176470588235,74,0.25,1,453,90.6,3,4,3,Loyal Customers
17350,2010-02-01 15:38:00,2011-12-01 15:47:00,143,7,1178,8.237762237762238,1893.7,13.242657342657344,124,0.25,0,669,95.6,5,4,4,Champions
17351,2009-12-10 18:43:00,2011-11-03 18:45:00,69,12,383,5.550724637681159,1988.23,28.814927536231885,45,0.25,0,694,57.8,4,5,4,Champions
17352,2010-01-12 16:13:00,2010-01-12 16:13:00,5,1,15,3.0,36.25,7.25,5,0.25,1,1,1.0,1,2,1,Lost / Inactive
17353,2010-03-25 12:52:00,2011-08-02 17:19:00,14,4,2168,154.85714285714286,3242.0,231.57142857142858,7,0.25,1,496,124.0,3,4,5,Loyal Customers
17354,2010-10-07 13:22:00,2011-10-20 10:34:00,101,4,2531,25.059405940594058,3133.96,31.02930693069307,85,0.25,0,378,94.5,4,4,5,Champions
17355,2010-11-18 13:18:00,2010-11-18 13:18:00,33,1,249,7.545454545454546,273.31,8.282121212121211,28,0.25,1,1,1.0,2,2,1,Lost / Inactive
17356,2010-01-20 12:14:00,2011-02-01 11:07:00,86,5,925,10.755813953488373,946.47,11.00546511627907,73,0.25,1,377,75.4,2,4,3,At Risk
17357,2011-11-15 16:29:00,2011-11-15 16:30:00,44,2,152,3.4545454545454546,384.39,8.736136363636364,41,0.25,0,1,0.5,4,3,2,Loyal Customers
17358,2010-02-24 16:42:00,2011-02-09 16:57:00,146,5,430,2.9452054794520546,861.01,5.8973287671232875,126,0.25,1,351,70.2,2,4,3,At Risk
17359,2010-03-01 14:48:00,2011-11-28 14:37:00,38,2,237,6.2368421052631575,284.46,7.48578947368421,36,0.25,0,637,318.5,5,3,1,Loyal Customers
17360,2010-10-01 12:07:00,2011-11-22 13:11:00,229,6,624,2.7248908296943233,1200.51,5.242401746724891,189,0.25,0,418,69.7,5,4,3,Champions
17361,2010-02-01 14:30:00,2011-10-21 15:43:00,57,5,380,6.666666666666667,871.7900000000001,15.294561403508773,51,0.25,0,628,125.6,4,4,3,Champions
17362,2010-01-06 10:53:00,2011-04-14 14:43:00,144,7,549,3.8125,1024.04,7.1113888888888885,99,0.25,1,464,66.3,2,4,3,At Risk
17363,2010-11-02 17:25:00,2010-11-09 17:11:00,35,3,499,14.257142857142858,920.46,26.298857142857145,34,0.25,1,7,2.3,2,3,3,At Risk
17364,2009-12-07 15:28:00,2011-12-09 09:00:00,904,28,7464,8.256637168141593,11972.92,13.244380530973451,513,0.25,0,732,26.1,5,5,5,Champions
17365,2010-02-01 11:56:00,2011-11-27 12:13:00,794,15,8015,10.094458438287154,8184.49,10.307921914357681,395,0.25,0,665,44.3,5,5,5,Champions
17366,2010-09-09 19:46:00,2010-10-03 16:04:00,131,2,504,3.8473282442748094,1077.24,8.22320610687023,120,0.25,1,24,12.0,1,3,3,At Risk
17367,2011-04-15 14:21:00,2011-04-15 14:21:00,33,1,149,4.515151515151516,167.54999999999998,5.077272727272727,33,0.25,1,1,1.0,2,2,1,Lost / Inactive
17368,2009-12-15 17:45:00,2011-11-16 15:26:00,226,14,2319,10.261061946902656,2758.29,12.204823008849557,195,0.25,0,701,50.1,4,5,4,Champions
17369,2010-09-10 09:49:00,2010-09-10 09:49:00,1,1,1152,1152.0,979.2,979.2,1,0.25,1,1,1.0,1,2,3,Lost / Inactive
17370,2011-06-23 11:50:00,2011-09-28 10:14:00,33,4,540,16.363636363636363,446.18,13.520606060606061,31,0.25,0,97,24.2,3,4,2,Loyal Customers
17371,2009-12-08 12:25:00,2011-11-22 13:30:00,144,6,281,1.9513888888888888,655.37,4.551180555555556,135,0.25,0,715,119.2,5,4,3,Champions
17372,2009-12-03 18:41:00,2011-10-30 11:37:00,648,28,1863,2.875,4347.31,6.708811728395062,412,0.25,0,696,24.9,4,5,5,Champions
17373,2010-02-28 14:17:00,2011-10-30 15:28:00,91,7,738,8.10989010989011,1167.5,12.82967032967033,65,0.25,0,610,87.1,4,4,3,Champions
17374,2010-11-09 17:14:00,2011-05-05 09:05:00,42,3,155,3.6904761904761907,727.11,17.312142857142856,34,0.25,1,177,59.0,2,3,3,At Risk
17375,2010-10-04 09:14:00,2011-05-24 15:45:00,86,4,480,5.5813953488372094,660.55,7.6808139534883715,77,0.25,1,233,58.2,2,4,3,At Risk
17376,2010-07-05 11:11:00,2011-09-30 12:36:00,55,4,244,4.4363636363636365,453.64,8.248,41,0.25,0,453,113.2,3,4,2,Loyal Customers
17377,2009-12-02 12:39:00,2011-11-16 11:17:00,1712,78,7335,4.28446261682243,17644.27,10.306232476635515,505,0.25,0,714,9.2,4,5,5,Champions
17378,2010-11-30 18:46:00,2010-11-30 18:46:00,1,1,1,1.0,10.95,10.95,1,0.25,1,1,1.0,2,2,1,Lost / Inactive
17379,2011-11-28 13:56:00,2011-11-28 13:56:00,78,1,623,7.987179487179487,389.72,4.996410256410257,71,0.25,0,1,1.0,5,2,2,Promising / New
17380,2010-06-23 11:24:00,2010-10-01 16:42:00,10,3,252,25.2,645.0,64.5,5,0.25,1,101,33.7,1,3,3,At Risk
17381,2010-06-09 12:55:00,2011-12-01 11:59:00,163,38,42879,263.06134969325154,36398.65,223.30460122699387,50,0.25,0,540,14.2,5,5,5,Champions
17382,2010-05-19 11:33:00,2011-10-05 13:05:00,18,8,457,25.38888888888889,902.28,50.126666666666665,16,0.25,0,505,63.1,3,5,3,Loyal Customers
17383,2010-09-12 14:54:00,2011-12-05 17:36:00,51,2,160,3.1372549019607843,304.09000000000003,5.9625490196078434,51,0.25,0,450,225.0,5,3,2,Loyal Customers
17384,2010-08-29 16:01:00,2011-11-20 15:48:00,20,3,121,6.05,507.55,25.3775,15,0.25,0,448,149.3,5,3,2,Loyal Customers
17385,2011-11-25 11:02:00,2011-11-25 11:02:00,45,1,197,4.377777777777778,256.11,5.691333333333334,42,0.25,0,1,1.0,5,2,1,Promising / New
17386,2010-11-19 13:40:00,2011-12-02 11:28:00,38,7,1955,51.44736842105263,2812.77,74.02026315789473,32,0.25,0,378,54.0,5,4,4,Champions
17387,2011-11-06 11:25:00,2011-11-20 11:00:00,76,2,522,6.868421052631579,746.81,9.826447368421052,71,0.25,0,14,7.0,4,3,3,Loyal Customers
17388,2009-12-10 11:45:00,2011-09-23 10:31:00,55,11,2555,46.45454545454545,2675.37,48.64309090909091,41,0.25,0,652,59.3,3,5,4,Loyal Customers
17389,2009-12-04 12:06:00,2011-12-09 09:38:00,429,61,17880,41.67832167832168,57215.33,133.3690675990676,63,0.25,0,735,12.0,5,5,5,Champions
17390,2010-10-15 11:29:00,2010-10-15 11:29:00,12,1,49,4.083333333333333,149.3,12.441666666666668,12,0.25,1,1,1.0,1,2,1,Lost / Inactive
17391,2011-06-28 12:21:00,2011-06-29 09:58:00,3,2,480,160.0,508.8,169.6,2,0.25,1,1,0.5,3,3,2,Loyal Customers
17392,2010-09-15 16:17:00,2011-02-06 12:48:00,70,3,450,6.428571428571429,585.92,8.370285714285714,66,0.25,1,144,48.0,2,3,2,At Risk
17393,2010-08-08 15:53:00,2010-10-25 11:10:00,48,2,238,4.958333333333333,381.15000000000003,7.940625000000001,45,0.25,1,78,39.0,1,3,2,At Risk
17394,2011-05-04 13:22:00,2011-05-04 13:22:00,4,1,241,60.25,203.87,50.9675,4,0.25,1,1,1.0,2,2,1,Lost / Inactive
17395,2010-07-19 15:34:00,2010-07-19 15:34:00,3,1,66,22.0,97.5,32.5,3,0.25,1,1,1.0,1,2,1,Lost / Inactive
17396,2010-09-24 13:04:00,2011-10-31 14:12:00,47,14,2313,49.212765957446805,8409.6,178.9276595744681,29,0.25,0,403,28.8,4,5,5,Champions
17397,2010-10-19 13:20:00,2011-11-17 14:08:00,134,3,691,5.156716417910448,1198.28,8.942388059701493,132,0.25,0,395,131.7,4,3,3,Loyal Customers
17398,2011-03-29 13:04:00,2011-08-17 09:48:00,38,3,310,8.157894736842104,653.38,17.19421052631579,30,0.25,1,141,47.0,3,3,3,Loyal Customers
17400,2009-12-17 15:41:00,2011-08-05 15:38:00,469,8,2185,4.658848614072495,4623.28,9.85773987206823,345,0.25,1,596,74.5,3,5,5,Loyal Customers
17401,2010-06-16 16:54:00,2010-06-16 16:54:00,12,1,34,2.8333333333333335,114.85,9.570833333333333,11,0.25,1,1,1.0,1,2,1,Lost / Inactive
17402,2009-12-16 17:40:00,2011-12-05 10:15:00,178,23,1450,8.146067415730338,4635.56,26.04247191011236,105,0.25,0,719,31.3,5,5,5,Champions
17403,2010-09-15 12:29:00,2011-11-03 15:18:00,45,2,188,4.177777777777778,382.87,8.508222222222223,45,0.25,0,415,207.5,4,3,2,Loyal Customers
17404,2010-01-07 11:31:00,2011-12-05 16:26:00,292,23,50679,173.5582191780822,47781.12,163.63397260273973,126,0.25,0,698,30.3,5,5,5,Champions
17405,2011-07-12 14:17:00,2011-12-08 17:12:00,82,3,726,8.853658536585366,1031.41,12.578170731707319,77,0.25,0,150,50.0,5,3,3,Loyal Customers
17406,2009-12-06 13:45:00,2011-01-10 15:07:00,238,13,1847,7.760504201680672,4186.95,17.5922268907563,155,0.25,1,401,30.8,2,5,5,At Risk
17407,2010-10-24 11:57:00,2010-10-24 11:57:00,23,1,426,18.52173913043478,552.9,24.039130434782606,23,0.25,1,1,1.0,1,2,2,Lost / Inactive
17408,2010-07-13 14:02:00,2011-06-29 12:53:00,8,3,163,20.375,316.09,39.51125,7,0.25,1,351,117.0,3,3,2,Loyal Customers
17409,2009-12-11 12:17:00,2011-06-08 10:36:00,104,10,4089,39.31730769230769,7793.51,74.93759615384616,50,0.25,1,544,54.4,3,5,5,Loyal Customers
17410,2011-05-08 15:21:00,2011-11-23 15:46:00,64,5,616,9.625,1214.72,18.98,57,0.25,0,200,40.0,5,4,3,Champions
17411,2009-12-03 12:02:00,2011-11-27 14:25:00,75,5,608,8.106666666666667,1425.38,19.005066666666668,69,0.25,0,725,145.0,5,4,4,Champions
17412,2009-12-02 13:51:00,2011-12-07 11:36:00,228,16,2554,11.201754385964913,4220.22,18.509736842105266,161,0.25,0,735,45.9,5,5,5,Champions
17413,2010-05-19 11:11:00,2010-10-31 12:33:00,10,2,302,30.2,560.14,56.013999999999996,10,0.25,1,166,83.0,2,3,2,At Risk
17414,2009-12-03 16:49:00,2011-10-27 12:13:00,21,6,6256,297.9047619047619,2249.52,107.12,6,0.25,0,693,115.5,4,4,4,Champions
17415,2011-09-21 12:50:00,2011-09-21 12:50:00,14,1,114,8.142857142857142,507.84,36.27428571428571,14,0.25,0,1,1.0,3,2,2,Needs Attention
17416,2009-12-14 16:29:00,2011-11-10 12:47:00,597,22,8769,14.688442211055277,17298.45,28.97562814070352,324,0.25,0,696,31.6,4,5,5,Champions
17417,2010-06-09 10:00:00,2010-06-09 10:00:00,16,1,76,4.75,164.18,10.26125,16,0.25,1,1,1.0,1,2,1,Lost / Inactive
17418,2010-11-17 13:42:00,2011-10-28 13:00:00,42,3,521,12.404761904761905,670.06,15.953809523809522,40,0.25,0,345,115.0,4,3,3,Loyal Customers
17419,2010-01-25 13:19:00,2011-11-28 13:47:00,299,18,2884,9.645484949832776,6126.25,20.48913043478261,203,0.25,0,673,37.4,5,5,5,Champions
17420,2010-11-03 13:09:00,2011-10-20 14:52:00,50,6,446,8.92,953.58,19.0716,43,0.25,0,352,58.7,4,4,3,Champions
17421,2009-12-04 15:43:00,2010-11-18 16:57:00,58,3,807,13.913793103448276,1059.41,18.265689655172416,46,0.25,1,350,116.7,2,3,3,At Risk
17422,2010-06-23 10:19:00,2011-11-23 13:27:00,205,11,3538,17.258536585365853,3594.7599999999998,17.535414634146342,149,0.25,0,519,47.2,5,5,5,Champions
17423,2010-11-11 12:26:00,2011-10-24 13:36:00,43,3,790,18.372093023255815,1118.95,26.022093023255817,39,0.25,0,348,116.0,4,3,3,Loyal Customers
17425,2011-10-10 11:37:00,2011-11-20 15:30:00,43,2,407,9.465116279069768,759.1700000000001,17.65511627906977,42,0.25,0,42,21.0,5,3,3,Loyal Customers
17426,2010-02-17 13:39:00,2011-12-01 18:07:00,427,13,5187,12.147540983606557,8077.7699999999995,18.91749414519906,248,0.25,0,653,50.2,5,5,5,Champions
17427,2011-09-29 11:29:00,2011-09-29 11:29:00,2,1,34,17.0,100.8,50.4,2,0.25,0,1,1.0,3,2,1,Needs Attention
17428,2009-12-01 17:28:00,2011-12-09 09:45:00,720,45,17356,24.105555555555554,31466.76,43.70383333333333,422,0.25,0,738,16.4,5,5,5,Champions
17429,2010-10-06 12:30:00,2011-08-03 13:22:00,95,5,1286,13.536842105263158,1357.46,14.289052631578947,80,0.25,1,302,60.4,3,4,4,Loyal Customers
17430,2010-08-17 11:52:00,2011-11-07 09:24:00,37,4,455,12.297297297297296,622.5699999999999,16.826216216216213,30,0.25,0,447,111.8,4,4,3,Champions
17431,2011-01-30 14:36:00,2011-01-30 14:36:00,43,1,292,6.790697674418604,403.3,9.37906976744186,41,0.25,1,1,1.0,2,2,2,Lost / Inactive
17432,2009-12-03 19:13:00,2011-11-21 17:33:00,274,9,1008,3.678832116788321,1728.99,6.310182481751825,213,0.25,0,718,79.8,5,5,4,Champions
17433,2010-11-19 13:37:00,2011-09-12 14:24:00,93,2,305,3.2795698924731185,569.96,6.128602150537635,81,0.25,0,298,149.0,3,3,2,Loyal Customers
17434,2011-09-15 13:54:00,2011-12-07 13:16:00,134,7,1693,12.634328358208956,2373.82,17.715074626865672,100,0.25,0,83,11.9,5,4,4,Champions
17435,2010-10-24 13:55:00,2010-10-24 13:55:00,15,1,195,13.0,331.34999999999997,22.089999999999996,15,0.25,1,1,1.0,1,2,2,Lost / Inactive
17436,2009-12-07 12:31:00,2011-12-08 12:30:00,17,5,178,10.470588235294118,534.0600000000001,31.41529411764706,8,0.25,0,731,146.2,5,4,2,Champions
17437,2010-06-28 11:11:00,2010-06-28 11:11:00,52,1,283,5.4423076923076925,369.68,7.109230769230769,52,0.25,1,1,1.0,1,2,2,Lost / Inactive
17438,2010-03-08 16:53:00,2011-03-31 10:26:00,71,5,553,7.788732394366197,1422.77,20.03901408450704,49,0.25,1,388,77.6,2,4,4,At Risk
17439,2010-02-22 12:48:00,2010-02-22 12:48:00,8,1,370,46.25,325.74,40.7175,8,0.25,1,1,1.0,1,2,2,Lost / Inactive
17440,2010-06-08 14:40:00,2011-07-06 11:54:00,6,4,282,47.0,323.58,53.93,4,0.25,1,393,98.2,3,4,2,Loyal Customers
17441,2009-12-07 13:32:00,2009-12-07 13:32:00,21,1,245,11.666666666666666,293.34999999999997,13.969047619047618,21,0.25,1,1,1.0,1,2,2,Lost / Inactive
17442,2010-02-15 15:54:00,2011-11-03 09:17:00,283,15,3134,11.074204946996467,4620.3,16.326148409893992,188,0.25,0,626,41.7,4,5,5,Champions
17443,2011-05-04 10:47:00,2011-05-04 10:47:00,1,1,504,504.0,534.24,534.24,1,0.25,1,1,1.0,2,2,2,Lost / Inactive
17444,2011-06-20 09:04:00,2011-07-15 12:05:00,135,3,2119,15.696296296296296,2940.04,21.778074074074073,132,0.25,1,26,8.7,3,3,5,Loyal Customers
17446,2011-02-02 14:40:00,2011-06-16 10:42:00,9,2,198,22.0,120.89999999999999,13.433333333333332,6,0.25,1,134,67.0,3,3,1,Loyal Customers
17447,2011-09-29 10:10:00,2011-10-30 14:18:00,36,2,443,12.305555555555555,541.53,15.042499999999999,33,0.25,0,32,16.0,4,3,2,Loyal Customers
17448,2010-03-04 17:29:00,2010-07-30 14:07:00,1115,46,11534,10.34439461883408,14523.67,13.025713004484304,569,0.25,1,148,3.2,1,5,5,At Risk
17449,2009-12-09 14:16:00,2011-12-07 16:56:00,584,13,2483,4.251712328767123,4868.15,8.335873287671232,292,0.25,0,729,56.1,5,5,5,Champions
17450,2010-09-27 16:59:00,2011-12-01 13:29:00,420,51,83914,199.7952380952381,244784.25,582.8196428571429,144,0.25,0,430,8.4,5,5,5,Champions
17451,2011-08-26 11:54:00,2011-12-08 15:02:00,100,7,1203,12.03,1721.3999999999999,17.214,83,0.25,0,105,15.0,5,4,4,Champions
17453,2011-10-06 17:02:00,2011-11-22 09:42:00,19,2,219,11.526315789473685,486.72,25.61684210526316,19,0.25,0,47,23.5,5,3,2,Loyal Customers
17454,2010-01-15 15:40:00,2011-05-31 13:58:00,126,10,727,5.76984126984127,1547.94,12.285238095238096,98,0.25,1,501,50.1,2,5,4,At Risk
17455,2011-05-20 12:31:00,2011-05-20 12:31:00,8,1,66,8.25,131.7,16.4625,8,0.25,1,1,1.0,2,2,1,Lost / Inactive
17456,2010-09-09 15:28:00,2010-12-09 15:23:00,60,2,508,8.466666666666667,975.56,16.259333333333334,59,0.25,1,91,45.5,2,3,3,At Risk
17457,2009-12-07 14:52:00,2011-08-05 12:48:00,64,14,2695,42.109375,5984.81,93.51265625,30,0.25,1,606,43.3,3,5,5,Loyal Customers
17458,2010-11-23 11:43:00,2011-11-24 13:01:00,86,2,282,3.2790697674418605,529.58,6.1579069767441865,81,0.25,0,367,183.5,5,3,2,Loyal Customers
17459,2011-10-10 17:00:00,2011-10-27 13:25:00,111,2,537,4.837837837837838,657.3,5.921621621621621,88,0.25,0,17,8.5,4,3,3,Loyal Customers
17460,2010-01-22 13:25:00,2011-09-06 15:04:00,137,16,954,6.963503649635037,2157.97,15.751605839416056,93,0.25,1,593,37.1,3,5,4,Loyal Customers
17461,2011-11-10 12:01:00,2011-11-17 10:21:00,106,3,770,7.264150943396227,735.82,6.941698113207548,104,0.25,0,7,2.3,4,3,3,Loyal Customers
17462,2011-02-28 17:01:00,2011-10-10 13:56:00,27,2,227,8.407407407407407,675.69,25.025555555555556,25,0.25,0,224,112.0,3,3,3,Loyal Customers
17463,2010-04-29 17:57:00,2011-11-23 13:40:00,316,7,1480,4.6835443037974684,2535.26,8.022974683544305,234,0.25,0,573,81.9,5,4,4,Champions
17464,2010-03-30 13:15:00,2011-07-04 13:19:00,39,3,608,15.58974358974359,907.1400000000001,23.26,35,0.25,1,462,154.0,3,3,3,Loyal Customers
17465,2009-12-03 13:25:00,2010-10-10 11:56:00,142,7,1477,10.401408450704226,2542.79,17.906971830985917,103,0.25,1,311,44.4,1,4,4,At Risk
17466,2011-09-22 09:16:00,2011-11-29 13:15:00,41,2,306,7.463414634146342,763.28,18.61658536585366,41,0.25,0,69,34.5,5,3,3,Loyal Customers
17467,2010-11-09 12:58:00,2010-11-09 12:58:00,4,1,20,5.0,102.6,25.65,4,0.25,1,1,1.0,2,2,1,Lost / Inactive
17468,2010-11-29 17:25:00,2011-11-29 15:33:00,8,3,184,23.0,194.8,24.35,8,0.25,0,365,121.7,5,3,1,Loyal Customers
17469,2009-12-16 15:06:00,2011-11-23 13:15:00,267,17,2304,8.629213483146067,5051.25,18.918539325842698,165,0.25,0,707,41.6,5,5,5,Champions
17470,2010-07-19 16:16:00,2011-10-26 12:42:00,155,11,2731,17.61935483870968,2626.47,16.944967741935482,111,0.25,0,464,42.2,4,5,4,Champions
17471,2010-08-22 11:53:00,2010-08-22 11:53:00,19,1,153,8.052631578947368,321.65,16.928947368421053,19,0.25,1,1,1.0,1,2,2,Lost / Inactive
17472,2010-03-21 13:27:00,2011-06-01 14:57:00,223,4,551,2.4708520179372195,922.35,4.13609865470852,183,0.25,1,438,109.5,2,4,3,At Risk
17473,2010-09-09 19:03:00,2010-10-27 11:45:00,34,2,270,7.9411764705882355,607.0,17.852941176470587,33,0.25,1,48,24.0,2,3,2,At Risk
17474,2010-04-19 10:43:00,2010-04-19 10:43:00,6,1,200,33.333333333333336,1047.0,174.5,6,0.25,1,1,1.0,1,2,3,Lost / Inactive
17475,2011-09-21 14:55:00,2011-09-21 14:55:00,14,1,178,12.714285714285714,194.37,13.883571428571429,14,0.25,0,1,1.0,3,2,1,Needs Attention
17476,2009-12-02 12:09:00,2010-11-09 10:21:00,31,2,224,7.225806451612903,489.86,15.801935483870968,29,0.25,1,342,171.0,2,3,2,At Risk
17477,2010-03-02 11:53:00,2010-04-06 10:06:00,44,2,225,5.113636363636363,1144.3,26.00681818181818,44,0.25,1,35,17.5,1,3,3,At Risk
17478,2010-03-16 14:19:00,2010-10-27 15:01:00,40,2,516,12.9,1272.8,31.82,40,0.25,1,226,113.0,2,3,4,At Risk
17479,2010-03-17 09:26:00,2010-03-17 09:26:00,18,1,266,14.777777777777779,389.26,21.625555555555554,18,0.25,1,1,1.0,1,2,2,Lost / Inactive
17480,2010-09-21 12:31:00,2011-09-23 11:39:00,53,2,581,10.962264150943396,882.23,16.645849056603772,50,0.25,0,367,183.5,3,3,3,Loyal Customers
17481,2011-09-07 09:57:00,2011-12-06 12:28:00,82,4,1061,12.939024390243903,1255.59,15.312073170731706,69,0.25,0,91,22.8,5,4,4,Champions
17482,2010-05-10 14:10:00,2010-08-09 15:33:00,53,2,240,4.528301886792453,775.64,14.634716981132076,50,0.25,1,92,46.0,1,3,3,At Risk
17483,2010-10-21 12:43:00,2011-10-05 13:10:00,28,4,265,9.464285714285714,591.73,21.133214285714285,23,0.25,0,350,87.5,3,4,2,Loyal Customers
17484,2010-03-25 16:17:00,2010-05-12 15:41:00,14,2,339,24.214285714285715,209.57,14.969285714285714,14,0.25,1,48,24.0,1,3,1,At Risk
17486,2011-03-23 14:00:00,2011-03-23 14:00:00,24,1,191,7.958333333333333,396.87,16.53625,24,0.25,1,1,1.0,2,2,2,Lost / Inactive
17487,2009-12-11 15:06:00,2009-12-11 15:06:00,8,1,37,4.625,160.55,20.06875,8,0.25,1,1,1.0,1,2,1,Lost / Inactive
17488,2010-03-08 14:07:00,2010-03-08 14:07:00,18,1,136,7.555555555555555,336.5,18.694444444444443,18,0.25,1,1,1.0,1,2,2,Lost / Inactive
17489,2011-05-11 11:34:00,2011-10-12 08:56:00,29,2,428,14.758620689655173,376.64,12.987586206896552,28,0.25,0,154,77.0,4,3,2,Loyal Customers
17490,2010-05-19 12:40:00,2011-12-09 09:08:00,116,9,1531,13.198275862068966,2750.5,23.711206896551722,93,0.25,0,569,63.2,5,5,4,Champions
17491,2010-04-28 11:57:00,2011-12-08 16:18:00,177,17,3362,18.994350282485875,5653.67,31.941638418079098,105,0.25,0,590,34.7,5,5,5,Champions
17492,2010-07-09 13:27:00,2011-04-05 15:21:00,39,3,450,11.538461538461538,1122.42,28.78,32,0.25,1,271,90.3,2,3,3,At Risk
17493,2010-11-19 16:57:00,2010-11-19 16:57:00,8,1,62,7.75,100.91,12.61375,8,0.25,1,1,1.0,2,2,1,Lost / Inactive
17494,2010-07-26 10:06:00,2010-07-26 10:06:00,3,1,26,8.666666666666666,54.7,18.233333333333334,3,0.25,1,1,1.0,1,2,1,Lost / Inactive
17495,2010-11-14 11:50:00,2011-12-02 12:08:00,48,3,367,7.645833333333333,806.72,16.80666666666667,38,0.25,0,384,128.0,5,3,3,Loyal Customers
17496,2010-01-14 13:36:00,2010-12-16 08:39:00,72,4,675,9.375,1412.89,19.623472222222222,54,0.25,1,336,84.0,2,4,4,At Risk
17497,2010-04-08 08:01:00,2010-11-14 14:17:00,7,2,59,8.428571428571429,287.25,41.035714285714285,7,0.25,1,221,110.5,2,3,2,At Risk
17498,2011-09-25 12:25:00,2011-09-25 12:25:00,17,1,394,23.176470588235293,272.21999999999997,16.012941176470587,17,0.25,0,1,1.0,3,2,1,Needs Attention
17499,2010-05-27 09:59:00,2011-02-23 09:14:00,71,2,1086,15.295774647887324,1341.39,18.89281690140845,66,0.25,1,272,136.0,2,3,4,At Risk
17500,2011-11-10 09:08:00,2011-11-22 14:25:00,5,3,17,3.4,1138.0,227.6,3,0.25,0,13,4.3,5,3,3,Loyal Customers
17501,2011-05-03 09:46:00,2011-05-03 09:47:00,18,2,160,8.88888888888889,288.6,16.033333333333335,18,0.25,1,1,0.5,2,3,2,At Risk
17502,2011-11-10 16:39:00,2011-11-30 13:13:00,28,4,376,13.428571428571429,689.1,24.610714285714288,25,0.25,0,20,5.0,5,4,3,Champions
17503,2011-11-01 11:12:00,2011-12-07 09:18:00,38,2,486,12.789473684210526,558.96,14.709473684210527,36,0.25,0,36,18.0,5,3,2,Loyal Customers
17504,2010-02-08 09:22:00,2011-05-17 12:59:00,342,18,5420,15.847953216374268,9490.17,27.7490350877193,244,0.25,1,464,25.8,2,5,5,At Risk
17505,2010-04-13 16:33:00,2011-07-01 12:50:00,102,5,1242,12.176470588235293,2435.48,23.877254901960786,83,0.25,1,444,88.8,3,4,4,Loyal Customers
17506,2011-09-25 11:39:00,2011-09-25 11:39:00,14,1,139,9.928571428571429,302.2,21.585714285714285,14,0.25,0,1,1.0,3,2,2,Needs Attention
17507,2011-02-03 18:08:00,2011-03-23 11:48:00,88,2,359,4.079545454545454,605.58,6.881590909090909,79,0.25,1,48,24.0,2,3,2,At Risk
17508,2009-12-07 11:46:00,2011-03-04 08:10:00,231,8,2891,12.515151515151516,4579.23,19.823506493506493,199,0.25,1,452,56.5,2,5,5,At Risk
17509,2011-10-07 13:14:00,2011-10-13 10:26:00,364,8,3512,9.648351648351648,6083.64,16.713296703296706,75,0.25,0,6,0.8,4,5,5,Champions
17510,2010-10-15 10:20:00,2011-11-15 10:00:00,35,2,422,12.057142857142857,514.56,14.701714285714283,28,0.25,0,396,198.0,4,3,2,Loyal Customers
17511,2009-12-02 10:52:00,2011-12-07 10:12:00,1868,60,117174,62.726980728051394,172132.87,92.14821734475375,657,0.25,0,735,12.2,5,5,5,Champions
17512,2009-12-10 19:35:00,2011-11-11 12:11:00,197,18,5434,27.583756345177665,5467.82,27.755431472081217,102,0.25,0,701,38.9,4,5,5,Champions
17513,2010-08-17 15:08:00,2011-09-28 16:42:00,18,3,440,24.444444444444443,1158.8,64.37777777777778,18,0.25,0,408,136.0,3,3,3,Loyal Customers
17514,2010-02-08 14:00:00,2011-08-03 15:45:00,83,2,284,3.4216867469879517,522.0,6.289156626506024,72,0.25,1,542,271.0,3,3,2,Loyal Customers
17515,2010-06-07 13:29:00,2011-11-08 14:04:00,179,9,527,2.9441340782122905,1602.51,8.952569832402235,91,0.25,0,520,57.8,4,5,4,Champions
17516,2010-11-26 12:50:00,2011-11-24 16:51:00,191,6,522,2.7329842931937174,947.5,4.960732984293194,150,0.25,0,364,60.7,5,4,3,Champions
17517,2011-02-04 11:48:00,2011-02-04 11:48:00,11,1,102,9.272727272727273,153.94,13.994545454545454,11,0.25,1,1,1.0,2,2,1,Lost / Inactive
17518,2010-03-28 13:31:00,2010-10-10 12:40:00,77,2,267,3.4675324675324677,329.42,4.278181818181818,71,0.25,1,196,98.0,1,3,2,At Risk
17519,2009-12-01 09:57:00,2011-11-22 16:43:00,204,15,3230,15.833333333333334,4774.17,23.40279411764706,142,0.25,0,722,48.1,5,5,5,Champions
17520,2011-10-17 12:04:00,2011-10-17 12:04:00,30,1,365,12.166666666666666,546.81,18.226999999999997,30,0.25,0,1,1.0,4,2,2,Promising / New
17521,2010-10-01 11:49:00,2011-11-10 11:22:00,78,5,806,10.333333333333334,1278.06,16.385384615384616,65,0.25,0,405,81.0,4,4,4,Champions
17522,2011-05-05 16:31:00,2011-12-08 12:31:00,73,5,1034,14.164383561643836,1070.71,14.667260273972603,59,0.25,0,217,43.4,5,4,3,Champions
17523,2011-11-20 13:40:00,2011-11-28 13:20:00,33,4,872,26.424242424242426,652.74,19.78,25,0.25,0,8,2.0,5,4,3,Champions
17524,2010-09-27 16:20:00,2010-12-13 14:32:00,43,3,362,8.418604651162791,539.14,12.53813953488372,37,0.25,1,77,25.7,2,3,2,At Risk
17525,2010-10-07 09:12:00,2010-12-15 12:05:00,26,3,338,13.0,1161.9,44.68846153846154,19,0.25,1,70,23.3,2,3,3,At Risk
17526,2009-12-17 16:18:00,2011-12-05 11:05:00,92,12,1442,15.673913043478262,3939.24,42.81782608695652,67,0.25,0,718,59.8,5,5,5,Champions
17527,2011-05-05 13:43:00,2011-10-17 12:32:00,47,4,488,10.382978723404255,939.37,19.98659574468085,45,0.25,0,165,41.2,4,4,3,Champions
17528,2011-09-29 13:04:00,2011-12-08 13:27:00,253,8,2138,8.450592885375494,3628.5,14.34189723320158,183,0.25,0,71,8.9,5,5,5,Champions
17529,2010-01-11 12:29:00,2010-04-08 17:51:00,82,2,790,9.634146341463415,1240.25,15.125,78,0.25,1,88,44.0,1,3,4,At Risk
17530,2009-12-06 16:17:00,2011-12-08 18:42:00,477,12,1741,3.649895178197065,2791.69,5.852599580712789,359,0.25,0,733,61.1,5,5,4,Champions
17531,2010-03-31 12:57:00,2011-06-02 19:17:00,58,3,472,8.137931034482758,1266.82,21.841724137931035,54,0.25,1,429,143.0,2,3,4,At Risk
17532,2010-11-19 08:13:00,2010-11-19 08:13:00,4,1,30,7.5,65.34,16.335,4,0.25,1,1,1.0,2,2,1,Lost / Inactive
17533,2010-10-01 09:14:00,2010-10-01 09:14:00,1,1,24,24.0,34.8,34.8,1,0.25,1,1,1.0,1,2,1,Lost / Inactive
17534,2010-02-25 16:55:00,2011-10-17 12:47:00,92,5,860,9.347826086956522,1668.83,18.13945652173913,76,0.25,0,599,119.8,4,4,4,Champions
17535,2011-03-04 15:20:00,2011-03-04 15:20:00,13,1,136,10.461538461538462,164.4,12.646153846153847,13,0.25,1,1,1.0,2,2,1,Lost / Inactive
17536,2010-01-26 12:00:00,2011-06-15 13:23:00,16,3,201,12.5625,364.83,22.801875,16,0.25,1,506,168.7,3,3,2,Loyal Customers
17537,2011-02-09 13:37:00,2011-11-10 10:56:00,74,2,699,9.445945945945946,887.67,11.99554054054054,74,0.25,0,274,137.0,4,3,3,Loyal Customers
17538,2011-11-14 12:12:00,2011-11-14 12:12:00,9,1,134,14.88888888888889,98.42,10.935555555555556,9,0.25,0,1,1.0,4,2,1,Promising / New
17539,2009-12-13 12:36:00,2010-04-01 12:07:00,144,4,708,4.916666666666667,1176.84,8.1725,132,0.25,1,109,27.2,1,4,3,At Risk
17540,2010-04-19 09:47:00,2011-11-15 11:56:00,64,6,588,9.1875,1590.6,24.853125,41,0.25,0,576,96.0,4,4,4,Champions
17541,2010-07-18 11:36:00,2010-07-18 11:36:00,31,1,44,1.4193548387096775,119.86,3.8664516129032256,31,0.25,1,1,1.0,1,2,1,Lost / Inactive
17542,2010-03-08 12:08:00,2011-03-15 11:45:00,64,3,323,5.046875,340.85,5.32578125,57,0.25,1,372,124.0,2,3,2,At Risk
17543,2010-06-08 12:41:00,2010-06-08 12:41:00,13,1,62,4.769230769230769,120.05,9.234615384615385,13,0.25,1,1,1.0,1,2,1,Lost / Inactive
17544,2010-11-14 14:47:00,2010-11-14 15:08:00,88,3,410,4.659090909090909,944.8199999999999,10.736590909090909,80,0.25,1,1,0.3,2,3,3,At Risk
17545,2010-05-11 10:04:00,2011-10-27 14:04:00,260,6,682,2.623076923076923,1409.86,5.422538461538461,204,0.25,0,535,89.2,4,4,4,Champions
17547,2010-02-12 14:34:00,2010-11-29 09:41:00,31,2,223,7.193548387096774,727.85,23.479032258064517,22,0.25,1,290,145.0,2,3,3,At Risk
17548,2010-11-08 16:19:00,2011-04-20 12:01:00,34,4,494,14.529411764705882,731.26,21.50764705882353,22,0.25,1,163,40.8,2,4,3,At Risk
17549,2011-10-19 10:05:00,2011-11-16 09:59:00,6,2,210,35.0,148.86,24.810000000000002,5,0.25,0,28,14.0,4,3,1,Loyal Customers
17550,2010-02-07 15:07:00,2011-05-26 14:09:00,321,9,968,3.015576323987539,2506.64,7.808847352024921,250,0.25,1,473,52.6,2,5,4,At Risk
17551,2010-12-15 14:12:00,2010-12-15 14:12:00,39,1,142,3.641025641025641,290.34,7.444615384615384,39,0.25,1,1,1.0,2,2,2,Lost / Inactive
17552,2010-03-22 09:19:00,2011-10-10 17:00:00,143,12,1951,13.643356643356643,2786.77,19.487902097902097,78,0.25,0,568,47.3,3,5,4,Loyal Customers
17553,2010-04-08 09:44:00,2011-08-02 10:00:00,6,4,2288,381.3333333333333,3757.6,626.2666666666667,2,0.25,1,482,120.5,3,4,5,Loyal Customers
17554,2011-07-14 20:01:00,2011-12-08 14:15:00,88,5,1763,20.03409090909091,1952.45,22.18693181818182,58,0.25,0,147,29.4,5,4,4,Champions
17555,2010-05-02 16:02:00,2011-11-20 12:22:00,264,5,739,2.7992424242424243,1045.74,3.9611363636363635,220,0.25,0,567,113.4,4,4,3,Champions
17556,2010-11-25 17:00:00,2011-05-18 10:48:00,14,2,184,13.142857142857142,300.66999999999996,21.476428571428567,13,0.25,1,174,87.0,2,3,2,At Risk
17557,2009-12-07 10:15:00,2011-11-25 12:57:00,35,4,310,8.857142857142858,575.46,16.441714285714287,28,0.25,0,719,179.8,5,4,2,Champions
17558,2010-11-11 14:36:00,2010-11-11 14:36:00,28,1,54,1.9285714285714286,259.17,9.25607142857143,28,0.25,1,1,1.0,2,2,1,Lost / Inactive
17559,2010-07-15 12:02:00,2010-07-15 12:02:00,12,1,270,22.5,167.62,13.968333333333334,12,0.25,1,1,1.0,1,2,1,Lost / Inactive
17560,2010-02-17 12:11:00,2011-09-06 09:18:00,55,8,1588,28.87272727272727,1895.8,34.46909090909091,37,0.25,1,566,70.8,3,5,4,Loyal Customers
17561,2009-12-06 13:29:00,2011-11-20 12:53:00,191,4,381,1.9947643979057592,703.02,3.6807329842931935,163,0.25,0,714,178.5,5,4,3,Champions
17562,2011-06-19 13:06:00,2011-11-25 14:21:00,63,7,817,12.968253968253968,1122.38,17.81555555555556,48,0.25,0,160,22.9,5,4,3,Champions
17563,2010-04-07 10:02:00,2010-05-10 14:54:00,29,2,256,8.827586206896552,392.38,13.530344827586207,27,0.25,1,34,17.0,1,3,2,At Risk
17564,2011-09-20 14:00:00,2011-11-15 13:27:00,49,3,146,2.979591836734694,454.01,9.265510204081632,38,0.25,0,56,18.7,4,3,2,Loyal Customers
17565,2010-05-02 11:54:00,2010-05-02 11:54:00,30,1,67,2.2333333333333334,131.83,4.394333333333334,30,0.25,1,1,1.0,1,2,1,Lost / Inactive
17566,2011-11-14 13:42:00,2011-12-01 19:54:00,142,2,497,3.5,869.77,6.125140845070423,113,0.25,0,18,9.0,5,3,3,Loyal Customers
17567,2010-09-24 10:48:00,2011-12-02 15:48:00,196,9,2908,14.83673469387755,4838.08,24.68408163265306,128,0.25,0,435,48.3,5,5,5,Champions
17568,2010-03-16 16:45:00,2010-03-16 16:45:00,62,1,275,4.435483870967742,374.45,6.039516129032258,61,0.25,1,1,1.0,1,2,2,Lost / Inactive
17569,2011-01-11 14:15:00,2011-01-11 14:15:00,29,1,159,5.482758620689655,344.14,11.866896551724137,29,0.25,1,1,1.0,2,2,2,Lost / Inactive
17570,2010-11-23 11:56:00,2010-11-23 11:56:00,1,1,1,1.0,100.0,100.0,1,0.25,1,1,1.0,2,2,1,Lost / Inactive
17571,2010-06-15 12:50:00,2011-10-20 15:57:00,325,5,991,3.0492307692307694,1630.91,5.018184615384616,290,0.25,0,493,98.6,4,4,4,Champions
17572,2009-12-15 10:00:00,2011-09-29 17:53:00,32,10,327,10.21875,652.21,20.3815625,14,0.25,0,654,65.4,3,5,3,Loyal Customers
17573,2011-09-07 10:36:00,2011-11-10 13:01:00,25,3,308,12.32,380.6,15.224,24,0.25,0,65,21.7,4,3,2,Loyal Customers
17574,2011-04-11 09:47:00,2011-04-11 09:47:00,8,1,77,9.625,185.65,23.20625,8,0.25,1,1,1.0,2,2,1,Lost / Inactive
17575,2010-02-10 13:48:00,2010-02-10 13:48:00,5,1,72,14.4,171.7,34.339999999999996,5,0.25,1,1,1.0,1,2,1,Lost / Inactive
17576,2009-12-03 16:54:00,2011-12-01 17:56:00,889,41,4583,5.155230596175478,8711.95,9.799718785151857,417,0.25,0,729,17.8,5,5,5,Champions
17577,2010-02-09 10:10:00,2010-03-04 13:01:00,21,2,179,8.523809523809524,348.75,16.607142857142858,20,0.25,1,24,12.0,1,3,2,At Risk
17578,2010-06-28 11:55:00,2011-05-05 18:38:00,65,7,529,8.138461538461538,1047.33,16.11276923076923,57,0.25,1,312,44.6,2,4,3,At Risk
17579,2010-05-10 14:28:00,2011-12-05 12:28:00,94,4,375,3.9893617021276597,753.28,8.013617021276595,89,0.25,0,574,143.5,5,4,3,Champions
17580,2010-10-13 14:28:00,2011-04-01 12:41:00,94,5,223,2.372340425531915,541.02,5.755531914893617,78,0.25,1,170,34.0,2,4,2,At Risk
17581,2009-12-03 12:34:00,2011-12-09 12:21:00,811,43,9519,11.737361282367448,17951.17,22.13461159062885,387,0.25,0,736,17.1,5,5,5,Champions
17582,2010-03-26 12:23:00,2011-04-17 13:18:00,122,5,603,4.942622950819672,1446.95,11.860245901639345,92,0.25,1,388,77.6,2,4,4,At Risk
17583,2010-05-28 14:24:00,2010-05-28 14:24:00,7,1,55,7.857142857142857,135.95,19.42142857142857,7,0.25,1,1,1.0,1,2,1,Lost / Inactive
17584,2010-01-25 08:17:00,2011-12-02 17:12:00,124,6,2464,19.870967741935484,5309.42,42.817903225806454,85,0.25,0,677,112.8,5,4,5,Champions
17585,2010-08-18 16:39:00,2011-08-22 13:30:00,384,7,2510,6.536458333333333,2064.71,5.376848958333333,295,0.25,1,369,52.7,3,4,4,Loyal Customers
17586,2010-03-30 13:12:00,2010-03-30 13:12:00,8,1,68,8.5,167.4,20.925,8,0.25,1,1,1.0,1,2,1,Lost / Inactive
17587,2010-03-21 14:16:00,2010-03-21 14:16:00,42,1,67,1.5952380952380953,176.71,4.207380952380952,42,0.25,1,1,1.0,1,2,1,Lost / Inactive
17588,2010-03-12 12:34:00,2011-08-31 13:37:00,71,7,1379,19.422535211267604,2939.55,41.40211267605634,35,0.25,1,538,76.9,3,4,5,Loyal Customers
17589,2010-03-07 13:48:00,2011-10-10 16:58:00,1302,18,8704,6.685099846390169,13837.94,10.628218125960062,601,0.25,0,583,32.4,3,5,5,Loyal Customers
17590,2011-10-30 14:05:00,2011-12-07 12:55:00,196,3,822,4.1938775510204085,1468.02,7.489897959183673,162,0.25,0,38,12.7,5,3,4,Loyal Customers
17591,2010-01-17 16:09:00,2011-09-27 13:42:00,176,8,1028,5.840909090909091,2339.32,13.29159090909091,93,0.25,0,618,77.2,3,5,4,Loyal Customers
17592,2009-12-01 10:49:00,2009-12-01 10:49:00,13,1,38,2.923076923076923,148.3,11.407692307692308,13,0.25,1,1,1.0,1,2,1,Lost / Inactive
17593,2009-12-04 14:35:00,2011-12-06 10:30:00,408,11,5595,13.713235294117647,8092.32,19.83411764705882,311,0.25,0,732,66.5,5,5,5,Champions
17594,2010-04-14 08:53:00,2011-09-15 16:34:00,104,4,1368,13.153846153846153,2497.88,24.018076923076926,70,0.25,0,520,130.0,3,4,4,Loyal Customers
17595,2011-11-02 16:19:00,2011-11-27 16:08:00,82,2,228,2.7804878048780486,386.69,4.715731707317073,68,0.25,0,25,12.5,5,3,2,Loyal Customers
17596,2009-12-15 13:21:00,2011-11-16 14:11:00,486,13,7010,14.423868312757202,4491.46,9.241687242798355,274,0.25,0,702,54.0,4,5,5,Champions
17597,2010-05-05 15:33:00,2011-05-10 11:54:00,128,5,2215,17.3046875,3484.09,27.219453125,109,0.25,1,370,74.0,2,4,5,At Risk
17598,2010-11-23 17:43:00,2010-11-23 17:43:00,10,1,126,12.6,409.98,40.998000000000005,10,0.25,1,1,1.0,2,2,2,Lost / Inactive
17599,2010-08-19 12:50:00,2010-08-19 12:50:00,3,1,11,3.6666666666666665,52.05,17.349999999999998,3,0.25,1,1,1.0,1,2,1,Lost / Inactive
17600,2011-11-22 09:43:00,2011-11-22 09:43:00,13,1,144,11.076923076923077,161.67,12.436153846153845,13,0.25,0,1,1.0,5,2,1,Promising / New
17601,2010-11-24 14:29:00,2011-04-14 18:02:00,72,2,295,4.097222222222222,413.08,5.737222222222222,69,0.25,1,142,71.0,2,3,2,At Risk
17602,2010-03-30 17:25:00,2011-12-07 13:53:00,909,14,5880,6.468646864686469,7354.43,8.09068206820682,450,0.25,0,617,44.1,5,5,5,Champions
17603,2009-12-10 09:44:00,2011-09-22 14:18:00,106,4,638,6.018867924528302,1788.38,16.871509433962267,104,0.25,0,652,163.0,3,4,4,Loyal Customers
17604,2010-01-27 12:19:00,2011-05-06 13:43:00,208,6,614,2.951923076923077,942.38,4.530673076923077,142,0.25,1,465,77.5,2,4,3,At Risk
17605,2010-04-28 14:45:00,2010-04-28 14:45:00,13,1,71,5.461538461538462,160.75,12.365384615384615,13,0.25,1,1,1.0,1,2,1,Lost / Inactive
17606,2009-12-02 13:32:00,2009-12-02 13:32:00,6,1,42,7.0,87.3,14.549999999999999,6,0.25,1,1,1.0,1,2,1,Lost / Inactive
17607,2010-11-28 13:11:00,2010-11-28 13:11:00,22,1,269,12.227272727272727,333.81,15.173181818181819,22,0.25,1,1,1.0,2,2,2,Lost / Inactive
17608,2010-04-11 13:37:00,2011-11-06 13:06:00,159,4,528,3.3207547169811322,488.06,3.069559748427673,134,0.25,0,574,143.5,4,4,2,Champions
17609,2010-04-09 16:54:00,2011-10-30 12:28:00,385,11,1321,3.431168831168831,1887.9,4.903636363636364,317,0.25,0,569,51.7,4,5,4,Champions
17610,2009-12-06 16:07:00,2010-06-17 16:34:00,154,5,893,5.798701298701299,1511.94,9.817792207792207,114,0.25,1,194,38.8,1,4,4,At Risk
17611,2009-12-01 13:29:00,2011-12-02 13:29:00,1112,28,5341,4.803057553956834,8337.53,7.497778776978418,722,0.25,0,732,26.1,5,5,5,Champions
17612,2009-12-17 11:59:00,2011-10-17 14:59:00,340,18,3521,10.355882352941176,5394.86,15.867235294117647,213,0.25,0,670,37.2,4,5,5,Champions
17613,2011-02-07 11:20:00,2011-11-17 10:51:00,306,14,2490,8.137254901960784,4544.55,14.851470588235294,211,0.25,0,283,20.2,4,5,5,Champions
17614,2011-10-13 16:01:00,2011-10-13 16:01:00,98,1,235,2.3979591836734695,386.32,3.9420408163265304,97,0.25,0,1,1.0,4,2,2,Promising / New
17615,2010-08-11 12:54:00,2011-08-01 14:06:00,56,6,378,6.75,721.8,12.889285714285714,47,0.25,1,356,59.3,3,4,3,Loyal Customers
17616,2010-09-14 10:43:00,2011-06-19 10:11:00,4,4,288,72.0,734.4,183.6,1,0.25,1,278,69.5,3,4,3,Loyal Customers
17617,2010-05-30 12:48:00,2010-05-30 12:48:00,18,1,249,13.833333333333334,385.19,21.399444444444445,18,0.25,1,1,1.0,1,2,2,Lost / Inactive
17618,2010-01-24 11:03:00,2011-12-04 11:50:00,357,11,1798,5.03641456582633,4001.64,11.2090756302521,202,0.25,0,680,61.8,5,5,5,Champions
17619,2011-01-31 14:18:00,2011-01-31 14:18:00,74,1,124,1.6756756756756757,214.37,2.896891891891892,71,0.25,1,1,1.0,2,2,1,Lost / Inactive
17620,2011-10-11 12:08:00,2011-10-11 12:08:00,4,1,60,15.0,81.44,20.36,4,0.25,0,1,1.0,3,2,1,Needs Attention
17621,2010-10-04 09:37:00,2011-11-18 17:11:00,66,6,1110,16.818181818181817,3175.12,48.10787878787879,61,0.25,0,411,68.5,4,4,5,Champions
17622,2010-04-20 13:38:00,2010-04-21 12:36:00,38,2,379,9.973684210526315,1130.21,29.742368421052632,19,0.25,1,1,0.5,1,3,3,At Risk
17623,2009-12-14 14:36:00,2011-11-07 11:32:00,194,7,799,4.118556701030927,2365.77,12.194690721649485,130,0.25,0,693,99.0,4,4,4,Champions
17624,2009-12-20 12:35:00,2011-11-25 10:52:00,97,4,958,9.876288659793815,1568.6299999999999,16.17144329896907,91,0.25,0,705,176.2,5,4,4,Champions
17625,2009-12-15 11:49:00,2011-11-21 13:36:00,683,8,3505,5.131771595900439,5978.9,8.753879941434846,429,0.25,0,707,88.4,5,5,5,Champions
17626,2010-04-16 12:15:00,2010-04-16 12:15:00,18,1,202,11.222222222222221,254.0,14.11111111111111,18,0.25,1,1,1.0,1,2,1,Lost / Inactive
17627,2010-08-18 11:27:00,2010-08-18 11:27:00,10,1,676,67.6,296.36,29.636000000000003,10,0.25,1,1,1.0,1,2,2,Lost / Inactive
17628,2011-09-19 15:21:00,2011-09-19 15:21:00,5,1,79,15.8,75.75,15.15,5,0.25,0,1,1.0,3,2,1,Needs Attention
17629,2010-10-14 13:35:00,2011-12-04 10:56:00,156,10,1903,12.198717948717949,2455.52,15.740512820512821,129,0.25,0,416,41.6,5,5,4,Champions
17630,2011-04-21 14:03:00,2011-06-23 11:58:00,26,2,158,6.076923076923077,503.6,19.36923076923077,24,0.25,1,63,31.5,3,3,2,Loyal Customers
17631,2009-12-09 14:15:00,2011-12-08 09:47:00,69,7,591,8.565217391304348,998.49,14.470869565217392,66,0.25,0,729,104.1,5,4,3,Champions
17633,2010-11-15 14:55:00,2011-11-08 13:25:00,101,7,899,8.900990099009901,2057.39,20.37019801980198,84,0.25,0,358,51.1,4,4,4,Champions
17634,2011-01-06 12:45:00,2011-11-03 13:09:00,296,9,838,2.831081081081081,2358.59,7.96820945945946,209,0.25,0,302,33.6,4,5,4,Champions
17635,2010-04-28 10:51:00,2010-10-11 15:12:00,74,3,770,10.405405405405405,1265.58,17.10243243243243,60,0.25,1,167,55.7,1,3,4,At Risk
17636,2011-11-20 14:40:00,2011-11-20 14:40:00,20,1,182,9.1,285.56,14.278,20,0.25,0,1,1.0,5,2,1,Promising / New
17637,2011-08-16 13:25:00,2011-11-08 12:51:00,35,2,280,8.0,547.06,15.630285714285712,35,0.25,0,84,42.0,4,3,2,Loyal Customers
17638,2009-12-18 09:58:00,2010-03-02 14:32:00,3,2,432,144.0,842.4000000000001,280.8,2,0.25,1,75,37.5,1,3,3,At Risk
17639,2010-08-13 11:59:00,2011-03-08 15:22:00,79,6,576,7.291139240506329,615.17,7.7869620253164555,59,0.25,1,208,34.7,2,4,3,At Risk
17640,2010-03-23 09:15:00,2011-09-14 09:13:00,66,6,1692,25.636363636363637,3168.94,48.014242424242425,48,0.25,0,540,90.0,3,4,5,Loyal Customers
17642,2009-12-05 16:01:00,2011-08-12 09:11:00,108,5,1475,13.657407407407407,1824.49,16.893425925925925,88,0.25,1,615,123.0,3,4,4,Loyal Customers
17643,2010-07-22 13:07:00,2010-12-01 14:38:00,31,2,226,7.290322580645161,439.7,14.183870967741935,30,0.25,1,133,66.5,2,3,2,At Risk
17644,2010-02-16 08:44:00,2011-12-08 13:43:00,327,20,3469,10.608562691131498,6028.6,18.436085626911318,160,0.25,0,661,33.0,5,5,5,Champions
17646,2009-12-16 09:37:00,2011-05-04 13:17:00,196,12,1308,6.673469387755102,3898.79,19.891785714285714,124,0.25,1,505,42.1,2,5,5,At Risk
17647,2010-02-08 14:39:00,2011-10-05 15:38:00,12,3,82,6.833333333333333,331.66,27.638333333333335,12,0.25,0,605,201.7,3,3,2,Loyal Customers
17648,2010-11-19 16:41:00,2011-10-10 09:41:00,125,5,954,7.632,2216.37,17.73096,114,0.25,0,325,65.0,3,4,4,Loyal Customers
17649,2010-08-24 13:01:00,2011-07-24 15:53:00,98,3,723,7.377551020408164,1578.89,16.111122448979593,88,0.25,1,335,111.7,3,3,4,Loyal Customers
17650,2011-11-18 14:52:00,2011-11-18 14:52:00,8,1,150,18.75,166.07999999999998,20.759999999999998,8,0.25,0,1,1.0,4,2,1,Promising / New
17651,2010-07-01 12:17:00,2011-11-28 10:29:00,332,16,4086,12.30722891566265,5703.52,17.179277108433737,198,0.25,0,515,32.2,5,5,5,Champions
17652,2011-03-03 14:05:00,2011-11-14 12:55:00,259,12,2509,9.687258687258687,4867.72,18.794285714285714,118,0.25,0,256,21.3,4,5,5,Champions
17653,2011-08-11 15:24:00,2011-11-03 12:46:00,44,4,1409,32.02272727272727,1207.56,27.44454545454545,44,0.25,0,84,21.0,4,4,3,Champions
17654,2011-03-07 13:17:00,2011-03-07 13:17:00,22,1,41,1.8636363636363635,117.55,5.343181818181818,22,0.25,1,1,1.0,2,2,1,Lost / Inactive
17655,2010-10-19 10:20:00,2011-11-29 11:34:00,111,9,1268,11.423423423423424,2976.38,26.814234234234235,75,0.25,0,407,45.2,5,5,5,Champions
17656,2011-08-03 10:45:00,2011-09-27 13:04:00,82,5,1399,17.0609756097561,1674.69,20.423048780487804,67,0.25,0,56,11.2,3,4,4,Loyal Customers
17657,2010-10-05 14:52:00,2010-10-05 14:52:00,7,1,60,8.571428571428571,126.0,18.0,7,0.25,1,1,1.0,1,2,1,Lost / Inactive
17658,2011-05-12 15:23:00,2011-11-14 12:07:00,19,2,616,32.421052631578945,595.42,31.337894736842102,17,0.25,0,186,93.0,4,3,2,Loyal Customers
17659,2010-11-18 14:20:00,2011-11-22 13:29:00,192,14,1752,9.125,3586.99,18.68223958333333,150,0.25,0,369,26.4,5,5,5,Champions
17660,2009-12-02 16:02:00,2011-07-21 13:37:00,82,2,259,3.158536585365854,342.22,4.173414634146342,75,0.25,1,596,298.0,3,3,2,Loyal Customers
17662,2009-12-17 09:54:00,2010-02-16 09:38:00,15,2,184,12.266666666666667,412.92,27.528000000000002,14,0.25,1,61,30.5,1,3,2,At Risk
17663,2010-03-04 11:42:00,2011-11-14 08:56:00,238,17,2297,9.65126050420168,5175.83,21.74718487394958,153,0.25,0,620,36.5,4,5,5,Champions
17664,2010-03-29 17:17:00,2011-11-21 11:29:00,80,4,1058,13.225,1166.23,14.577875,68,0.25,0,602,150.5,5,4,3,Champions
17665,2010-08-03 13:12:00,2010-08-03 13:12:00,19,1,690,36.31578947368421,563.1,29.63684210526316,19,0.25,1,1,1.0,1,2,2,Lost / Inactive
17666,2010-06-30 12:03:00,2011-12-06 09:06:00,44,5,1552,35.27272727272727,2047.8,46.54090909090909,30,0.25,0,524,104.8,5,4,4,Champions
17667,2010-02-23 09:57:00,2011-10-04 14:32:00,230,9,2192,9.530434782608696,3950.7,17.17695652173913,140,0.25,0,589,65.4,3,5,5,Loyal Customers
17668,2011-11-01 14:45:00,2011-12-08 13:25:00,15,2,93,6.2,347.75,23.183333333333334,14,0.25,0,37,18.5,5,3,2,Loyal Customers
17669,2010-04-01 18:48:00,2011-10-28 08:53:00,144,10,3505,24.34027777777778,6142.35,42.655208333333334,85,0.25,0,575,57.5,4,5,5,Champions
17670,2011-04-26 09:12:00,2011-04-26 09:12:00,11,1,110,10.0,205.7,18.7,11,0.25,1,1,1.0,2,2,1,Lost / Inactive
17671,2010-11-29 11:53:00,2011-11-24 12:21:00,75,5,987,13.16,2009.16,26.788800000000002,54,0.25,0,361,72.2,5,4,4,Champions
17672,2010-01-26 17:20:00,2011-10-20 14:18:00,206,7,2758,13.388349514563107,5778.63,28.051601941747574,179,0.25,0,632,90.3,4,4,5,Champions
17673,2010-03-19 14:02:00,2011-12-08 12:50:00,507,13,3284,6.477317554240631,4173.88,8.232504930966469,195,0.25,0,629,48.4,5,5,5,Champions
17674,2010-12-06 10:20:00,2011-09-26 13:35:00,27,2,672,24.88888888888889,551.04,20.40888888888889,19,0.25,0,295,147.5,3,3,2,Loyal Customers
17675,2009-12-10 16:10:00,2011-12-08 18:03:00,1116,70,16180,14.498207885304659,37642.48,33.72982078853047,345,0.25,0,729,10.4,5,5,5,Champions
17676,2010-03-30 10:49:00,2011-12-05 15:16:00,148,10,1764,11.91891891891892,2448.64,16.544864864864863,85,0.25,0,616,61.6,5,5,4,Champions
17677,2009-12-16 11:23:00,2011-12-08 09:56:00,685,54,20921,30.541605839416057,35058.46,51.18023357664234,346,0.25,0,722,13.4,5,5,5,Champions
17678,2010-04-15 13:54:00,2011-03-21 11:52:00,28,2,368,13.142857142857142,599.76,21.419999999999998,27,0.25,1,340,170.0,2,3,2,At Risk
17679,2009-12-03 17:32:00,2011-10-18 07:43:00,81,7,1755,21.666666666666668,3577.61,44.16802469135803,70,0.25,0,684,97.7,4,4,5,Champions
17680,2010-07-16 16:07:00,2011-11-16 12:42:00,20,3,155,7.75,497.45,24.8725,20,0.25,0,488,162.7,4,3,2,Loyal Customers
17681,2010-01-15 11:53:00,2010-04-21 17:22:00,14,5,450,32.142857142857146,731.2,52.228571428571435,12,0.25,1,97,19.4,1,4,3,At Risk
17682,2010-03-08 09:49:00,2011-11-29 15:59:00,220,11,2281,10.368181818181819,4065.28,18.478545454545454,85,0.25,0,632,57.5,5,5,5,Champions
17683,2010-06-03 17:15:00,2010-11-19 10:11:00,46,3,781,16.97826086956522,819.01,17.804565217391303,41,0.25,1,169,56.3,2,3,3,At Risk
17684,2011-10-27 11:10:00,2011-10-27 11:10:00,15,1,145,9.666666666666666,239.41,15.960666666666667,15,0.25,0,1,1.0,4,2,1,Promising / New
17685,2010-02-11 13:44:00,2011-11-23 11:36:00,198,12,3474,17.545454545454547,5454.95,27.550252525252525,124,0.25,0,650,54.2,5,5,5,Champions
17686,2010-06-24 09:49:00,2011-12-02 15:39:00,429,9,3583,8.351981351981353,8296.81,19.339883449883448,283,0.25,0,527,58.6,5,5,5,Champions
17687,2010-10-15 12:30:00,2010-10-15 12:30:00,26,1,210,8.076923076923077,432.68,16.641538461538463,26,0.25,1,1,1.0,1,2,2,Lost / Inactive
17688,2010-11-11 10:41:00,2010-11-11 10:41:00,19,1,114,6.0,304.2,16.010526315789473,19,0.25,1,1,1.0,2,2,2,Lost / Inactive
17689,2010-08-22 13:54:00,2010-11-16 13:22:00,22,2,300,13.636363636363637,317.08,14.412727272727272,17,0.25,1,86,43.0,2,3,2,At Risk
17690,2010-02-03 14:26:00,2011-11-09 15:17:00,360,20,2939,8.16388888888889,6963.8,19.34388888888889,237,0.25,0,645,32.2,4,5,5,Champions
17691,2010-06-11 11:50:00,2010-12-16 17:20:00,43,4,315,7.325581395348837,637.55,14.826744186046511,37,0.25,1,189,47.2,2,4,3,At Risk
17692,2010-06-17 11:14:00,2011-08-04 14:01:00,162,12,2338,14.432098765432098,2975.7999999999997,18.369135802469135,90,0.25,1,414,34.5,3,5,5,Loyal Customers
17693,2011-07-25 15:48:00,2011-07-25 15:48:00,16,1,231,14.4375,200.47,12.529375,16,0.25,1,1,1.0,3,2,1,Needs Attention
17694,2010-05-26 08:27:00,2011-07-21 12:00:00,81,3,1493,18.432098765432098,1695.97,20.937901234567903,54,0.25,1,422,140.7,3,3,4,Loyal Customers
17695,2010-01-28 09:27:00,2011-07-31 10:40:00,61,5,1809,29.65573770491803,1746.04,28.623606557377048,46,0.25,1,550,110.0,3,4,4,Loyal Customers
17696,2009-12-10 17:09:00,2011-11-01 13:43:00,365,27,5891,16.13972602739726,7679.59,21.039972602739727,191,0.25,0,691,25.6,4,5,5,Champions
17697,2011-04-17 15:40:00,2011-04-17 15:40:00,19,1,93,4.894736842105263,338.95,17.839473684210525,19,0.25,1,1,1.0,2,2,2,Lost / Inactive
17698,2011-03-24 11:34:00,2011-03-24 11:34:00,8,1,93,11.625,154.95,19.36875,8,0.25,1,1,1.0,2,2,1,Lost / Inactive
17699,2010-05-27 11:53:00,2010-08-20 09:39:00,19,2,208,10.947368421052632,442.0,23.263157894736842,17,0.25,1,85,42.5,1,3,2,At Risk
17700,2009-12-01 11:37:00,2011-11-23 11:51:00,360,14,3469,9.636111111111111,6679.97,18.555472222222225,259,0.25,0,723,51.6,5,5,5,Champions
17701,2011-04-01 12:25:00,2011-04-01 12:25:00,24,1,109,4.541666666666667,417.95,17.414583333333333,24,0.25,1,1,1.0,2,2,2,Lost / Inactive
17702,2010-11-04 12:09:00,2011-11-09 16:03:00,153,6,2153,14.071895424836601,3144.04,20.549281045751634,120,0.25,0,371,61.8,4,4,5,Champions
17703,2010-10-17 16:16:00,2011-11-04 15:51:00,78,4,897,11.5,1094.84,14.036410256410255,63,0.25,0,383,95.8,4,4,3,Champions
17704,2011-04-14 09:28:00,2011-06-24 09:40:00,31,2,343,11.064516129032258,885.1899999999999,28.554516129032255,27,0.25,1,72,36.0,3,3,3,Loyal Customers
17705,2010-05-12 09:47:00,2011-12-06 13:45:00,120,11,1301,10.841666666666667,2083.9,17.365833333333335,74,0.25,0,574,52.2,5,5,4,Champions
17706,2010-01-19 12:13:00,2011-12-05 13:34:00,737,31,7824,10.616010854816825,20272.15,27.506309362279513,408,0.25,0,686,22.1,5,5,5,Champions
17707,2009-12-07 12:19:00,2011-06-07 15:03:00,24,8,546,22.75,609.3,25.3875,9,0.25,1,548,68.5,3,5,3,Loyal Customers
17708,2010-10-12 12:13:00,2011-06-05 10:12:00,73,4,387,5.301369863013699,884.18,12.112054794520548,57,0.25,1,236,59.0,3,4,3,Loyal Customers
17709,2010-04-15 14:48:00,2011-06-23 11:55:00,40,5,295,7.375,671.01,16.77525,37,0.25,1,434,86.8,3,4,3,Loyal Customers
17710,2010-10-12 07:49:00,2010-10-12 07:49:00,20,1,158,7.9,293.5,14.675,20,0.25,1,1,1.0,1,2,2,Lost / Inactive
17711,2011-02-23 11:32:00,2011-11-29 11:40:00,23,2,246,10.695652173913043,385.1,16.743478260869566,22,0.25,0,280,140.0,5,3,2,Loyal Customers
17712,2011-10-26 12:28:00,2011-10-26 12:28:00,29,1,215,7.413793103448276,522.91,18.031379310344825,29,0.25,0,1,1.0,4,2,2,Promising / New
17713,2010-06-09 09:33:00,2010-11-22 16:50:00,76,4,989,13.013157894736842,1198.09,15.764342105263157,55,0.25,1,167,41.8,2,4,3,At Risk
17714,2010-07-14 10:41:00,2011-01-23 10:32:00,81,5,608,7.506172839506172,1410.18,17.40962962962963,69,0.25,1,193,38.6,2,4,4,At Risk
17715,2010-04-26 12:17:00,2011-05-23 12:32:00,2,2,576,288.0,489.59999999999997,244.79999999999998,1,0.25,1,393,196.5,2,3,2,At Risk
17716,2009-12-02 17:18:00,2011-11-17 12:00:00,601,24,8819,14.6738768718802,15956.97,26.55069883527454,334,0.25,0,715,29.8,4,5,5,Champions
17717,2010-10-14 12:54:00,2010-10-14 12:54:00,26,1,344,13.23076923076923,376.92,14.496923076923078,26,0.25,1,1,1.0,1,2,2,Lost / Inactive
17718,2010-03-05 08:01:00,2011-04-21 13:39:00,23,2,274,11.91304347826087,439.18,19.094782608695652,22,0.25,1,413,206.5,2,3,2,At Risk
17719,2011-03-29 11:29:00,2011-11-02 10:36:00,274,15,2466,9.0,5396.04,19.693576642335767,111,0.25,0,218,14.5,4,5,5,Champions
17720,2010-05-10 09:58:00,2011-11-13 15:04:00,132,10,1589,12.037878787878787,2666.91,20.203863636363636,81,0.25,0,553,55.3,4,5,4,Champions
17721,2010-02-18 15:18:00,2010-02-18 15:18:00,11,1,107,9.727272727272727,307.21000000000004,27.928181818181823,11,0.25,1,1,1.0,1,2,2,Lost / Inactive
17722,2010-11-29 09:44:00,2011-09-04 15:22:00,174,5,2412,13.862068965517242,3520.22,20.231149425287356,163,0.25,1,280,56.0,3,4,5,Loyal Customers
17723,2010-11-29 10:35:00,2011-08-04 18:37:00,12,7,912,76.0,3378.4,281.53333333333336,6,0.25,1,249,35.6,3,4,5,Loyal Customers
17724,2011-07-24 13:26:00,2011-09-29 15:26:00,40,3,300,7.5,1033.0,25.825,38,0.25,0,68,22.7,3,3,3,Loyal Customers
17725,2011-03-17 19:47:00,2011-11-23 16:34:00,192,11,2162,11.260416666666666,3439.08,17.911875,115,0.25,0,251,22.8,5,5,5,Champions
17726,2010-01-26 14:58:00,2010-11-09 13:37:00,64,7,444,6.9375,1092.06,17.0634375,52,0.25,1,287,41.0,2,4,3,At Risk
17727,2011-11-24 17:06:00,2011-11-24 17:06:00,66,1,645,9.772727272727273,1060.25,16.064393939393938,66,0.25,0,1,1.0,5,2,3,Promising / New
17728,2010-09-12 14:58:00,2011-12-06 08:52:00,244,5,2146,8.795081967213115,4238.76,17.371967213114754,196,0.25,0,450,90.0,5,4,5,Champions
17729,2010-04-22 15:03:00,2010-04-22 15:03:00,23,1,247,10.73913043478261,438.65,19.071739130434782,23,0.25,1,1,1.0,1,2,2,Lost / Inactive
17730,2010-04-29 11:48:00,2011-12-06 15:43:00,314,20,5300,16.878980891719745,7773.8,24.757324840764333,177,0.25,0,587,29.4,5,5,5,Champions
17731,2010-02-09 12:37:00,2011-09-21 15:02:00,99,6,707,7.141414141414141,1708.99,17.262525252525254,82,0.25,0,590,98.3,3,4,4,Loyal Customers
17732,2010-08-09 08:41:00,2010-12-02 09:29:00,122,8,1058,8.672131147540984,2166.42,17.757540983606557,90,0.25,1,116,14.5,2,5,4,At Risk
17733,2011-03-23 09:54:00,2011-11-01 08:16:00,35,2,463,13.228571428571428,692.19,19.776857142857143,33,0.25,0,223,111.5,4,3,3,Loyal Customers
17734,2010-03-07 13:55:00,2011-10-17 12:33:00,86,6,741,8.616279069767442,1442.32,16.771162790697673,76,0.25,0,589,98.2,4,4,4,Champions
17735,2010-07-30 13:25:00,2011-12-07 16:47:00,874,26,10683,12.223112128146454,16790.33,19.210903890160186,391,0.25,0,496,19.1,5,5,5,Champions
17736,2011-08-18 14:33:00,2011-11-30 15:36:00,25,3,238,9.52,377.44,15.0976,24,0.25,0,105,35.0,5,3,2,Loyal Customers
17737,2011-10-12 14:42:00,2011-11-30 15:16:00,10,2,108,10.8,168.24,16.824,8,0.25,0,50,25.0,5,3,1,Loyal Customers
17738,2010-03-19 10:07:00,2011-11-20 15:05:00,230,13,2776,12.069565217391304,4183.5599999999995,18.189391304347822,173,0.25,0,612,47.1,5,5,5,Champions
17739,2009-12-07 10:48:00,2011-11-28 09:12:00,149,18,2335,15.671140939597315,7730.59,51.88315436241611,56,0.25,0,721,40.1,5,5,5,Champions
17740,2010-01-11 13:11:00,2010-11-15 16:33:00,9,6,222,24.666666666666668,426.9,47.43333333333333,5,0.25,1,309,51.5,2,4,2,At Risk
17741,2010-05-28 12:11:00,2010-10-29 11:59:00,6,2,114,19.0,101.1,16.849999999999998,6,0.25,1,154,77.0,2,3,1,At Risk
17742,2009-12-01 13:16:00,2011-08-18 15:28:00,85,11,653,7.682352941176471,2098.48,24.688,52,0.25,1,626,56.9,3,5,4,Loyal Customers
17743,2010-09-17 14:54:00,2010-09-17 14:54:00,3,1,96,32.0,229.2,76.39999999999999,3,0.25,1,1,1.0,1,2,1,Lost / Inactive
17744,2010-11-24 09:34:00,2011-12-06 12:11:00,151,7,3826,25.337748344370862,2649.14,17.543973509933775,121,0.25,0,378,54.0,5,4,4,Champions
17745,2010-06-02 09:03:00,2010-08-19 12:30:00,28,2,164,5.857142857142857,600.34,21.440714285714286,27,0.25,1,79,39.5,1,3,2,At Risk
17746,2010-04-08 12:54:00,2011-04-13 14:31:00,36,4,688,19.11111111111111,904.18,25.11611111111111,32,0.25,1,371,92.8,2,4,3,At Risk
17747,2011-08-19 08:13:00,2011-08-19 08:13:00,1,1,12,12.0,71.4,71.4,1,0.25,1,1,1.0,3,2,1,Needs Attention
17748,2010-06-30 13:49:00,2010-06-30 13:49:00,17,1,111,6.529411764705882,358.15,21.06764705882353,17,0.25,1,1,1.0,1,2,2,Lost / Inactive
17749,2010-06-11 14:56:00,2011-06-14 15:45:00,57,3,446,7.824561403508772,1026.18,18.003157894736844,52,0.25,1,369,123.0,3,3,3,Loyal Customers
17750,2011-06-28 15:44:00,2011-12-04 14:09:00,184,9,3747,20.36413043478261,1710.45,9.29592391304348,101,0.25,0,159,17.7,5,5,4,Champions
17751,2010-10-14 13:57:00,2010-10-14 13:57:00,32,1,147,4.59375,157.85999999999999,4.9331249999999995,31,0.25,1,1,1.0,1,2,1,Lost / Inactive
17752,2010-12-15 16:19:00,2010-12-15 16:19:00,1,1,192,192.0,80.64,80.64,1,0.25,1,1,1.0,2,2,1,Lost / Inactive
17753,2010-01-06 14:20:00,2010-09-01 15:49:00,69,4,124,1.7971014492753623,382.06,5.5371014492753625,63,0.25,1,239,59.8,1,4,2,At Risk
17754,2009-12-11 15:52:00,2011-12-09 11:20:00,223,13,4366,19.57847533632287,4451.22,19.960627802690585,185,0.25,0,728,56.0,5,5,5,Champions
17756,2010-11-10 12:54:00,2010-11-29 12:20:00,84,3,399,4.75,728.75,8.675595238095237,54,0.25,1,19,6.3,2,3,3,At Risk
17757,2010-01-13 15:56:00,2011-12-08 15:31:00,1257,56,5011,3.986475735879077,9074.05,7.218814638027048,362,0.25,0,694,12.4,5,5,5,Champions
17758,2010-05-20 13:18:00,2011-11-20 14:45:00,528,12,3199,6.058712121212121,4964.03,9.401571969696969,403,0.25,0,550,45.8,5,5,5,Champions
17759,2010-05-05 11:40:00,2011-11-22 16:02:00,133,5,965,7.2556390977443606,1261.88,9.487819548872181,114,0.25,0,567,113.4,5,4,4,Champions
17760,2010-02-28 12:15:00,2011-11-18 10:56:00,67,6,531,7.925373134328358,746.39,11.140149253731343,58,0.25,0,628,104.7,4,4,3,Champions
17761,2011-11-07 10:23:00,2011-11-07 10:23:00,19,1,398,20.94736842105263,712.78,37.514736842105265,19,0.25,0,1,1.0,4,2,3,Promising / New
17762,2010-09-09 17:40:00,2010-09-09 17:40:00,17,1,129,7.588235294117647,129.75,7.632352941176471,16,0.25,1,1,1.0,1,2,1,Lost / Inactive
17763,2010-02-18 14:32:00,2011-03-21 14:25:00,14,4,41,2.9285714285714284,86.15,6.153571428571429,11,0.25,1,396,99.0,2,4,1,At Risk
17764,2009-12-03 14:28:00,2011-10-20 11:03:00,149,5,674,4.523489932885906,1513.57,10.158187919463087,126,0.25,0,686,137.2,4,4,4,Champions
17765,2010-09-17 12:45:00,2011-07-04 12:41:00,81,4,195,2.4074074074074074,524.0,6.469135802469136,71,0.25,1,290,72.5,3,4,2,Loyal Customers
17766,2010-11-23 14:17:00,2010-11-23 14:29:00,22,2,155,7.045454545454546,299.61,13.618636363636364,21,0.25,1,1,0.5,2,3,2,At Risk
17767,2010-10-25 16:22:00,2011-11-24 14:42:00,39,2,198,5.076923076923077,413.05,10.591025641025642,35,0.25,0,395,197.5,5,3,2,Loyal Customers
17768,2009-12-02 12:26:00,2011-12-01 13:22:00,182,7,2339,12.851648351648352,3292.73,18.091923076923077,134,0.25,0,730,104.3,5,4,5,Champions
17769,2010-01-19 11:33:00,2011-11-27 11:18:00,583,17,3157,5.415094339622642,7053.38,12.098421955403088,330,0.25,0,677,39.8,5,5,5,Champions
17770,2011-03-02 13:35:00,2011-05-25 12:34:00,38,5,365,9.605263157894736,1143.27,30.086052631578948,33,0.25,1,84,16.8,2,4,3,At Risk
17771,2010-04-29 13:21:00,2011-10-14 11:43:00,69,4,373,5.405797101449275,387.41,5.6146376811594205,63,0.25,0,533,133.2,4,4,2,Champions
17772,2010-11-12 11:31:00,2011-11-29 11:05:00,96,3,113,1.1770833333333333,360.75,3.7578125,94,0.25,0,382,127.3,5,3,2,Loyal Customers
17773,2010-01-18 14:32:00,2010-07-13 14:07:00,55,2,254,4.618181818181818,575.37,10.461272727272727,48,0.25,1,176,88.0,1,3,2,At Risk
17774,2010-02-08 16:06:00,2011-09-04 12:49:00,397,9,1585,3.9924433249370277,3273.83,8.246423173803526,286,0.25,1,573,63.7,3,5,5,Loyal Customers
17775,2011-03-30 10:50:00,2011-03-30 10:50:00,3,1,72,24.0,56.4,18.8,3,0.25,1,1,1.0,2,2,1,Lost / Inactive
17776,2009-12-16 14:59:00,2010-11-18 12:14:00,80,2,273,3.4125,330.56,4.132,74,0.25,1,337,168.5,2,3,2,At Risk
17777,2011-08-31 14:35:00,2011-11-15 12:02:00,190,3,501,2.636842105263158,647.5600000000001,3.4082105263157896,141,0.25,0,76,25.3,4,3,3,Loyal Customers
17778,2010-02-16 12:44:00,2010-02-16 12:44:00,10,1,214,21.4,197.7,19.77,10,0.25,1,1,1.0,1,2,1,Lost / Inactive
17779,2011-07-19 12:19:00,2011-11-18 14:15:00,81,3,396,4.888888888888889,650.32,8.028641975308643,73,0.25,0,123,41.0,4,3,3,Loyal Customers
17780,2010-01-24 11:21:00,2010-02-10 13:43:00,79,3,156,1.9746835443037976,346.56,4.386835443037975,76,0.25,1,18,6.0,1,3,2,At Risk
17781,2011-03-31 19:54:00,2011-07-03 16:00:00,12,2,34,2.8333333333333335,188.02,15.668333333333335,12,0.25,1,94,47.0,3,3,1,Loyal Customers
17782,2010-11-22 10:03:00,2010-11-22 11:15:00,29,2,538,18.551724137931036,679.02,23.41448275862069,29,0.25,1,1,0.5,2,3,3,At Risk
17783,2010-07-15 12:50:00,2011-09-28 16:07:00,91,3,438,4.813186813186813,376.96,4.142417582417583,91,0.25,0,441,147.0,3,3,2,Loyal Customers
17784,2010-06-07 16:08:00,2010-06-07 16:08:00,23,1,72,3.130434782608696,112.86,4.90695652173913,19,0.25,1,1,1.0,1,2,1,Lost / Inactive
17785,2010-05-23 13:01:00,2011-10-17 13:43:00,51,3,227,4.450980392156863,403.38,7.909411764705882,48,0.25,0,513,171.0,4,3,2,Loyal Customers
17786,2011-01-26 14:35:00,2011-09-15 12:51:00,68,2,195,2.8676470588235294,266.85,3.9242647058823534,57,0.25,0,232,116.0,3,3,1,Loyal Customers
17787,2010-12-03 13:43:00,2011-07-10 11:24:00,128,4,896,7.0,1817.54,14.19953125,94,0.25,1,219,54.8,3,4,4,Loyal Customers
17788,2011-08-02 10:38:00,2011-09-27 10:09:00,5,2,211,42.2,1117.9,223.58,3,0.25,0,56,28.0,3,3,3,Loyal Customers
17789,2010-02-16 13:16:00,2011-03-03 13:14:00,29,2,199,6.862068965517241,397.15,13.694827586206896,27,0.25,1,380,190.0,2,3,2,At Risk
17790,2010-06-13 13:30:00,2011-11-13 11:30:00,302,20,1387,4.5927152317880795,2779.41,9.203344370860927,188,0.25,0,518,25.9,4,5,4,Champions
17791,2011-11-10 12:09:00,2011-11-10 12:09:00,10,1,46,4.6,106.1,10.61,10,0.25,0,1,1.0,4,2,1,Promising / New
17792,2010-08-18 13:08:00,2010-08-29 14:30:00,52,2,149,2.8653846153846154,368.35,7.0836538461538465,45,0.25,1,12,6.0,1,3,2,At Risk
17793,2011-11-14 14:24:00,2011-11-14 14:24:00,52,1,226,4.346153846153846,300.34,5.77576923076923,49,0.25,0,1,1.0,4,2,2,Promising / New
17794,2010-01-20 12:17:00,2010-01-22 10:18:00,7,2,46,6.571428571428571,147.3,21.042857142857144,7,0.25,1,2,1.0,1,3,1,At Risk
17795,2011-03-20 12:02:00,2011-06-13 12:36:00,45,2,305,6.777777777777778,342.83,7.618444444444444,43,0.25,1,86,43.0,3,3,2,Loyal Customers
17796,2010-10-14 13:37:00,2011-10-30 15:38:00,203,7,347,1.70935960591133,1236.39,6.090591133004927,149,0.25,0,382,54.6,4,4,4,Champions
17797,2009-12-15 14:30:00,2011-11-17 13:21:00,271,8,1086,4.007380073800738,1971.87,7.276273062730627,222,0.25,0,702,87.8,4,5,4,Champions
17798,2010-05-07 11:42:00,2010-05-07 11:42:00,45,1,138,3.066666666666667,178.07,3.957111111111111,43,0.25,1,1,1.0,1,2,1,Lost / Inactive
17799,2009-12-13 16:03:00,2011-11-17 15:16:00,904,20,3674,4.064159292035399,6246.93,6.910320796460177,478,0.25,0,704,35.2,4,5,5,Champions
17800,2011-01-09 13:50:00,2011-11-02 12:57:00,103,9,732,7.106796116504855,1187.21,11.526310679611651,51,0.25,0,297,33.0,4,5,3,Champions
17801,2010-01-17 11:31:00,2010-09-14 14:32:00,81,3,820,10.123456790123457,770.03,9.506543209876543,66,0.25,1,241,80.3,1,3,3,At Risk
17802,2009-12-13 13:39:00,2011-09-18 14:56:00,524,10,2705,5.162213740458015,4946.22,9.439351145038168,283,0.25,0,645,64.5,3,5,5,Loyal Customers
17803,2010-11-12 13:53:00,2010-11-12 13:53:00,27,1,98,3.6296296296296298,184.66,6.839259259259259,27,0.25,1,1,1.0,2,2,1,Lost / Inactive
17804,2009-12-01 12:22:00,2010-11-28 14:01:00,91,3,194,2.131868131868132,383.78000000000003,4.217362637362638,82,0.25,1,363,121.0,2,3,2,At Risk
17805,2010-04-08 14:36:00,2011-09-27 11:49:00,11,2,1126,102.36363636363636,927.03,84.27545454545454,10,0.25,0,537,268.5,3,3,3,Loyal Customers
17806,2011-11-28 14:12:00,2011-11-28 14:12:00,43,1,727,16.906976744186046,546.04,12.698604651162789,43,0.25,0,1,1.0,5,2,2,Promising / New
17807,2010-01-04 14:00:00,2010-11-09 16:21:00,89,3,262,2.943820224719101,437.87,4.9198876404494385,88,0.25,1,310,103.3,2,3,2,At Risk
17808,2010-05-07 16:26:00,2010-06-09 10:44:00,33,4,143,4.333333333333333,262.64,7.958787878787878,29,0.25,1,33,8.2,1,4,1,At Risk
17809,2009-12-02 14:52:00,2011-11-23 12:59:00,97,20,2995,30.876288659793815,10085.89,103.97824742268041,59,0.25,0,721,36.0,5,5,5,Champions
17810,2010-01-25 10:26:00,2010-02-09 10:47:00,55,2,118,2.1454545454545455,373.15999999999997,6.784727272727272,51,0.25,1,16,8.0,1,3,2,At Risk
17811,2010-09-20 11:24:00,2011-12-05 13:46:00,1152,47,5278,4.581597222222222,9519.8,8.263715277777777,538,0.25,0,442,9.4,5,5,5,Champions
17812,2010-06-27 13:34:00,2011-11-27 11:47:00,189,7,444,2.3492063492063493,911.99,4.8253439153439155,162,0.25,0,518,74.0,5,4,3,Champions
17813,2011-09-29 15:57:00,2011-11-25 16:13:00,348,5,752,2.160919540229885,1698.07,4.879511494252873,297,0.25,0,58,11.6,5,4,4,Champions
17814,2010-10-13 14:03:00,2010-11-29 14:21:00,143,2,1435,10.034965034965035,1609.37,11.254335664335663,112,0.25,1,48,24.0,2,3,4,At Risk
17815,2010-11-11 14:39:00,2010-11-11 14:39:00,13,1,612,47.07692307692308,591.96,45.535384615384615,13,0.25,1,1,1.0,2,2,2,Lost / Inactive
17816,2009-12-15 15:27:00,2011-11-03 11:34:00,45,6,80,1.7777777777777777,96.11,2.1357777777777778,41,0.25,0,688,114.7,4,4,1,Champions
17817,2010-10-13 15:07:00,2011-12-05 14:39:00,134,6,353,2.6343283582089554,788.15,5.8817164179104475,115,0.25,0,418,69.7,5,4,3,Champions
17818,2009-12-02 11:34:00,2009-12-02 11:34:00,42,1,86,2.0476190476190474,124.78,2.970952380952381,42,0.25,1,1,1.0,1,2,1,Lost / Inactive
17819,2009-12-13 15:24:00,2011-09-29 10:52:00,89,12,1610,18.089887640449437,6021.05,67.65224719101124,66,0.25,0,655,54.6,3,5,5,Loyal Customers
17820,2010-11-30 17:43:00,2010-11-30 17:43:00,41,1,111,2.707317073170732,180.60999999999999,4.4051219512195114,39,0.25,1,1,1.0,2,2,1,Lost / Inactive
17821,2010-10-29 13:20:00,2010-10-29 13:20:00,6,1,162,27.0,334.62,55.77,6,0.25,1,1,1.0,2,2,2,Lost / Inactive
17822,2010-05-28 12:15:00,2010-10-15 13:47:00,169,5,1375,8.136094674556213,2162.93,12.798402366863904,152,0.25,1,141,28.2,1,4,4,At Risk
17823,2010-10-14 16:14:00,2010-10-14 16:24:00,100,2,252,2.52,449.25,4.4925,88,0.25,1,1,0.5,1,3,2,At Risk
17824,2011-10-19 14:14:00,2011-10-19 14:14:00,13,1,408,31.384615384615383,298.4,22.95384615384615,13,0.25,0,1,1.0,4,2,2,Promising / New
17825,2009-12-14 12:09:00,2010-04-20 12:01:00,27,4,516,19.11111111111111,701.96,25.99851851851852,24,0.25,1,127,31.8,1,4,3,At Risk
17826,2010-11-30 13:23:00,2010-11-30 13:23:00,33,1,84,2.5454545454545454,133.34,4.040606060606061,33,0.25,1,1,1.0,2,2,1,Lost / Inactive
17827,2010-03-28 12:20:00,2011-12-04 15:00:00,281,6,1582,5.629893238434164,2376.17,8.456120996441282,240,0.25,0,617,102.8,5,4,4,Champions
17828,2011-06-08 08:31:00,2011-11-17 08:41:00,67,4,667,9.955223880597014,1820.09,27.1655223880597,54,0.25,0,163,40.8,4,4,4,Champions
17829,2010-02-22 15:39:00,2011-02-14 12:46:00,171,5,3009,17.596491228070175,4756.74,27.817192982456138,121,0.25,1,357,71.4,2,4,5,At Risk
17830,2011-02-24 10:15:00,2011-12-08 12:28:00,23,3,92,4.0,398.7,17.33478260869565,18,0.25,0,288,96.0,5,3,2,Loyal Customers
17831,2011-11-06 15:09:00,2011-11-06 15:09:00,2,1,12,6.0,35.4,17.7,2,0.25,0,1,1.0,4,2,1,Promising / New
17832,2011-10-21 11:43:00,2011-10-21 11:43:00,61,1,208,3.4098360655737703,155.37,2.547049180327869,61,0.25,0,1,1.0,4,2,1,Promising / New
17833,2009-12-16 13:40:00,2009-12-16 13:40:00,31,1,143,4.612903225806452,338.46,10.918064516129032,28,0.25,1,1,1.0,1,2,2,Lost / Inactive
17834,2010-09-20 15:32:00,2010-10-21 12:09:00,58,2,639,11.017241379310345,689.67,11.890862068965516,54,0.25,1,31,15.5,1,3,3,At Risk
17835,2011-11-16 16:30:00,2011-12-07 11:48:00,59,3,344,5.830508474576271,342.24,5.800677966101695,45,0.25,0,21,7.0,5,3,2,Loyal Customers
17836,2011-10-23 16:13:00,2011-10-23 16:13:00,24,1,88,3.6666666666666665,110.21000000000001,4.592083333333334,23,0.25,0,1,1.0,4,2,1,Promising / New
17837,2011-06-29 16:44:00,2011-10-28 16:13:00,162,8,510,3.1481481481481484,1541.23,9.513765432098765,110,0.25,0,121,15.1,4,5,4,Champions
17838,2010-03-19 09:53:00,2011-11-13 11:20:00,254,13,3491,13.744094488188976,5604.64,22.065511811023622,141,0.25,0,605,46.5,4,5,5,Champions
17839,2011-10-28 17:27:00,2011-10-28 17:27:00,52,1,257,4.9423076923076925,318.15,6.11826923076923,50,0.25,0,1,1.0,4,2,2,Promising / New
17840,2010-09-22 12:24:00,2010-09-22 12:24:00,50,1,128,2.56,175.9,3.5180000000000002,44,0.25,1,1,1.0,1,2,1,Lost / Inactive
17841,2009-12-02 15:41:00,2011-12-08 12:07:00,12435,211,36584,2.9420184961801366,68545.25,5.512283876156011,2116,0.25,0,736,3.5,5,5,5,Champions
17842,2010-04-16 14:23:00,2010-04-16 14:23:00,18,1,89,4.944444444444445,430.69,23.927222222222223,18,0.25,1,1,1.0,1,2,2,Lost / Inactive
17843,2010-10-24 10:56:00,2011-02-09 15:33:00,62,2,251,4.048387096774194,320.4,5.16774193548387,58,0.25,1,109,54.5,2,3,2,At Risk
17844,2011-08-25 11:27:00,2011-08-25 11:27:00,5,1,52,10.4,51.559999999999995,10.312,5,0.25,1,1,1.0,3,2,1,Needs Attention
17845,2010-05-12 13:04:00,2010-06-02 15:20:00,47,4,195,4.148936170212766,596.09,12.68276595744681,42,0.25,1,22,5.5,1,4,2,At Risk
17846,2011-09-15 15:20:00,2011-09-15 15:20:00,1,1,1,1.0,2033.1,2033.1,1,0.25,0,1,1.0,3,2,4,Needs Attention
17847,2010-03-04 12:57:00,2010-07-12 10:00:00,9,2,29,3.2222222222222223,129.69,14.41,9,0.25,1,130,65.0,1,3,1,At Risk
17848,2009-12-06 13:19:00,2011-09-19 16:49:00,165,30,1404,8.50909090909091,3559.11,21.570363636363638,105,0.25,0,653,21.8,3,5,5,Loyal Customers
17849,2010-03-14 15:17:00,2011-05-05 13:46:00,50,8,224,4.48,1063.76,21.275199999999998,24,0.25,1,417,52.1,2,5,3,At Risk
17850,2009-12-05 12:28:00,2010-12-02 15:27:00,2499,155,21052,8.424169667867147,51208.87,20.491744697879152,100,0.25,1,363,2.3,2,5,5,At Risk
17851,2009-12-03 17:46:00,2010-10-13 15:13:00,232,6,933,4.021551724137931,1552.35,6.691163793103448,185,0.25,1,314,52.3,1,4,4,At Risk
17852,2009-12-08 12:51:00,2011-11-28 12:36:00,108,5,372,3.4444444444444446,657.8100000000001,6.090833333333334,82,0.25,0,720,144.0,5,4,3,Champions
17853,2009-12-03 15:09:00,2010-10-28 15:29:00,105,3,625,5.9523809523809526,1596.29,15.202761904761905,84,0.25,1,330,110.0,2,3,4,At Risk
17854,2009-12-08 11:13:00,2011-06-07 16:21:00,118,6,607,5.1440677966101696,1068.5,9.055084745762711,113,0.25,1,547,91.2,3,4,3,Loyal Customers
17855,2010-12-02 09:44:00,2010-12-02 09:44:00,17,1,197,11.588235294117647,208.97,12.292352941176471,17,0.25,1,1,1.0,2,2,1,Lost / Inactive
17856,2011-03-03 11:40:00,2011-12-08 09:40:00,15,4,842,56.13333333333333,1418.03,94.53533333333333,12,0.25,0,280,70.0,5,4,4,Champions
17857,2010-03-08 12:09:00,2011-12-05 13:13:00,56,24,19906,355.4642857142857,27347.04,488.34000000000003,21,0.25,0,638,26.6,5,5,5,Champions
17858,2009-12-06 15:41:00,2011-12-04 11:56:00,373,30,5383,14.431635388739947,12518.65,33.562064343163534,173,0.25,0,728,24.3,5,5,5,Champions
17859,2011-02-08 10:32:00,2011-02-08 10:32:00,23,1,102,4.434782608695652,141.92,6.170434782608695,23,0.25,1,1,1.0,2,2,1,Lost / Inactive
17860,2009-12-11 16:48:00,2010-12-06 12:41:00,162,4,696,4.296296296296297,717.39,4.428333333333334,127,0.25,1,360,90.0,2,4,3,At Risk
17861,2009-12-10 11:27:00,2011-12-06 16:21:00,558,18,4541,8.137992831541219,5088.29,9.118799283154122,329,0.25,0,727,40.4,5,5,5,Champions
17862,2010-05-25 17:22:00,2011-01-20 12:23:00,99,4,440,4.444444444444445,1254.89,12.675656565656567,90,0.25,1,240,60.0,2,4,4,At Risk
17863,2010-02-25 12:01:00,2011-10-11 13:45:00,255,12,4676,18.337254901960783,5360.48,21.021490196078428,154,0.25,0,594,49.5,4,5,5,Champions
17864,2010-10-08 11:49:00,2011-11-27 11:15:00,132,5,1015,7.6893939393939394,876.57,6.640681818181818,93,0.25,0,415,83.0,5,4,3,Champions
17865,2009-12-01 10:49:00,2011-11-09 12:08:00,1010,46,12950,12.821782178217822,26312.19,26.05167326732673,391,0.25,0,709,15.4,4,5,5,Champions
17866,2009-12-14 16:01:00,2011-07-20 11:07:00,26,3,535,20.576923076923077,1134.95,43.651923076923076,20,0.25,1,583,194.3,3,3,3,Loyal Customers
17867,2009-12-02 13:39:00,2011-11-09 14:15:00,130,15,638,4.907692307692308,1582.0500000000002,12.169615384615385,119,0.25,0,708,47.2,4,5,4,Champions
17868,2010-11-18 18:55:00,2010-11-18 18:55:00,18,1,85,4.722222222222222,227.15,12.619444444444445,18,0.25,1,1,1.0,2,2,1,Lost / Inactive
17869,2010-06-10 13:47:00,2011-08-24 16:16:00,80,7,491,6.1375,813.64,10.1705,72,0.25,1,441,63.0,3,4,3,Loyal Customers
17870,2010-11-23 11:39:00,2011-12-07 15:07:00,272,13,1699,6.2463235294117645,2753.29,10.122389705882354,215,0.25,0,380,29.2,5,5,4,Champions
17871,2010-01-15 14:48:00,2011-05-19 11:32:00,83,5,665,8.012048192771084,1068.95,12.878915662650604,64,0.25,1,489,97.8,2,4,3,At Risk
17872,2010-11-23 12:02:00,2010-11-23 12:02:00,15,1,176,11.733333333333333,235.87,15.724666666666668,15,0.25,1,1,1.0,2,2,1,Lost / Inactive
17873,2009-12-16 15:11:00,2011-09-20 16:41:00,168,18,4159,24.75595238095238,6265.33,37.29363095238095,65,0.25,0,644,35.8,3,5,5,Loyal Customers
17874,2011-03-29 11:25:00,2011-06-07 12:54:00,46,6,221,4.804347826086956,683.46,14.857826086956523,37,0.25,1,71,11.8,3,4,3,Loyal Customers
17875,2010-01-20 15:30:00,2010-01-20 15:30:00,26,1,98,3.769230769230769,167.1,6.426923076923076,25,0.25,1,1,1.0,1,2,1,Lost / Inactive
17876,2010-02-02 13:00:00,2010-11-05 10:52:00,4,3,1958,489.5,3424.02,856.005,3,0.25,1,276,92.0,2,3,5,At Risk
17877,2011-06-22 13:00:00,2011-06-22 13:00:00,12,1,98,8.166666666666666,237.60999999999999,19.800833333333333,12,0.25,1,1,1.0,3,2,1,Needs Attention
17878,2010-11-09 13:50:00,2011-10-27 11:24:00,82,3,1014,12.365853658536585,1378.93,16.816219512195122,82,0.25,0,352,117.3,4,3,4,Loyal Customers
17879,2011-06-19 12:36:00,2011-06-19 12:36:00,6,1,45,7.5,178.52,29.753333333333334,6,0.25,1,1,1.0,3,2,1,Needs Attention
17880,2009-12-09 16:13:00,2010-12-10 10:21:00,45,3,466,10.355555555555556,824.92,18.331555555555553,43,0.25,1,366,122.0,2,3,3,At Risk
17881,2011-02-08 17:16:00,2011-02-08 17:16:00,8,1,32,4.0,133.35,16.66875,8,0.25,1,1,1.0,2,2,1,Lost / Inactive
17882,2010-11-25 14:35:00,2010-11-25 14:40:00,53,2,130,2.452830188679245,291.56,5.501132075471698,47,0.25,1,1,0.5,2,3,2,At Risk
17883,2010-02-25 20:07:00,2011-12-06 17:49:00,173,7,476,2.7514450867052025,988.42,5.713410404624277,155,0.25,0,649,92.7,5,4,3,Champions
17884,2009-12-04 16:23:00,2011-12-06 11:33:00,406,20,2749,6.770935960591133,2698.47,6.646477832512315,305,0.25,0,732,36.6,5,5,4,Champions
17885,2011-11-27 14:40:00,2011-11-27 14:40:00,53,1,110,2.0754716981132075,156.34,2.949811320754717,50,0.25,0,1,1.0,5,2,1,Promising / New
17886,2010-04-29 11:10:00,2011-11-08 10:09:00,166,6,711,4.283132530120482,1572.55,9.473192771084337,138,0.25,0,558,93.0,4,4,4,Champions
17887,2011-08-02 17:29:00,2011-08-02 17:29:00,10,1,30,3.0,111.35,11.135,10,0.25,1,1,1.0,3,2,1,Needs Attention
17888,2009-12-21 16:34:00,2011-11-18 13:45:00,160,25,1536,9.6,1807.44,11.2965,145,0.25,0,697,27.9,4,5,4,Champions
17889,2010-03-31 10:54:00,2011-05-11 16:26:00,116,7,403,3.4741379310344827,746.42,6.434655172413793,97,0.25,1,407,58.1,2,4,3,At Risk
17890,2010-12-13 15:12:00,2011-01-21 11:19:00,91,2,402,4.417582417582418,586.89,6.449340659340659,88,0.25,1,39,19.5,2,3,2,At Risk
17891,2011-06-30 20:08:00,2011-06-30 20:08:00,34,1,393,11.558823529411764,203.85999999999999,5.995882352941176,34,0.25,1,1,1.0,3,2,1,Needs Attention
17892,2011-07-07 12:56:00,2011-10-14 16:49:00,28,3,109,3.892857142857143,244.1,8.717857142857143,27,0.25,0,100,33.3,4,3,1,Loyal Customers
17893,2011-04-28 13:50:00,2011-04-28 13:50:00,15,1,149,9.933333333333334,107.21,7.147333333333333,15,0.25,1,1,1.0,2,2,1,Lost / Inactive
17894,2010-08-27 14:13:00,2011-09-29 09:23:00,402,18,938,2.3333333333333335,2304.58,5.732786069651741,215,0.25,0,398,22.1,3,5,4,Loyal Customers
17895,2011-10-26 17:00:00,2011-10-26 17:00:00,15,1,127,8.466666666666667,95.45,6.363333333333333,15,0.25,0,1,1.0,4,2,1,Promising / New
17896,2011-11-16 13:59:00,2011-11-16 13:59:00,2,1,288,144.0,256.32,128.16,2,0.25,0,1,1.0,4,2,1,Promising / New
17897,2010-05-12 16:03:00,2011-06-20 11:23:00,262,9,864,3.2977099236641223,2099.89,8.014847328244274,211,0.25,1,404,44.9,3,5,4,Loyal Customers
17898,2010-05-21 17:22:00,2011-09-15 14:56:00,50,4,251,5.02,299.18,5.9836,48,0.25,0,482,120.5,3,4,2,Loyal Customers
17899,2011-07-03 14:58:00,2011-07-03 14:58:00,31,1,170,5.483870967741935,154.55,4.985483870967743,29,0.25,1,1,1.0,3,2,1,Needs Attention
17900,2011-06-02 14:28:00,2011-06-02 14:38:00,6,2,73,12.166666666666666,112.19999999999999,18.7,4,0.25,1,1,0.5,2,3,1,At Risk
17901,2010-07-06 10:54:00,2011-11-10 17:29:00,22,3,38,1.7272727272727273,260.08,11.82181818181818,22,0.25,0,493,164.3,4,3,1,Loyal Customers
17902,2010-06-11 12:25:00,2010-06-11 12:25:00,24,1,526,21.916666666666668,216.4,9.016666666666667,24,0.25,1,1,1.0,1,2,1,Lost / Inactive
17903,2010-11-10 15:39:00,2010-11-10 15:39:00,45,1,142,3.1555555555555554,381.09000000000003,8.468666666666667,44,0.25,1,1,1.0,2,2,2,Lost / Inactive
17904,2011-11-18 12:57:00,2011-11-18 12:57:00,34,1,59,1.7352941176470589,181.07,5.325588235294117,33,0.25,0,1,1.0,4,2,1,Promising / New
17905,2010-01-28 17:54:00,2011-09-29 17:33:00,146,13,1299,8.897260273972602,2178.87,14.92376712328767,129,0.25,0,609,46.8,3,5,4,Loyal Customers
17906,2011-04-06 17:25:00,2011-04-06 17:25:00,12,1,26,2.1666666666666665,72.9,6.075,12,0.25,1,1,1.0,2,2,1,Lost / Inactive
17907,2010-03-09 12:33:00,2010-03-09 12:33:00,13,1,1046,80.46153846153847,291.76,22.443076923076923,13,0.25,1,1,1.0,1,2,2,Lost / Inactive
17908,2009-12-14 12:24:00,2010-12-01 11:45:00,208,5,670,3.2211538461538463,1142.47,5.492644230769231,178,0.25,1,352,70.4,2,4,3,At Risk
17909,2009-12-02 13:10:00,2009-12-02 13:10:00,8,1,35,4.375,110.05,13.75625,8,0.25,1,1,1.0,1,2,1,Lost / Inactive
17910,2009-12-13 16:04:00,2009-12-13 16:04:00,26,1,121,4.653846153846154,261.7,10.065384615384614,25,0.25,1,1,1.0,1,2,1,Lost / Inactive
17911,2011-11-30 14:52:00,2011-11-30 14:52:00,39,1,223,5.717948717948718,366.23,9.390512820512821,39,0.25,0,1,1.0,5,2,2,Promising / New
17912,2010-11-29 13:53:00,2011-02-02 14:25:00,51,6,215,4.215686274509804,374.55,7.344117647058824,48,0.25,1,66,11.0,2,4,2,At Risk
17913,2009-12-03 13:02:00,2011-10-12 10:45:00,466,14,1725,3.7017167381974247,3429.29,7.358991416309013,224,0.25,0,678,48.4,4,5,5,Champions
17914,2011-12-06 11:58:00,2011-12-06 11:58:00,75,1,457,6.093333333333334,329.36,4.391466666666667,72,0.25,0,1,1.0,5,2,2,Promising / New
17915,2010-06-06 13:22:00,2010-06-06 13:22:00,29,1,184,6.344827586206897,225.78,7.785517241379311,27,0.25,1,1,1.0,1,2,1,Lost / Inactive
17916,2009-12-06 14:10:00,2010-03-21 12:26:00,19,2,90,4.7368421052631575,43.87,2.3089473684210526,15,0.25,1,105,52.5,1,3,1,At Risk
17917,2010-12-12 12:08:00,2011-10-25 13:20:00,92,3,184,2.0,335.03,3.6416304347826083,77,0.25,0,318,106.0,4,3,2,Loyal Customers
17918,2010-07-22 14:20:00,2010-07-27 11:51:00,40,3,352,8.8,396.39,9.909749999999999,34,0.25,1,5,1.7,1,3,2,At Risk
17919,2010-09-27 10:40:00,2011-09-12 13:41:00,40,2,1452,36.3,1840.32,46.007999999999996,37,0.25,0,351,175.5,3,3,4,Loyal Customers
17920,2009-12-06 10:37:00,2011-12-05 14:29:00,1640,54,12265,7.478658536585366,23581.78,14.379134146341462,715,0.25,0,730,13.5,5,5,5,Champions
17921,2010-07-15 20:05:00,2011-10-06 18:56:00,360,10,991,2.7527777777777778,2394.36,6.651000000000001,230,0.25,0,448,44.8,3,5,4,Loyal Customers
17922,2010-06-14 16:32:00,2010-06-14 16:32:00,8,1,49,6.125,170.4,21.3,8,0.25,1,1,1.0,1,2,1,Lost / Inactive
17923,2010-06-13 13:58:00,2011-03-02 15:15:00,3,3,140,46.666666666666664,497.0,165.66666666666666,2,0.25,1,263,87.7,2,3,2,At Risk
17924,2010-10-21 12:17:00,2011-11-28 09:11:00,33,8,1208,36.60606060606061,3257.7,98.71818181818182,27,0.25,0,403,50.4,5,5,5,Champions
17925,2010-12-02 10:10:00,2010-12-02 10:10:00,1,1,72,72.0,244.08,244.08,1,0.25,1,1,1.0,2,2,1,Lost / Inactive
17926,2010-05-09 14:07:00,2011-07-29 14:39:00,44,5,572,13.0,1035.49,23.533863636363638,27,0.25,1,447,89.4,3,4,3,Loyal Customers
17927,2009-12-18 11:03:00,2009-12-18 11:03:00,10,1,108,10.8,294.0,29.4,10,0.25,1,1,1.0,1,2,2,Lost / Inactive
17928,2010-05-17 15:30:00,2011-10-25 13:52:00,27,3,222,8.222222222222221,341.24,12.638518518518518,27,0.25,0,526,175.3,4,3,2,Loyal Customers
17929,2009-12-09 11:40:00,2011-11-28 16:01:00,15,12,434,28.933333333333334,3082.1,205.47333333333333,6,0.25,0,720,60.0,5,5,5,Champions
17930,2010-03-04 10:41:00,2011-11-04 10:23:00,87,13,3795,43.62068965517241,4275.22,49.140459770114944,39,0.25,0,610,46.9,4,5,5,Champions
17931,2010-02-16 15:47:00,2011-07-28 18:33:00,351,14,1919,5.467236467236467,3402.2400000000002,9.692991452991453,274,0.25,1,528,37.7,3,5,5,Loyal Customers
17932,2011-05-12 13:58:00,2011-11-10 19:49:00,90,3,789,8.766666666666667,1331.57,14.795222222222222,84,0.25,0,183,61.0,4,3,4,Loyal Customers
17933,2010-03-17 15:11:00,2010-03-17 15:11:00,14,1,63,4.5,114.69,8.192142857142857,12,0.25,1,1,1.0,1,2,1,Lost / Inactive
17934,2010-10-29 12:23:00,2011-10-19 11:16:00,41,3,628,15.317073170731707,1049.15,25.589024390243903,36,0.25,0,355,118.3,4,3,3,Loyal Customers
17935,2009-12-04 14:33:00,2011-07-24 13:18:00,64,7,244,3.8125,686.14,10.7209375,60,0.25,1,597,85.3,3,4,3,Loyal Customers
17936,2011-12-04 13:32:00,2011-12-04 13:32:00,72,1,257,3.5694444444444446,380.13,5.279583333333333,68,0.25,0,1,1.0,5,2,2,Promising / New
17937,2010-12-12 14:43:00,2011-12-01 11:45:00,43,7,1754,40.7906976744186,4301.22,100.02837209302326,19,0.25,0,354,50.6,5,4,5,Champions
17938,2010-10-15 14:27:00,2010-10-15 14:27:00,29,1,53,1.8275862068965518,144.29,4.97551724137931,29,0.25,1,1,1.0,1,2,1,Lost / Inactive
17939,2011-07-03 12:27:00,2011-07-03 12:27:00,12,1,40,3.3333333333333335,99.14,8.261666666666667,12,0.25,1,1,1.0,3,2,1,Needs Attention
17940,2009-12-03 12:31:00,2011-10-21 13:27:00,35,16,85148,2432.8,30306.79,865.9082857142857,11,0.25,0,688,43.0,4,5,5,Champions
17941,2010-01-06 15:37:00,2011-08-01 08:30:00,7,4,1108,158.28571428571428,1433.28,204.75428571428571,5,0.25,1,572,143.0,3,4,4,Loyal Customers
17942,2011-12-02 10:45:00,2011-12-02 10:45:00,2,1,38,19.0,77.5,38.75,2,0.25,0,1,1.0,5,2,1,Promising / New
17944,2010-10-12 16:25:00,2010-10-12 16:25:00,25,1,84,3.36,74.99,2.9995999999999996,24,0.25,1,1,1.0,1,2,1,Lost / Inactive
17945,2010-01-12 11:33:00,2010-01-12 11:40:00,72,3,244,3.388888888888889,360.34999999999997,5.0048611111111105,66,0.25,1,1,0.3,1,3,2,At Risk
17946,2011-03-25 14:34:00,2011-04-20 17:00:00,20,2,75,3.75,149.57999999999998,7.478999999999999,18,0.25,1,27,13.5,2,3,1,At Risk
17947,2011-11-02 13:05:00,2011-11-02 13:05:00,9,1,168,18.666666666666668,176.68,19.63111111111111,9,0.25,0,1,1.0,4,2,1,Promising / New
17948,2011-07-15 12:58:00,2011-07-15 12:58:00,1,1,144,144.0,358.56,358.56,1,0.25,1,1,1.0,3,2,2,Needs Attention
17949,2009-12-02 11:07:00,2011-12-08 18:46:00,156,118,60538,388.06410256410254,117314.08,752.0133333333333,58,0.25,0,737,6.2,5,5,5,Champions
17950,2010-01-04 17:39:00,2011-09-28 15:18:00,165,7,659,3.993939393939394,1166.29,7.068424242424242,133,0.25,0,632,90.3,3,4,3,Loyal Customers
17951,2010-10-31 15:15:00,2011-10-31 12:30:00,28,4,780,27.857142857142858,1340.58,47.87785714285714,24,0.25,0,365,91.2,4,4,4,Champions
17952,2010-06-16 11:54:00,2010-11-26 13:54:00,98,4,477,4.86734693877551,788.46,8.045510204081634,85,0.25,1,164,41.0,2,4,3,At Risk
17953,2010-06-17 15:08:00,2010-06-17 15:08:00,20,1,98,4.9,159.17000000000002,7.958500000000001,20,0.25,1,1,1.0,1,2,1,Lost / Inactive
17954,2009-12-09 13:22:00,2011-12-04 14:15:00,743,19,3180,4.279946164199193,3804.38,5.1202960969044415,479,0.25,0,726,38.2,5,5,5,Champions
17955,2010-02-12 16:27:00,2011-05-25 12:00:00,22,6,681,30.954545454545453,949.9,43.17727272727273,16,0.25,1,467,77.8,2,4,3,At Risk
17956,2011-04-04 13:47:00,2011-04-04 13:47:00,1,1,1,1.0,12.75,12.75,1,0.25,1,1,1.0,2,2,1,Lost / Inactive
17957,2011-10-04 14:58:00,2011-10-04 14:58:00,31,1,287,9.258064516129032,111.68,3.6025806451612907,31,0.25,0,1,1.0,3,2,1,Needs Attention
17958,2009-12-11 15:37:00,2011-08-15 12:19:00,36,2,284,7.888888888888889,973.88,27.052222222222223,35,0.25,1,612,306.0,3,3,3,Loyal Customers
17959,2010-04-26 14:12:00,2010-04-26 14:12:00,2,1,49,24.5,140.75,70.375,2,0.25,1,1,1.0,1,2,1,Lost / Inactive
17960,2010-03-08 12:22:00,2011-06-21 14:15:00,37,3,60,1.6216216216216217,135.08,3.6508108108108113,37,0.25,1,471,157.0,3,3,1,Loyal Customers
17961,2009-12-01 14:48:00,2011-11-18 16:55:00,630,100,1491,2.3666666666666667,2866.74,4.550380952380952,486,0.25,0,718,7.2,4,5,4,Champions
17962,2010-01-13 15:24:00,2011-07-20 14:16:00,183,4,633,3.459016393442623,666.96,3.6445901639344265,146,0.25,1,553,138.2,3,4,3,Loyal Customers
17963,2010-01-19 17:25:00,2010-08-25 15:58:00,109,4,341,3.128440366972477,643.16,5.900550458715596,98,0.25,1,218,54.5,1,4,3,At Risk
17964,2010-12-02 13:32:00,2011-11-08 10:44:00,98,2,294,3.0,463.21,4.726632653061224,84,0.25,0,341,170.5,4,3,2,Loyal Customers
17965,2009-12-14 13:19:00,2011-11-02 09:31:00,817,29,4383,5.364749082007344,7006.65,8.576070991432069,588,0.25,0,688,23.7,4,5,5,Champions
17966,2010-01-18 13:24:00,2011-11-02 10:26:00,113,10,3918,34.67256637168141,1963.92,17.37982300884956,82,0.25,0,653,65.3,4,5,4,Champions
17967,2010-10-19 13:19:00,2010-12-03 11:19:00,61,2,111,1.819672131147541,223.42000000000002,3.6626229508196726,59,0.25,1,45,22.5,2,3,1,At Risk
17968,2010-07-15 15:01:00,2010-12-01 12:23:00,128,4,352,2.75,590.44,4.6128125,106,0.25,1,139,34.8,2,4,2,At Risk
17969,2009-12-06 13:53:00,2011-06-26 13:00:00,204,20,1014,4.970588235294118,2354.29,11.540637254901961,113,0.25,1,567,28.4,3,5,4,Loyal Customers
17970,2011-05-12 20:03:00,2011-05-12 20:03:00,29,1,513,17.689655172413794,562.79,19.40655172413793,27,0.25,1,1,1.0,2,2,2,Lost / Inactive
17971,2010-06-09 14:04:00,2010-06-09 14:04:00,21,1,62,2.9523809523809526,161.94,7.711428571428572,21,0.25,1,1,1.0,1,2,1,Lost / Inactive
17972,2011-04-12 12:16:00,2011-04-12 12:16:00,30,1,36,1.2,135.19,4.506333333333333,30,0.25,1,1,1.0,2,2,1,Lost / Inactive
17973,2011-10-19 10:34:00,2011-10-19 10:34:00,15,1,176,11.733333333333333,337.04,22.469333333333335,15,0.25,0,1,1.0,4,2,2,Promising / New
17974,2010-10-28 20:03:00,2011-11-15 11:37:00,361,6,1189,3.293628808864266,1739.09,4.817423822714681,279,0.25,0,383,63.8,4,4,4,Champions
17975,2010-08-06 11:24:00,2011-11-24 13:27:00,466,24,2179,4.675965665236052,6696.33,14.36980686695279,243,0.25,0,476,19.8,5,5,5,Champions
17976,2010-12-02 13:49:00,2010-12-02 13:49:00,57,1,93,1.631578947368421,321.79,5.645438596491228,56,0.25,1,1,1.0,2,2,2,Lost / Inactive
17977,2010-11-04 14:26:00,2011-11-10 13:28:00,104,2,1948,18.73076923076923,1511.45,14.533173076923077,94,0.25,0,371,185.5,4,3,4,Loyal Customers
17978,2009-12-08 13:27:00,2010-12-09 14:05:00,67,4,1297,19.35820895522388,1159.99,17.313283582089554,62,0.25,1,367,91.8,2,4,3,At Risk
17979,2011-03-25 11:34:00,2011-11-04 12:05:00,138,4,383,2.7753623188405796,732.41,5.30731884057971,116,0.25,0,225,56.2,4,4,3,Champions
17980,2010-11-11 14:42:00,2011-06-27 12:01:00,61,4,771,12.639344262295081,1012.72,16.601967213114754,41,0.25,1,228,57.0,3,4,3,Loyal Customers
17981,2010-10-25 10:40:00,2010-10-25 10:40:00,17,1,260,15.294117647058824,239.12,14.065882352941177,17,0.25,1,1,1.0,1,2,1,Lost / Inactive
17982,2010-01-28 09:38:00,2010-01-28 09:38:00,13,1,117,9.0,138.18,10.62923076923077,13,0.25,1,1,1.0,1,2,1,Lost / Inactive
17983,2010-11-09 13:23:00,2010-11-09 13:24:00,24,1,108,4.5,171.71,7.154583333333334,23,0.25,1,1,1.0,2,2,1,Lost / Inactive
17984,2009-12-01 11:51:00,2011-07-17 15:59:00,242,5,939,3.8801652892561984,1152.19,4.761115702479339,209,0.25,1,594,118.8,3,4,3,Loyal Customers
17985,2011-11-17 14:24:00,2011-11-17 14:24:00,21,1,171,8.142857142857142,631.35,30.064285714285717,20,0.25,0,1,1.0,4,2,3,Promising / New
17986,2011-10-14 14:22:00,2011-10-14 14:22:00,1,1,10,10.0,20.8,20.8,1,0.25,0,1,1.0,4,2,1,Promising / New
17987,2010-06-07 11:23:00,2011-06-07 14:22:00,164,5,981,5.9817073170731705,965.4399999999999,5.886829268292683,139,0.25,1,366,73.2,3,4,3,Loyal Customers
17988,2009-12-07 13:35:00,2011-11-28 11:00:00,123,14,186,1.5121951219512195,489.54,3.98,115,0.25,0,721,51.5,5,5,2,Champions
17989,2010-11-25 13:49:00,2010-11-25 13:49:00,29,1,300,10.344827586206897,207.33,7.149310344827587,26,0.25,1,1,1.0,2,2,1,Lost / Inactive
17990,2009-12-07 15:19:00,2011-04-17 11:44:00,57,6,777,13.631578947368421,1527.61,26.80017543859649,40,0.25,1,496,82.7,2,4,4,At Risk
17991,2010-04-27 12:46:00,2011-04-28 15:58:00,38,3,93,2.4473684210526314,300.3,7.902631578947369,37,0.25,1,367,122.3,2,3,2,At Risk
17992,2010-11-15 13:04:00,2010-11-15 13:04:00,52,1,130,2.5,252.88,4.863076923076923,49,0.25,1,1,1.0,2,2,1,Lost / Inactive
17993,2010-04-01 14:23:00,2010-04-01 14:23:00,60,1,108,1.8,225.99,3.7665,60,0.25,1,1,1.0,1,2,1,Lost / Inactive
17994,2010-03-29 10:37:00,2011-08-10 11:41:00,306,11,2181,7.127450980392157,2270.0299999999997,7.418398692810457,227,0.25,1,500,45.5,3,5,4,Loyal Customers
17995,2010-11-17 17:01:00,2011-03-03 12:30:00,29,3,263,9.068965517241379,495.48,17.08551724137931,28,0.25,1,106,35.3,2,3,2,At Risk
17996,2010-06-11 11:48:00,2010-11-25 11:00:00,67,3,587,8.761194029850746,482.33,7.1989552238805965,63,0.25,1,167,55.7,2,3,2,At Risk
17997,2011-06-28 17:28:00,2011-09-26 16:13:00,164,8,2273,13.859756097560975,1962.46,11.966219512195122,133,0.25,0,90,11.2,3,5,4,Loyal Customers
17998,2009-12-01 13:07:00,2010-11-24 15:31:00,58,3,561,9.672413793103448,639.24,11.021379310344829,57,0.25,1,359,119.7,2,3,3,At Risk
17999,2010-11-26 13:16:00,2011-11-02 15:56:00,134,3,286,2.1343283582089554,528.46,3.9437313432835825,125,0.25,0,342,114.0,4,3,2,Loyal Customers
18000,2010-05-24 17:34:00,2010-05-24 17:34:00,6,1,109,18.166666666666668,124.25,20.708333333333332,6,0.25,1,1,1.0,1,2,1,Lost / Inactive
18001,2009-12-02 15:38:00,2011-11-27 16:02:00,132,6,874,6.621212121212121,924.14,7.001060606060606,120,0.25,0,726,121.0,5,4,3,Champions
18002,2009-12-08 11:07:00,2010-11-29 10:57:00,53,4,71,1.3396226415094339,244.37,4.610754716981132,52,0.25,1,356,89.0,2,4,1,At Risk
18003,2010-11-28 15:09:00,2010-11-28 15:09:00,23,1,297,12.91304347826087,353.51,15.37,23,0.25,1,1,1.0,2,2,2,Lost / Inactive
18004,2010-12-12 13:47:00,2010-12-12 13:47:00,37,1,75,2.027027027027027,157.92,4.268108108108108,32,0.25,1,1,1.0,2,2,1,Lost / Inactive
18005,2011-10-23 14:40:00,2011-12-06 11:51:00,53,2,86,1.6226415094339623,226.47,4.273018867924528,52,0.25,0,44,22.0,5,3,1,Loyal Customers
18006,2009-12-17 12:27:00,2011-11-16 16:52:00,63,4,395,6.26984126984127,969.51,15.389047619047618,57,0.25,0,700,175.0,4,4,3,Champions
18007,2010-11-12 11:08:00,2010-11-12 11:08:00,50,1,246,4.92,215.22,4.3044,46,0.25,1,1,1.0,2,2,1,Lost / Inactive
18008,2010-01-06 12:35:00,2011-09-30 15:17:00,97,23,7825,80.6701030927835,19759.079999999998,203.70185567010307,77,0.25,0,633,27.5,3,5,5,Loyal Customers
18009,2010-02-25 11:49:00,2011-04-18 13:36:00,179,8,651,3.636871508379888,2144.23,11.978938547486033,145,0.25,1,418,52.2,2,5,4,At Risk
18010,2011-03-28 12:27:00,2011-03-28 12:27:00,14,1,60,4.285714285714286,174.8,12.485714285714286,14,0.25,1,1,1.0,2,2,1,Lost / Inactive
18011,2010-05-21 13:28:00,2010-12-01 17:35:00,63,2,125,1.9841269841269842,410.79,6.520476190476191,63,0.25,1,195,97.5,2,3,2,At Risk
18012,2009-12-16 13:16:00,2009-12-16 13:16:00,13,1,63,4.846153846153846,115.3,8.86923076923077,13,0.25,1,1,1.0,1,2,1,Lost / Inactive
18013,2011-07-07 14:08:00,2011-07-07 14:11:00,31,2,285,9.193548387096774,187.29,6.041612903225806,31,0.25,1,1,0.5,3,3,1,Loyal Customers
18014,2011-11-11 15:28:00,2011-11-11 15:28:00,30,1,66,2.2,162.22,5.407333333333333,29,0.25,0,1,1.0,4,2,1,Promising / New
18015,2011-12-05 14:49:00,2011-12-05 14:49:00,46,1,157,3.4130434782608696,120.03,2.6093478260869567,46,0.25,0,1,1.0,5,2,1,Promising / New
18016,2010-01-27 16:00:00,2011-11-07 13:25:00,169,7,1207,7.1420118343195265,1954.56,11.565443786982248,115,0.25,0,649,92.7,4,4,4,Champions
18017,2010-10-04 15:11:00,2011-09-19 16:15:00,4,4,400,100.0,688.0,172.0,1,0.25,0,351,87.8,3,4,3,Loyal Customers
18018,2010-10-15 11:05:00,2011-08-23 17:37:00,44,4,186,4.2272727272727275,297.99,6.7725,43,0.25,1,313,78.2,3,4,2,Loyal Customers
18019,2011-10-19 12:10:00,2011-10-19 12:10:00,5,1,7,1.4,38.45,7.69,5,0.25,0,1,1.0,4,2,1,Promising / New
18020,2010-06-14 12:31:00,2010-06-14 12:31:00,12,1,67,5.583333333333333,190.48,15.873333333333333,12,0.25,1,1,1.0,1,2,1,Lost / Inactive
18021,2010-07-15 18:47:00,2010-07-18 10:52:00,32,2,168,5.25,216.41,6.7628125,32,0.25,1,3,1.5,1,3,1,At Risk
18022,2010-06-11 13:59:00,2011-11-04 12:45:00,425,5,1311,3.084705882352941,1507.25,3.546470588235294,306,0.25,0,511,102.2,4,4,4,Champions
18024,2011-07-10 12:28:00,2011-07-10 12:40:00,21,2,184,8.761904761904763,389.78,18.56095238095238,21,0.25,1,1,0.5,3,3,2,Loyal Customers
18025,2010-03-30 17:33:00,2010-11-25 12:37:00,112,6,1053,9.401785714285714,1177.72,10.515357142857143,83,0.25,1,240,40.0,2,4,3,At Risk
18026,2010-07-22 16:21:00,2010-07-27 10:37:00,17,2,530,31.176470588235293,2074.07,122.00411764705883,12,0.25,1,5,2.5,1,3,4,At Risk
18027,2011-09-02 10:38:00,2011-09-02 10:38:00,21,1,78,3.7142857142857144,115.31,5.490952380952381,21,0.25,1,1,1.0,3,2,1,Needs Attention
18028,2010-05-05 13:28:00,2010-05-05 13:28:00,4,1,133,33.25,192.04999999999998,48.012499999999996,4,0.25,1,1,1.0,1,2,1,Lost / Inactive
18029,2010-03-07 15:30:00,2010-03-07 15:30:00,18,1,253,14.055555555555555,433.77,24.098333333333333,18,0.25,1,1,1.0,1,2,2,Lost / Inactive
18030,2011-10-28 13:55:00,2011-12-05 16:37:00,9,2,67,7.444444444444445,230.64999999999998,25.627777777777776,8,0.25,0,39,19.5,5,3,1,Loyal Customers
18031,2010-11-26 11:00:00,2010-11-26 11:00:00,63,1,298,4.73015873015873,451.3,7.163492063492064,49,0.25,1,1,1.0,2,2,2,Lost / Inactive
18032,2011-01-09 15:32:00,2011-01-09 15:32:00,5,1,42,8.4,73.5,14.7,5,0.25,1,1,1.0,2,2,1,Lost / Inactive
18033,2011-10-05 17:28:00,2011-10-05 17:28:00,33,1,252,7.636363636363637,93.82000000000001,2.8430303030303032,32,0.25,0,1,1.0,3,2,1,Needs Attention
18034,2010-11-29 12:36:00,2011-11-18 12:22:00,214,3,951,4.44392523364486,754.2,3.524299065420561,182,0.25,0,354,118.0,4,3,3,Loyal Customers
18035,2010-11-19 13:42:00,2011-11-04 12:39:00,57,5,1134,19.894736842105264,1260.23,22.109298245614035,52,0.25,0,350,70.0,4,4,4,Champions
18036,2009-12-18 12:04:00,2011-11-07 14:40:00,326,11,741,2.273006134969325,1545.49,4.740766871165644,221,0.25,0,690,62.7,4,5,4,Champions
18037,2009-12-01 13:48:00,2011-07-08 13:39:00,33,15,37,1.121212121212121,167.42,5.073333333333333,31,0.25,1,584,38.9,3,5,1,Loyal Customers
18038,2010-06-01 15:59:00,2010-06-01 15:59:00,27,1,80,2.962962962962963,141.48,5.239999999999999,25,0.25,1,1,1.0,1,2,1,Lost / Inactive
18039,2010-03-09 11:19:00,2010-11-30 13:07:00,158,4,555,3.5126582278481013,548.22,3.469746835443038,137,0.25,1,267,66.8,2,4,2,At Risk
18040,2011-04-08 08:27:00,2011-11-20 14:20:00,19,2,148,7.7894736842105265,357.2,18.8,18,0.25,0,227,113.5,5,3,2,Loyal Customers
18041,2010-01-14 10:04:00,2011-11-28 11:39:00,832,38,7316,8.79326923076923,8018.7699999999995,9.637944711538461,464,0.25,0,684,18.0,5,5,5,Champions
18042,2010-06-16 10:53:00,2011-10-17 11:49:00,16,2,69,4.3125,281.15,17.571875,13,0.25,0,489,244.5,4,3,1,Loyal Customers
18043,2010-12-08 12:35:00,2011-11-15 12:48:00,115,3,265,2.3043478260869565,529.29,4.6025217391304345,106,0.25,0,343,114.3,4,3,2,Loyal Customers
18044,2010-05-28 15:31:00,2011-12-05 14:26:00,200,18,1598,7.99,3505.61,17.52805,128,0.25,0,556,30.9,5,5,5,Champions
18045,2011-10-25 13:07:00,2011-10-25 13:07:00,43,1,138,3.2093023255813953,178.34,4.147441860465117,43,0.25,0,1,1.0,4,2,1,Promising / New
18046,2010-02-28 11:36:00,2010-02-28 11:36:00,26,1,44,1.6923076923076923,189.63,7.293461538461538,26,0.25,1,1,1.0,1,2,1,Lost / Inactive
18047,2010-11-23 12:57:00,2010-11-23 13:11:00,83,2,130,1.5662650602409638,326.09,3.9287951807228914,74,0.25,1,1,0.5,2,3,2,At Risk
18048,2010-08-03 13:03:00,2011-05-20 14:58:00,59,3,256,4.338983050847458,394.93,6.693728813559322,56,0.25,1,291,97.0,2,3,2,At Risk
18049,2010-04-28 13:24:00,2010-09-28 14:26:00,87,2,402,4.620689655172414,500.92,5.757701149425287,82,0.25,1,154,77.0,1,3,2,At Risk
18050,2010-11-11 15:51:00,2010-12-15 14:25:00,23,2,250,10.869565217391305,412.06,17.915652173913042,22,0.25,1,34,17.0,2,3,2,At Risk
18051,2009-12-09 12:17:00,2010-03-15 13:58:00,55,7,1661,30.2,2282.2799999999997,41.495999999999995,41,0.25,1,97,13.9,1,4,4,At Risk
18052,2010-05-24 11:11:00,2010-05-24 11:11:00,16,1,17766,1110.375,10877.18,679.82375,16,0.25,1,1,1.0,1,2,5,Lost / Inactive
18053,2010-06-30 12:36:00,2011-09-30 09:05:00,32,3,409,12.78125,571.07,17.8459375,29,0.25,0,457,152.3,3,3,2,Loyal Customers
18054,2010-11-12 08:18:00,2010-11-12 08:18:00,11,1,96,8.727272727272727,176.5,16.045454545454547,11,0.25,1,1,1.0,2,2,1,Lost / Inactive
18055,2010-10-22 13:27:00,2011-12-02 14:25:00,533,14,3534,6.630393996247655,10142.64,19.029343339587243,320,0.25,0,407,29.1,5,5,5,Champions
18056,2010-03-31 12:29:00,2011-02-24 14:27:00,30,2,334,11.133333333333333,554.6,18.486666666666668,28,0.25,1,331,165.5,2,3,2,At Risk
18057,2010-01-18 12:42:00,2010-11-11 16:55:00,134,3,970,7.2388059701492535,1188.46,8.869104477611941,121,0.25,1,298,99.3,2,3,3,At Risk
18058,2010-02-10 09:38:00,2011-11-30 08:38:00,16,3,394,24.625,774.06,48.37875,12,0.25,0,658,219.3,5,3,3,Loyal Customers
18059,2011-10-03 09:30:00,2011-11-16 16:49:00,18,3,258,14.333333333333334,306.46,17.025555555555556,17,0.25,0,45,15.0,4,3,2,Loyal Customers
18060,2010-05-24 08:34:00,2010-10-27 16:41:00,75,2,902,12.026666666666667,1185.46,15.806133333333333,74,0.25,1,157,78.5,2,3,3,At Risk
18061,2009-12-04 11:36:00,2011-11-18 11:20:00,122,28,3359,27.5327868852459,6083.81,49.867295081967214,30,0.25,0,714,25.5,4,5,5,Champions
18062,2010-04-21 08:55:00,2011-06-19 14:47:00,54,6,831,15.38888888888889,1632.67,30.23462962962963,46,0.25,1,425,70.8,3,4,4,Loyal Customers
18063,2010-03-16 13:05:00,2010-11-14 10:46:00,3,2,48,16.0,186.6,62.199999999999996,2,0.25,1,243,121.5,2,3,1,At Risk
18064,2010-02-01 15:01:00,2011-07-29 16:39:00,64,11,2685,41.953125,4481.83,70.02859375,53,0.25,1,544,49.5,3,5,5,Loyal Customers
18065,2009-12-09 16:00:00,2011-12-04 10:30:00,310,29,2265,7.306451612903226,5866.63,18.924612903225807,193,0.25,0,725,25.0,5,5,5,Champions
18066,2010-10-20 11:42:00,2011-09-25 15:30:00,53,3,535,10.09433962264151,1440.4,27.17735849056604,37,0.25,0,341,113.7,3,3,4,Loyal Customers
18067,2011-10-30 15:58:00,2011-10-30 15:58:00,37,1,189,5.108108108108108,396.33,10.711621621621621,36,0.25,0,1,1.0,4,2,2,Promising / New
18068,2011-02-23 14:50:00,2011-02-23 14:50:00,1,1,6,6.0,101.7,101.7,1,0.25,1,1,1.0,2,2,1,Lost / Inactive
18069,2010-02-28 16:14:00,2011-11-13 16:03:00,970,11,3168,3.265979381443299,4464.92,4.603010309278351,602,0.25,0,623,56.6,4,5,5,Champions
18070,2010-02-08 13:28:00,2010-02-08 13:28:00,9,1,86,9.555555555555555,314.1,34.900000000000006,9,0.25,1,1,1.0,1,2,2,Lost / Inactive
18071,2009-12-05 10:31:00,2011-03-27 11:59:00,71,6,678,9.549295774647888,1169.68,16.474366197183098,52,0.25,1,478,79.7,2,4,3,At Risk
18072,2011-06-07 10:44:00,2011-06-07 10:44:00,18,1,288,16.0,247.44,13.746666666666666,18,0.25,1,1,1.0,3,2,1,Needs Attention
18073,2011-05-26 19:38:00,2011-08-17 14:02:00,72,12,3102,43.083333333333336,3859.8199999999997,53.60861111111111,23,0.25,1,83,6.9,3,5,5,Loyal Customers
18074,2010-07-22 10:31:00,2010-12-01 09:53:00,43,2,361,8.395348837209303,1019.44,23.707906976744187,37,0.25,1,132,66.0,2,3,3,At Risk
18075,2010-07-29 11:47:00,2011-11-16 15:21:00,323,20,3281,10.157894736842104,5783.29,17.904922600619194,180,0.25,0,476,23.8,4,5,5,Champions
18076,2010-11-24 14:02:00,2010-11-24 14:02:00,8,1,164,20.5,151.49,18.93625,8,0.25,1,1,1.0,2,2,1,Lost / Inactive
18077,2009-12-07 11:40:00,2011-12-01 13:32:00,353,18,3020,8.555240793201133,4078.79,11.554645892351274,141,0.25,0,725,40.3,5,5,5,Champions
18078,2010-03-21 15:50:00,2011-05-06 14:32:00,73,4,370,5.068493150684931,725.53,9.93876712328767,65,0.25,1,411,102.8,2,4,3,At Risk
18079,2010-08-05 12:19:00,2011-10-25 15:27:00,136,5,8730,64.19117647058823,4203.93,30.911250000000003,107,0.25,0,447,89.4,4,4,5,Champions
18080,2011-04-11 10:10:00,2011-11-21 08:02:00,2,2,642,321.0,1231.5,615.75,2,0.25,0,224,112.0,5,3,4,Loyal Customers
18081,2011-07-29 11:56:00,2011-11-03 16:30:00,17,3,195,11.470588235294118,343.45,20.20294117647059,14,0.25,0,98,32.7,4,3,2,Loyal Customers
18082,2011-11-14 12:45:00,2011-11-14 12:45:00,70,1,608,8.685714285714285,680.84,9.726285714285714,62,0.25,0,1,1.0,4,2,3,Promising / New
18083,2010-11-07 11:44:00,2010-11-07 11:44:00,40,1,268,6.7,463.53,11.588249999999999,36,0.25,1,1,1.0,2,2,2,Lost / Inactive
18084,2010-11-16 08:09:00,2011-11-23 13:57:00,7,3,755,107.85714285714286,795.23,113.60428571428572,7,0.25,0,373,124.3,5,3,3,Loyal Customers
18085,2010-03-21 11:57:00,2011-01-13 15:17:00,62,4,507,8.17741935483871,1341.85,21.64274193548387,42,0.25,1,299,74.8,2,4,4,At Risk
18086,2011-03-10 13:34:00,2011-03-10 13:34:00,7,1,106,15.142857142857142,101.34,14.477142857142857,7,0.25,1,1,1.0,2,2,1,Lost / Inactive
18087,2009-12-01 09:43:00,2011-09-02 15:12:00,88,17,7775,88.35227272727273,14761.52,167.74454545454546,44,0.25,1,641,37.7,3,5,5,Loyal Customers
18088,2011-10-09 13:41:00,2011-10-09 13:41:00,37,1,107,2.891891891891892,166.03,4.487297297297298,35,0.25,0,1,1.0,3,2,1,Needs Attention
18089,2010-09-19 11:57:00,2010-09-19 11:57:00,10,1,95,9.5,428.45,42.845,9,0.25,1,1,1.0,1,2,2,Lost / Inactive
18090,2010-10-14 12:32:00,2010-10-14 12:32:00,54,1,307,5.685185185185185,321.9,5.96111111111111,47,0.25,1,1,1.0,1,2,2,Lost / Inactive
18091,2010-04-25 13:18:00,2010-04-25 13:18:00,25,1,539,21.56,360.85,14.434000000000001,25,0.25,1,1,1.0,1,2,2,Lost / Inactive
18092,2009-12-04 12:37:00,2011-12-07 13:14:00,140,18,8298,59.27142857142857,14693.72,104.95514285714285,42,0.25,0,734,40.8,5,5,5,Champions
18093,2010-03-31 10:27:00,2011-09-07 15:43:00,61,8,3429,56.21311475409836,4452.71,72.99524590163935,43,0.25,1,526,65.8,3,5,5,Loyal Customers
18094,2010-01-07 11:16:00,2011-09-19 09:28:00,126,13,4164,33.04761904761905,6391.5199999999995,50.726349206349205,55,0.25,0,620,47.7,3,5,5,Loyal Customers
18095,2010-04-19 14:09:00,2011-01-31 12:50:00,48,5,1623,33.8125,2303.09,47.98104166666667,37,0.25,1,287,57.4,2,4,4,At Risk
18096,2010-07-14 14:30:00,2011-11-28 12:44:00,391,6,1409,3.6035805626598467,1657.87,4.240076726342711,299,0.25,0,502,83.7,5,4,4,Champions
18097,2009-12-17 11:06:00,2011-12-02 11:16:00,156,11,2716,17.41025641025641,4627.92,29.666153846153847,86,0.25,0,716,65.1,5,5,5,Champions
18098,2010-11-08 16:31:00,2010-11-08 16:31:00,86,1,215,2.5,527.9399999999999,6.1388372093023245,85,0.25,1,1,1.0,2,2,2,Lost / Inactive
18099,2011-08-04 15:52:00,2011-08-04 15:52:00,19,1,149,7.842105263157895,168.31,8.858421052631579,19,0.25,1,1,1.0,3,2,1,Needs Attention
18100,2010-06-07 14:19:00,2010-06-07 14:19:00,30,1,440,14.666666666666666,451.56,15.052,30,0.25,1,1,1.0,1,2,2,Lost / Inactive
18101,2010-02-03 13:52:00,2011-11-28 13:37:00,109,5,247,2.2660550458715596,622.01,5.70651376146789,89,0.25,0,663,132.6,5,4,3,Champions
18102,2009-12-01 09:24:00,2011-12-09 11:50:00,1040,145,181645,174.65865384615384,580987.04,558.6413846153846,382,0.25,0,739,5.1,5,5,5,Champions
18103,2010-06-08 13:36:00,2010-06-08 13:36:00,10,1,23,2.3,105.8,10.58,10,0.25,1,1,1.0,1,2,1,Lost / Inactive
18104,2011-11-02 14:07:00,2011-11-02 14:07:00,38,1,362,9.526315789473685,754.64,19.858947368421052,38,0.25,0,1,1.0,4,2,3,Promising / New
18105,2011-11-02 12:04:00,2011-11-02 12:04:00,18,1,46,2.5555555555555554,113.47999999999999,6.304444444444444,18,0.25,0,1,1.0,4,2,1,Promising / New
18106,2010-01-15 11:36:00,2011-01-14 12:23:00,191,6,506,2.649214659685864,1441.06,7.5448167539267015,126,0.25,1,365,60.8,2,4,4,At Risk
18107,2010-09-23 13:03:00,2010-09-23 13:03:00,38,1,65,1.7105263157894737,165.88,4.365263157894737,38,0.25,1,1,1.0,1,2,1,Lost / Inactive
18108,2009-12-02 12:47:00,2011-03-30 13:56:00,47,3,261,5.553191489361702,848.81,18.059787234042552,43,0.25,1,484,161.3,2,3,3,At Risk
18109,2010-07-01 12:13:00,2011-12-08 11:36:00,654,38,4822,7.373088685015291,9555.710000000001,14.611177370030582,203,0.25,0,525,13.8,5,5,5,Champions
18110,2010-10-24 14:21:00,2011-11-20 12:34:00,72,2,169,2.3472222222222223,392.28000000000003,5.448333333333334,58,0.25,0,392,196.0,4,3,2,Loyal Customers
18111,2010-04-29 12:58:00,2010-04-29 12:58:00,27,1,232,8.592592592592593,405.85,15.031481481481482,27,0.25,1,1,1.0,1,2,2,Lost / Inactive
18112,2010-06-06 12:40:00,2011-11-27 14:43:00,62,4,443,7.145161290322581,773.36,12.473548387096775,59,0.25,0,540,135.0,5,4,3,Champions
18113,2010-12-06 12:31:00,2010-12-06 12:31:00,1,1,72,72.0,76.32,76.32,1,0.25,1,1,1.0,2,2,1,Lost / Inactive
18114,2011-02-22 13:20:00,2011-02-22 13:20:00,28,1,55,1.9642857142857142,220.1,7.860714285714286,28,0.25,1,1,1.0,2,2,1,Lost / Inactive
18115,2010-01-11 11:57:00,2010-01-11 11:57:00,3,1,3,1.0,9.700000000000001,3.233333333333334,3,0.25,1,1,1.0,1,2,1,Lost / Inactive
18116,2010-10-24 15:29:00,2011-10-03 11:00:00,564,13,1267,2.24645390070922,2134.4900000000002,3.784556737588653,311,0.25,0,344,26.5,3,5,4,Loyal Customers
18117,2011-11-14 12:47:00,2011-11-14 12:47:00,72,1,605,8.402777777777779,315.65,4.384027777777778,68,0.25,0,1,1.0,4,2,2,Promising / New
18118,2010-11-23 13:36:00,2011-11-29 11:32:00,1430,29,3184,2.2265734265734265,6221.02,4.350363636363637,444,0.25,0,371,12.8,5,5,5,Champions
18119,2010-12-07 11:59:00,2010-12-07 11:59:00,29,1,124,4.275862068965517,180.7,6.23103448275862,29,0.25,1,1,1.0,2,2,1,Lost / Inactive
18120,2011-05-09 13:45:00,2011-05-09 13:45:00,17,1,31,1.8235294117647058,111.15,6.538235294117648,17,0.25,1,1,1.0,2,2,1,Lost / Inactive
18121,2011-07-08 12:14:00,2011-07-13 12:53:00,31,2,438,14.129032258064516,653.3,21.074193548387097,28,0.25,1,6,3.0,3,3,3,Loyal Customers
18122,2011-07-12 11:37:00,2011-12-01 13:08:00,357,6,1225,3.4313725490196076,1793.06,5.022577030812325,239,0.25,0,143,23.8,5,4,4,Champions
18123,2010-07-14 12:47:00,2011-11-15 14:23:00,56,3,616,11.0,666.64,11.904285714285715,53,0.25,0,490,163.3,4,3,3,Loyal Customers
18124,2010-08-24 17:21:00,2010-08-24 17:21:00,20,1,47,2.35,102.65,5.1325,20,0.25,1,1,1.0,1,2,1,Lost / Inactive
18125,2011-01-27 15:02:00,2011-11-10 12:29:00,192,4,800,4.166666666666667,1131.75,5.89453125,164,0.25,0,287,71.8,4,4,3,Champions
18126,2011-10-10 12:19:00,2011-10-10 12:19:00,52,1,135,2.5961538461538463,200.92000000000002,3.863846153846154,52,0.25,0,1,1.0,3,2,1,Needs Attention
18127,2010-11-01 13:56:00,2011-11-20 14:05:00,67,4,250,3.7313432835820897,556.13,8.30044776119403,56,0.25,0,385,96.2,5,4,2,Champions
18128,2010-06-20 13:19:00,2010-06-20 13:19:00,42,1,216,5.142857142857143,399.29,9.506904761904762,42,0.25,1,1,1.0,1,2,2,Lost / Inactive
18129,2011-04-10 14:16:00,2011-04-10 14:16:00,14,1,48,3.4285714285714284,112.55,8.039285714285715,13,0.25,1,1,1.0,2,2,1,Lost / Inactive
18130,2011-10-13 15:58:00,2011-11-24 14:40:00,70,3,824,11.771428571428572,1059.39,15.134142857142859,58,0.25,0,42,14.0,5,3,3,Loyal Customers
18131,2010-03-18 08:48:00,2010-03-18 08:48:00,4,1,552,138.0,222.96,55.74,4,0.25,1,1,1.0,1,2,1,Lost / Inactive
18132,2010-07-23 16:54:00,2010-07-23 16:54:00,62,1,212,3.4193548387096775,220.13,3.5504838709677418,60,0.25,1,1,1.0,1,2,1,Lost / Inactive
18133,2011-05-11 14:14:00,2011-05-11 14:14:00,1,1,1350,1350.0,931.5,931.5,1,0.25,1,1,1.0,2,2,3,Lost / Inactive
18134,2010-01-14 11:59:00,2010-04-20 14:02:00,28,2,128,4.571428571428571,445.0,15.892857142857142,27,0.25,1,97,48.5,1,3,2,At Risk
18135,2010-03-15 13:55:00,2011-11-10 19:32:00,37,10,753,20.35135135135135,1249.62,33.773513513513514,23,0.25,0,606,60.6,4,5,4,Champions
18136,2010-09-14 15:50:00,2011-10-07 15:40:00,88,5,860,9.772727272727273,1631.36,18.538181818181815,77,0.25,0,388,77.6,3,4,4,Loyal Customers
18137,2010-06-06 13:45:00,2010-06-06 14:18:00,29,2,59,2.0344827586206895,145.99,5.034137931034483,26,0.25,1,1,0.5,1,3,1,At Risk
18138,2011-02-17 14:51:00,2011-02-17 14:51:00,8,1,38,4.75,152.65,19.08125,8,0.25,1,1,1.0,2,2,1,Lost / Inactive
18139,2011-11-21 14:06:00,2011-11-22 10:44:00,159,6,5557,34.9496855345912,8438.34,53.07132075471698,35,0.25,0,1,0.2,5,4,5,Champions
18140,2010-08-23 11:58:00,2010-08-23 11:58:00,54,1,395,7.314814814814815,536.41,9.933518518518518,49,0.25,1,1,1.0,1,2,2,Lost / Inactive
18141,2010-04-29 15:32:00,2010-11-03 11:44:00,42,2,433,10.30952380952381,882.47,21.011190476190478,38,0.25,1,188,94.0,2,3,3,At Risk
18142,2011-05-08 12:31:00,2011-07-05 13:19:00,15,2,1276,85.06666666666666,1019.52,67.968,9,0.25,1,59,29.5,3,3,3,Loyal Customers
18143,2011-07-21 10:44:00,2011-08-15 12:07:00,61,2,570,9.344262295081966,1000.16,16.396065573770493,59,0.25,1,26,13.0,3,3,3,Loyal Customers
18144,2009-12-16 15:57:00,2011-12-02 12:46:00,84,19,2144,25.523809523809526,4892.95,58.249404761904756,51,0.25,0,716,37.7,5,5,5,Champions
18145,2009-12-08 12:30:00,2011-11-27 11:22:00,402,11,5104,12.696517412935323,5609.74,13.95457711442786,250,0.25,0,719,65.4,5,5,5,Champions
18146,2011-05-03 16:35:00,2011-07-22 12:08:00,10,2,153,15.3,160.35,16.035,10,0.25,1,80,40.0,3,3,1,Loyal Customers
18147,2011-08-23 12:22:00,2011-10-25 11:46:00,7,2,203,29.0,179.34,25.62,7,0.25,0,63,31.5,4,3,1,Loyal Customers
18148,2010-03-03 11:40:00,2010-03-03 11:40:00,10,1,63,6.3,112.85,11.285,9,0.25,1,1,1.0,1,2,1,Lost / Inactive
18149,2010-03-14 12:41:00,2011-10-20 12:04:00,91,7,869,9.54945054945055,1553.96,17.076483516483517,54,0.25,0,585,83.6,4,4,4,Champions
18150,2011-05-22 10:47:00,2011-11-07 16:49:00,37,3,332,8.972972972972974,566.5799999999999,15.312972972972972,29,0.25,0,170,56.7,4,3,2,Loyal Customers
18151,2010-03-04 10:47:00,2011-07-28 11:35:00,106,6,986,9.30188679245283,1879.44,17.730566037735848,99,0.25,1,512,85.3,3,4,4,Loyal Customers
18152,2010-03-03 15:26:00,2010-03-03 15:26:00,10,1,75,7.5,426.69,42.669,10,0.25,1,1,1.0,1,2,2,Lost / Inactive
18153,2010-02-18 15:50:00,2010-02-18 15:50:00,17,1,200,11.764705882352942,246.22,14.483529411764707,17,0.25,1,1,1.0,1,2,1,Lost / Inactive
18154,2010-08-06 09:18:00,2011-12-06 16:41:00,47,5,626,13.319148936170214,932.6,19.842553191489362,34,0.25,0,488,97.6,5,4,3,Champions
18155,2011-02-21 10:36:00,2011-09-25 13:32:00,25,3,266,10.64,371.62,14.8648,19,0.25,0,217,72.3,3,3,2,Loyal Customers
18156,2010-12-05 12:29:00,2011-11-27 12:24:00,122,2,283,2.319672131147541,675.64,5.538032786885246,100,0.25,0,357,178.5,5,3,3,Loyal Customers
18157,2010-05-17 14:09:00,2010-05-17 14:09:00,25,1,145,5.8,213.9,8.556000000000001,25,0.25,1,1,1.0,1,2,1,Lost / Inactive
18158,2011-09-12 09:03:00,2011-11-30 16:19:00,34,2,354,10.411764705882353,453.4,13.335294117647058,24,0.25,0,80,40.0,5,3,2,Loyal Customers
18159,2011-02-11 14:26:00,2011-02-11 14:26:00,23,1,139,6.043478260869565,530.15,23.05,23,0.25,1,1,1.0,2,2,2,Lost / Inactive
18160,2010-11-18 16:33:00,2011-10-13 15:50:00,65,3,519,7.984615384615385,1003.88,15.444307692307692,56,0.25,0,329,109.7,4,3,3,Loyal Customers
18161,2010-11-25 15:55:00,2011-11-24 16:40:00,93,6,965,10.376344086021506,1803.1,19.38817204301075,57,0.25,0,365,60.8,5,4,4,Champions
18162,2009-12-07 13:24:00,2009-12-07 13:24:00,46,1,332,7.217391304347826,371.51,8.076304347826087,45,0.25,1,1,1.0,1,2,2,Lost / Inactive
18163,2010-05-04 14:51:00,2010-05-04 14:51:00,33,1,452,13.696969696969697,728.84,22.086060606060606,33,0.25,1,1,1.0,1,2,3,Lost / Inactive
18164,2011-11-02 12:56:00,2011-11-02 12:56:00,24,1,184,7.666666666666667,399.65,16.652083333333334,24,0.25,0,1,1.0,4,2,2,Promising / New
18165,2011-06-15 13:23:00,2011-06-15 13:23:00,10,1,254,25.4,302.46,30.246,10,0.25,1,1,1.0,3,2,2,Needs Attention
18166,2010-03-26 12:26:00,2010-03-26 12:26:00,10,1,90,9.0,175.5,17.55,10,0.25,1,1,1.0,1,2,1,Lost / Inactive
18167,2011-08-26 11:40:00,2011-11-16 15:56:00,37,3,382,10.324324324324325,1384.86,37.42864864864865,24,0.25,0,83,27.7,4,3,4,Loyal Customers
18168,2009-12-03 17:29:00,2011-06-16 19:21:00,363,16,1995,5.4958677685950414,3435.5,9.46418732782369,209,0.25,1,561,35.1,3,5,5,Loyal Customers
18169,2011-10-10 12:18:00,2011-10-10 12:18:00,9,1,61,6.777777777777778,202.65,22.516666666666666,9,0.25,0,1,1.0,3,2,1,Needs Attention
18170,2010-01-08 14:10:00,2011-11-06 14:35:00,126,9,1184,9.396825396825397,2878.0,22.841269841269842,59,0.25,0,668,74.2,4,5,4,Champions
18171,2010-01-05 10:46:00,2011-10-12 09:13:00,92,9,991,10.771739130434783,2437.31,26.4925,76,0.25,0,645,71.7,4,5,4,Champions
18172,2009-12-11 09:58:00,2011-11-25 11:12:00,475,52,7407,15.593684210526316,17467.24,36.77313684210527,176,0.25,0,715,13.8,5,5,5,Champions
18173,2010-04-06 10:43:00,2011-09-14 11:26:00,45,5,1730,38.44444444444444,2696.36,59.919111111111114,34,0.25,0,527,105.4,3,4,4,Loyal Customers
18174,2010-04-15 12:17:00,2011-12-02 16:56:00,2,2,80,40.0,162.5,81.25,1,0.25,0,597,298.5,5,3,1,Loyal Customers
18175,2010-02-02 10:25:00,2010-02-02 10:25:00,7,1,70,10.0,176.1,25.157142857142855,7,0.25,1,1,1.0,1,2,1,Lost / Inactive
18176,2010-12-16 15:45:00,2010-12-16 15:45:00,30,1,283,9.433333333333334,476.34999999999997,15.878333333333332,30,0.25,1,1,1.0,2,2,2,Lost / Inactive
18177,2009-12-15 18:57:00,2011-11-08 14:44:00,99,9,1238,12.505050505050505,2216.32,22.38707070707071,66,0.25,0,693,77.0,4,5,4,Champions
18178,2010-02-18 14:25:00,2011-08-03 09:30:00,350,11,3850,11.0,6103.74,17.43925714285714,204,0.25,1,531,48.3,3,5,5,Loyal Customers
18179,2010-02-14 15:51:00,2011-11-30 16:23:00,109,8,1811,16.61467889908257,2547.55,23.372018348623854,101,0.25,0,655,81.9,5,5,4,Champions
18180,2011-07-20 08:59:00,2011-12-05 08:39:00,119,6,1721,14.46218487394958,1843.75,15.493697478991596,108,0.25,0,138,23.0,5,4,4,Champions
18181,2009-12-04 15:30:00,2011-11-15 15:08:00,178,5,510,2.865168539325843,1188.34,6.676067415730337,139,0.25,0,711,142.2,4,4,3,Champions
18182,2010-09-02 14:25:00,2010-09-02 14:25:00,10,1,167,16.7,291.13,29.113,10,0.25,1,1,1.0,1,2,2,Lost / Inactive
18183,2011-03-10 10:08:00,2011-04-26 15:26:00,37,2,371,10.027027027027026,632.07,17.082972972972975,36,0.25,1,48,24.0,2,3,3,At Risk
18184,2011-11-24 15:28:00,2011-11-24 15:28:00,1,1,60,60.0,49.8,49.8,1,0.25,0,1,1.0,5,2,1,Promising / New
18185,2011-04-04 13:42:00,2011-04-04 13:42:00,17,1,183,10.764705882352942,304.25,17.897058823529413,17,0.25,1,1,1.0,2,2,2,Lost / Inactive
18186,2009-12-17 10:22:00,2009-12-17 10:22:00,11,1,338,30.727272727272727,329.58000000000004,29.961818181818185,11,0.25,1,1,1.0,1,2,2,Lost / Inactive
18187,2010-03-18 09:49:00,2010-03-18 09:49:00,48,1,310,6.458333333333333,724.89,15.101875,48,0.25,1,1,1.0,1,2,3,Lost / Inactive
18188,2010-03-26 11:37:00,2011-11-24 16:46:00,133,6,1888,14.19548872180451,3280.59,24.66609022556391,95,0.25,0,609,101.5,5,4,5,Champions
18189,2010-03-24 09:57:00,2011-09-23 12:40:00,86,3,836,9.720930232558139,1403.73,16.322441860465116,79,0.25,0,549,183.0,3,3,4,Loyal Customers
18190,2009-12-22 12:05:00,2011-05-31 14:48:00,42,5,490,11.666666666666666,745.62,17.752857142857142,34,0.25,1,526,105.2,2,4,3,At Risk
18191,2010-08-19 17:42:00,2011-03-23 12:08:00,15,2,332,22.133333333333333,529.4,35.29333333333333,15,0.25,1,216,108.0,2,3,2,At Risk
18192,2011-09-29 09:53:00,2011-09-29 09:53:00,45,1,339,7.533333333333333,957.97,21.288222222222224,45,0.25,0,1,1.0,3,2,3,Needs Attention
18193,2010-09-23 13:33:00,2011-06-27 13:58:00,70,3,926,13.228571428571428,1207.35,17.247857142857143,66,0.25,1,278,92.7,3,3,3,Loyal Customers
18194,2010-01-28 15:30:00,2011-09-18 13:29:00,28,6,1774,63.357142857142854,4162.04,148.6442857142857,23,0.25,0,598,99.7,3,4,5,Loyal Customers
18195,2010-11-17 15:03:00,2010-11-17 15:03:00,5,1,60,12.0,101.16,20.232,5,0.25,1,1,1.0,2,2,1,Lost / Inactive
18196,2010-03-17 14:55:00,2011-09-05 16:22:00,277,4,1038,3.747292418772563,1457.19,5.260613718411553,210,0.25,1,538,134.5,3,4,4,Loyal Customers
18197,2010-05-13 10:46:00,2010-05-13 10:46:00,9,1,166,18.444444444444443,230.1,25.566666666666666,9,0.25,1,1,1.0,1,2,1,Lost / Inactive
18198,2011-01-07 13:39:00,2011-12-05 14:49:00,159,17,4074,25.62264150943396,5425.56,34.12301886792453,81,0.25,0,333,19.6,5,5,5,Champions
18199,2010-01-25 11:32:00,2010-01-25 11:32:00,20,1,99,4.95,344.75,17.2375,20,0.25,1,1,1.0,1,2,2,Lost / Inactive
18200,2011-08-25 18:45:00,2011-08-25 18:45:00,30,1,104,3.466666666666667,150.35,5.011666666666667,29,0.25,1,1,1.0,3,2,1,Needs Attention
18201,2009-12-17 08:55:00,2009-12-17 08:55:00,27,1,191,7.074074074074074,447.53,16.575185185185184,27,0.25,1,1,1.0,1,2,2,Lost / Inactive
18202,2011-02-01 13:36:00,2011-05-24 12:12:00,68,3,581,8.544117647058824,1396.99,20.543970588235293,55,0.25,1,112,37.3,2,3,4,At Risk
18203,2009-12-08 13:19:00,2011-07-05 13:07:00,59,4,111,1.88135593220339,492.52,8.34779661016949,40,0.25,1,574,143.5,3,4,2,Loyal Customers
18204,2011-05-31 15:26:00,2011-09-29 16:44:00,192,3,1190,6.197916666666667,1975.35,10.288281249999999,159,0.25,0,122,40.7,3,3,4,Loyal Customers
18205,2011-09-26 12:02:00,2011-11-03 13:22:00,32,2,192,6.0,517.36,16.1675,30,0.25,0,39,19.5,4,3,2,Loyal Customers
18206,2010-06-04 13:47:00,2010-06-04 13:47:00,19,1,246,12.947368421052632,314.65999999999997,16.561052631578946,19,0.25,1,1,1.0,1,2,2,Lost / Inactive
18207,2010-07-28 14:26:00,2010-07-28 14:26:00,31,1,325,10.483870967741936,544.47,17.563548387096777,31,0.25,1,1,1.0,1,2,2,Lost / Inactive
18208,2010-05-23 11:54:00,2010-05-23 11:54:00,17,1,82,4.823529411764706,360.08,21.181176470588234,17,0.25,1,1,1.0,1,2,2,Lost / Inactive
18209,2011-11-11 12:07:00,2011-11-11 12:07:00,8,1,58,7.25,139.1,17.3875,8,0.25,0,1,1.0,4,2,1,Promising / New
18210,2010-11-22 09:39:00,2011-12-08 11:02:00,144,7,1499,10.409722222222221,2768.83,19.22798611111111,116,0.25,0,382,54.6,5,4,4,Champions
18211,2011-03-06 12:09:00,2011-11-14 08:10:00,42,5,359,8.547619047619047,600.07,14.287380952380953,37,0.25,0,253,50.6,4,4,2,Champions
18212,2010-01-31 14:42:00,2011-01-17 16:14:00,46,2,158,3.4347826086956523,514.37,11.18195652173913,40,0.25,1,352,176.0,2,3,2,At Risk
18213,2011-04-17 10:21:00,2011-04-17 10:21:00,15,1,232,15.466666666666667,232.48,15.498666666666667,15,0.25,1,1,1.0,2,2,1,Lost / Inactive
18214,2010-06-03 19:47:00,2010-06-27 11:21:00,58,4,989,17.051724137931036,1780.34,30.69551724137931,38,0.25,1,24,6.0,1,4,4,At Risk
18215,2010-03-26 13:03:00,2011-09-11 16:05:00,89,5,1131,12.707865168539326,2232.49,25.084157303370784,53,0.25,0,535,107.0,3,4,4,Loyal Customers
18216,2011-11-08 16:55:00,2011-11-08 16:55:00,26,1,200,7.6923076923076925,481.75,18.528846153846153,26,0.25,0,1,1.0,4,2,2,Promising / New
18217,2010-07-01 15:39:00,2011-11-10 13:18:00,40,4,740,18.5,945.04,23.625999999999998,33,0.25,0,497,124.2,4,4,3,Champions
18218,2010-02-17 15:11:00,2011-05-12 12:53:00,38,4,1028,27.05263157894737,1121.84,29.522105263157894,25,0.25,1,449,112.2,2,4,3,At Risk
18219,2009-12-07 13:17:00,2011-12-07 11:43:00,190,17,1586,8.347368421052632,3352.7,17.64578947368421,87,0.25,0,730,42.9,5,5,5,Champions
18220,2009-12-15 11:42:00,2011-04-27 09:03:00,25,6,1352,54.08,1921.76,76.8704,17,0.25,1,498,83.0,2,4,4,At Risk
18221,2010-11-14 15:46:00,2011-11-17 14:40:00,84,6,1000,11.904761904761905,1424.94,16.96357142857143,71,0.25,0,368,61.3,4,4,4,Champions
18222,2011-09-08 10:45:00,2011-09-08 10:45:00,19,1,335,17.63157894736842,443.0,23.31578947368421,19,0.25,1,1,1.0,3,2,2,Needs Attention
18223,2009-12-04 12:20:00,2011-12-05 09:11:00,576,26,6644,11.534722222222221,14000.85,24.30703125,192,0.25,0,731,28.1,5,5,5,Champions
18224,2011-03-21 10:30:00,2011-03-21 10:30:00,10,1,69,6.9,158.95,15.895,10,0.25,1,1,1.0,2,2,1,Lost / Inactive
18225,2009-12-04 16:52:00,2011-12-06 13:27:00,572,26,7282,12.73076923076923,13014.8,22.753146853146852,266,0.25,0,732,28.2,5,5,5,Champions
18226,2010-03-05 10:05:00,2011-10-26 13:36:00,528,26,7883,14.929924242424242,11878.88,22.497878787878786,299,0.25,0,601,23.1,4,5,5,Champions
18227,2010-08-12 16:45:00,2011-05-06 12:23:00,6,2,22,3.6666666666666665,388.75,64.79166666666667,6,0.25,1,267,133.5,2,3,2,At Risk
18228,2011-09-21 10:48:00,2011-10-14 09:21:00,30,2,238,7.933333333333334,779.9,25.996666666666666,23,0.25,0,23,11.5,4,3,3,Loyal Customers
18229,2009-12-03 14:42:00,2011-11-28 09:48:00,201,28,3071,15.278606965174129,10150.51,50.50004975124378,73,0.25,0,725,25.9,5,5,5,Champions
18230,2010-07-02 10:01:00,2011-11-30 13:22:00,140,9,1996,14.257142857142858,4291.0599999999995,30.650428571428566,42,0.25,0,517,57.4,5,5,5,Champions
18231,2010-01-10 12:13:00,2011-05-31 14:18:00,383,28,2915,7.610966057441253,6854.17,17.896005221932114,218,0.25,1,507,18.1,2,5,5,At Risk
18232,2011-05-26 16:30:00,2011-09-19 11:49:00,37,4,302,8.162162162162161,592.97,16.026216216216216,31,0.25,0,116,29.0,3,4,2,Loyal Customers
18233,2011-01-18 08:44:00,2011-01-18 08:44:00,1,1,4,4.0,440.0,440.0,1,0.25,1,1,1.0,2,2,2,Lost / Inactive
18234,2010-06-06 11:22:00,2010-06-06 11:22:00,30,1,80,2.6666666666666665,179.6,5.986666666666666,30,0.25,1,1,1.0,1,2,1,Lost / Inactive
18235,2011-05-06 13:35:00,2011-09-29 08:27:00,104,3,1578,15.173076923076923,1796.48,17.273846153846154,100,0.25,0,146,48.7,3,3,4,Loyal Customers
18236,2010-04-15 13:39:00,2011-11-10 08:06:00,98,12,696,7.1020408163265305,1795.35,18.319897959183674,80,0.25,0,574,47.8,4,5,4,Champions
18237,2011-07-28 13:05:00,2011-12-07 12:49:00,61,5,622,10.19672131147541,987.1,16.181967213114753,40,0.25,0,132,26.4,5,4,3,Champions
18238,2010-07-12 12:51:00,2010-07-12 12:51:00,14,1,114,8.142857142857142,270.92,19.351428571428574,14,0.25,1,1,1.0,1,2,1,Lost / Inactive
18239,2010-10-13 10:11:00,2011-05-05 12:38:00,96,6,844,8.791666666666666,1712.26,17.836041666666667,85,0.25,1,205,34.2,2,4,4,At Risk
18240,2011-10-24 13:06:00,2011-10-24 13:06:00,6,1,126,21.0,422.58,70.42999999999999,6,0.25,0,1,1.0,4,2,2,Promising / New
18241,2010-04-01 11:55:00,2011-11-30 12:10:00,159,21,1471,9.251572327044025,2986.99,18.786100628930818,101,0.25,0,609,29.0,5,5,5,Champions
18242,2010-01-11 08:49:00,2011-09-28 13:43:00,140,8,2021,14.435714285714285,3605.21,25.7515,113,0.25,0,626,78.2,3,5,5,Loyal Customers
18243,2010-10-21 14:29:00,2010-10-21 14:29:00,26,1,221,8.5,515.78,19.837692307692308,26,0.25,1,1,1.0,1,2,2,Lost / Inactive
18244,2010-07-25 10:30:00,2010-10-05 11:15:00,19,2,856,45.05263157894737,568.64,29.928421052631577,19,0.25,1,73,36.5,1,3,2,At Risk
18245,2010-03-08 15:26:00,2011-12-02 14:48:00,458,20,5098,11.131004366812228,6324.98,13.809999999999999,336,0.25,0,634,31.7,5,5,5,Champions
18246,2010-04-09 10:19:00,2011-11-16 11:49:00,5,3,214,42.8,758.8199999999999,151.76399999999998,3,0.25,0,587,195.7,4,3,3,Loyal Customers
18247,2010-03-18 15:52:00,2010-10-21 09:49:00,37,3,335,9.054054054054054,839.73,22.695405405405406,28,0.25,1,217,72.3,1,3,3,At Risk
18248,2011-06-06 13:18:00,2011-08-09 10:19:00,47,2,511,10.872340425531915,804.02,17.1068085106383,39,0.25,1,64,32.0,3,3,3,Loyal Customers
18249,2011-11-22 15:07:00,2011-11-22 15:07:00,8,1,128,16.0,95.34,11.9175,8,0.25,0,1,1.0,5,2,1,Promising / New
18250,2011-02-02 13:16:00,2011-02-02 13:16:00,21,1,199,9.476190476190476,349.27,16.63190476190476,21,0.25,1,1,1.0,2,2,2,Lost / Inactive
18251,2009-12-22 12:01:00,2011-09-13 15:03:00,108,9,39639,367.02777777777777,26278.86,243.3227777777778,87,0.25,0,631,70.1,3,5,5,Loyal Customers
18252,2009-12-18 16:13:00,2011-10-20 12:43:00,134,7,932,6.955223880597015,1533.69,11.44544776119403,125,0.25,0,671,95.9,4,4,4,Champions
18253,2010-03-07 12:38:00,2010-03-07 12:38:00,7,1,128,18.285714285714285,317.88,45.41142857142857,7,0.25,1,1,1.0,1,2,2,Lost / Inactive
18254,2010-05-07 14:37:00,2010-05-07 14:37:00,16,1,188,11.75,267.9,16.74375,16,0.25,1,1,1.0,1,2,1,Lost / Inactive
18255,2010-09-09 16:31:00,2011-09-11 13:16:00,19,2,201,10.578947368421053,303.15,15.955263157894736,16,0.25,0,367,183.5,3,3,2,Loyal Customers
18256,2010-11-17 08:53:00,2010-11-17 08:53:00,10,1,180,18.0,110.69999999999999,11.069999999999999,10,0.25,1,1,1.0,2,2,1,Lost / Inactive
18257,2010-02-18 16:20:00,2011-10-31 14:48:00,276,12,2369,8.583333333333334,4600.15,16.667210144927534,219,0.25,0,620,51.7,4,5,5,Champions
18258,2010-05-16 11:35:00,2010-09-01 14:20:00,50,6,1981,39.62,2059.67,41.193400000000004,30,0.25,1,109,18.2,1,4,4,At Risk
18259,2009-12-08 08:38:00,2011-11-15 12:34:00,85,7,1274,14.988235294117647,3941.9,46.37529411764706,51,0.25,0,708,101.1,4,4,5,Champions
18260,2009-12-15 13:50:00,2011-06-20 12:37:00,410,23,5244,12.790243902439025,9947.26,24.261609756097563,212,0.25,1,552,24.0,3,5,5,Loyal Customers
18261,2011-09-05 09:34:00,2011-10-27 15:36:00,21,2,146,6.9523809523809526,324.24,15.440000000000001,19,0.25,0,53,26.5,4,3,2,Loyal Customers
18262,2010-04-16 09:05:00,2011-07-22 16:04:00,42,3,552,13.142857142857142,577.54,13.75095238095238,40,0.25,1,463,154.3,3,3,2,Loyal Customers
18263,2011-04-01 11:48:00,2011-11-14 09:00:00,61,3,1468,24.065573770491802,1213.16,19.887868852459018,59,0.25,0,227,75.7,4,3,3,Loyal Customers
18264,2010-07-29 10:02:00,2010-07-29 10:02:00,36,1,241,6.694444444444445,603.25,16.756944444444443,36,0.25,1,1,1.0,1,2,2,Lost / Inactive
18265,2011-07-04 15:26:00,2011-09-28 14:10:00,46,2,311,6.760869565217392,801.51,17.424130434782608,44,0.25,0,86,43.0,3,3,3,Loyal Customers
18266,2010-10-01 15:33:00,2010-10-01 15:33:00,14,1,138,9.857142857142858,251.1,17.935714285714287,14,0.25,1,1,1.0,1,2,1,Lost / Inactive
18267,2010-02-05 08:43:00,2010-02-05 08:43:00,17,1,135,7.9411764705882355,269.37,15.84529411764706,17,0.25,1,1,1.0,1,2,1,Lost / Inactive
18268,2009-12-11 10:27:00,2011-07-28 19:13:00,67,6,711,10.611940298507463,1490.23,22.24223880597015,36,0.25,1,595,99.2,3,4,4,Loyal Customers
18269,2010-12-08 13:53:00,2010-12-08 13:53:00,7,1,76,10.857142857142858,168.6,24.085714285714285,7,0.25,1,1,1.0,2,2,1,Lost / Inactive
18270,2010-10-03 10:49:00,2011-11-01 13:57:00,17,3,209,12.294117647058824,444.55,26.150000000000002,17,0.25,0,395,131.7,4,3,2,Loyal Customers
18271,2009-12-08 11:27:00,2010-04-09 09:26:00,21,2,319,15.19047619047619,680.85,32.42142857142857,19,0.25,1,122,61.0,1,3,3,At Risk
18272,2010-03-04 12:53:00,2011-12-07 12:43:00,226,9,2880,12.743362831858407,4385.98,19.406991150442476,145,0.25,0,643,71.4,5,5,5,Champions
18273,2010-04-28 12:24:00,2011-12-07 13:16:00,4,4,140,35.0,357.0,89.25,1,0.25,0,589,147.2,5,4,2,Champions
18274,2011-11-09 17:03:00,2011-11-09 17:03:00,11,1,88,8.0,175.92,15.992727272727272,11,0.25,0,1,1.0,4,2,1,Promising / New
18275,2009-12-08 16:23:00,2010-05-10 15:46:00,19,2,417,21.94736842105263,741.85,39.044736842105266,19,0.25,1,153,76.5,1,3,3,At Risk
18276,2009-12-10 17:14:00,2011-10-27 10:54:00,94,6,1246,13.25531914893617,1656.52,17.622553191489363,81,0.25,0,686,114.3,4,4,4,Champions
18277,2010-08-02 10:26:00,2011-10-12 15:22:00,64,5,449,7.015625,1180.05,18.43828125,53,0.25,0,437,87.4,4,4,3,Champions
18278,2010-10-31 12:13:00,2011-09-27 11:58:00,24,2,140,5.833333333333333,414.2,17.258333333333333,22,0.25,0,331,165.5,3,3,2,Loyal Customers
18279,2010-07-08 14:48:00,2010-07-08 14:48:00,13,1,630,48.46153846153846,231.34,17.795384615384616,13,0.25,1,1,1.0,1,2,1,Lost / Inactive
18280,2010-11-10 15:51:00,2011-03-07 09:52:00,30,2,194,6.466666666666667,488.15,16.271666666666665,28,0.25,1,117,58.5,2,3,2,At Risk
18281,2010-05-11 10:49:00,2011-06-12 10:53:00,17,2,146,8.588235294117647,201.14,11.831764705882351,17,0.25,1,398,199.0,3,3,1,Loyal Customers
18282,2011-08-05 13:35:00,2011-12-02 11:43:00,12,2,103,8.583333333333334,178.05,14.8375,12,0.25,0,119,59.5,5,3,1,Loyal Customers
18283,2010-02-19 17:16:00,2011-12-06 12:02:00,938,22,1679,1.7899786780383795,2664.9,2.841044776119403,352,0.25,0,655,29.8,5,5,4,Champions
18284,2010-10-04 11:33:00,2010-10-04 11:33:00,28,1,494,17.642857142857142,461.68,16.48857142857143,28,0.25,1,1,1.0,1,2,2,Lost / Inactive
18285,2010-02-17 10:24:00,2010-02-17 10:24:00,12,1,145,12.083333333333334,427.0,35.583333333333336,12,0.25,1,1,1.0,1,2,2,Lost / Inactive
18286,2009-12-16 10:45:00,2010-08-20 11:57:00,67,2,608,9.074626865671641,1296.43,19.349701492537314,67,0.25,1,248,124.0,1,3,4,At Risk
18287,2010-05-17 11:55:00,2011-10-28 09:29:00,155,7,3013,19.438709677419354,4182.99,26.987032258064513,120,0.25,0,529,75.6,4,4,5,Champions
