CustomerID,first_purchase,last_purchase,total_items_bought,total_orders,total_quantity,avg_quantity_per_line,total_spend,avg_order_value,unique_products_bought,weekend_purchase_ratio,is_churned,days_as_customer,recency_days,purchase_frequency_days,recency_frequency_ratio,R_Score,F_Score,M_Score,RFM_Segment,churn_risk_probability,churn_risk_category
12346,2009-12-14 08:34:00,2011-01-18 10:01:00,34,12,74285,2184.8529411764707,77556.46,2281.0723529411766,27,0.0,1,401,326,33.4,25.08,2,5,5,At Risk,0.4078,Medium Risk
12347,2010-10-31 14:20:00,2011-12-07 15:52:00,222,8,2967,13.364864864864863,4921.53,22.16905405405405,126,0.1801801801801801,0,403,2,50.4,0.22,5,4,5,Champions,0.3099,Low Risk
12348,2010-09-27 14:59:00,2011-09-25 13:13:00,51,5,2714,53.21568627450981,2019.4,39.59607843137256,25,0.0588235294117647,0,363,75,72.6,12.5,3,4,4,Loyal Customers,0.5258,Medium Risk
12349,2010-04-29 13:20:00,2011-11-21 09:51:00,175,4,1624,9.28,4428.69,25.3068,138,0.0,0,571,19,142.8,3.8,5,3,5,Loyal Customers,0.2212,Low Risk
12350,2011-02-02 16:01:00,2011-02-02 16:01:00,17,1,197,11.588235294117649,334.4,19.670588235294115,17,0.0,1,1,310,1.0,155.0,2,1,2,Lost / Inactive,0.7302,High Risk
12351,2010-11-29 15:23:00,2010-11-29 15:23:00,21,1,261,12.428571428571429,300.93,14.33,21,0.0,1,1,375,1.0,187.5,2,1,2,Lost / Inactive,0.7065,High Risk
12352,2010-11-12 10:20:00,2011-11-03 14:37:00,103,10,724,7.029126213592233,2849.84,27.668349514563108,70,0.0,0,357,36,35.7,3.27,4,5,4,Champions,0.3976,Medium Risk
12353,2010-10-27 12:44:00,2011-05-19 17:47:00,24,2,212,8.833333333333334,406.76,16.948333333333334,23,0.0,1,205,204,102.5,68.0,2,2,2,Lost / Inactive,0.7165,High Risk
12354,2011-04-21 13:11:00,2011-04-21 13:11:00,58,1,530,9.137931034482758,1079.4,18.610344827586207,58,0.0,1,1,232,1.0,116.0,2,1,3,Lost / Inactive,0.6786,Medium Risk
12355,2010-05-21 11:59:00,2011-05-09 13:49:00,35,2,543,15.514285714285714,947.61,27.074571428571428,35,0.0,1,354,214,177.0,71.33,2,2,3,Lost / Inactive,0.5014,Medium Risk
12356,2010-10-11 09:42:00,2011-11-17 08:40:00,142,6,3416,24.056338028169016,6371.73,44.87133802816901,104,0.0,0,402,23,67.0,3.29,4,4,5,Champions,0.3403,Low Risk
12357,2010-11-16 10:05:00,2011-11-06 16:07:00,296,3,6587,22.25337837837838,18287.66,61.78263513513514,261,0.4425675675675675,0,356,33,118.7,8.25,4,3,5,Loyal Customers,0.3376,Low Risk
12358,2009-12-08 07:59:00,2011-12-08 10:26:00,77,5,1079,14.012987012987011,3887.07,50.48142857142857,56,0.0,0,731,2,146.2,0.33,5,4,5,Champions,0.0449,Low Risk
12359,2009-12-05 13:32:00,2011-10-13 12:47:00,362,10,2739,7.566298342541437,8873.39,24.5121270718232,305,0.1740331491712707,0,677,58,67.7,5.27,4,5,5,Champions,0.0146,Low Risk
12360,2010-02-22 09:32:00,2011-10-18 15:22:00,217,8,2459,11.33179723502304,4252.89,19.59857142857143,160,0.0,0,604,52,75.5,5.78,4,4,5,Champions,0.0383,Low Risk
12361,2010-01-26 14:37:00,2011-02-25 13:51:00,29,4,235,8.10344827586207,511.25,17.629310344827587,18,0.2068965517241379,1,395,287,98.8,57.4,2,3,2,At Risk,0.5282,Medium Risk
12362,2009-12-01 10:10:00,2011-12-06 15:40:00,267,11,2230,8.352059925093632,5356.23,20.06078651685393,201,0.0,0,736,3,66.9,0.25,5,5,5,Champions,0.0103,Low Risk
12363,2011-04-11 13:29:00,2011-08-22 10:18:00,23,2,408,17.73913043478261,552.0,24.0,23,0.0,1,133,110,66.5,36.67,3,2,2,Needs Attention,0.7013,High Risk
12364,2011-08-19 15:24:00,2011-12-02 10:22:00,85,4,1506,17.71764705882353,1313.1,15.448235294117646,70,0.2588235294117647,0,105,8,26.2,1.6,5,3,4,Loyal Customers,0.4285,Medium Risk
12365,2011-02-21 13:51:00,2011-02-21 14:04:00,22,2,174,7.909090909090909,641.38,29.15363636363636,22,0.0,1,1,291,0.5,97.0,2,2,3,Lost / Inactive,0.7526,High Risk
12366,2010-03-16 10:28:00,2010-03-16 10:28:00,3,1,296,98.66666666666669,500.24,166.74666666666667,3,0.0,1,1,634,1.0,317.0,1,1,2,Lost / Inactive,0.7697,High Risk
12367,2011-12-05 16:48:00,2011-12-05 16:48:00,11,1,173,15.727272727272728,168.9,15.354545454545455,11,0.0,0,1,4,1.0,2.0,5,1,1,Promising / New,0.6667,Medium Risk
12368,2010-03-21 15:56:00,2010-03-21 15:56:00,18,1,330,18.33333333333333,917.7,50.98333333333333,18,1.0,1,1,628,1.0,314.0,1,1,3,Lost / Inactive,0.733,High Risk
12369,2010-03-08 08:09:00,2010-10-22 13:13:00,93,3,1241,13.344086021505376,1791.15,19.25967741935484,90,0.0,1,229,413,76.3,103.25,1,3,4,At Risk,0.5403,Medium Risk
12370,2010-02-09 09:41:00,2011-10-19 14:51:00,201,7,2604,12.955223880597014,4316.56,21.475422885572137,168,0.0,0,618,51,88.3,6.38,4,4,5,Champions,0.0535,Low Risk
12371,2010-03-04 18:23:00,2011-10-26 10:16:00,167,5,1436,8.598802395209582,4067.38,24.35556886227545,134,0.0,0,601,45,120.2,7.5,4,4,5,Champions,0.0859,Low Risk
12372,2011-02-16 12:46:00,2011-09-29 12:12:00,52,3,794,15.26923076923077,1298.04,24.962307692307693,34,0.0,0,225,72,75.0,18.0,3,3,4,Loyal Customers,0.613,Medium Risk
12373,2010-02-04 12:08:00,2011-02-01 13:10:00,51,3,516,10.117647058823527,1127.65,22.11078431372549,36,0.0,1,363,311,121.0,77.75,2,3,3,At Risk,0.5801,Medium Risk
12374,2010-04-30 14:01:00,2011-11-14 15:37:00,83,4,1362,16.40963855421687,2989.22,36.01469879518072,79,0.0,0,564,25,141.0,5.0,4,3,5,Loyal Customers,0.2187,Low Risk
12375,2011-09-02 14:23:00,2011-11-29 10:36:00,17,2,178,10.470588235294118,457.5,26.91176470588235,14,0.0,0,88,11,44.0,3.67,5,2,2,Promising / New,0.75,High Risk
12376,2010-10-18 08:42:00,2010-11-15 12:15:00,13,2,240,18.46153846153846,503.15,38.70384615384615,11,0.0,1,29,390,14.5,130.0,2,2,2,Lost / Inactive,0.679,Medium Risk
12377,2010-04-29 15:34:00,2011-01-28 15:45:00,152,4,2105,13.848684210526317,3426.32,22.54157894736842,129,0.0,1,275,315,68.8,63.0,2,3,5,At Risk,0.5217,Medium Risk
12378,2010-05-26 14:07:00,2011-08-02 10:34:00,301,2,3316,11.016611295681065,5416.32,17.994418604651162,281,0.0,1,433,130,216.5,43.33,3,2,5,Needs Attention,0.5765,Medium Risk
12379,2010-06-23 12:49:00,2011-09-19 10:09:00,81,4,815,10.061728395061728,1620.22,20.00271604938272,58,0.0,0,453,82,113.2,16.4,3,3,4,Loyal Customers,0.5642,Medium Risk
12380,2010-02-15 12:05:00,2011-11-18 11:27:00,277,11,3355,12.111913357400722,9676.3,34.93249097472924,156,0.0,0,641,22,58.3,1.83,4,5,5,Champions,0.0364,Low Risk
12381,2011-08-12 09:57:00,2011-12-05 12:44:00,87,5,808,9.28735632183908,1845.31,21.21045977011494,70,0.1839080459770115,0,116,5,23.2,0.83,5,4,4,Champions,0.4382,Medium Risk
12383,2010-12-22 14:28:00,2011-06-08 08:02:00,99,5,1532,15.474747474747474,1850.56,18.69252525252525,84,0.0,1,168,185,33.6,30.83,3,4,4,Loyal Customers,0.4517,Medium Risk
12384,2011-08-10 11:23:00,2011-11-11 08:39:00,27,2,126,4.666666666666667,585.27,21.676666666666662,26,0.0,0,93,29,46.5,9.67,4,2,2,Promising / New,0.7351,High Risk
12385,2010-11-25 15:14:00,2010-11-25 15:14:00,65,1,612,9.415384615384616,1938.4,29.821538461538463,65,0.0,1,1,379,1.0,189.5,2,1,4,Lost / Inactive,0.7281,High Risk
12386,2010-12-08 09:53:00,2011-01-06 12:37:00,10,2,354,35.4,401.9,40.19,10,0.0,1,30,338,15.0,112.67,2,2,2,Lost / Inactive,0.6277,Medium Risk
12387,2010-10-20 16:27:00,2010-10-20 16:27:00,9,1,134,14.88888888888889,143.94,15.993333333333332,9,0.0,1,1,415,1.0,207.5,1,1,1,Lost / Inactive,0.7153,High Risk
12388,2010-05-06 12:54:00,2011-11-24 12:30:00,146,8,2001,13.705479452054794,3901.11,26.71993150684932,83,0.1506849315068493,0,567,16,70.9,1.78,5,4,5,Champions,0.2578,Low Risk
12389,2010-02-22 10:15:00,2010-11-02 11:52:00,49,3,614,12.53061224489796,1433.33,29.251632653061225,41,0.0,1,254,403,84.7,100.75,2,3,4,At Risk,0.6644,Medium Risk
12390,2011-09-21 09:33:00,2011-09-21 09:33:00,32,1,353,11.03125,549.84,17.1825,32,0.0,0,1,80,1.0,40.0,3,1,2,Needs Attention,0.6682,Medium Risk
12391,2010-02-15 10:12:00,2011-11-18 12:07:00,267,6,1204,4.50936329588015,2724.84,10.205393258426966,241,0.0,0,642,22,107.0,3.14,4,4,4,Champions,0.0512,Low Risk
12392,2010-04-27 14:04:00,2010-04-27 14:04:00,7,1,73,10.428571428571429,234.75,33.535714285714285,7,0.0,1,1,591,1.0,295.5,1,1,1,Lost / Inactive,0.7473,High Risk
12393,2010-10-07 13:49:00,2011-09-28 15:41:00,107,6,1311,12.25233644859813,2399.45,22.424766355140186,63,0.0,0,357,72,59.5,10.29,3,4,4,Loyal Customers,0.404,Medium Risk
12394,2011-05-06 14:01:00,2011-10-07 08:08:00,27,2,819,30.33333333333333,1272.48,47.12888888888889,26,0.0,0,154,64,77.0,21.33,3,2,4,Needs Attention,0.6421,Medium Risk
12395,2010-04-16 10:16:00,2011-11-20 15:21:00,242,15,3205,13.243801652892564,4721.17,19.50896694214876,145,0.0619834710743801,0,584,19,38.9,1.19,5,5,5,Champions,0.0764,Low Risk
12396,2010-02-03 13:22:00,2010-02-03 13:22:00,65,1,591,9.092307692307692,931.43,14.329692307692309,65,0.0,1,1,674,1.0,337.0,1,1,3,Lost / Inactive,0.6628,Medium Risk
12397,2011-07-27 14:21:00,2011-11-04 09:52:00,126,2,1263,10.023809523809524,2409.9,19.12619047619048,110,0.0,0,100,36,50.0,12.0,4,2,4,Promising / New,0.4522,Medium Risk
12398,2011-10-25 10:27:00,2011-10-25 10:27:00,85,1,1394,16.4,1635.66,19.24305882352941,85,0.0,0,1,46,1.0,23.0,4,1,4,Promising / New,0.5404,Medium Risk
12399,2010-03-05 08:45:00,2011-08-12 13:15:00,110,7,2198,19.98181818181818,1962.3,17.83909090909091,67,0.0,1,526,119,75.1,14.88,3,4,4,Loyal Customers,0.4798,Medium Risk
12400,2010-10-21 13:45:00,2010-10-21 13:45:00,11,1,91,8.272727272727273,205.25,18.65909090909091,11,0.0,1,1,414,1.0,207.0,1,1,1,Lost / Inactive,0.7713,High Risk
12401,2011-02-09 13:50:00,2011-02-09 13:50:00,5,1,11,2.2,84.3,16.86,5,0.0,1,1,303,1.0,151.5,2,1,1,Lost / Inactive,0.9247,High Risk
12402,2010-02-07 12:41:00,2011-01-20 13:49:00,70,6,584,8.342857142857143,1256.9,17.955714285714286,43,0.4,1,348,323,58.0,46.14,2,4,4,At Risk,0.6102,Medium Risk
12403,2010-07-06 11:39:00,2011-10-21 10:51:00,9,2,260,28.88888888888889,1019.36,113.26222222222222,5,0.0,0,472,50,236.0,16.67,4,2,3,Promising / New,0.4583,Medium Risk
12404,2010-01-26 16:25:00,2010-01-26 16:25:00,1,1,1,1.0,63.24,63.24,1,0.0,1,1,682,1.0,341.0,1,1,1,Lost / Inactive,0.9557,High Risk
12405,2011-07-14 08:52:00,2011-07-14 08:52:00,54,1,857,15.87037037037037,1710.39,31.67388888888889,54,0.0,1,1,149,1.0,74.5,3,1,4,Needs Attention,0.7002,High Risk
12406,2010-01-11 14:04:00,2011-11-17 19:22:00,166,5,3416,20.57831325301205,6390.36,38.49614457831325,114,0.0,0,676,22,135.2,3.67,4,4,5,Champions,0.064,Low Risk
12407,2011-03-20 13:21:00,2011-10-21 10:11:00,77,5,1416,18.38961038961039,1708.12,22.18337662337662,57,0.1948051948051948,0,215,50,43.0,8.33,4,4,4,Champions,0.4747,Medium Risk
12408,2010-07-29 13:27:00,2011-11-07 12:27:00,159,8,2229,14.0188679245283,4340.77,27.30044025157233,104,0.0,0,466,33,58.2,3.67,4,4,5,Champions,0.3232,Low Risk
12409,2010-05-23 15:21:00,2011-09-22 10:38:00,264,7,13143,49.78409090909091,23419.29,88.70943181818183,177,0.3295454545454545,0,487,79,69.6,9.88,3,4,5,Loyal Customers,0.3216,Low Risk
12410,2010-07-25 13:26:00,2011-02-04 10:39:00,40,3,341,8.525,1013.71,25.34275,36,0.35,1,194,309,64.7,77.25,2,3,3,At Risk,0.7003,High Risk
12411,2010-10-26 09:25:00,2010-10-26 09:25:00,22,1,138,6.2727272727272725,346.9,15.768181818181818,22,0.0,1,1,410,1.0,205.0,2,1,2,Lost / Inactive,0.7684,High Risk
12412,2010-06-18 13:22:00,2011-09-26 10:16:00,127,6,1997,15.724409448818898,2596.93,20.448267716535437,82,0.0,0,465,75,77.5,10.71,3,4,4,Loyal Customers,0.4201,Medium Risk
12413,2010-11-02 13:26:00,2011-10-04 09:00:00,51,4,319,6.254901960784314,999.45,19.59705882352941,41,0.0784313725490196,0,336,67,84.0,13.4,3,3,3,Loyal Customers,0.65,Medium Risk
12414,2010-09-02 12:22:00,2011-05-06 14:51:00,28,6,495,17.678571428571427,952.41,34.01464285714285,21,0.0,1,247,217,41.2,31.0,2,4,3,At Risk,0.6672,Medium Risk
12415,2010-06-30 08:30:00,2011-11-15 14:22:00,926,28,91447,98.7548596112311,144458.37,156.00255939524837,498,0.0,0,504,24,18.0,0.83,4,5,5,Champions,0.2439,Low Risk
12416,2010-02-21 10:19:00,2010-02-21 10:19:00,11,1,132,12.0,202.56,18.41454545454545,11,1.0,1,1,657,1.0,328.5,1,1,1,Lost / Inactive,0.7499,High Risk
12417,2009-12-06 10:30:00,2011-12-06 14:52:00,369,20,2884,7.815718157181572,6797.41,18.42116531165312,270,0.1111111111111111,0,731,3,36.6,0.14,5,5,5,Champions,0.0119,Low Risk
12418,2010-03-19 14:47:00,2011-08-19 11:08:00,102,4,1088,10.666666666666666,2021.2,19.815686274509805,90,0.0,1,518,113,129.5,22.6,3,3,4,Loyal Customers,0.4261,Medium Risk
12419,2010-10-22 10:40:00,2010-11-19 10:04:00,25,2,231,9.24,503.01,20.1204,23,0.0,1,28,386,14.0,128.67,2,2,2,Lost / Inactive,0.6614,Medium Risk
12420,2011-10-07 08:55:00,2011-10-07 08:55:00,29,1,345,11.89655172413793,600.39,20.70310344827586,29,0.0,0,1,64,1.0,32.0,3,1,2,Needs Attention,0.6713,Medium Risk
12421,2010-07-22 13:57:00,2011-11-24 09:07:00,65,6,652,10.03076923076923,1098.6,16.90153846153846,44,0.2153846153846154,0,490,16,81.7,2.29,5,4,3,Champions,0.5212,Medium Risk
12422,2009-12-18 12:44:00,2011-09-05 09:48:00,172,17,2596,15.093023255813954,5231.8,30.41744186046512,137,0.1220930232558139,1,626,96,36.8,5.33,3,5,5,Loyal Customers,0.2819,Low Risk
12423,2010-08-31 09:31:00,2011-12-09 10:10:00,165,10,1793,10.866666666666667,2622.39,15.893272727272729,128,0.0,0,466,1,46.6,0.09,5,5,4,Champions,0.2577,Low Risk
12424,2010-06-09 15:15:00,2011-06-30 12:06:00,92,4,2025,22.01086956521739,3340.03,36.30467391304347,78,0.0,1,386,163,96.5,32.6,3,3,5,Loyal Customers,0.5018,Medium Risk
12425,2010-09-17 14:10:00,2011-09-22 17:31:00,91,2,1147,12.604395604395604,1741.41,19.136373626373626,87,0.0,0,371,78,185.5,26.0,3,2,4,Needs Attention,0.3144,Low Risk
12426,2010-02-15 08:41:00,2011-05-29 12:26:00,77,2,584,7.584415584415584,1345.21,17.470259740259742,73,0.3896103896103896,1,469,195,234.5,65.0,2,2,4,Lost / Inactive,0.5438,Medium Risk
12427,2010-12-03 10:44:00,2011-11-18 08:56:00,31,3,533,17.193548387096776,825.8000000000001,26.63870967741936,26,0.0,0,350,22,116.7,5.5,4,3,3,Loyal Customers,0.5021,Medium Risk
12428,2011-03-01 09:33:00,2011-11-14 08:22:00,294,9,3536,12.02721088435374,7956.46,27.062789115646257,258,0.0340136054421768,0,258,26,28.7,2.6,4,5,5,Champions,0.1893,Low Risk
12429,2010-06-11 13:28:00,2011-11-30 17:22:00,153,8,2890,18.88888888888889,6204.41,40.55169934640523,124,0.0,0,538,9,67.2,1.0,5,4,5,Champions,0.2564,Low Risk
12430,2011-10-27 15:09:00,2011-10-27 15:09:00,11,1,117,10.636363636363637,256.4,23.30909090909091,11,0.0,0,1,43,1.0,21.5,4,1,1,Promising / New,0.7125,High Risk
12431,2010-01-15 09:04:00,2011-11-04 11:55:00,390,27,4600,11.794871794871796,10432.22,26.749282051282048,244,0.0769230769230769,0,659,36,24.4,1.29,4,5,5,Champions,0.0119,Low Risk
12432,2011-06-20 13:27:00,2011-10-28 11:43:00,108,5,1801,16.675925925925927,5059.32,46.84555555555556,107,0.0,0,130,43,26.0,7.17,4,4,5,Champions,0.4195,Medium Risk
12433,2010-08-20 09:23:00,2011-12-09 10:02:00,559,10,13534,24.211091234347048,16794.14,30.04318425760286,285,0.0,0,477,1,47.7,0.09,5,5,5,Champions,0.2131,Low Risk
12434,2010-11-23 13:38:00,2011-09-16 12:38:00,70,3,532,7.6,1103.43,15.763285714285717,62,0.0,0,297,85,99.0,21.25,3,3,3,Loyal Customers,0.6478,Medium Risk
12435,2009-12-02 13:58:00,2011-09-21 09:06:00,112,6,4958,44.267857142857146,13925.93,124.33866071428572,88,0.0,0,658,80,109.7,11.43,3,4,5,Loyal Customers,0.1051,Low Risk
12436,2011-09-01 12:09:00,2011-09-01 12:09:00,16,1,211,13.1875,509.01,31.813125,16,0.0,1,1,100,1.0,50.0,3,1,2,Needs Attention,0.7337,High Risk
12437,2009-12-02 16:24:00,2011-12-08 11:35:00,563,39,8000,14.209591474245116,12683.4,22.52824156305506,273,0.0461811722912966,0,736,2,18.9,0.05,5,5,5,Champions,0.0109,Low Risk
12438,2011-07-22 13:29:00,2011-11-25 13:28:00,98,2,1180,12.040816326530612,2906.85,29.66173469387755,84,0.0,0,126,14,63.0,4.67,5,2,4,Promising / New,0.5687,Medium Risk
12439,2009-12-14 08:40:00,2010-01-26 12:11:00,71,2,478,6.732394366197183,1142.88,16.096901408450705,69,0.0,1,44,683,22.0,227.67,1,2,3,Lost / Inactive,0.4434,Medium Risk
12440,2009-12-22 12:03:00,2010-09-03 13:11:00,32,2,331,10.34375,859.2,26.85,21,0.0,1,256,462,128.0,154.0,1,2,3,Lost / Inactive,0.7199,High Risk
12441,2010-12-08 10:45:00,2010-12-08 10:45:00,11,1,121,11.0,173.55,15.77727272727273,11,0.0,1,1,367,1.0,183.5,2,1,1,Lost / Inactive,0.743,High Risk
12442,2011-12-06 14:22:00,2011-12-06 14:22:00,12,1,182,15.166666666666666,172.06,14.338333333333331,12,0.0,0,1,3,1.0,1.5,5,1,1,Promising / New,0.6509,Medium Risk
12443,2009-12-07 15:42:00,2009-12-07 15:42:00,21,1,182,8.666666666666666,485.31,23.11,21,0.0,1,1,732,1.0,366.0,1,1,2,Lost / Inactive,0.7311,High Risk
12444,2011-06-21 14:00:00,2011-11-18 13:23:00,176,5,1153,6.551136363636363,5005.46,28.44011363636364,138,0.0,0,150,21,30.0,3.5,4,4,5,Champions,0.4411,Medium Risk
12445,2010-10-15 12:28:00,2011-11-17 18:43:00,24,2,206,8.583333333333334,434.98,18.124166666666667,24,0.0,0,399,22,199.5,7.33,4,2,2,Promising / New,0.3874,Medium Risk
12446,2011-10-13 12:50:00,2011-10-13 12:50:00,57,1,351,6.157894736842105,1002.31,17.58438596491228,57,0.0,0,1,58,1.0,29.0,4,1,3,Promising / New,0.6471,Medium Risk
12447,2011-04-10 13:25:00,2011-04-10 13:25:00,26,1,190,7.3076923076923075,476.49,18.326538461538465,26,1.0,1,1,243,1.0,121.5,2,1,2,Lost / Inactive,0.7605,High Risk
12448,2011-10-26 13:46:00,2011-10-26 13:46:00,22,1,243,11.045454545454543,449.45,20.42954545454545,22,0.0,0,1,44,1.0,22.0,4,1,2,Promising / New,0.6944,Medium Risk
12449,2010-09-27 09:37:00,2011-11-17 13:46:00,201,6,2282,11.35323383084577,4835.89,24.05915422885572,125,0.2388059701492537,0,417,22,69.5,3.14,4,4,5,Champions,0.3614,Medium Risk
12450,2010-08-22 13:11:00,2011-07-06 14:41:00,37,5,442,11.945945945945946,688.2,18.6,31,0.4594594594594595,1,319,156,63.8,26.0,3,4,3,Loyal Customers,0.6894,Medium Risk
12451,2010-06-28 12:58:00,2011-11-29 08:40:00,511,8,9359,18.315068493150687,12669.88,24.794285714285717,352,0.0,0,519,11,64.9,1.22,5,4,5,Champions,0.227,Low Risk
12452,2011-11-23 08:05:00,2011-11-23 10:28:00,22,2,185,8.409090909090908,430.57,19.571363636363635,21,0.0,0,1,17,0.5,5.67,5,2,2,Promising / New,0.725,High Risk
12453,2011-07-28 14:08:00,2011-07-28 14:08:00,43,1,473,11.0,707.09,16.443953488372095,43,0.0,1,1,134,1.0,67.0,3,1,3,Needs Attention,0.6592,Medium Risk
12454,2010-10-14 17:33:00,2011-10-14 17:13:00,40,5,7703,192.575,16679.78,416.9945,24,0.0,0,365,56,73.0,9.33,4,4,5,Champions,0.4024,Medium Risk
12455,2009-12-18 12:33:00,2011-09-27 15:31:00,227,10,3302,14.54625550660793,5879.95,25.902863436123347,199,0.0,0,649,73,64.9,6.64,3,5,5,Loyal Customers,0.0168,Low Risk
12456,2011-03-30 09:12:00,2011-10-26 14:41:00,125,3,1633,13.064,3181.04,25.44832,105,0.36,0,211,44,70.3,11.0,4,3,5,Loyal Customers,0.5271,Medium Risk
12457,2010-09-30 17:59:00,2011-10-04 13:13:00,84,8,1094,13.023809523809524,2995.91,35.66559523809524,63,0.0,0,369,66,46.1,7.33,3,4,5,Loyal Customers,0.3687,Medium Risk
12458,2010-08-09 10:33:00,2011-09-29 15:25:00,84,4,986,11.738095238095235,1777.49,21.16059523809524,71,0.0,0,417,71,104.2,14.2,3,3,4,Loyal Customers,0.4944,Medium Risk
12459,2010-04-13 14:53:00,2010-04-13 14:53:00,23,1,258,11.217391304347826,454.36,19.754782608695653,23,0.0,1,1,605,1.0,302.5,1,1,2,Lost / Inactive,0.7086,High Risk
12460,2010-09-09 13:51:00,2010-09-09 13:51:00,18,1,170,9.444444444444445,326.65,18.147222222222226,18,0.0,1,1,456,1.0,228.0,1,1,2,Lost / Inactive,0.7472,High Risk
12461,2011-07-08 10:23:00,2011-09-06 16:57:00,35,2,287,8.2,826.88,23.62514285714286,35,0.0,1,61,94,30.5,31.33,3,2,3,Needs Attention,0.6565,Medium Risk
12462,2011-02-09 14:44:00,2011-11-21 09:11:00,62,2,536,8.64516129032258,1189.59,19.186935483870965,51,0.0,0,285,19,142.5,6.33,5,2,3,Promising / New,0.5804,Medium Risk
12463,2011-04-12 12:47:00,2011-10-17 13:44:00,83,4,776,9.349397590361448,1344.78,16.202168674698793,65,0.0,0,189,53,47.2,10.6,4,3,4,Loyal Customers,0.5709,Medium Risk
12464,2011-02-03 13:30:00,2011-11-29 13:33:00,29,8,112,3.8620689655172415,1212.05,41.79482758620689,6,0.0,0,300,10,37.5,1.11,5,4,3,Champions,0.4912,Medium Risk
12465,2011-06-23 13:37:00,2011-11-22 16:34:00,47,2,479,10.191489361702128,742.1899999999999,15.79127659574468,46,0.0,0,153,17,76.5,5.67,5,2,3,Promising / New,0.6678,Medium Risk
12466,2010-01-26 16:26:00,2010-01-26 16:26:00,1,1,1,1.0,56.73,56.73,1,0.0,1,1,682,1.0,341.0,1,1,1,Lost / Inactive,0.9454,High Risk
12467,2010-10-12 15:41:00,2010-10-12 15:41:00,9,1,129,14.333333333333334,132.8,14.755555555555556,9,0.0,1,1,423,1.0,211.5,1,1,1,Lost / Inactive,0.7484,High Risk
12468,2010-01-26 10:09:00,2011-06-05 11:36:00,150,5,2201,14.673333333333334,3670.74,24.4716,127,0.1733333333333333,1,496,188,99.2,31.33,3,4,5,Loyal Customers,0.462,Medium Risk
12469,2010-06-21 10:30:00,2010-07-05 12:40:00,76,2,2552,33.578947368421055,3070.54,40.40184210526316,76,0.0,1,15,523,7.5,174.33,1,2,5,Lost / Inactive,0.6691,Medium Risk
12470,2010-01-19 11:01:00,2010-01-19 11:01:00,23,1,95,4.130434782608695,211.95,9.215217391304348,23,0.0,1,1,690,1.0,345.0,1,1,1,Lost / Inactive,0.8762,High Risk
12471,2009-12-07 10:41:00,2011-12-07 15:43:00,1135,79,16858,14.852863436123348,39918.19,35.17021145374449,255,0.0387665198237885,0,731,2,9.3,0.02,5,5,5,Champions,0.0053,Low Risk
12472,2009-12-14 10:49:00,2011-11-07 14:01:00,841,19,10378,12.340071343638526,16249.29,19.321391200951247,397,0.1343638525564803,0,694,32,36.5,1.6,4,5,5,Champions,0.0043,Low Risk
12473,2011-06-01 10:15:00,2011-11-10 13:46:00,167,5,2414,14.455089820359282,3928.05,23.521257485029945,140,0.0,0,163,29,32.6,4.83,4,4,5,Champions,0.3818,Medium Risk
12474,2010-02-11 09:41:00,2011-11-22 14:39:00,708,31,7940,11.214689265536723,12372.75,17.47563559322034,369,0.059322033898305,0,650,17,21.0,0.53,5,5,5,Champions,0.0048,Low Risk
12475,2010-10-26 08:49:00,2011-10-17 10:10:00,61,2,771,12.63934426229508,1149.64,18.846557377049184,54,0.0,0,357,54,178.5,18.0,4,2,3,Promising / New,0.3378,Low Risk
12476,2010-07-26 09:04:00,2011-11-24 12:40:00,514,23,5631,10.955252918287938,14083.91,27.400603112840468,358,0.0680933852140077,0,487,16,21.2,0.67,5,5,5,Champions,0.179,Low Risk
12477,2010-03-26 14:01:00,2011-11-17 09:51:00,564,9,6119,10.849290780141844,20276.37,35.95101063829787,295,0.0,0,601,23,66.8,2.3,4,5,5,Champions,0.0777,Low Risk
12478,2011-12-06 09:56:00,2011-12-06 09:56:00,36,1,236,6.555555555555555,680.99,18.91638888888889,36,0.0,0,1,4,1.0,2.0,5,1,3,Promising / New,0.6875,Medium Risk
12479,2011-11-28 13:26:00,2011-11-28 13:26:00,31,1,385,12.419354838709678,527.2,17.006451612903227,31,0.0,0,1,11,1.0,5.5,5,1,2,Promising / New,0.6332,Medium Risk
12480,2010-07-20 13:21:00,2011-11-11 14:52:00,242,7,2952,12.198347107438016,5464.85,22.58202479338843,177,0.0,0,480,28,68.6,3.5,4,4,5,Champions,0.2842,Low Risk
12481,2010-04-11 13:10:00,2011-11-17 08:29:00,380,15,7158,18.83684210526316,12185.51,32.06713157894737,248,0.2026315789473684,0,585,23,39.0,1.44,4,5,5,Champions,0.1409,Low Risk
12482,2010-02-24 10:24:00,2010-05-12 16:51:00,204,29,27042,132.55882352941177,23691.4,116.1343137254902,42,0.2450980392156862,1,78,576,2.7,19.2,1,5,5,At Risk,0.563,Medium Risk
12483,2010-01-31 13:28:00,2011-11-22 17:02:00,138,19,2160,15.652173913043478,5097.18,36.93608695652174,68,0.1666666666666666,0,661,17,34.8,0.85,5,5,5,Champions,0.0185,Low Risk
12484,2010-01-27 16:41:00,2011-11-07 11:37:00,471,12,3266,6.934182590233545,6354.1,13.490658174097666,329,0.267515923566879,0,649,33,54.1,2.54,4,5,5,Champions,0.0227,Low Risk
12485,2010-06-28 15:22:00,2010-06-28 15:22:00,34,1,414,12.176470588235292,708.1,20.826470588235296,34,0.0,1,1,529,1.0,264.5,1,1,3,Lost / Inactive,0.6439,Medium Risk
12486,2010-10-04 12:14:00,2010-10-04 12:14:00,49,1,523,10.673469387755102,1037.28,21.16897959183673,49,0.0,1,1,432,1.0,216.0,1,1,3,Lost / Inactive,0.6417,Medium Risk
12487,2009-12-09 11:36:00,2009-12-09 11:36:00,2,1,174,87.0,285.3,142.65,2,0.0,1,1,731,1.0,365.5,1,1,1,Lost / Inactive,0.7511,High Risk
12488,2011-09-25 10:34:00,2011-11-30 08:50:00,55,3,529,9.61818181818182,1298.66,23.612,46,0.3818181818181818,0,66,10,22.0,2.5,5,3,4,Loyal Customers,0.4308,Medium Risk
12489,2011-01-07 13:13:00,2011-01-07 13:13:00,15,1,105,7.0,334.93,22.328666666666667,15,0.0,1,1,336,1.0,168.0,2,1,2,Lost / Inactive,0.803,High Risk
12490,2009-12-01 12:52:00,2011-12-04 16:07:00,462,21,5906,12.783549783549784,9823.64,21.26329004329004,195,0.1969696969696969,0,734,5,35.0,0.23,5,5,5,Champions,0.0155,Low Risk
12491,2011-11-01 12:18:00,2011-11-01 12:18:00,26,1,260,10.0,460.4,17.707692307692305,25,0.0,0,1,39,1.0,19.5,4,1,2,Promising / New,0.704,High Risk
12492,2010-11-01 14:58:00,2011-10-07 15:15:00,42,3,444,10.571428571428571,715.21,17.028809523809525,38,0.0,0,341,63,113.7,15.75,3,3,3,Loyal Customers,0.5467,Medium Risk
12493,2011-05-26 14:53:00,2011-06-27 10:17:00,22,2,207,9.409090909090908,433.74,19.715454545454545,20,0.0,1,32,166,16.0,55.33,3,2,2,Needs Attention,0.6607,Medium Risk
12494,2010-05-12 13:52:00,2011-11-24 09:34:00,108,9,979,9.064814814814817,1815.27,16.808055555555555,83,0.2407407407407407,0,561,16,62.3,1.6,5,5,4,Champions,0.3379,Low Risk
12495,2010-03-09 10:53:00,2010-03-09 10:53:00,17,1,130,7.647058823529412,357.4,21.023529411764702,17,0.0,1,1,641,1.0,320.5,1,1,2,Lost / Inactive,0.7597,High Risk
12496,2010-03-29 13:57:00,2010-03-29 14:06:00,10,2,30,3.0,45.34,4.534000000000001,10,0.0,1,1,620,0.5,206.67,1,2,1,Lost / Inactive,0.8394,High Risk
12497,2010-03-05 09:39:00,2011-09-19 12:29:00,57,3,5685,99.73684210526316,6248.5,109.62280701754386,41,0.0,0,564,82,188.0,20.5,3,3,5,Loyal Customers,0.2484,Low Risk
12498,2011-10-13 09:30:00,2011-11-18 12:53:00,23,3,159,6.913043478260869,403.7,17.55217391304348,21,0.0,0,37,21,12.3,5.25,4,3,2,Loyal Customers,0.6016,Medium Risk
12499,2010-05-28 15:12:00,2010-05-28 15:12:00,27,1,302,11.185185185185183,393.72,14.582222222222224,27,0.0,1,1,560,1.0,280.0,1,1,2,Lost / Inactive,0.7046,High Risk
12500,2010-02-04 15:05:00,2011-11-16 16:20:00,146,19,3377,23.13013698630137,5955.21,40.7891095890411,88,0.0616438356164383,0,651,23,34.3,1.15,4,5,5,Champions,0.034,Low Risk
12501,2011-01-07 12:28:00,2011-01-07 12:28:00,149,1,1783,11.966442953020136,2169.39,14.5596644295302,149,0.0,1,1,337,1.0,168.5,2,1,4,Lost / Inactive,0.6581,Medium Risk
12502,2011-02-03 10:41:00,2011-09-05 11:52:00,147,5,820,5.578231292517007,3723.87,25.332448979591835,102,0.0,1,215,96,43.0,16.0,3,4,5,Loyal Customers,0.5682,Medium Risk
12503,2010-05-04 13:59:00,2010-05-04 13:59:00,2,1,561,280.5,1126.0,563.0,2,0.0,1,1,584,1.0,292.0,1,1,3,Lost / Inactive,0.7743,High Risk
12504,2010-04-22 10:24:00,2011-11-21 16:02:00,20,4,458,22.9,779.05,38.9525,11,0.0,0,579,18,144.8,3.6,5,3,3,Loyal Customers,0.2704,Low Risk
12505,2010-10-27 09:18:00,2010-10-27 09:18:00,42,1,324,7.714285714285714,955.2,22.742857142857144,42,0.0,1,1,409,1.0,204.5,2,1,3,Lost / Inactive,0.6933,Medium Risk
12506,2011-04-21 08:54:00,2011-04-21 08:54:00,23,1,23,1.0,73.5,3.1956521739130435,23,0.0,1,1,233,1.0,116.5,2,1,1,Lost / Inactive,0.8893,High Risk
12507,2010-05-04 09:23:00,2011-07-28 17:09:00,49,4,1256,25.632653061224488,1844.06,37.6338775510204,46,0.0,1,451,134,112.8,26.8,3,3,4,Loyal Customers,0.5802,Medium Risk
12508,2011-11-10 16:27:00,2011-11-13 15:37:00,68,2,271,3.985294117647059,397.88,5.851176470588236,57,0.25,0,3,26,1.5,8.67,4,2,2,Promising / New,0.643,Medium Risk
12509,2011-02-28 14:45:00,2011-02-28 14:45:00,7,1,55,7.857142857142857,176.5,25.214285714285715,7,0.0,1,1,284,1.0,142.0,2,1,1,Lost / Inactive,0.7731,High Risk
12510,2009-12-04 13:47:00,2011-07-20 10:15:00,145,9,2049,14.13103448275862,5178.02,35.71048275862069,94,0.0,1,593,143,65.9,14.3,3,5,5,Loyal Customers,0.3183,Low Risk
12511,2010-10-07 10:39:00,2010-10-07 10:39:00,190,1,1753,9.226315789473684,3084.02,16.231684210526314,190,0.0,1,1,429,1.0,214.5,1,1,5,Lost / Inactive,0.6666,Medium Risk
12512,2011-10-04 14:53:00,2011-10-04 14:55:00,31,2,96,3.096774193548387,132.18,4.263870967741935,31,0.0,0,1,66,0.5,22.0,3,2,1,Needs Attention,0.7455,High Risk
12513,2011-08-19 10:51:00,2011-08-19 10:51:00,35,1,462,13.2,612.29,17.494,35,0.0,1,1,113,1.0,56.5,3,1,3,Needs Attention,0.6432,Medium Risk
12514,2010-03-08 12:18:00,2011-03-17 16:38:00,84,2,840,10.0,1597.76,19.02095238095238,76,0.0,1,375,267,187.5,89.0,2,2,4,Lost / Inactive,0.4188,Medium Risk
12515,2010-12-21 15:43:00,2010-12-21 15:43:00,16,1,131,8.1875,383.7,23.98125,16,0.0,1,1,353,1.0,176.5,2,1,2,Lost / Inactive,0.734,High Risk
12516,2010-04-19 14:14:00,2011-09-23 09:13:00,74,4,1952,26.37837837837838,2648.62,35.792162162162164,49,0.1756756756756756,0,522,78,130.5,15.6,3,3,4,Loyal Customers,0.3689,Medium Risk
12517,2011-06-02 15:13:00,2011-11-11 14:04:00,279,5,1361,4.878136200716846,2481.6,8.894623655913978,232,0.0,0,162,28,32.4,4.67,4,4,4,Champions,0.4159,Medium Risk
12518,2011-08-21 13:18:00,2011-12-09 10:13:00,124,5,1318,10.629032258064516,2056.89,16.58782258064516,84,0.1451612903225806,0,110,1,22.0,0.17,5,4,4,Champions,0.351,Medium Risk
12519,2010-08-20 08:21:00,2011-10-07 09:26:00,39,2,387,9.923076923076923,716.54,18.37282051282051,34,0.0,0,414,64,207.0,21.33,3,2,3,Needs Attention,0.3267,Low Risk
12520,2011-03-11 11:35:00,2011-09-21 15:23:00,152,5,1439,9.467105263157896,2634.26,17.33065789473684,121,0.0,0,195,79,39.0,13.17,3,4,4,Loyal Customers,0.4122,Medium Risk
12521,2011-07-20 10:51:00,2011-07-20 10:51:00,38,1,309,8.131578947368421,599.68,15.781052631578946,38,0.0,1,1,143,1.0,71.5,3,1,2,Needs Attention,0.7266,High Risk
12522,2011-10-19 14:41:00,2011-10-31 15:30:00,12,2,194,16.166666666666668,192.72,16.06,11,0.0,0,13,39,6.5,13.0,4,2,1,Promising / New,0.5895,Medium Risk
12523,2009-12-07 13:46:00,2011-11-20 12:55:00,249,23,2263,9.088353413654618,4352.35,17.479317269076308,176,0.1164658634538152,0,713,19,31.0,0.79,5,5,5,Champions,0.0075,Low Risk
12524,2010-02-08 14:41:00,2011-11-30 15:31:00,240,17,7178,29.90833333333333,11126.11,46.35879166666667,157,0.1375,0,661,9,38.9,0.5,5,5,5,Champions,0.0235,Low Risk
12525,2010-03-02 14:01:00,2010-07-29 16:08:00,60,3,509,8.483333333333333,973.73,16.228833333333334,56,0.0,1,150,498,50.0,124.5,1,3,3,At Risk,0.6625,Medium Risk
12526,2011-09-06 14:19:00,2011-12-09 12:09:00,71,3,632,8.901408450704226,1316.66,18.54450704225352,64,0.0,0,94,1,31.3,0.25,5,3,4,Loyal Customers,0.5377,Medium Risk
12527,2010-06-28 15:37:00,2011-09-19 11:55:00,32,5,526,16.4375,735.51,22.9846875,26,0.0,0,448,82,89.6,13.67,3,4,3,Loyal Customers,0.5494,Medium Risk
12528,2011-01-31 09:05:00,2011-11-30 14:40:00,92,6,756,8.217391304347826,1933.48,21.01608695652174,50,0.0,0,304,9,50.7,1.29,5,4,4,Champions,0.5597,Medium Risk
12529,2010-06-29 13:10:00,2010-06-29 13:10:00,21,1,192,9.142857142857142,316.48,15.07047619047619,21,0.0,1,1,528,1.0,264.0,1,1,2,Lost / Inactive,0.7157,High Risk
12530,2010-03-07 14:37:00,2011-10-11 12:34:00,158,9,2713,17.170886075949365,3759.26,23.79278481012658,94,0.1075949367088607,0,583,60,64.8,6.0,3,5,5,Loyal Customers,0.1997,Low Risk
12531,2010-01-22 14:17:00,2011-11-25 11:12:00,127,2,1119,8.811023622047244,1933.2,15.222047244094489,126,0.0,0,672,15,336.0,5.0,5,2,4,Promising / New,0.121,Low Risk
12532,2011-11-09 13:47:00,2011-11-09 13:47:00,16,1,153,9.5625,349.83,21.864375,16,0.0,0,1,30,1.0,15.0,4,1,2,Promising / New,0.7297,High Risk
12533,2009-12-01 11:50:00,2010-03-22 10:56:00,72,2,704,9.77777777777778,1367.89,18.998472222222222,63,0.0,1,111,628,55.5,209.33,1,2,4,Lost / Inactive,0.6257,Medium Risk
12534,2011-08-01 10:26:00,2011-08-01 10:26:00,63,1,651,10.333333333333334,1089.18,17.28857142857143,63,0.0,1,1,131,1.0,65.5,3,1,3,Needs Attention,0.6815,Medium Risk
12535,2011-06-06 12:47:00,2011-09-09 08:48:00,34,2,219,6.441176470588236,716.35,21.069117647058825,28,0.0,1,95,92,47.5,30.67,3,2,3,Needs Attention,0.7424,High Risk
12536,2011-10-11 14:52:00,2011-10-27 14:20:00,261,3,2803,10.739463601532568,12601.830000000002,48.2828735632184,260,0.0,0,16,43,5.3,10.75,4,3,5,Loyal Customers,0.3886,Medium Risk
12537,2010-10-27 08:36:00,2010-10-27 08:36:00,43,1,449,10.44186046511628,732.9399999999999,17.045116279069767,43,0.0,1,1,409,1.0,204.5,2,1,3,Lost / Inactive,0.6521,Medium Risk
12538,2010-11-26 13:02:00,2011-11-10 17:16:00,34,2,336,9.882352941176473,640.45,18.83676470588236,33,0.0,0,350,29,175.0,9.67,4,2,3,Promising / New,0.3775,Medium Risk
12539,2009-12-23 13:00:00,2011-11-17 13:30:00,504,7,4535,8.998015873015873,11214.75,22.25148809523809,276,0.0,0,695,22,99.3,2.75,4,4,5,Champions,0.0288,Low Risk
12540,2009-12-07 16:56:00,2011-11-20 11:31:00,771,33,11019,14.29182879377432,22254.49,28.86444876783398,354,0.0713359273670557,0,713,20,21.6,0.59,4,5,5,Champions,0.0054,Low Risk
12541,2011-03-04 09:32:00,2011-11-10 10:40:00,52,3,680,13.076923076923077,981.18,18.868846153846157,46,0.2115384615384615,0,252,30,84.0,7.5,4,3,3,Loyal Customers,0.5827,Medium Risk
12542,2010-03-09 16:26:00,2010-08-12 19:12:00,39,2,522,13.384615384615383,481.88,12.355897435897436,39,0.0,1,157,484,78.5,161.33,1,2,2,Lost / Inactive,0.6738,Medium Risk
12543,2010-09-17 15:51:00,2010-09-17 15:51:00,43,1,688,16.0,980.25,22.796511627906977,43,0.0,1,1,448,1.0,224.0,1,1,3,Lost / Inactive,0.6769,Medium Risk
12544,2011-11-03 16:15:00,2011-11-03 16:15:00,19,1,136,7.157894736842105,372.7,19.61578947368421,19,0.0,0,1,36,1.0,18.0,4,1,2,Promising / New,0.6942,Medium Risk
12545,2011-03-25 12:04:00,2011-09-25 13:39:00,50,2,523,10.46,1000.39,20.0078,42,0.32,0,185,75,92.5,25.0,3,2,3,Needs Attention,0.6894,Medium Risk
12546,2011-09-23 09:44:00,2011-10-24 12:09:00,69,2,633,9.173913043478262,1161.5,16.833333333333332,59,0.0,0,32,47,16.0,15.67,4,2,3,Promising / New,0.433,Medium Risk
12547,2010-07-27 13:55:00,2011-05-26 12:38:00,21,3,309,14.714285714285714,383.58,18.265714285714285,13,0.0,1,303,198,101.0,49.5,2,3,2,At Risk,0.6912,Medium Risk
12548,2011-06-26 15:35:00,2011-06-26 15:35:00,5,1,49,9.8,95.2,19.04,5,1.0,1,1,166,1.0,83.0,3,1,1,Needs Attention,0.7977,High Risk
12549,2010-01-11 12:29:00,2010-05-13 12:05:00,49,6,1366,27.877551020408163,1575.6799999999998,32.156734693877546,38,0.0,1,122,576,20.3,82.29,1,4,4,At Risk,0.4417,Medium Risk
12550,2011-09-21 14:35:00,2011-09-21 14:35:00,57,1,569,9.982456140350877,964.83,16.92684210526316,57,0.0,0,1,79,1.0,39.5,3,1,3,Needs Attention,0.6712,Medium Risk
12551,2010-12-17 11:23:00,2010-12-17 11:23:00,10,1,100,10.0,168.0,16.8,10,0.0,1,1,358,1.0,179.0,2,1,1,Lost / Inactive,0.7823,High Risk
12552,2011-10-31 12:11:00,2011-11-01 10:02:00,20,2,88,4.4,437.82,21.891,20,0.0,0,1,39,0.5,13.0,4,2,2,Promising / New,0.6693,Medium Risk
12553,2010-10-12 13:35:00,2011-12-01 16:38:00,238,12,2325,9.768907563025213,4608.75,19.36449579831933,109,0.0924369747899159,0,416,8,34.7,0.62,5,5,5,Champions,0.203,Low Risk
12554,2010-09-17 12:29:00,2010-09-17 12:29:00,26,1,240,9.23076923076923,468.5,18.01923076923077,26,0.0,1,1,449,1.0,224.5,1,1,2,Lost / Inactive,0.7177,High Risk
12555,2010-01-26 16:26:00,2010-01-26 16:26:00,1,1,1,1.0,129.23,129.23,1,0.0,1,1,682,1.0,341.0,1,1,1,Lost / Inactive,0.9474,High Risk
12556,2011-07-11 13:35:00,2011-10-20 13:06:00,119,2,355,2.9831932773109244,599.56,5.038319327731092,100,0.0,0,101,50,50.5,16.67,4,2,2,Promising / New,0.6705,Medium Risk
12557,2009-12-17 10:39:00,2011-11-23 16:59:00,53,8,6382,120.41509433962264,18096.14,341.4366037735849,15,0.2641509433962264,0,707,16,88.4,1.78,5,4,5,Champions,0.1037,Low Risk
12558,2011-12-02 10:41:00,2011-12-02 10:41:00,11,1,196,17.818181818181817,269.96,24.54181818181818,11,0.0,0,1,8,1.0,4.0,5,1,1,Promising / New,0.7101,High Risk
12559,2011-01-24 10:12:00,2011-02-02 09:49:00,21,2,283,13.476190476190476,561.71,26.74809523809524,21,0.0,1,9,311,4.5,103.67,2,2,2,Lost / Inactive,0.7208,High Risk
12560,2011-07-19 15:55:00,2011-12-04 13:54:00,105,3,1110,10.571428571428571,2134.01,20.32390476190476,91,0.2666666666666666,0,138,5,46.0,1.25,5,3,4,Loyal Customers,0.5599,Medium Risk
12561,2011-02-10 11:39:00,2011-02-10 11:39:00,16,1,177,11.0625,238.85,14.928125,16,0.0,1,1,303,1.0,151.5,2,1,1,Lost / Inactive,0.7135,High Risk
12562,2010-09-30 13:13:00,2011-12-01 17:20:00,207,9,2327,11.241545893719806,4966.92,23.99478260869565,113,0.0,0,428,8,47.6,0.8,5,5,5,Champions,0.2436,Low Risk
12563,2010-10-27 09:52:00,2010-10-27 09:52:00,13,1,113,8.692307692307692,249.24,19.17230769230769,13,0.0,1,1,409,1.0,204.5,2,1,1,Lost / Inactive,0.7687,High Risk
12564,2011-03-23 14:55:00,2011-03-23 14:55:00,21,1,133,6.333333333333333,456.9,21.757142857142856,21,0.0,1,1,261,1.0,130.5,2,1,2,Lost / Inactive,0.7506,High Risk
12565,2011-02-24 10:34:00,2011-02-24 10:34:00,9,1,80,8.88888888888889,145.92,16.21333333333333,9,0.0,1,1,289,1.0,144.5,2,1,1,Lost / Inactive,0.7877,High Risk
12566,2011-09-14 14:30:00,2011-09-14 14:30:00,19,1,265,13.947368421052632,351.65,18.507894736842104,19,0.0,0,1,86,1.0,43.0,3,1,2,Needs Attention,0.7144,High Risk
12567,2010-02-11 10:30:00,2011-11-17 11:02:00,556,15,5308,9.546762589928058,11767.48,21.16453237410072,365,0.2661870503597122,0,645,23,43.0,1.44,4,5,5,Champions,0.0112,Low Risk
12568,2010-03-05 09:15:00,2010-03-05 09:15:00,5,1,48,9.6,70.0,14.0,5,0.0,1,1,645,1.0,322.5,1,1,1,Lost / Inactive,0.854,High Risk
12569,2011-04-01 13:47:00,2011-12-07 16:24:00,188,32,1801,9.579787234042554,4124.69,21.939840425531912,92,0.0531914893617021,0,251,2,7.8,0.06,5,5,5,Champions,0.2278,Low Risk
12570,2010-01-26 17:28:00,2010-01-26 17:28:00,1,1,1,1.0,77.52,77.52,1,0.0,1,1,682,1.0,341.0,1,1,1,Lost / Inactive,0.9531,High Risk
12571,2011-08-10 12:35:00,2011-10-31 10:19:00,34,2,523,15.382352941176473,519.61,15.28264705882353,31,0.0,0,82,40,41.0,13.33,4,2,2,Promising / New,0.6441,Medium Risk
12572,2011-10-19 08:20:00,2011-12-01 09:20:00,60,2,452,7.533333333333333,1020.42,17.006999999999998,53,0.0,0,44,9,22.0,3.0,5,2,3,Promising / New,0.455,Medium Risk
12573,2010-08-31 17:25:00,2011-04-26 15:52:00,119,5,479,4.025210084033613,717.41,6.028655462184874,107,0.1764705882352941,1,238,227,47.6,37.83,2,4,3,At Risk,0.6555,Medium Risk
12574,2011-01-28 09:20:00,2011-01-28 09:20:00,11,1,61,5.545454545454546,218.45,19.85909090909091,11,0.0,1,1,316,1.0,158.0,2,1,1,Lost / Inactive,0.8263,High Risk
12575,2010-07-01 09:15:00,2010-09-08 13:09:00,38,2,315,8.289473684210526,622.82,16.39,34,0.0,1,70,457,35.0,152.33,1,2,3,Lost / Inactive,0.7,Medium Risk
12576,2010-07-01 13:46:00,2011-11-04 10:11:00,142,8,1494,10.52112676056338,2142.72,15.08957746478873,114,0.0,0,491,36,61.4,4.0,4,4,4,Champions,0.3758,Medium Risk
12577,2009-12-03 19:31:00,2011-11-04 13:24:00,298,8,1191,3.996644295302013,1617.1,5.426510067114093,259,0.0,0,701,35,87.6,3.89,4,4,4,Champions,0.043,Low Risk
12578,2010-09-22 11:19:00,2011-11-18 13:30:00,172,4,2380,13.83720930232558,4642.45,26.99098837209302,149,0.0,0,423,21,105.8,4.2,4,3,5,Loyal Customers,0.3511,Medium Risk
12579,2011-09-22 17:15:00,2011-09-22 17:15:00,29,1,285,9.827586206896552,440.42,15.18689655172414,29,0.0,0,1,78,1.0,39.0,3,1,2,Needs Attention,0.7065,High Risk
12580,2010-05-12 11:45:00,2011-04-07 10:24:00,58,2,569,9.810344827586206,1052.9,18.153448275862072,52,0.0,1,330,247,165.0,82.33,2,2,3,Lost / Inactive,0.5644,Medium Risk
12581,2011-10-31 08:56:00,2011-10-31 08:56:00,15,1,161,10.733333333333333,197.71,13.180666666666667,15,0.0,0,1,40,1.0,20.0,4,1,1,Promising / New,0.6889,Medium Risk
12582,2010-05-11 09:55:00,2011-04-15 08:45:00,103,4,985,9.563106796116504,1980.4,19.22718446601942,88,0.0,1,339,239,84.8,47.8,2,3,4,At Risk,0.622,Medium Risk
12583,2009-12-06 11:57:00,2011-12-07 08:07:00,446,27,8535,19.13677130044843,13591.58,30.47439461883408,141,0.163677130044843,0,731,3,27.1,0.11,5,5,5,Champions,0.0088,Low Risk
12584,2011-03-04 15:15:00,2011-12-06 09:35:00,96,9,416,4.333333333333333,2338.15,24.355729166666663,44,0.125,0,277,4,30.8,0.4,5,5,4,Champions,0.3997,Medium Risk
12585,2010-12-23 12:58:00,2011-04-19 13:39:00,87,2,1279,14.701149425287356,2040.1,23.44942528735632,77,0.0,1,118,234,59.0,78.0,2,2,4,Lost / Inactive,0.5868,Medium Risk
12586,2009-12-16 13:15:00,2011-11-22 16:24:00,94,4,687,7.308510638297872,2062.67,21.943297872340427,82,0.0,0,707,17,176.8,3.4,5,3,4,Loyal Customers,0.0586,Low Risk
12587,2011-12-02 12:47:00,2011-12-02 12:47:00,4,1,51,12.75,144.0,36.0,4,0.0,0,1,8,1.0,4.0,5,1,1,Promising / New,0.7442,High Risk
12588,2010-04-21 12:22:00,2011-10-31 15:01:00,46,4,438,9.521739130434783,958.78,20.84304347826087,31,0.0,0,559,39,139.8,7.8,4,3,3,Loyal Customers,0.3585,Medium Risk
12589,2010-01-19 12:26:00,2011-11-11 10:19:00,180,8,1764,9.8,4695.66,26.087,121,0.0,0,661,29,82.6,3.22,4,4,5,Champions,0.0367,Low Risk
12590,2011-05-12 14:46:00,2011-05-12 14:52:00,68,2,4283,62.98529411764706,9864.26,145.06264705882353,68,0.0,1,1,211,0.5,70.33,2,2,5,Lost / Inactive,0.7587,High Risk
12591,2010-10-27 10:42:00,2011-01-26 14:35:00,68,3,653,9.602941176470589,1338.95,19.69044117647059,63,0.0735294117647058,1,92,317,30.7,79.25,2,3,4,At Risk,0.5306,Medium Risk
12592,2010-07-08 14:06:00,2011-09-08 15:04:00,81,5,1875,23.14814814814815,2582.66,31.88469135802469,42,0.0,1,428,92,85.6,15.33,3,4,4,Loyal Customers,0.4764,Medium Risk
12593,2011-05-05 09:29:00,2011-08-23 12:43:00,21,3,206,9.80952380952381,418.1,19.90952380952381,14,0.0,1,111,109,37.0,27.25,3,3,2,Loyal Customers,0.7074,High Risk
12594,2010-03-03 13:51:00,2011-11-02 12:20:00,199,15,2768,13.909547738693467,5090.11,25.578442211055275,78,0.0,0,609,38,40.6,2.38,4,5,5,Champions,0.0427,Low Risk
12595,2010-07-23 09:10:00,2010-07-23 09:10:00,19,1,271,14.263157894736842,299.02,15.737894736842104,19,0.0,1,1,505,1.0,252.5,1,1,2,Lost / Inactive,0.7157,High Risk
12596,2011-04-11 13:22:00,2011-10-19 13:02:00,27,2,474,17.555555555555557,618.27,22.898888888888887,25,0.0,0,191,51,95.5,17.0,4,2,3,Promising / New,0.6415,Medium Risk
12597,2011-03-16 14:00:00,2011-11-20 13:33:00,206,4,2236,10.854368932038836,3811.22,18.50106796116505,184,0.6213592233009708,0,249,19,62.2,3.8,5,3,5,Loyal Customers,0.416,Medium Risk
12598,2010-03-01 09:58:00,2011-11-30 12:18:00,206,11,2906,14.106796116504857,4534.09,22.01014563106796,130,0.1262135922330097,0,640,10,58.2,0.83,5,5,5,Champions,0.0229,Low Risk
12599,2010-05-11 10:42:00,2011-11-10 13:34:00,133,13,2189,16.458646616541355,2296.72,17.268571428571427,47,0.2105263157894736,0,549,29,42.2,2.07,4,5,4,Champions,0.2405,Low Risk
12600,2009-12-07 13:37:00,2011-11-11 10:29:00,130,21,1383,10.638461538461538,4967.42,38.21092307692308,53,0.1769230769230769,0,704,29,33.5,1.32,4,5,5,Champions,0.0174,Low Risk
12601,2010-10-31 10:57:00,2011-06-03 10:17:00,34,6,290,8.529411764705882,681.26,20.03705882352941,24,0.1764705882352941,1,215,190,35.8,27.14,2,4,3,At Risk,0.6976,Medium Risk
12602,2011-10-12 11:22:00,2011-10-12 11:22:00,12,1,162,13.5,153.12,12.76,12,0.0,0,1,59,1.0,29.5,4,1,1,Promising / New,0.6492,Medium Risk
12603,2011-11-18 10:42:00,2011-11-18 10:42:00,2,1,63,31.5,739.2,369.6,2,0.0,0,1,22,1.0,11.0,4,1,3,Promising / New,0.6436,Medium Risk
12604,2011-03-23 12:06:00,2011-09-21 14:08:00,16,2,201,12.5625,254.18,15.88625,15,0.0,0,183,79,91.5,26.33,3,2,1,Needs Attention,0.6217,Medium Risk
12605,2010-09-07 14:21:00,2010-11-28 14:18:00,76,4,929,12.223684210526317,1232.95,16.223026315789475,63,0.4078947368421052,1,82,376,20.5,75.2,2,3,4,At Risk,0.4451,Medium Risk
12606,2010-01-26 16:23:00,2010-01-26 16:23:00,1,1,1,1.0,21.0,21.0,1,0.0,1,1,682,1.0,341.0,1,1,1,Lost / Inactive,0.9113,High Risk
12607,2011-10-10 16:06:00,2011-10-10 16:06:00,101,1,1228,12.15841584158416,1579.51,15.63871287128713,101,0.0,0,1,60,1.0,30.0,3,1,4,Needs Attention,0.5243,Medium Risk
12608,2010-10-31 10:49:00,2010-10-31 10:49:00,16,1,323,20.1875,415.79,25.986875,16,1.0,1,1,405,1.0,202.5,2,1,2,Lost / Inactive,0.7432,High Risk
12609,2009-12-20 13:30:00,2011-09-22 16:34:00,175,9,1553,8.874285714285714,3435.86,19.633485714285715,129,0.0971428571428571,0,642,78,71.3,7.8,3,5,5,Loyal Customers,0.0159,Low Risk
12610,2011-08-05 13:52:00,2011-11-17 09:34:00,106,5,1049,9.89622641509434,2099.54,19.80698113207547,85,0.0,0,104,23,20.8,3.83,4,4,4,Champions,0.3638,Medium Risk
12611,2011-10-18 13:12:00,2011-10-18 13:12:00,65,1,846,13.015384615384615,1193.32,18.35876923076923,65,0.0,0,1,52,1.0,26.0,4,1,3,Promising / New,0.5837,Medium Risk
12612,2011-09-26 15:35:00,2011-09-26 15:35:00,19,1,262,13.789473684210526,704.04,37.054736842105264,19,0.0,0,1,74,1.0,37.0,3,1,3,Needs Attention,0.7064,High Risk
12613,2009-12-14 13:10:00,2011-10-13 14:59:00,326,10,4157,12.751533742331288,6817.37,20.91217791411043,218,0.0,0,669,57,66.9,5.18,4,5,5,Champions,0.0076,Low Risk
12614,2011-03-07 10:22:00,2011-03-07 10:22:00,20,1,76,3.8,315.6,15.78,20,0.0,1,1,278,1.0,139.0,2,1,2,Lost / Inactive,0.8503,High Risk
12615,2010-03-18 14:09:00,2011-12-07 15:02:00,270,8,3317,12.285185185185185,5740.98,21.262888888888888,198,0.0,0,630,2,78.8,0.22,5,4,5,Champions,0.028,Low Risk
12616,2010-11-16 11:38:00,2011-09-05 15:17:00,54,3,498,9.22222222222222,1131.1,20.946296296296296,32,0.0,1,294,95,98.0,23.75,3,3,3,Loyal Customers,0.6972,Medium Risk
12617,2011-11-10 14:39:00,2011-11-10 14:39:00,41,1,210,5.121951219512195,352.98,8.609268292682927,39,0.0,0,1,29,1.0,14.5,4,1,2,Promising / New,0.7274,High Risk
12618,2011-11-18 11:10:00,2011-11-18 11:10:00,11,1,96,8.727272727272727,177.31,16.11909090909091,11,0.0,0,1,22,1.0,11.0,4,1,1,Promising / New,0.7781,High Risk
12619,2010-05-28 12:52:00,2011-11-23 14:52:00,100,10,3518,35.18,3781.38,37.8138,55,0.14,0,545,16,54.5,1.45,5,5,5,Champions,0.2675,Low Risk
12620,2011-05-19 12:10:00,2011-11-25 10:20:00,92,3,1181,12.83695652173913,1339.41,14.558804347826088,89,0.0,0,190,15,63.3,3.75,5,3,4,Loyal Customers,0.5092,Medium Risk
12621,2010-02-09 12:01:00,2011-12-08 11:25:00,756,35,13706,18.12962962962963,24311.2,32.15767195767196,344,0.0701058201058201,0,667,2,19.1,0.06,5,5,5,Champions,0.0053,Low Risk
12622,2011-04-21 16:39:00,2011-04-21 16:39:00,11,1,69,6.2727272727272725,180.1,16.37272727272727,11,0.0,1,1,232,1.0,116.0,2,1,1,Lost / Inactive,0.8454,High Risk
12623,2010-01-12 11:45:00,2011-03-08 13:50:00,173,7,1971,11.393063583815028,3747.84,21.66381502890173,112,0.1040462427745664,1,421,276,60.1,34.5,2,4,5,At Risk,0.3057,Low Risk
12624,2011-06-15 12:34:00,2011-08-25 15:04:00,38,2,355,9.342105263157896,641.13,16.87184210526316,36,0.0,1,72,106,36.0,35.33,3,2,3,Needs Attention,0.6897,Medium Risk
12625,2010-04-22 11:33:00,2011-05-12 09:54:00,183,4,3309,18.081967213114755,5164.88,28.22338797814208,144,0.3224043715846995,1,385,212,96.2,42.4,2,3,5,At Risk,0.508,Medium Risk
12626,2011-01-17 11:01:00,2011-11-16 16:06:00,294,9,3453,11.744897959183673,6620.48,22.51863945578231,232,0.0,0,304,23,33.8,2.3,4,5,5,Champions,0.1972,Low Risk
12627,2011-07-22 13:59:00,2011-11-29 12:07:00,230,7,2752,11.965217391304348,4478.53,19.47186956521739,162,0.1608695652173913,0,130,11,18.6,1.38,5,4,5,Champions,0.2655,Low Risk
12628,2011-10-06 09:28:00,2011-12-05 13:15:00,41,3,448,10.926829268292684,786.46,19.1819512195122,34,0.2682926829268293,0,61,4,20.3,1.0,5,3,3,Loyal Customers,0.4258,Medium Risk
12629,2010-10-12 16:40:00,2010-11-19 09:18:00,45,2,722,16.044444444444444,1558.22,34.62711111111111,40,0.0,1,38,386,19.0,128.67,2,2,4,Lost / Inactive,0.5781,Medium Risk
12630,2011-10-27 10:41:00,2011-11-30 10:48:00,64,2,548,8.5625,1270.88,19.8575,60,0.0,0,35,10,17.5,3.33,5,2,4,Promising / New,0.4493,Medium Risk
12631,2010-01-15 14:50:00,2011-10-13 13:53:00,183,6,1607,8.781420765027322,3481.57,19.024972677595628,131,0.1530054644808743,0,636,57,106.0,8.14,4,4,5,Champions,0.0328,Low Risk
12632,2010-05-24 09:07:00,2010-07-07 09:39:00,35,2,694,19.82857142857143,804.88,22.99657142857143,32,0.0,1,45,521,22.5,173.67,1,2,3,Lost / Inactive,0.5802,Medium Risk
12633,2010-07-02 11:44:00,2011-10-12 11:40:00,306,7,3238,10.581699346405228,5678.16,18.556078431372548,220,0.0,0,467,59,66.7,7.38,4,4,5,Champions,0.2834,Low Risk
12634,2010-06-09 15:41:00,2010-06-22 10:05:00,20,2,337,16.85,490.0,24.5,20,0.0,1,13,536,6.5,178.67,1,2,2,Lost / Inactive,0.586,Medium Risk
12635,2010-09-09 10:50:00,2011-09-11 11:04:00,179,4,1949,10.888268156424582,2930.41,16.37100558659218,159,0.3407821229050279,0,368,90,92.0,18.0,3,3,5,Loyal Customers,0.3245,Low Risk
12636,2009-12-01 09:55:00,2009-12-01 09:55:00,1,1,1,1.0,141.0,141.0,1,0.0,1,1,739,1.0,369.5,1,1,1,Lost / Inactive,0.9465,High Risk
12637,2010-06-14 13:36:00,2011-10-03 13:46:00,614,12,4257,6.9332247557003255,8283.81,13.491547231270358,295,0.0,0,477,67,39.8,5.15,3,5,5,Loyal Customers,0.1936,Low Risk
12638,2010-03-10 10:30:00,2011-11-06 13:11:00,48,2,663,13.8125,921.49,19.19770833333333,47,0.8125,0,607,33,303.5,11.0,4,2,3,Promising / New,0.1347,Low Risk
12639,2010-03-22 09:05:00,2011-04-15 12:48:00,64,3,631,9.859375,1312.37,20.50578125,58,0.0,1,390,239,130.0,59.75,2,3,4,At Risk,0.5478,Medium Risk
12640,2011-09-19 12:01:00,2011-11-16 11:52:00,53,3,311,5.867924528301887,1174.58,22.16188679245283,47,0.0,0,58,24,19.3,6.0,4,3,3,Loyal Customers,0.4099,Medium Risk
12641,2011-08-16 13:26:00,2011-08-16 13:26:00,10,1,72,7.2,185.9,18.59,10,0.0,1,1,115,1.0,57.5,3,1,1,Needs Attention,0.7746,High Risk
12642,2011-08-24 09:23:00,2011-11-14 15:03:00,47,3,552,11.74468085106383,1013.26,21.55872340425532,39,0.0,0,83,25,27.7,6.25,4,3,3,Loyal Customers,0.5171,Medium Risk
12643,2010-04-07 14:16:00,2011-08-03 12:56:00,51,12,4665,91.47058823529412,8304.82,162.83960784313726,14,0.0,1,483,128,40.2,9.85,3,5,5,Loyal Customers,0.5965,Medium Risk
12644,2010-01-14 13:02:00,2011-08-02 10:33:00,111,4,1032,9.297297297297296,1918.49,17.283693693693692,106,0.063063063063063,1,565,130,141.2,26.0,3,3,4,Loyal Customers,0.2613,Low Risk
12645,2010-02-09 10:49:00,2011-11-06 12:38:00,160,8,2125,13.28125,3539.3,22.120625,111,0.0875,0,636,34,79.5,3.78,4,4,5,Champions,0.0381,Low Risk
12646,2011-10-21 12:52:00,2011-12-05 10:14:00,45,2,897,19.933333333333334,1346.97,29.932666666666663,43,0.0,0,45,5,22.5,1.67,5,2,4,Promising / New,0.4992,Medium Risk
12647,2010-01-13 15:06:00,2011-11-17 12:56:00,515,36,6633,12.879611650485437,16955.55,32.923398058252424,240,0.1223300970873786,0,673,22,18.7,0.59,4,5,5,Champions,0.0055,Low Risk
12648,2010-01-07 18:38:00,2011-07-08 11:55:00,65,4,518,7.969230769230769,1112.0,17.107692307692307,38,0.0,1,547,155,136.8,31.0,3,3,3,Loyal Customers,0.4006,Medium Risk
12649,2010-01-12 17:24:00,2011-08-24 14:41:00,118,8,1959,16.60169491525424,2294.65,19.44618644067797,94,0.0,1,589,107,73.6,11.89,3,4,4,Loyal Customers,0.4478,Medium Risk
12650,2011-12-06 16:34:00,2011-12-06 16:34:00,20,1,254,12.7,314.44,15.722,20,0.0,0,1,3,1.0,1.5,5,1,2,Promising / New,0.7039,High Risk
12651,2010-08-31 15:21:00,2011-01-09 12:46:00,30,4,265,8.833333333333334,377.75,12.591666666666669,30,0.3,1,131,335,32.8,67.0,2,3,2,At Risk,0.6769,Medium Risk
12652,2010-10-01 15:16:00,2011-01-12 15:00:00,51,2,536,10.509803921568627,1017.03,19.941764705882356,51,0.0,1,103,331,51.5,110.33,2,2,3,Lost / Inactive,0.6675,Medium Risk
12653,2010-07-01 09:56:00,2011-07-14 10:41:00,86,3,1681,19.546511627906977,4160.83,48.38174418604651,76,0.0,1,379,149,126.3,37.25,3,3,5,Loyal Customers,0.51,Medium Risk
12654,2011-02-17 13:16:00,2011-11-29 10:10:00,38,5,264,6.947368421052632,601.98,15.841578947368422,31,0.0,0,285,11,57.0,1.83,5,4,2,Champions,0.6432,Medium Risk
12655,2010-10-12 09:17:00,2010-10-12 09:17:00,16,1,80,5.0,261.35,16.334375,16,0.0,1,1,424,1.0,212.0,1,1,1,Lost / Inactive,0.8645,High Risk
12656,2010-05-26 09:00:00,2011-11-22 13:42:00,247,8,2860,11.578947368421051,6407.83,25.942631578947367,174,0.1902834008097166,0,546,17,68.2,1.89,5,4,5,Champions,0.2321,Low Risk
12657,2011-09-22 11:40:00,2011-11-28 15:47:00,47,4,1044,22.21276595744681,1643.18,34.961276595744685,35,0.0,0,68,11,17.0,2.2,5,3,4,Loyal Customers,0.4348,Medium Risk
12658,2011-11-21 10:22:00,2011-11-21 10:22:00,36,1,320,8.88888888888889,686.05,19.056944444444444,36,0.0,0,1,19,1.0,9.5,5,1,3,Promising / New,0.6732,Medium Risk
12659,2011-11-10 11:53:00,2011-11-10 11:53:00,5,1,105,21.0,91.68,18.336,5,0.0,0,1,30,1.0,15.0,4,1,1,Promising / New,0.7405,High Risk
12660,2011-11-28 13:26:00,2011-11-28 13:26:00,13,1,127,9.76923076923077,245.1,18.853846153846156,13,0.0,0,1,11,1.0,5.5,5,1,1,Promising / New,0.7227,High Risk
12661,2010-09-29 16:46:00,2010-09-29 16:46:00,11,1,216,19.63636363636364,162.0,14.727272727272728,11,0.0,1,1,436,1.0,218.0,1,1,1,Lost / Inactive,0.6623,Medium Risk
12662,2010-04-01 09:50:00,2011-12-09 11:59:00,391,20,3424,8.757033248081841,6726.54,17.203427109974424,163,0.1048593350383631,0,618,1,30.9,0.05,5,5,5,Champions,0.0642,Low Risk
12663,2010-02-09 14:28:00,2010-03-25 09:40:00,10,2,181,18.1,239.4,23.94,9,0.0,1,44,625,22.0,208.33,1,2,1,Lost / Inactive,0.7062,High Risk
12664,2009-12-13 10:28:00,2011-12-01 17:07:00,45,11,1495,33.22222222222222,6070.04,134.88977777777777,10,0.0888888888888888,0,719,8,65.4,0.67,5,5,5,Champions,0.0383,Low Risk
12665,2010-02-08 15:11:00,2011-01-19 08:34:00,17,3,165,9.705882352941176,313.6,18.447058823529414,13,0.0,1,345,325,115.0,81.25,2,3,2,At Risk,0.6458,Medium Risk
12666,2010-11-10 16:40:00,2010-11-10 16:40:00,31,1,370,11.935483870967742,1248.42,40.27161290322581,31,0.0,1,1,394,1.0,197.0,2,1,4,Lost / Inactive,0.7355,High Risk
12667,2011-10-12 17:00:00,2011-10-12 17:00:00,33,1,395,11.969696969696969,620.13,18.791818181818183,33,0.0,0,1,58,1.0,29.0,4,1,3,Promising / New,0.6293,Medium Risk
12668,2010-01-31 15:45:00,2011-11-28 10:56:00,536,10,5049,9.419776119402986,11383.03,21.23699626865672,263,0.4347014925373134,0,666,12,66.6,1.09,5,5,5,Champions,0.0223,Low Risk
12669,2011-03-28 10:15:00,2011-07-12 09:54:00,101,3,1115,11.03960396039604,2744.03,27.16861386138613,98,0.0,1,106,151,35.3,37.75,3,3,4,Loyal Customers,0.592,Medium Risk
12670,2010-02-11 10:13:00,2011-11-29 15:23:00,115,7,1627,14.147826086956522,3760.29,32.69817391304348,71,0.0,0,657,10,93.9,1.25,5,4,5,Champions,0.0433,Low Risk
12671,2010-04-12 16:30:00,2010-04-12 16:30:00,45,1,1460,32.44444444444444,2622.48,58.27733333333333,45,0.0,1,1,606,1.0,303.0,1,1,4,Lost / Inactive,0.7257,High Risk
12672,2010-04-23 09:57:00,2011-01-14 09:20:00,22,2,138,6.2727272727272725,437.05,19.86590909090909,22,0.0,1,266,330,133.0,110.0,2,2,2,Lost / Inactive,0.7236,High Risk
12673,2010-11-03 10:46:00,2011-12-04 13:55:00,74,3,700,9.45945945945946,1230.02,16.62189189189189,68,0.2567567567567567,0,397,5,132.3,1.25,5,3,4,Loyal Customers,0.4313,Medium Risk
12674,2011-05-16 09:10:00,2011-11-01 12:12:00,83,4,1133,13.650602409638552,1970.6,23.742168674698792,52,0.0,0,170,39,42.5,7.8,4,3,4,Loyal Customers,0.5417,Medium Risk
12675,2010-05-10 16:44:00,2010-06-04 09:49:00,112,2,336,3.0,957.25,8.546875,111,0.0,1,25,554,12.5,184.67,1,2,3,Lost / Inactive,0.4919,Medium Risk
12676,2010-08-13 13:29:00,2011-11-15 12:25:00,107,11,1867,17.44859813084112,2843.09,26.570934579439253,67,0.2429906542056074,0,459,25,41.7,2.08,4,5,4,Champions,0.3811,Medium Risk
12677,2010-02-11 13:55:00,2010-06-02 14:30:00,21,2,176,8.380952380952381,395.1,18.81428571428572,13,0.0,1,112,555,56.0,185.0,1,2,2,Lost / Inactive,0.7455,High Risk
12678,2010-01-07 16:46:00,2011-10-28 13:04:00,376,21,22372,59.5,34281.18,91.17335106382978,199,0.0478723404255319,0,659,42,31.4,1.91,4,5,5,Champions,0.0114,Low Risk
12679,2011-03-01 12:26:00,2011-10-12 12:30:00,48,4,554,11.541666666666666,1113.02,23.187916666666663,43,0.0,0,226,59,56.5,11.8,4,3,3,Loyal Customers,0.6471,Medium Risk
12680,2011-08-18 15:44:00,2011-12-09 12:50:00,53,4,444,8.377358490566039,880.81,16.619056603773583,33,0.1320754716981132,0,113,1,28.2,0.2,5,3,3,Loyal Customers,0.5641,Medium Risk
12681,2009-12-13 13:31:00,2011-11-25 11:33:00,1424,45,17011,11.945926966292134,29834.76,20.951376404494383,459,0.1214887640449438,0,712,15,15.8,0.33,5,5,5,Champions,0.0053,Low Risk
12682,2009-12-01 09:28:00,2011-12-06 10:00:00,989,52,10522,10.639029322548028,22950.22,23.20548028311426,327,0.0424671385237613,0,736,4,14.2,0.08,5,5,5,Champions,0.0047,Low Risk
12683,2009-12-13 15:01:00,2011-12-05 16:31:00,487,21,7019,14.412731006160165,11633.7,23.888501026694048,236,0.1252566735112936,0,723,4,34.4,0.18,5,5,5,Champions,0.0048,Low Risk
12684,2011-05-10 12:55:00,2011-12-02 09:53:00,105,7,1985,18.904761904761905,2283.63,21.748857142857144,61,0.0,0,206,8,29.4,1.0,5,4,4,Champions,0.3906,Medium Risk
12685,2011-09-07 10:28:00,2011-11-11 13:46:00,157,6,1523,9.70063694267516,2863.08,18.23617834394904,117,0.0891719745222929,0,66,28,11.0,4.0,4,4,4,Champions,0.2754,Low Risk
12686,2010-12-03 09:51:00,2010-12-03 09:51:00,7,1,107,15.285714285714286,89.14,12.734285714285717,7,0.0,1,1,372,1.0,186.0,2,1,1,Lost / Inactive,0.778,High Risk
12687,2010-08-16 12:10:00,2010-08-16 12:12:00,126,2,1403,11.134920634920634,2138.91,16.97547619047619,126,0.0,1,1,481,0.5,160.33,1,2,4,Lost / Inactive,0.6165,Medium Risk
12688,2011-08-18 08:49:00,2011-08-18 08:49:00,171,1,3028,17.707602339181285,4873.81,28.50181286549708,171,0.0,1,1,114,1.0,57.0,3,1,5,Needs Attention,0.7035,High Risk
12689,2011-08-04 10:04:00,2011-11-14 08:31:00,72,2,628,8.722222222222221,1247.61,17.327916666666667,57,0.0,0,102,26,51.0,8.67,4,2,4,Promising / New,0.5761,Medium Risk
12690,2011-05-18 09:09:00,2011-05-18 09:09:00,16,1,106,6.625,389.01,24.313125,16,0.0,1,1,206,1.0,103.0,2,1,2,Lost / Inactive,0.7831,High Risk
12691,2010-10-15 12:00:00,2011-11-11 16:49:00,39,7,445,11.41025641025641,1170.4,30.010256410256414,24,0.1538461538461538,0,393,28,56.1,3.5,4,4,3,Champions,0.4742,Medium Risk
12692,2010-03-12 14:02:00,2010-03-12 14:02:00,13,1,36,2.769230769230769,110.95,8.534615384615385,13,0.0,1,1,637,1.0,318.5,1,1,1,Lost / Inactive,0.9167,High Risk
12693,2010-07-05 13:56:00,2011-08-04 17:51:00,79,7,536,6.784810126582278,1703.02,21.557215189873418,63,0.1392405063291139,1,396,127,56.6,15.88,3,4,4,Loyal Customers,0.6074,Medium Risk
12694,2010-10-14 19:39:00,2011-09-30 13:06:00,83,3,1355,16.325301204819276,1843.35,22.209036144578317,69,0.0,0,351,70,117.0,17.5,3,3,4,Loyal Customers,0.4834,Medium Risk
12695,2010-02-12 13:22:00,2011-12-02 13:22:00,59,7,454,7.694915254237288,1407.12,23.84949152542373,46,0.0,0,659,7,94.1,0.88,5,4,4,Champions,0.0716,Low Risk
12696,2010-07-19 10:02:00,2010-10-01 10:43:00,49,2,564,11.510204081632653,851.91,17.38591836734694,43,0.0,1,75,435,37.5,145.0,1,2,3,Lost / Inactive,0.6533,Medium Risk
12697,2011-06-23 15:44:00,2011-11-11 08:47:00,41,3,508,12.390243902439025,957.59,23.355853658536585,37,0.2439024390243902,0,141,29,47.0,7.25,4,3,3,Loyal Customers,0.673,Medium Risk
12698,2010-04-28 15:51:00,2010-04-28 15:51:00,16,1,111,6.9375,339.75,21.234375,16,0.0,1,1,590,1.0,295.0,1,1,2,Lost / Inactive,0.808,High Risk
12699,2010-10-18 12:07:00,2010-10-18 12:07:00,41,1,373,9.097560975609756,638.11,15.563658536585368,41,0.0,1,1,418,1.0,209.0,1,1,3,Lost / Inactive,0.6813,Medium Risk
12700,2011-05-08 16:10:00,2011-12-02 10:47:00,268,4,2967,11.07089552238806,4939.99,18.432798507462685,193,0.2313432835820895,0,208,8,52.0,1.6,5,3,5,Loyal Customers,0.3638,Medium Risk
12701,2010-03-16 13:23:00,2011-09-21 10:47:00,147,6,1727,11.748299319727892,2446.41,16.642244897959184,118,0.0,0,554,80,92.3,11.43,3,4,4,Loyal Customers,0.2405,Low Risk
12702,2011-11-20 10:36:00,2011-11-20 10:36:00,12,1,53,4.416666666666667,219.0,18.25,12,1.0,0,1,20,1.0,10.0,4,1,1,Promising / New,0.8327,High Risk
12703,2010-01-24 12:05:00,2011-09-29 17:52:00,74,4,595,8.04054054054054,1006.53,13.601756756756757,56,0.5405405405405406,0,614,71,153.5,14.2,3,3,3,Loyal Customers,0.2756,Low Risk
12704,2011-06-23 10:20:00,2011-12-02 13:15:00,88,8,1006,11.431818181818182,2340.84,26.600454545454543,64,0.0,0,163,7,20.4,0.78,5,4,4,Champions,0.3614,Medium Risk
12705,2010-06-24 09:51:00,2011-11-24 13:17:00,599,14,7188,12.0,11762.1,19.636227045075128,320,0.1535893155258764,0,519,15,37.1,1.0,5,5,5,Champions,0.1747,Low Risk
12707,2011-02-21 08:38:00,2011-02-21 08:38:00,33,1,256,7.757575757575758,603.42,18.285454545454545,33,0.0,1,1,292,1.0,146.0,2,1,2,Lost / Inactive,0.7235,High Risk
12708,2009-12-18 10:25:00,2011-11-10 09:52:00,296,18,2432,8.216216216216216,5117.66,17.289391891891892,130,0.1283783783783783,0,692,30,38.4,1.58,4,5,5,Champions,0.0086,Low Risk
12709,2009-12-09 13:49:00,2011-11-24 15:38:00,490,34,13772,28.10612244897959,30291.76,61.819918367346936,189,0.0795918367346938,0,716,15,21.1,0.43,5,5,5,Champions,0.014,Low Risk
12710,2011-05-22 14:05:00,2011-09-04 12:00:00,77,3,851,11.051948051948052,1149.02,14.922337662337664,75,0.948051948051948,1,105,97,35.0,24.25,3,3,3,Loyal Customers,0.624,Medium Risk
12711,2010-02-01 11:30:00,2010-04-07 11:59:00,60,2,770,12.833333333333334,1339.05,22.3175,56,0.0,1,66,612,33.0,204.0,1,2,4,Lost / Inactive,0.5821,Medium Risk
12712,2009-12-09 10:46:00,2011-11-11 08:19:00,256,21,2205,8.61328125,6723.03,26.2618359375,126,0.0,0,702,29,33.4,1.32,4,5,5,Champions,0.0147,Low Risk
12713,2011-12-09 12:16:00,2011-12-09 12:16:00,38,1,508,13.36842105263158,848.55,22.33026315789473,38,0.0,0,1,1,1.0,0.5,5,1,3,Promising / New,0.6452,Medium Risk
12714,2009-12-04 10:00:00,2011-11-30 15:43:00,696,12,8774,12.60632183908046,14093.71,20.249583333333334,436,0.0,0,727,9,60.6,0.69,5,5,5,Champions,0.0076,Low Risk
12715,2011-08-25 15:22:00,2011-08-25 15:22:00,20,1,192,9.6,343.36,17.168,20,0.0,1,1,106,1.0,53.0,3,1,2,Needs Attention,0.7227,High Risk
12716,2011-07-29 13:28:00,2011-12-06 08:55:00,69,2,708,10.26086956521739,1053.49,15.267971014492751,60,0.0,0,130,4,65.0,1.33,5,2,3,Promising / New,0.6199,Medium Risk
12717,2010-04-28 14:34:00,2011-07-11 14:47:00,71,3,600,8.450704225352112,1308.91,18.435352112676057,60,0.0,1,440,151,146.7,37.75,3,3,4,Loyal Customers,0.5755,Medium Risk
12718,2011-09-29 16:38:00,2011-09-29 16:38:00,19,1,203,10.68421052631579,238.25,12.539473684210526,19,0.0,0,1,71,1.0,35.5,3,1,1,Needs Attention,0.6942,Medium Risk
12719,2011-10-05 14:50:00,2011-12-04 13:45:00,39,2,374,9.58974358974359,644.95,16.53717948717949,34,0.5384615384615384,0,60,5,30.0,1.67,5,2,3,Promising / New,0.6387,Medium Risk
12720,2010-07-21 09:46:00,2011-12-07 08:03:00,479,30,6018,12.563674321503132,7787.28,16.257369519832984,262,0.162839248434238,0,504,3,16.8,0.1,5,5,5,Champions,0.1156,Low Risk
12721,2010-08-25 11:07:00,2011-11-08 12:13:00,239,8,2655,11.108786610878662,4013.08,16.79112970711297,183,0.0,0,441,32,55.1,3.56,4,4,5,Champions,0.2856,Low Risk
12722,2011-07-12 11:55:00,2011-09-15 14:50:00,53,4,566,10.679245283018869,997.63,18.82320754716981,50,0.0377358490566037,0,66,85,16.5,17.0,3,3,3,Loyal Customers,0.3956,Medium Risk
12723,2011-10-05 15:52:00,2011-12-06 10:19:00,69,5,434,6.2898550724637685,725.07,10.508260869565218,53,0.0,0,62,4,12.4,0.67,5,4,3,Champions,0.4321,Medium Risk
12724,2010-06-22 14:00:00,2011-12-04 16:02:00,129,7,1379,10.689922480620154,2317.52,17.96527131782946,94,0.2558139534883721,0,531,5,75.9,0.62,5,4,4,Champions,0.3514,Medium Risk
12725,2010-05-04 13:59:00,2010-12-03 15:45:00,106,4,1142,10.773584905660377,2266.76,21.38452830188679,92,0.0,1,214,371,53.5,74.2,2,3,4,At Risk,0.5577,Medium Risk
12726,2010-03-25 16:25:00,2011-11-11 13:35:00,179,11,4618,25.798882681564248,4014.6,22.427932960893852,63,0.0837988826815642,0,596,28,54.2,2.33,4,5,5,Champions,0.0926,Low Risk
12727,2010-02-23 09:54:00,2011-11-29 11:46:00,203,10,2832,13.950738916256158,5679.53,27.9779802955665,132,0.1527093596059113,0,645,11,64.5,1.0,5,5,5,Champions,0.0156,Low Risk
12728,2010-11-21 11:34:00,2011-09-29 15:31:00,61,5,543,8.901639344262295,1070.17,17.54377049180328,48,0.3770491803278688,0,313,71,62.6,11.83,3,4,3,Loyal Customers,0.5909,Medium Risk
12729,2011-08-18 11:40:00,2011-08-18 11:40:00,26,1,233,8.961538461538462,453.01,17.423461538461538,26,0.0,1,1,114,1.0,57.0,3,1,2,Needs Attention,0.7118,High Risk
12730,2010-07-06 12:19:00,2010-07-06 12:19:00,47,1,234,4.97872340425532,829.25,17.643617021276597,47,0.0,1,1,522,1.0,261.0,1,1,3,Lost / Inactive,0.7161,High Risk
12731,2010-03-02 09:23:00,2011-11-16 11:59:00,393,17,11641,29.62086513994911,25775.71,65.58704834605598,137,0.0534351145038167,0,625,24,36.8,1.33,4,5,5,Champions,0.1596,Low Risk
12732,2011-06-13 11:33:00,2011-06-13 11:33:00,12,1,111,9.25,236.26,19.688333333333333,12,0.0,1,1,180,1.0,90.0,3,1,1,Needs Attention,0.7673,High Risk
12733,2010-01-19 13:23:00,2011-04-19 16:19:00,157,4,896,5.707006369426751,2424.87,15.445031847133755,117,0.0,1,456,234,114.0,46.8,2,3,4,At Risk,0.5251,Medium Risk
12734,2010-11-12 13:26:00,2010-12-22 12:47:00,19,3,265,13.947368421052632,639.65,33.66578947368421,17,0.0,1,40,353,13.3,88.25,2,3,3,At Risk,0.6485,Medium Risk
12735,2011-01-06 14:26:00,2011-01-28 13:37:00,43,2,368,8.55813953488372,779.5699999999999,18.12953488372093,38,0.0,1,22,315,11.0,105.0,2,2,3,Lost / Inactive,0.5618,Medium Risk
12736,2011-01-11 07:57:00,2011-01-11 07:57:00,4,1,173,43.25,234.0,58.5,4,0.0,1,1,333,1.0,166.5,2,1,1,Lost / Inactive,0.7292,High Risk
12737,2010-07-29 12:27:00,2010-07-29 12:29:00,2,2,2,1.0,3710.5,1855.25,2,0.0,1,1,499,0.5,166.33,1,2,5,Lost / Inactive,0.8009,High Risk
12738,2010-12-02 18:27:00,2010-12-02 18:27:00,11,1,148,13.454545454545457,155.35,14.122727272727271,11,0.0,1,1,372,1.0,186.0,2,1,1,Lost / Inactive,0.6588,Medium Risk
12739,2010-11-10 14:27:00,2011-09-22 13:00:00,89,4,951,10.685393258426966,2726.73,30.63741573033708,85,0.0,0,316,78,79.0,15.6,3,3,4,Loyal Customers,0.6014,Medium Risk
12740,2011-10-07 10:44:00,2011-10-07 10:44:00,27,1,342,12.666666666666666,427.6,15.837037037037035,27,0.0,0,1,64,1.0,32.0,3,1,2,Needs Attention,0.632,Medium Risk
12741,2010-06-24 16:24:00,2010-06-28 14:36:00,16,2,214,13.375,406.07,25.379375,16,0.0,1,4,529,2.0,176.33,1,2,2,Lost / Inactive,0.7333,High Risk
12742,2010-03-24 12:43:00,2010-03-24 12:43:00,67,1,1359,20.28358208955224,1201.52,17.933134328358207,67,0.0,1,1,626,1.0,313.0,1,1,3,Lost / Inactive,0.6372,Medium Risk
12743,2011-07-28 16:06:00,2011-07-28 16:21:00,131,2,315,2.404580152671756,540.13,4.123129770992366,114,0.0,1,1,134,0.5,44.67,3,2,2,Needs Attention,0.6918,Medium Risk
12744,2010-04-27 16:19:00,2011-10-19 11:18:00,339,11,6994,20.63126843657817,25317.06,74.68159292035399,245,0.0,0,540,52,49.1,4.33,4,5,5,Champions,0.1926,Low Risk
12745,2010-01-26 16:22:00,2010-08-10 10:14:00,23,3,468,20.347826086956523,925.41,40.235217391304346,21,0.0,1,196,487,65.3,121.75,1,3,3,At Risk,0.7418,High Risk
12746,2010-06-17 10:41:00,2010-06-17 10:41:00,17,1,97,5.705882352941177,254.55,14.973529411764709,17,0.0,1,1,541,1.0,270.5,1,1,1,Lost / Inactive,0.8715,High Risk
12747,2009-12-07 13:23:00,2011-12-07 14:34:00,249,26,2640,10.602409638554215,8898.48,35.73686746987951,85,0.1606425702811245,0,731,2,28.1,0.07,5,5,5,Champions,0.0108,Low Risk
12748,2009-12-04 17:31:00,2011-12-09 12:20:00,6585,336,37109,5.635383447228549,53539.64,8.130545178435838,2286,0.1904328018223234,0,735,1,2.2,0.0,5,5,5,Champions,0.0218,Low Risk
12749,2010-07-06 15:05:00,2011-12-06 09:56:00,338,9,2360,6.982248520710059,6897.36,20.40639053254438,260,0.1775147928994082,0,518,4,57.6,0.4,5,5,5,Champions,0.2631,Low Risk
12750,2011-08-03 09:13:00,2011-08-03 09:13:00,15,1,137,9.133333333333333,275.88,18.392,15,0.0,1,1,129,1.0,64.5,3,1,1,Needs Attention,0.747,High Risk
12751,2010-09-21 12:49:00,2010-09-21 12:49:00,62,1,189,3.048387096774193,268.27,4.326935483870967,61,0.0,1,1,445,1.0,222.5,1,1,1,Lost / Inactive,0.7566,High Risk
12752,2011-09-19 13:32:00,2011-09-19 13:32:00,53,1,2262,42.67924528301887,4366.78,82.3920754716981,53,0.0,0,1,81,1.0,40.5,3,1,5,Needs Attention,0.623,Medium Risk
12753,2010-12-12 11:44:00,2011-11-17 10:52:00,197,6,11421,57.9746192893401,21429.39,108.77862944162436,132,0.2436548223350254,0,340,23,56.7,3.29,4,4,5,Champions,0.3666,Medium Risk
12754,2011-02-04 10:31:00,2011-04-18 09:00:00,63,3,6481,102.87301587301587,3010.74,47.78952380952381,49,0.0,1,73,236,24.3,59.0,2,3,5,At Risk,0.635,Medium Risk
12755,2010-01-15 11:57:00,2011-03-04 12:42:00,63,11,2293,36.3968253968254,5236.26,83.1152380952381,34,0.0,1,414,281,37.6,23.42,2,5,5,At Risk,0.4474,Medium Risk
12756,2011-09-14 09:31:00,2011-09-14 09:31:00,4,1,144,36.0,112.08,28.02,4,0.0,0,1,87,1.0,43.5,3,1,1,Needs Attention,0.6952,Medium Risk
12757,2011-05-12 19:01:00,2011-11-24 12:30:00,364,13,2395,6.579670329670329,7834.650000000001,21.52376373626374,237,0.0,0,196,16,15.1,1.14,5,5,5,Champions,0.221,Low Risk
12758,2009-12-01 14:40:00,2011-08-15 10:22:00,313,7,6155,19.664536741214057,9903.24,31.639744408945685,187,0.0,1,622,117,88.9,14.62,3,4,5,Loyal Customers,0.3756,Medium Risk
12759,2009-12-04 10:47:00,2011-10-18 14:49:00,302,8,3202,10.602649006622515,5020.74,16.62496688741722,206,0.0,0,684,52,85.5,5.78,4,4,5,Champions,0.0177,Low Risk
12760,2010-09-10 08:50:00,2010-09-10 08:50:00,21,1,198,9.428571428571429,347.8,16.561904761904763,21,0.0,1,1,456,1.0,228.0,1,1,2,Lost / Inactive,0.7307,High Risk
12761,2010-09-01 10:47:00,2010-09-08 12:17:00,27,2,281,10.407407407407408,782.95,28.99814814814815,27,0.0,1,8,458,4.0,152.67,1,2,3,Lost / Inactive,0.703,High Risk
12762,2011-11-14 14:23:00,2011-12-02 10:23:00,69,2,1227,17.782608695652176,1898.52,27.51478260869565,62,0.0,0,18,8,9.0,2.67,5,2,4,Promising / New,0.4751,Medium Risk
12763,2010-12-05 15:46:00,2011-07-24 14:12:00,18,2,316,17.555555555555557,494.08,27.448888888888888,16,1.0,1,231,138,115.5,46.0,3,2,2,Needs Attention,0.7668,High Risk
12764,2011-01-27 10:19:00,2011-01-27 10:19:00,45,1,386,8.577777777777778,1693.88,37.64177777777778,45,0.0,1,1,317,1.0,158.5,2,1,4,Lost / Inactive,0.7189,High Risk
12765,2010-03-08 09:43:00,2010-08-24 13:51:00,68,6,1009,14.838235294117649,1404.58,20.65558823529412,49,0.0588235294117647,1,170,472,28.3,67.43,1,4,4,At Risk,0.4743,Medium Risk
12766,2010-10-28 09:29:00,2011-12-06 08:46:00,402,9,5022,12.492537313432836,8918.99,22.186542288557213,253,0.0870646766169154,0,404,4,44.9,0.4,5,5,5,Champions,0.1772,Low Risk
12767,2010-11-29 09:38:00,2010-11-29 09:38:00,43,1,598,13.906976744186046,949.82,22.088837209302323,43,0.0,1,1,376,1.0,188.0,2,1,3,Lost / Inactive,0.665,Medium Risk
12768,2010-09-15 12:08:00,2010-09-15 12:08:00,10,1,102,10.2,168.69,16.869,10,0.0,1,1,451,1.0,225.5,1,1,1,Lost / Inactive,0.7749,High Risk
12769,2011-04-15 10:25:00,2011-04-15 10:25:00,32,1,356,11.125,1143.6,35.7375,32,0.0,1,1,239,1.0,119.5,2,1,3,Lost / Inactive,0.7099,High Risk
12770,2010-09-09 11:43:00,2011-05-13 09:33:00,28,2,1843,65.82142857142857,3246.45,115.94464285714284,19,0.0,1,246,211,123.0,70.33,2,2,5,Lost / Inactive,0.7239,High Risk
12771,2010-08-11 11:51:00,2010-08-11 11:51:00,15,1,104,6.933333333333334,282.3,18.82,15,0.0,1,1,486,1.0,243.0,1,1,1,Lost / Inactive,0.8052,High Risk
12772,2011-10-11 09:19:00,2011-10-11 09:19:00,55,1,556,10.10909090909091,892.47,16.226727272727274,55,0.0,0,1,60,1.0,30.0,3,1,3,Needs Attention,0.6546,Medium Risk
12773,2010-05-24 17:30:00,2010-05-24 17:30:00,6,1,109,18.166666666666668,124.25,20.70833333333333,6,0.0,1,1,564,1.0,282.0,1,1,1,Lost / Inactive,0.7612,High Risk
12774,2010-06-22 10:38:00,2010-06-22 10:38:00,6,1,53,8.833333333333334,98.7,16.45,6,0.0,1,1,536,1.0,268.0,1,1,1,Lost / Inactive,0.7922,High Risk
12775,2010-10-26 14:24:00,2011-11-22 16:33:00,81,7,1083,13.37037037037037,1686.12,20.816296296296294,55,0.0,0,393,17,56.1,2.12,5,4,4,Champions,0.4191,Medium Risk
12776,2010-02-10 12:11:00,2010-02-10 12:11:00,4,1,46,11.5,55.5,13.875,4,0.0,1,1,668,1.0,334.0,1,1,1,Lost / Inactive,0.8487,High Risk
12777,2010-09-08 11:35:00,2010-09-08 11:35:00,26,1,458,17.615384615384617,519.45,19.97884615384616,26,0.0,1,1,458,1.0,229.0,1,1,2,Lost / Inactive,0.6712,Medium Risk
12778,2010-04-16 09:57:00,2011-11-20 11:30:00,114,9,1735,15.219298245614034,1775.68,15.576140350877193,77,0.0701754385964912,0,584,20,64.9,2.0,4,5,4,Champions,0.2848,Low Risk
12779,2009-12-03 07:25:00,2011-11-02 11:43:00,269,14,3501,13.014869888475836,6474.11,24.06732342007435,142,0.0,0,700,38,50.0,2.53,4,5,5,Champions,0.0069,Low Risk
12780,2010-04-20 09:40:00,2010-04-20 09:40:00,20,1,285,14.25,337.4,16.869999999999997,20,0.0,1,1,599,1.0,299.5,1,1,2,Lost / Inactive,0.7243,High Risk
12781,2011-02-28 08:43:00,2011-10-07 10:37:00,25,2,671,26.84,826.74,33.0696,25,0.0,0,222,64,111.0,21.33,3,2,3,Needs Attention,0.6542,Medium Risk
12782,2010-07-08 13:31:00,2011-12-05 09:16:00,227,11,2017,8.885462555066079,4618.24,20.344669603524228,142,0.0,0,515,5,46.8,0.42,5,5,5,Champions,0.2709,Low Risk
12783,2011-09-25 15:35:00,2011-12-07 15:56:00,84,6,624,7.428571428571429,2225.91,26.49892857142857,76,0.2142857142857142,0,74,2,12.3,0.29,5,4,4,Champions,0.4517,Medium Risk
12784,2010-06-28 13:06:00,2011-11-30 15:38:00,129,3,862,6.682170542635659,1763.15,13.66782945736434,121,0.0,0,521,9,173.7,2.25,5,3,4,Loyal Customers,0.2471,Low Risk
12785,2009-12-08 13:56:00,2010-12-10 13:48:00,56,3,453,8.089285714285714,1100.4,19.65,42,0.0,1,367,364,122.3,91.0,2,3,3,At Risk,0.5592,Medium Risk
12786,2010-04-09 12:12:00,2010-04-09 12:12:00,18,1,324,18.0,728.5,40.47222222222222,18,0.0,1,1,610,1.0,305.0,1,1,3,Lost / Inactive,0.7111,High Risk
12787,2010-10-22 14:57:00,2011-11-30 08:44:00,44,4,510,11.590909090909092,862.18,19.595,30,0.0,0,404,10,101.0,2.0,5,3,3,Loyal Customers,0.5075,Medium Risk
12788,2010-06-29 13:05:00,2010-09-02 14:21:00,26,4,194,7.461538461538462,444.9,17.111538461538462,20,0.1153846153846153,1,66,463,16.5,92.6,1,3,2,At Risk,0.6284,Medium Risk
12789,2010-01-15 12:06:00,2011-10-05 13:34:00,8,3,36,4.5,273.35,34.16875,5,0.0,0,629,65,209.7,16.25,3,3,1,Loyal Customers,0.0777,Low Risk
12790,2010-10-25 13:04:00,2011-05-31 14:14:00,37,2,306,8.27027027027027,591.85,15.995945945945946,36,0.0,1,219,192,109.5,64.0,2,2,2,Lost / Inactive,0.7081,High Risk
12791,2010-03-25 17:29:00,2010-12-01 11:27:00,28,6,353,12.607142857142858,863.51,30.839642857142856,17,0.3214285714285714,1,251,374,41.8,53.43,2,4,3,At Risk,0.6769,Medium Risk
12792,2010-06-23 10:49:00,2011-03-28 11:36:00,47,2,394,8.382978723404255,827.01,17.59595744680851,39,0.0,1,279,257,139.5,85.67,2,2,3,Lost / Inactive,0.7109,High Risk
12793,2010-11-03 13:05:00,2011-01-09 12:12:00,44,3,461,10.477272727272728,885.53,20.125681818181818,34,0.3863636363636363,1,67,335,22.3,83.75,2,3,3,At Risk,0.4405,Medium Risk
12794,2011-09-02 12:01:00,2011-10-17 14:54:00,45,2,592,13.155555555555557,860.41,19.12022222222222,43,0.0,0,46,53,23.0,17.67,4,2,3,Promising / New,0.5047,Medium Risk
12795,2011-11-21 10:27:00,2011-11-21 10:27:00,14,1,68,4.857142857142857,430.48,30.74857142857143,14,0.0,0,1,19,1.0,9.5,5,1,2,Promising / New,0.7292,High Risk
12796,2010-03-21 15:49:00,2010-03-21 15:49:00,7,1,182,26.0,381.0,54.42857142857143,7,1.0,1,1,628,1.0,314.0,1,1,2,Lost / Inactive,0.7629,High Risk
12797,2010-10-11 12:53:00,2010-12-09 10:55:00,30,2,215,7.166666666666667,552.08,18.40266666666667,27,0.0,1,59,366,29.5,122.0,2,2,2,Lost / Inactive,0.6936,Medium Risk
12798,2010-10-14 12:27:00,2011-11-29 15:52:00,33,4,8455,256.2121212121212,8510.93,257.9069696969697,27,0.0,0,412,10,103.0,2.0,5,3,5,Loyal Customers,0.4198,Medium Risk
12799,2010-06-28 15:57:00,2010-06-28 15:57:00,15,1,137,9.133333333333333,219.35,14.623333333333331,15,0.0,1,1,529,1.0,264.5,1,1,1,Lost / Inactive,0.7358,High Risk
12800,2010-02-01 11:02:00,2010-08-26 14:11:00,34,3,284,8.352941176470589,584.25,17.183823529411764,31,0.0,1,207,470,69.0,117.5,1,3,2,At Risk,0.7015,High Risk
12801,2010-07-27 09:38:00,2010-07-27 09:38:00,50,1,505,10.1,1071.82,21.4364,50,0.0,1,1,501,1.0,250.5,1,1,3,Lost / Inactive,0.6573,Medium Risk
12802,2010-05-25 09:34:00,2011-06-06 09:36:00,138,7,1972,14.289855072463768,2416.42,17.510289855072465,108,0.0,1,378,187,54.0,23.38,3,4,4,Loyal Customers,0.3328,Low Risk
12803,2010-11-11 14:57:00,2010-11-11 14:57:00,55,1,872,15.854545454545455,1092.81,19.86927272727273,55,0.0,1,1,393,1.0,196.5,2,1,3,Lost / Inactive,0.6499,Medium Risk
12804,2010-07-27 13:52:00,2010-08-31 11:58:00,66,2,270,4.090909090909091,325.37,4.929848484848485,60,0.0,1,35,466,17.5,155.33,1,2,2,Lost / Inactive,0.6709,Medium Risk
12805,2010-02-03 09:06:00,2010-11-23 12:27:00,58,4,593,10.224137931034482,1434.95,24.74051724137931,44,0.2586206896551724,1,294,382,73.5,76.4,2,3,4,At Risk,0.6479,Medium Risk
12806,2010-04-30 10:44:00,2010-09-30 13:34:00,67,4,2087,31.149253731343283,2878.96,42.96955223880597,58,0.417910447761194,1,154,435,38.5,87.0,1,3,4,At Risk,0.6525,Medium Risk
12807,2010-11-21 14:21:00,2010-11-21 14:21:00,16,1,145,9.0625,330.35,20.646875,16,1.0,1,1,383,1.0,191.5,2,1,2,Lost / Inactive,0.7794,High Risk
12808,2010-09-03 10:24:00,2011-11-03 10:05:00,47,5,322,6.851063829787234,776.7,16.52553191489362,46,0.0,0,426,37,85.2,6.17,4,4,3,Champions,0.5118,Medium Risk
12809,2010-03-02 14:19:00,2011-06-15 10:51:00,81,3,518,6.395061728395062,1755.94,21.67827160493827,75,0.2716049382716049,1,470,178,156.7,44.5,3,3,4,Loyal Customers,0.6406,Medium Risk
12810,2010-02-01 09:52:00,2010-06-23 10:53:00,32,2,389,12.15625,534.99,16.7184375,32,0.0,1,143,535,71.5,178.33,1,2,2,Lost / Inactive,0.662,Medium Risk
12811,2010-10-08 12:20:00,2011-03-24 09:42:00,56,5,435,7.767857142857143,1033.9,18.4625,47,0.0,1,167,261,33.4,43.5,2,4,3,At Risk,0.6052,Medium Risk
12812,2011-10-26 09:54:00,2011-10-26 09:54:00,15,1,164,10.933333333333334,229.64,15.309333333333331,15,0.0,0,1,45,1.0,22.5,4,1,1,Promising / New,0.7112,High Risk
12813,2010-01-15 16:52:00,2010-07-26 09:50:00,45,3,1141,25.355555555555554,1687.8,37.50666666666667,37,0.0,1,192,502,64.0,125.5,1,3,4,At Risk,0.6539,Medium Risk
12814,2011-08-30 12:11:00,2011-08-30 12:11:00,2,1,49,24.5,125.92,62.96,2,0.0,1,1,102,1.0,51.0,3,1,1,Needs Attention,0.798,High Risk
12815,2011-05-25 13:34:00,2011-07-15 10:21:00,47,2,379,8.063829787234043,1063.46,22.6268085106383,38,0.0,1,51,148,25.5,49.33,3,2,3,Needs Attention,0.5535,Medium Risk
12816,2011-06-16 13:24:00,2011-09-05 12:41:00,29,2,128,4.413793103448276,572.2,19.731034482758623,27,0.0,1,81,96,40.5,32.0,3,2,2,Needs Attention,0.7546,High Risk
12817,2010-10-01 08:57:00,2011-03-03 16:28:00,25,3,219,8.76,690.98,27.6392,16,0.0,1,154,281,51.3,70.25,2,3,3,At Risk,0.7514,High Risk
12818,2011-03-23 12:06:00,2011-03-23 12:06:00,14,1,929,66.35714285714286,1542.08,110.14857142857144,14,0.0,1,1,262,1.0,131.0,2,1,4,Lost / Inactive,0.7551,High Risk
12819,2010-09-07 15:20:00,2010-09-07 15:20:00,19,1,344,18.105263157894736,540.52,28.448421052631577,19,0.0,1,1,458,1.0,229.0,1,1,2,Lost / Inactive,0.7073,High Risk
12820,2009-12-05 13:37:00,2011-12-06 15:12:00,159,11,1964,12.352201257861635,2689.52,16.915220125786163,131,0.0880503144654088,0,732,3,66.5,0.25,5,5,4,Champions,0.0102,Low Risk
12821,2010-04-07 15:14:00,2011-05-09 15:51:00,13,2,162,12.461538461538462,220.8,16.984615384615385,13,0.0,1,398,214,199.0,71.33,2,2,1,Lost / Inactive,0.6501,Medium Risk
12822,2011-09-13 13:46:00,2011-09-30 10:04:00,46,2,550,11.956521739130435,948.88,20.62782608695652,41,0.0,0,17,71,8.5,23.67,3,2,3,Needs Attention,0.5149,Medium Risk
12823,2010-01-29 12:52:00,2011-09-26 07:35:00,18,18,930,51.66666666666666,6501.5,361.19444444444446,1,0.0,0,605,75,33.6,3.95,3,5,5,Loyal Customers,0.2026,Low Risk
12824,2011-10-11 12:49:00,2011-10-11 12:49:00,25,1,232,9.28,397.12,15.8848,25,0.0,0,1,60,1.0,30.0,3,1,2,Needs Attention,0.698,Medium Risk
12825,2010-03-08 10:17:00,2010-07-06 13:56:00,24,2,139,5.791666666666667,518.63,21.609583333333333,20,0.0,1,121,521,60.5,173.67,1,2,2,Lost / Inactive,0.7857,High Risk
12826,2009-12-18 10:43:00,2011-12-07 10:25:00,157,12,1915,12.197452229299364,2800.75,17.839171974522294,93,0.0445859872611464,0,719,3,59.9,0.23,5,5,4,Champions,0.018,Low Risk
12827,2011-10-26 15:44:00,2011-12-04 12:17:00,25,3,197,7.88,430.15,17.206,19,0.2,0,39,6,13.0,1.5,5,3,2,Loyal Customers,0.584,Medium Risk
12828,2011-08-01 16:16:00,2011-12-07 08:45:00,56,6,494,8.821428571428571,1018.71,18.19125,46,0.0,0,128,3,21.3,0.43,5,4,3,Champions,0.4516,Medium Risk
12829,2010-06-07 15:04:00,2011-01-07 11:13:00,19,3,550,28.94736842105263,385.3,20.27894736842105,17,0.0,1,214,337,71.3,84.25,2,3,2,At Risk,0.6913,Medium Risk
12830,2011-06-21 10:53:00,2011-11-02 11:54:00,38,6,9848,259.1578947368421,6814.64,179.33263157894737,13,0.0,0,135,38,22.5,5.43,4,4,5,Champions,0.4572,Medium Risk
12831,2010-09-02 15:58:00,2011-03-22 13:02:00,22,3,303,13.772727272727272,451.11,20.505,16,0.0,1,201,262,67.0,65.5,2,3,2,At Risk,0.7113,High Risk
12832,2011-09-02 13:48:00,2011-11-07 13:30:00,27,2,195,7.222222222222222,383.03,14.186296296296298,27,0.0,0,66,32,33.0,10.67,4,2,2,Promising / New,0.7022,High Risk
12833,2011-07-17 13:46:00,2011-07-17 13:46:00,24,1,156,6.5,417.38,17.390833333333333,24,1.0,1,1,145,1.0,72.5,3,1,2,Needs Attention,0.7712,High Risk
12834,2011-03-02 09:49:00,2011-03-02 09:49:00,18,1,110,6.111111111111111,312.38,17.354444444444443,18,0.0,1,1,283,1.0,141.5,2,1,2,Lost / Inactive,0.8418,High Risk
12835,2009-12-03 12:13:00,2010-10-08 10:59:00,615,41,2349,3.819512195121951,5996.83,9.750943089430894,138,0.0,1,309,428,7.5,10.19,1,5,5,At Risk,0.4332,Medium Risk
12836,2009-12-01 14:19:00,2011-10-11 15:10:00,411,15,2231,5.428223844282239,6559.73,15.960413625304136,280,0.0291970802919708,0,680,59,45.3,3.69,4,5,5,Champions,0.0145,Low Risk
12837,2010-05-19 15:10:00,2011-06-19 16:07:00,88,2,194,2.2045454545454546,662.66,7.530227272727273,83,0.1363636363636363,1,397,173,198.5,57.67,3,2,3,Needs Attention,0.4666,Medium Risk
12838,2010-04-26 09:59:00,2011-11-06 12:20:00,356,10,1606,4.51123595505618,2975.91,8.359297752808988,230,0.1713483146067415,0,560,34,56.0,3.09,4,5,5,Champions,0.2673,Low Risk
12839,2009-12-07 09:18:00,2011-12-07 12:33:00,554,26,6578,11.873646209386282,9669.12,17.453285198555957,156,0.0288808664259927,0,731,3,28.1,0.11,5,5,5,Champions,0.0053,Low Risk
12840,2010-02-03 14:51:00,2011-07-19 09:29:00,176,7,2258,12.829545454545457,4041.97,22.96573863636364,109,0.0,1,531,144,75.9,18.0,3,4,5,Loyal Customers,0.2495,Low Risk
12841,2010-07-08 15:38:00,2011-12-05 11:13:00,644,40,5008,7.77639751552795,6958.2,10.804658385093168,307,0.2857142857142857,0,515,5,12.9,0.12,5,5,5,Champions,0.1752,Low Risk
12842,2009-12-02 08:15:00,2011-09-30 15:33:00,48,4,887,18.479166666666668,1917.99,39.958125,45,0.2291666666666666,0,668,70,167.0,14.0,3,3,4,Loyal Customers,0.0718,Low Risk
12843,2009-12-13 11:41:00,2011-10-05 12:09:00,219,30,3028,13.82648401826484,6583.36,30.061004566210045,130,0.2557077625570776,0,662,66,22.1,2.13,3,5,5,Loyal Customers,0.033,Low Risk
12844,2010-04-25 11:51:00,2011-11-10 13:31:00,103,4,223,2.1650485436893203,648.6,6.297087378640777,88,0.203883495145631,0,565,29,141.2,5.8,4,3,3,Loyal Customers,0.2119,Low Risk
12845,2011-02-22 14:10:00,2011-03-17 13:34:00,27,4,204,7.555555555555555,354.09000000000003,13.114444444444446,26,0.0,1,23,267,5.8,53.4,2,3,2,At Risk,0.641,Medium Risk
12846,2010-01-26 16:29:00,2010-01-26 16:29:00,1,1,1,1.0,15.58,15.58,1,0.0,1,1,682,1.0,341.0,1,1,1,Lost / Inactive,0.9405,High Risk
12847,2010-11-17 12:44:00,2011-11-17 13:16:00,119,2,1497,12.579831932773107,1609.0,13.521008403361344,100,0.0,0,366,22,183.0,7.33,4,2,4,Promising / New,0.2637,Low Risk
12848,2010-02-02 12:45:00,2010-02-02 12:45:00,16,1,58,3.625,208.0,13.0,16,0.0,1,1,676,1.0,338.0,1,1,1,Lost / Inactive,0.8846,High Risk
12849,2010-04-27 13:44:00,2011-11-08 13:41:00,144,6,1855,12.881944444444445,3042.47,21.12826388888889,123,0.0,0,560,31,93.3,4.43,4,4,5,Champions,0.2115,Low Risk
12850,2010-09-20 12:26:00,2010-09-20 12:26:00,2,1,200,100.0,330.0,165.0,2,0.0,1,1,446,1.0,223.0,1,1,2,Lost / Inactive,0.743,High Risk
12851,2010-08-19 15:13:00,2011-09-04 12:41:00,77,2,157,2.038961038961039,280.76,3.6462337662337663,71,0.6103896103896104,1,381,97,190.5,32.33,3,2,1,Needs Attention,0.6478,Medium Risk
12852,2011-02-18 08:47:00,2011-02-18 08:47:00,17,1,149,8.764705882352942,311.55,18.326470588235296,17,0.0,1,1,295,1.0,147.5,2,1,2,Lost / Inactive,0.7628,High Risk
12853,2010-02-05 11:57:00,2011-07-28 11:29:00,148,11,1668,11.27027027027027,3907.5,26.402027027027028,111,0.0,1,538,135,48.9,11.25,3,5,5,Loyal Customers,0.3718,Medium Risk
12854,2009-12-11 12:55:00,2011-09-22 12:15:00,261,7,1630,6.245210727969349,2970.97,11.383026819923373,188,0.0,0,650,79,92.9,9.88,3,4,5,Loyal Customers,0.0378,Low Risk
12855,2010-11-02 18:16:00,2010-12-02 09:37:00,67,4,240,3.582089552238806,612.84,9.146865671641793,65,0.0,1,30,373,7.5,74.6,2,3,3,At Risk,0.5995,Medium Risk
12856,2011-10-07 12:38:00,2011-12-02 10:52:00,311,6,1076,3.459807073954984,2170.78,6.98,155,0.0,0,56,8,9.3,1.14,5,4,4,Champions,0.2459,Low Risk
12857,2010-01-25 15:37:00,2011-05-13 10:20:00,121,6,1420,11.735537190082646,3688.0,30.479338842975206,71,0.0,1,473,211,78.8,30.14,2,4,5,At Risk,0.4703,Medium Risk
12858,2010-11-21 12:55:00,2010-11-21 12:55:00,37,1,51,1.3783783783783785,147.27,3.980270270270271,36,1.0,1,1,383,1.0,191.5,2,1,1,Lost / Inactive,0.8678,High Risk
12859,2010-09-07 12:20:00,2010-09-07 12:20:00,21,1,292,13.904761904761903,575.1,27.38571428571429,21,0.0,1,1,459,1.0,229.5,1,1,2,Lost / Inactive,0.7414,High Risk
12860,2010-01-15 15:22:00,2010-01-15 15:22:00,16,1,26,1.625,54.22,3.38875,16,0.0,1,1,693,1.0,346.5,1,1,1,Lost / Inactive,0.9014,High Risk
12861,2010-03-30 11:39:00,2010-03-30 11:39:00,4,1,27,6.75,68.25,17.0625,4,0.0,1,1,620,1.0,310.0,1,1,1,Lost / Inactive,0.8823,High Risk
12862,2010-08-01 15:20:00,2010-10-10 11:47:00,131,2,611,4.66412213740458,984.62,7.51618320610687,119,1.0,1,70,426,35.0,142.0,1,2,3,Lost / Inactive,0.5785,Medium Risk
12863,2010-04-29 13:54:00,2011-10-18 14:15:00,48,6,895,18.64583333333333,2792.55,58.178125,24,0.0,0,538,52,89.7,7.43,4,4,4,Champions,0.2886,Low Risk
12864,2010-07-19 17:22:00,2011-07-24 13:03:00,7,2,447,63.85714285714285,299.57,42.79571428571428,5,0.4285714285714285,1,370,138,185.0,46.0,3,2,2,Needs Attention,0.6131,Medium Risk
12865,2010-08-20 12:20:00,2011-11-13 14:31:00,195,4,1973,10.117948717948718,3323.47,17.043435897435895,156,0.1897435897435897,0,451,26,112.8,5.2,4,3,5,Loyal Customers,0.3439,Low Risk
12866,2010-07-25 11:37:00,2011-03-01 14:11:00,63,3,553,8.777777777777779,1227.35,19.48174603174603,58,0.5873015873015873,1,220,283,73.3,70.75,2,3,4,At Risk,0.6594,Medium Risk
12867,2009-12-16 16:25:00,2011-11-13 15:30:00,1050,13,7876,7.500952380952381,7829.26,7.456438095238095,365,0.4561904761904762,0,697,26,53.6,1.86,4,5,5,Champions,0.0176,Low Risk
12868,2010-11-12 10:05:00,2011-06-07 10:42:00,134,8,1170,8.73134328358209,2043.76,15.251940298507463,86,0.0,1,208,186,26.0,20.67,3,4,4,Loyal Customers,0.4447,Medium Risk
12869,2010-01-27 12:10:00,2010-01-27 12:10:00,37,1,144,3.891891891891892,337.67,9.126216216216216,35,0.0,1,1,682,1.0,341.0,1,1,2,Lost / Inactive,0.7744,High Risk
12870,2010-03-25 14:32:00,2010-11-29 13:42:00,93,3,906,9.741935483870968,1676.95,18.031720430107526,85,0.0,1,249,375,83.0,93.75,2,3,4,At Risk,0.6355,Medium Risk
12871,2010-09-26 10:34:00,2011-09-16 15:07:00,18,3,484,26.88888888888889,744.02,41.33444444444444,13,0.3888888888888889,0,356,84,118.7,21.0,3,3,3,Loyal Customers,0.5117,Medium Risk
12872,2009-12-03 20:03:00,2011-01-17 10:52:00,394,12,1642,4.16751269035533,3283.96,8.33492385786802,217,0.3705583756345177,1,410,327,34.2,25.15,2,5,5,At Risk,0.2815,Low Risk
12873,2010-01-27 09:50:00,2011-03-02 14:58:00,35,3,786,22.457142857142856,2027.3,57.92285714285714,33,0.4857142857142857,1,400,282,133.3,70.5,2,3,4,At Risk,0.6337,Medium Risk
12874,2010-06-03 12:51:00,2010-11-19 15:23:00,48,2,623,12.979166666666666,948.42,19.75875,44,0.0,1,170,385,85.0,128.33,2,2,3,Lost / Inactive,0.6825,Medium Risk
12875,2010-01-11 12:37:00,2011-07-19 15:30:00,8,5,5187,648.375,1356.99,169.62375,2,0.125,1,555,143,111.0,23.83,3,4,4,Loyal Customers,0.7043,High Risk
12876,2010-04-28 13:26:00,2011-10-13 12:26:00,170,4,3047,17.923529411764704,4081.79,24.010529411764704,117,0.0,0,533,58,133.2,11.6,4,3,5,Loyal Customers,0.2242,Low Risk
12877,2010-01-18 10:23:00,2011-12-06 10:30:00,274,20,2237,8.164233576642335,2942.14,10.737737226277371,149,0.1715328467153284,0,688,4,34.4,0.19,5,5,5,Champions,0.0153,Low Risk
12878,2011-03-18 14:02:00,2011-04-17 13:07:00,47,2,547,11.638297872340424,854.99,18.19127659574468,38,0.5957446808510638,1,30,236,15.0,78.67,2,2,3,Lost / Inactive,0.5198,Medium Risk
12879,2011-09-09 12:11:00,2011-10-26 12:24:00,10,3,370,37.0,573.22,57.322,7,0.0,0,48,45,16.0,11.25,4,3,2,Loyal Customers,0.5611,Medium Risk
12880,2010-05-14 11:57:00,2010-11-23 10:50:00,36,2,279,7.75,640.13,17.781388888888888,32,0.0,1,193,382,96.5,127.33,2,2,3,Lost / Inactive,0.7478,High Risk
12881,2011-03-09 11:44:00,2011-03-09 11:44:00,7,1,21,3.0,298.0,42.57142857142857,7,0.0,1,1,276,1.0,138.0,2,1,2,Lost / Inactive,0.8992,High Risk
12882,2011-11-06 11:22:00,2011-11-30 16:18:00,13,2,246,18.923076923076923,1463.04,112.54153846153848,12,0.3846153846153846,0,25,9,12.5,3.0,5,2,4,Promising / New,0.5683,Medium Risk
12883,2011-09-11 15:18:00,2011-11-15 09:32:00,42,4,196,4.666666666666667,703.47,16.749285714285715,39,0.4523809523809524,0,65,25,16.2,5.0,4,3,3,Loyal Customers,0.5264,Medium Risk
12884,2011-09-12 13:10:00,2011-09-12 13:10:00,7,1,43,6.142857142857143,309.05,44.15,7,0.0,0,1,88,1.0,44.0,3,1,2,Needs Attention,0.7935,High Risk
12885,2011-08-08 11:45:00,2011-10-07 13:40:00,71,3,655,9.225352112676056,1175.22,16.552394366197184,66,0.0,0,61,63,20.3,15.75,3,3,3,Loyal Customers,0.3956,Medium Risk
12886,2011-05-04 11:21:00,2011-10-03 10:09:00,82,2,770,9.390243902439025,1378.4,16.809756097560978,75,0.0,0,152,68,76.0,22.67,3,2,4,Needs Attention,0.5765,Medium Risk
12887,2010-11-21 11:18:00,2010-11-21 11:18:00,13,1,100,7.6923076923076925,222.4,17.107692307692307,13,1.0,1,1,384,1.0,192.0,2,1,1,Lost / Inactive,0.8401,High Risk
12888,2011-03-29 14:31:00,2011-05-09 16:02:00,5,2,76,15.2,354.12,70.824,4,0.0,1,42,214,21.0,71.33,2,2,2,Lost / Inactive,0.7514,High Risk
12889,2010-07-25 14:32:00,2010-11-23 16:08:00,25,4,124,4.96,385.46,15.418399999999998,25,0.48,1,122,381,30.5,76.2,2,3,2,At Risk,0.766,High Risk
12890,2010-11-17 14:05:00,2011-11-15 17:26:00,135,2,457,3.3851851851851853,706.02,5.229777777777778,124,0.0,0,364,24,182.0,8.0,4,2,3,Promising / New,0.2031,Low Risk
12891,2010-02-18 14:32:00,2011-06-07 12:31:00,11,11,2325,211.3636363636364,840.5,76.4090909090909,2,0.1818181818181818,1,474,186,43.1,15.5,3,5,3,Loyal Customers,0.7478,High Risk
12892,2010-11-08 09:51:00,2010-11-08 09:51:00,18,1,140,7.777777777777778,263.38,14.632222222222222,18,0.0,1,1,397,1.0,198.5,2,1,1,Lost / Inactive,0.7484,High Risk
12893,2011-11-09 12:34:00,2011-11-09 12:34:00,31,1,90,2.903225806451613,176.55,5.695161290322581,27,0.0,0,1,31,1.0,15.5,4,1,1,Promising / New,0.8106,High Risk
12894,2010-05-13 14:47:00,2010-05-13 14:47:00,21,1,33,1.5714285714285714,157.35,7.492857142857143,21,0.0,1,1,575,1.0,287.5,1,1,1,Lost / Inactive,0.9097,High Risk
12895,2011-09-14 08:35:00,2011-10-28 13:51:00,22,2,210,9.545454545454543,372.8,16.945454545454545,22,0.0,0,45,42,22.5,14.0,4,2,2,Promising / New,0.6387,Medium Risk
12897,2010-06-14 11:58:00,2011-05-19 12:13:00,14,4,249,17.785714285714285,514.25,36.73214285714285,10,0.0,1,340,205,85.0,41.0,2,3,2,At Risk,0.7712,High Risk
12898,2010-02-18 12:36:00,2010-09-02 08:08:00,27,2,235,8.703703703703704,296.21,10.97074074074074,27,0.0,1,196,464,98.0,154.67,1,2,2,Lost / Inactive,0.7226,High Risk
12899,2010-10-22 09:53:00,2010-10-22 09:53:00,17,1,108,6.352941176470588,366.4,21.552941176470583,17,0.0,1,1,414,1.0,207.0,1,1,2,Lost / Inactive,0.7898,High Risk
12900,2010-10-13 15:17:00,2010-10-13 15:17:00,13,1,139,10.692307692307692,340.33,26.179230769230767,13,0.0,1,1,422,1.0,211.0,1,1,2,Lost / Inactive,0.7465,High Risk
12901,2011-03-14 10:41:00,2011-12-01 10:07:00,116,28,23075,198.92241379310343,17654.54,152.19431034482758,30,0.0172413793103448,0,262,9,9.4,0.31,5,5,5,Champions,0.2522,Low Risk
12902,2011-03-20 12:06:00,2011-03-20 12:06:00,10,1,66,6.6,138.68,13.868,10,1.0,1,1,265,1.0,132.5,2,1,1,Lost / Inactive,0.8758,High Risk
12903,2010-10-07 12:39:00,2010-10-07 12:39:00,41,1,493,12.024390243902438,833.53,20.33,41,0.0,1,1,429,1.0,214.5,1,1,3,Lost / Inactive,0.6464,Medium Risk
12904,2011-06-20 13:18:00,2011-11-21 14:34:00,71,2,294,4.140845070422535,496.06,6.986760563380281,59,0.0,0,155,18,77.5,6.0,5,2,2,Promising / New,0.7156,High Risk
12905,2010-01-26 14:06:00,2010-05-12 10:05:00,54,2,532,9.851851851851851,1018.42,18.85962962962963,52,0.0,1,106,577,53.0,192.33,1,2,3,Lost / Inactive,0.6707,Medium Risk
12906,2011-09-22 15:03:00,2011-11-28 09:55:00,63,5,1749,27.761904761904763,2919.81,46.34619047619047,55,0.0,0,67,12,13.4,2.0,5,4,5,Champions,0.3653,Medium Risk
12907,2010-08-02 14:33:00,2010-11-09 12:08:00,25,2,177,7.08,508.91,20.3564,23,0.0,1,99,396,49.5,132.0,2,2,2,Lost / Inactive,0.7551,High Risk
12908,2010-03-19 15:59:00,2011-06-16 15:39:00,5,5,3000,600.0,1776.0,355.2,1,0.0,1,454,176,90.8,29.33,3,4,4,Loyal Customers,0.6922,Medium Risk
12909,2010-02-24 12:14:00,2011-10-31 12:43:00,158,8,1948,12.329113924050631,3103.19,19.640443037974684,120,0.1392405063291139,0,615,40,76.9,4.44,4,4,5,Champions,0.0549,Low Risk
12910,2010-03-28 13:10:00,2011-11-16 14:28:00,137,13,3632,26.51094890510949,5796.52,42.310364963503645,75,0.1751824817518248,0,599,23,46.1,1.64,4,5,5,Champions,0.1213,Low Risk
12911,2010-06-06 12:13:00,2010-06-06 12:13:00,236,1,807,3.419491525423729,1651.72,6.998813559322034,220,1.0,1,1,552,1.0,276.0,1,1,4,Lost / Inactive,0.5869,Medium Risk
12912,2011-10-30 11:35:00,2011-12-07 08:55:00,24,5,670,27.916666666666668,1662.3,69.2625,17,0.2916666666666667,0,38,3,7.6,0.5,5,4,4,Champions,0.3782,Medium Risk
12913,2009-12-01 12:18:00,2011-12-05 12:11:00,92,13,3086,33.54347826086956,6283.24,68.29608695652173,52,0.0,0,734,5,56.5,0.36,5,5,5,Champions,0.0196,Low Risk
12914,2010-11-04 12:28:00,2010-11-04 12:28:00,9,1,336,37.333333333333336,223.98,24.886666666666667,9,0.0,1,1,401,1.0,200.5,2,1,1,Lost / Inactive,0.6993,Medium Risk
12915,2010-04-29 19:36:00,2011-07-14 11:34:00,60,4,411,6.85,975.1,16.25166666666667,46,0.0,1,441,149,110.2,29.8,3,3,3,Loyal Customers,0.5796,Medium Risk
12916,2010-01-24 11:26:00,2011-07-24 10:35:00,172,7,1681,9.773255813953488,4479.73,26.044941860465112,82,0.9186046511627908,1,546,139,78.0,17.38,3,4,5,Loyal Customers,0.5162,Medium Risk
12917,2009-12-09 14:22:00,2011-08-03 16:42:00,50,6,1104,22.08,4359.2,87.184,45,0.0,1,603,128,100.5,18.29,3,4,5,Loyal Customers,0.4536,Medium Risk
12918,2010-03-23 15:22:00,2010-03-23 15:22:00,1,1,1,1.0,10953.5,10953.5,1,0.0,1,1,626,1.0,313.0,1,1,5,Lost / Inactive,0.846,High Risk
12919,2011-06-23 09:22:00,2011-12-01 13:47:00,50,6,673,13.46,1335.19,26.7038,34,0.0,0,162,8,27.0,1.14,5,4,4,Champions,0.407,Medium Risk
12920,2009-12-14 15:58:00,2011-11-22 15:05:00,59,4,420,7.11864406779661,486.64,8.248135593220338,59,0.0,0,708,17,177.0,3.4,5,3,2,Loyal Customers,0.0383,Low Risk
12921,2009-12-01 13:43:00,2011-11-30 16:22:00,1499,74,21328,14.228152101400934,35233.24,23.504496330887257,322,0.0513675783855904,0,730,9,9.9,0.12,5,5,5,Champions,0.0118,Low Risk
12922,2011-07-01 15:35:00,2011-07-01 15:35:00,28,1,370,13.214285714285714,405.38,14.477857142857143,28,0.0,1,1,161,1.0,80.5,3,1,2,Needs Attention,0.6265,Medium Risk
12923,2010-05-13 14:55:00,2011-10-06 16:20:00,60,3,230,3.8333333333333335,770.42,12.840333333333332,54,0.25,0,512,64,170.7,16.0,3,3,3,Loyal Customers,0.2749,Low Risk
12924,2009-12-09 12:40:00,2011-09-12 13:55:00,74,12,1423,19.22972972972973,2469.4,33.37027027027027,56,0.027027027027027,0,643,88,53.6,6.77,3,5,4,Loyal Customers,0.085,Low Risk
12925,2010-04-26 10:32:00,2011-12-05 11:11:00,50,3,649,12.98,729.33,14.5866,46,0.0,0,589,5,196.3,1.25,5,3,3,Loyal Customers,0.1676,Low Risk
12926,2009-12-14 14:35:00,2010-10-24 15:57:00,262,4,754,2.877862595419847,1523.97,5.816679389312977,202,0.1374045801526717,1,315,411,78.8,82.2,1,3,4,At Risk,0.6371,Medium Risk
12927,2010-11-10 10:02:00,2010-11-10 10:02:00,11,1,145,13.181818181818182,197.31,17.937272727272727,11,0.0,1,1,395,1.0,197.5,2,1,1,Lost / Inactive,0.696,Medium Risk
12928,2010-06-08 10:16:00,2011-11-04 14:24:00,179,12,2899,16.195530726256983,4304.89,24.04966480446928,94,0.0,0,515,35,42.9,2.69,4,5,5,Champions,0.1776,Low Risk
12929,2011-02-01 12:08:00,2011-02-01 12:08:00,8,1,37,4.625,117.85,14.73125,8,0.0,1,1,312,1.0,156.0,2,1,1,Lost / Inactive,0.917,High Risk
12930,2011-06-21 13:25:00,2011-09-22 15:18:00,25,2,252,10.08,415.8,16.632,20,0.0,0,94,78,47.0,26.0,3,2,2,Needs Attention,0.7008,High Risk
12931,2009-12-01 11:46:00,2011-11-18 12:39:00,218,57,62906,288.5596330275229,92347.34,423.6116513761468,37,0.0091743119266055,0,718,22,12.6,0.38,4,5,5,Champions,0.0199,Low Risk
12932,2010-02-10 08:46:00,2010-06-18 14:22:00,95,8,1609,16.936842105263157,1698.56,17.87957894736842,69,0.2736842105263158,1,129,539,16.1,59.89,1,4,4,At Risk,0.4503,Medium Risk
12933,2009-12-10 16:39:00,2011-11-15 16:38:00,289,8,949,3.283737024221453,1636.63,5.663079584775087,227,0.0,0,705,24,88.1,2.67,4,4,4,Champions,0.0354,Low Risk
12934,2009-12-03 10:51:00,2009-12-03 10:51:00,2,1,31,15.5,181.65,90.825,2,0.0,1,1,737,1.0,368.5,1,1,1,Lost / Inactive,0.8134,High Risk
12935,2010-04-11 15:59:00,2011-12-07 17:25:00,254,15,3201,12.60236220472441,4243.86,16.70811023622047,113,0.1889763779527559,0,606,2,40.4,0.12,5,5,5,Champions,0.0429,Low Risk
12936,2011-09-22 13:51:00,2011-11-22 17:32:00,62,4,559,9.016129032258064,1063.9,17.15967741935484,56,0.0,0,62,17,15.5,3.4,5,3,3,Loyal Customers,0.3843,Medium Risk
12937,2009-12-03 15:43:00,2011-11-24 15:05:00,217,9,1983,9.138248847926269,3097.61,14.274700460829491,128,0.0,0,721,15,80.1,1.5,5,5,5,Champions,0.0108,Low Risk
12938,2011-11-14 11:21:00,2011-11-14 11:21:00,9,1,140,15.555555555555555,114.14,12.682222222222222,9,0.0,0,1,26,1.0,13.0,4,1,1,Promising / New,0.6594,Medium Risk
12939,2010-01-12 11:27:00,2011-10-06 14:33:00,86,20,10328,120.09302325581396,25264.8,293.7767441860465,24,0.127906976744186,0,633,64,31.6,3.05,3,5,5,Loyal Customers,0.1043,Low Risk
12940,2011-09-13 10:16:00,2011-10-16 12:09:00,96,2,404,4.208333333333333,899.69,9.371770833333334,87,0.8020833333333334,0,34,55,17.0,18.33,4,2,3,Promising / New,0.4209,Medium Risk
12941,2009-12-15 13:12:00,2009-12-15 13:12:00,27,1,381,14.11111111111111,377.49,13.981111111111112,27,0.0,1,1,724,1.0,362.0,1,1,2,Lost / Inactive,0.6198,Medium Risk
12942,2010-12-09 09:34:00,2011-07-31 14:39:00,70,3,198,2.8285714285714287,675.6,9.651428571428571,68,0.6571428571428571,1,235,131,78.3,32.75,3,3,3,Loyal Customers,0.7408,High Risk
12943,2010-04-13 11:03:00,2010-05-30 13:52:00,25,2,222,8.88,496.5,19.86,22,0.2,1,48,558,24.0,186.0,1,2,2,Lost / Inactive,0.652,Medium Risk
12944,2010-12-20 10:41:00,2011-11-04 11:04:00,30,2,289,9.633333333333333,604.51,20.15033333333333,29,0.0,0,320,36,160.0,12.0,4,2,2,Promising / New,0.6735,Medium Risk
12945,2010-02-21 15:18:00,2011-02-24 14:15:00,51,2,446,8.745098039215685,900.11,17.64921568627451,47,0.5490196078431373,1,368,288,184.0,96.0,2,2,3,Lost / Inactive,0.3532,Medium Risk
12946,2010-09-29 10:14:00,2010-09-29 10:14:00,20,1,149,7.45,324.45,16.2225,20,0.0,1,1,437,1.0,218.5,1,1,2,Lost / Inactive,0.7389,High Risk
12947,2010-12-01 16:21:00,2011-07-19 10:06:00,97,6,1165,12.010309278350515,1603.99,16.535979381443298,83,0.0,1,230,144,38.3,20.57,3,4,4,Loyal Customers,0.4858,Medium Risk
12948,2009-12-02 12:28:00,2011-11-23 17:10:00,125,9,1304,10.432,2317.43,18.53944,89,0.2,0,722,16,80.2,1.6,5,5,4,Champions,0.0195,Low Risk
12949,2009-12-03 15:56:00,2011-11-09 11:25:00,715,22,8233,11.514685314685314,15526.7,21.715664335664336,347,0.0,0,706,31,32.1,1.35,4,5,5,Champions,0.0035,Low Risk
12950,2011-11-15 13:48:00,2011-12-07 13:17:00,23,3,1380,60.0,1843.0,80.1304347826087,13,0.0,0,22,2,7.3,0.5,5,3,4,Loyal Customers,0.4457,Medium Risk
12951,2010-01-10 12:43:00,2011-12-01 12:14:00,194,15,1662,8.56701030927835,3213.72,16.565567010309277,110,0.2525773195876288,0,690,9,46.0,0.56,5,5,5,Champions,0.0149,Low Risk
12952,2011-09-22 16:37:00,2011-12-04 10:35:00,79,4,653,8.265822784810126,1387.79,17.566962025316457,64,0.2278481012658227,0,73,6,18.2,1.2,5,3,4,Loyal Customers,0.398,Medium Risk
12953,2010-07-05 13:37:00,2011-11-30 09:24:00,48,2,364,7.583333333333333,828.81,17.266875,45,0.0,0,513,10,256.5,3.33,5,2,3,Promising / New,0.2804,Low Risk
12954,2010-03-11 10:16:00,2010-03-11 10:16:00,10,1,83,8.3,162.45,16.244999999999997,10,0.0,1,1,639,1.0,319.5,1,1,1,Lost / Inactive,0.7912,High Risk
12955,2011-03-17 09:03:00,2011-12-08 16:29:00,180,11,3664,20.355555555555554,4757.16,26.428666666666665,81,0.0,0,267,1,24.3,0.08,5,5,5,Champions,0.2416,Low Risk
12956,2009-12-15 19:03:00,2011-02-06 16:08:00,42,4,340,8.095238095238095,521.89,12.42595238095238,42,0.6666666666666666,1,418,306,104.5,61.2,2,3,2,At Risk,0.584,Medium Risk
12957,2009-12-11 12:01:00,2011-11-30 09:53:00,490,13,4686,9.56326530612245,8706.97,17.769326530612243,402,0.0,0,719,10,55.3,0.71,5,5,5,Champions,0.0081,Low Risk
12958,2010-05-05 16:22:00,2010-11-04 16:16:00,49,2,118,2.4081632653061225,467.34,9.537551020408165,45,0.0,1,183,400,91.5,133.33,2,2,2,Lost / Inactive,0.8271,High Risk
12959,2010-08-12 17:20:00,2010-08-12 17:20:00,8,1,109,13.625,150.95,18.86875,8,0.0,1,1,484,1.0,242.0,1,1,1,Lost / Inactive,0.7494,High Risk
12960,2010-02-16 13:32:00,2010-10-22 09:31:00,70,4,1379,19.7,1322.07,18.886714285714284,49,0.0,1,248,414,62.0,82.8,1,3,4,At Risk,0.5782,Medium Risk
12961,2010-11-25 16:44:00,2010-11-25 16:44:00,40,1,180,4.5,211.99,5.29975,37,0.0,1,1,379,1.0,189.5,2,1,1,Lost / Inactive,0.7475,High Risk
12962,2011-08-18 13:38:00,2011-12-02 15:55:00,16,2,129,8.0625,266.39,16.649375,15,0.0,0,107,7,53.5,2.33,5,2,1,Promising / New,0.7218,High Risk
12963,2010-07-08 14:45:00,2011-12-01 12:55:00,174,12,1637,9.408045977011492,3235.79,18.59649425287356,129,0.0,0,511,8,42.6,0.62,5,5,5,Champions,0.2314,Low Risk
12964,2010-09-28 17:47:00,2010-09-28 17:47:00,26,1,56,2.1538461538461537,132.24,5.086153846153847,26,0.0,1,1,437,1.0,218.5,1,1,1,Lost / Inactive,0.8655,High Risk
12965,2011-09-11 15:31:00,2011-09-11 15:31:00,108,1,282,2.611111111111111,769.8100000000001,7.1278703703703705,108,1.0,0,1,89,1.0,44.5,3,1,3,Needs Attention,0.6415,Medium Risk
12966,2011-11-30 12:38:00,2011-11-30 12:38:00,10,1,75,7.5,160.18,16.018,10,0.0,0,1,10,1.0,5.0,5,1,1,Promising / New,0.7657,High Risk
12967,2010-11-21 11:03:00,2010-12-16 19:10:00,65,3,912,14.03076923076923,2938.52,45.208,47,0.7076923076923077,1,26,358,8.7,89.5,2,3,5,At Risk,0.5488,Medium Risk
12968,2011-08-19 15:44:00,2011-08-19 15:44:00,5,1,73,14.6,135.95,27.19,5,0.0,1,1,112,1.0,56.0,3,1,1,Needs Attention,0.7733,High Risk
12969,2010-04-16 10:50:00,2010-04-16 10:50:00,5,1,55,11.0,122.45,24.49,5,0.0,1,1,603,1.0,301.5,1,1,1,Lost / Inactive,0.7653,High Risk
12970,2009-12-04 14:19:00,2011-12-02 14:30:00,345,10,954,2.765217391304348,1453.6,4.213333333333333,280,0.0,0,729,7,72.9,0.64,5,5,4,Champions,0.0191,Low Risk
12971,2009-12-15 19:04:00,2011-12-06 12:20:00,407,116,14306,35.14987714987715,15704.6,38.58624078624079,102,0.0737100737100737,0,721,4,6.2,0.03,5,5,5,Champions,0.0145,Low Risk
12972,2010-02-16 14:30:00,2010-10-22 08:41:00,77,4,844,10.96103896103896,1161.2,15.08051948051948,69,0.0,1,248,414,62.0,82.8,1,3,3,At Risk,0.6281,Medium Risk
12973,2010-10-22 10:14:00,2010-10-22 10:14:00,6,1,31,5.166666666666667,385.55,64.25833333333334,6,0.0,1,1,414,1.0,207.0,1,1,2,Lost / Inactive,0.8149,High Risk
12974,2010-05-23 11:45:00,2011-05-26 09:33:00,32,2,104,3.25,408.95,12.7796875,27,0.75,1,368,198,184.0,66.0,2,2,2,Lost / Inactive,0.6071,Medium Risk
12975,2009-12-06 10:38:00,2010-09-29 09:46:00,112,6,911,8.133928571428571,2100.09,18.750803571428573,92,0.2053571428571428,1,297,437,49.5,62.43,1,4,4,At Risk,0.5957,Medium Risk
12976,2010-02-12 15:46:00,2011-05-12 09:55:00,154,8,2684,17.428571428571427,3156.38,20.495974025974025,106,0.0,1,454,212,56.8,23.56,2,4,5,At Risk,0.3516,Medium Risk
12977,2010-07-16 16:25:00,2011-07-06 16:40:00,58,4,128,2.206896551724138,513.88,8.86,54,0.0,1,356,156,89.0,31.2,3,3,2,Loyal Customers,0.7067,High Risk
12978,2009-12-10 12:10:00,2010-11-19 14:29:00,163,5,1394,8.552147239263803,2502.82,15.35472392638037,126,0.0,1,345,385,69.0,64.17,2,4,4,At Risk,0.5105,Medium Risk
12979,2009-12-10 15:45:00,2009-12-10 15:45:00,56,1,520,9.285714285714286,517.7,9.24464285714286,56,0.0,1,1,729,1.0,364.5,1,1,2,Lost / Inactive,0.6354,Medium Risk
12980,2009-12-02 11:26:00,2011-07-05 09:34:00,52,21,1910,36.73076923076923,16245.78,312.4188461538462,7,0.1153846153846153,1,580,158,27.6,7.18,3,5,5,Loyal Customers,0.6151,Medium Risk
12981,2011-07-29 14:14:00,2011-11-10 12:00:00,20,2,242,12.1,372.22,18.611,12,0.0,0,104,30,52.0,10.0,4,2,2,Promising / New,0.6884,Medium Risk
12982,2010-04-12 13:50:00,2011-04-11 11:51:00,178,8,1729,9.713483146067416,2744.81,15.420280898876404,139,0.0,1,364,243,45.5,27.0,2,4,4,At Risk,0.3582,Medium Risk
12983,2010-04-20 12:58:00,2010-04-20 12:58:00,30,1,638,21.266666666666666,490.08,16.336,30,0.0,1,1,598,1.0,299.0,1,1,2,Lost / Inactive,0.6438,Medium Risk
12984,2011-11-21 12:37:00,2011-11-21 12:37:00,4,1,26,6.5,97.5,24.375,4,0.0,0,1,19,1.0,9.5,5,1,1,Promising / New,0.8276,High Risk
12985,2011-11-11 12:44:00,2011-12-09 10:46:00,76,2,1533,20.17105263157895,1239.38,16.30763157894737,73,0.0,0,28,1,14.0,0.33,5,2,4,Promising / New,0.4084,Medium Risk
12986,2010-01-21 10:45:00,2010-10-07 11:57:00,102,10,1164,11.411764705882351,2729.84,26.763137254901963,61,0.0,1,260,429,26.0,39.0,1,5,4,At Risk,0.3626,Medium Risk
12987,2010-01-20 09:57:00,2011-09-27 12:03:00,66,5,585,8.863636363636363,1312.21,19.881969696969698,61,0.0,0,616,74,123.2,12.33,3,4,4,Loyal Customers,0.1797,Low Risk
12988,2011-02-20 14:31:00,2011-02-20 14:31:00,83,1,126,1.5180722891566265,505.82,6.094216867469879,75,1.0,1,1,292,1.0,146.0,2,1,2,Lost / Inactive,0.7891,High Risk
12989,2009-12-10 13:27:00,2011-12-06 15:28:00,97,33,6935,71.49484536082474,13551.75,139.70876288659792,50,0.0309278350515463,0,727,3,22.0,0.09,5,5,5,Champions,0.0147,Low Risk
12990,2010-03-30 11:36:00,2011-11-08 13:01:00,27,7,480,17.77777777777778,955.5,35.388888888888886,9,0.0,0,589,31,84.1,3.88,4,4,3,Champions,0.2165,Low Risk
12991,2010-11-15 13:43:00,2011-11-16 15:34:00,45,3,483,10.733333333333333,764.82,16.996000000000002,45,0.0,0,367,23,122.3,5.75,4,3,3,Loyal Customers,0.4509,Medium Risk
12992,2009-12-14 16:46:00,2009-12-14 16:46:00,6,1,21,3.5,93.35,15.558333333333332,6,0.0,1,1,725,1.0,362.5,1,1,1,Lost / Inactive,0.9256,High Risk
12993,2010-02-18 10:35:00,2011-11-16 15:49:00,76,8,751,9.88157894736842,1259.63,16.574078947368424,57,0.0,0,637,23,79.6,2.56,4,4,4,Champions,0.1059,Low Risk
12994,2011-03-16 08:31:00,2011-12-05 15:43:00,61,3,459,7.524590163934426,974.42,15.974098360655738,52,0.0,0,265,4,88.3,1.0,5,3,3,Loyal Customers,0.6594,Medium Risk
12995,2011-09-15 15:44:00,2011-09-15 15:44:00,3,1,108,36.0,211.32,70.44,3,0.0,0,1,85,1.0,42.5,3,1,1,Needs Attention,0.7396,High Risk
12996,2010-11-29 09:27:00,2010-11-29 09:27:00,22,1,122,5.545454545454546,355.5,16.15909090909091,22,0.0,1,1,376,1.0,188.0,2,1,2,Lost / Inactive,0.808,High Risk
12997,2010-04-06 11:06:00,2011-11-17 15:47:00,107,8,1186,11.08411214953271,2110.91,19.72813084112149,65,0.1682242990654205,0,591,22,73.9,2.44,4,4,4,Champions,0.3628,Medium Risk
12998,2010-02-24 11:55:00,2010-08-04 08:05:00,58,3,1124,19.379310344827587,920.08,15.863448275862067,58,0.0,1,161,493,53.7,123.25,1,3,3,At Risk,0.6272,Medium Risk
12999,2011-04-08 10:26:00,2011-05-27 13:24:00,28,3,342,12.214285714285714,455.88,16.28142857142857,25,0.0,1,50,196,16.7,49.0,2,3,2,At Risk,0.5227,Medium Risk
13000,2009-12-14 17:03:00,2011-08-25 10:43:00,62,4,548,8.838709677419354,1032.5,16.653225806451612,57,0.0,1,619,107,154.8,21.4,3,3,3,Loyal Customers,0.3108,Low Risk
13001,2009-12-03 16:21:00,2011-12-05 14:51:00,1015,33,13448,13.249261083743844,24042.65,23.687339901477834,300,0.0669950738916256,0,732,4,22.2,0.12,5,5,5,Champions,0.0043,Low Risk
13002,2010-10-01 11:58:00,2011-01-25 15:18:00,23,3,201,8.73913043478261,414.13,18.00565217391304,19,0.0,1,117,318,39.0,79.5,2,3,2,At Risk,0.7067,High Risk
13003,2011-05-09 08:23:00,2011-08-26 10:50:00,6,3,103,17.166666666666668,149.05,24.84166666666667,4,0.0,1,110,106,36.7,26.5,3,3,1,Loyal Customers,0.7074,High Risk
13004,2009-12-15 09:44:00,2011-11-28 11:27:00,815,36,8768,10.758282208588955,11650.85,14.295521472392638,417,0.0858895705521472,0,714,12,19.8,0.32,5,5,5,Champions,0.0048,Low Risk
13005,2010-09-08 12:52:00,2011-06-19 10:53:00,56,4,462,8.25,999.68,17.85142857142857,41,0.1428571428571428,1,284,174,71.0,34.8,3,3,3,Loyal Customers,0.6679,Medium Risk
13006,2011-10-14 13:49:00,2011-10-14 13:49:00,4,1,55,13.75,81.57,20.3925,4,0.0,0,1,56,1.0,28.0,4,1,1,Promising / New,0.758,High Risk
13007,2010-05-09 10:38:00,2010-05-09 10:38:00,11,1,59,5.363636363636363,175.25,15.931818181818182,11,1.0,1,1,580,1.0,290.0,1,1,1,Lost / Inactive,0.878,High Risk
13008,2009-12-16 16:07:00,2011-01-20 14:24:00,35,3,379,10.82857142857143,612.13,17.489428571428572,31,0.2857142857142857,1,400,323,133.3,80.75,2,3,3,At Risk,0.5026,Medium Risk
13009,2010-02-05 12:22:00,2010-02-05 12:22:00,4,1,120,30.0,234.0,58.5,4,0.0,1,1,673,1.0,336.5,1,1,1,Lost / Inactive,0.7507,High Risk
13010,2010-03-01 11:28:00,2010-11-30 15:09:00,12,2,323,26.916666666666668,330.12,27.51,10,0.0,1,275,374,137.5,124.67,2,2,2,Lost / Inactive,0.7511,High Risk
13011,2010-12-02 17:22:00,2010-12-02 17:22:00,3,1,13,4.333333333333333,50.55,16.849999999999998,3,0.0,1,1,372,1.0,186.0,2,1,1,Lost / Inactive,0.9299,High Risk
13012,2010-04-26 14:14:00,2011-11-30 13:05:00,153,11,1559,10.18954248366013,2957.83,19.33222222222222,95,0.0,0,583,9,53.0,0.75,5,5,5,Champions,0.2284,Low Risk
13013,2009-12-14 10:34:00,2011-12-08 15:01:00,487,29,5661,11.62422997946612,11097.43,22.787330595482548,289,0.0,0,725,1,25.0,0.03,5,5,5,Champions,0.0049,Low Risk
13014,2010-10-03 11:35:00,2011-11-29 12:27:00,224,11,1979,8.834821428571429,5381.08,24.02267857142857,140,0.5133928571428571,0,423,11,38.5,0.92,5,5,5,Champions,0.3252,Low Risk
13015,2010-04-15 16:35:00,2011-10-17 13:19:00,348,11,3527,10.135057471264368,6579.78,18.907413793103448,260,0.043103448275862,0,550,53,50.0,4.42,4,5,5,Champions,0.1295,Low Risk
13016,2011-08-08 15:00:00,2011-09-27 14:08:00,47,3,527,11.212765957446807,789.89,16.806170212765956,39,0.0,0,50,73,16.7,18.25,3,3,3,Loyal Customers,0.4257,Medium Risk
13017,2011-12-02 15:53:00,2011-12-02 15:53:00,1,1,48,48.0,204.0,204.0,1,0.0,0,1,7,1.0,3.5,5,1,1,Promising / New,0.7808,High Risk
13018,2010-03-01 12:34:00,2011-11-23 13:28:00,603,35,6746,11.187396351575456,9763.16,16.190978441127694,401,0.1475953565505804,0,633,16,18.1,0.44,5,5,5,Champions,0.0147,Low Risk
13019,2009-12-06 15:40:00,2010-11-25 14:56:00,55,6,397,7.218181818181818,1229.95,22.362727272727277,46,0.3636363636363636,1,354,379,59.0,54.14,2,4,4,At Risk,0.6273,Medium Risk
13020,2010-02-18 10:35:00,2010-05-26 11:12:00,39,2,278,7.128205128205129,618.96,15.870769230769232,38,0.0,1,98,563,49.0,187.67,1,2,3,Lost / Inactive,0.7418,High Risk
13021,2009-12-05 12:02:00,2011-12-05 16:37:00,257,17,2546,9.906614785992218,4887.24,19.016498054474702,166,0.2568093385214007,0,731,4,43.0,0.22,5,5,5,Champions,0.0097,Low Risk
13022,2010-10-06 10:50:00,2010-10-06 10:50:00,5,1,35,7.0,65.3,13.06,5,0.0,1,1,430,1.0,215.0,1,1,1,Lost / Inactive,0.8812,High Risk
13023,2010-06-29 09:51:00,2011-10-06 16:27:00,76,3,585,7.697368421052632,1449.03,19.06618421052632,69,0.0,0,465,64,155.0,16.0,3,3,4,Loyal Customers,0.5409,Medium Risk
13024,2010-05-06 14:25:00,2010-08-26 09:42:00,31,2,181,5.838709677419355,555.87,17.931290322580644,26,0.0,1,112,471,56.0,157.0,1,2,2,Lost / Inactive,0.7748,High Risk
13025,2009-12-08 10:02:00,2009-12-08 10:02:00,13,1,241,18.53846153846154,323.39,24.876153846153844,13,0.0,1,1,732,1.0,366.0,1,1,2,Lost / Inactive,0.7299,High Risk
13026,2009-12-13 11:34:00,2011-12-08 16:58:00,82,9,2466,30.07317073170732,1733.08,21.13512195121951,52,0.4756097560975609,0,726,1,80.7,0.1,5,5,4,Champions,0.0603,Low Risk
13027,2010-01-20 10:41:00,2011-08-18 09:39:00,85,19,42840,504.0,17239.2,202.8141176470588,7,0.0588235294117647,1,575,114,30.3,5.7,3,5,5,Loyal Customers,0.5918,Medium Risk
13028,2011-10-25 14:09:00,2011-11-17 11:10:00,45,2,798,17.733333333333334,661.3199999999999,14.695999999999998,40,0.0,0,23,23,11.5,7.67,4,2,3,Promising / New,0.4846,Medium Risk
13029,2010-07-04 13:46:00,2011-11-09 09:13:00,17,5,194,11.411764705882351,1927.3,113.37058823529412,13,0.5882352941176471,0,493,31,98.6,5.17,4,4,4,Champions,0.3717,Medium Risk
13030,2010-12-06 14:31:00,2011-11-28 14:30:00,92,2,348,3.782608695652174,752.4399999999999,8.178695652173912,76,0.0,0,357,11,178.5,3.67,5,2,3,Promising / New,0.3181,Low Risk
13031,2010-06-03 14:57:00,2010-10-28 15:34:00,407,5,2309,5.673218673218673,3292.84,8.090515970515971,275,0.0,1,148,407,29.6,67.83,2,4,5,At Risk,0.4902,Medium Risk
13032,2010-09-05 14:01:00,2011-10-18 15:54:00,207,9,1274,6.154589371980676,2815.96,13.60367149758454,147,0.3140096618357488,0,409,52,45.4,5.2,4,5,4,Champions,0.2826,Low Risk
13033,2010-10-06 09:37:00,2010-12-17 14:23:00,13,2,98,7.538461538461538,220.55,16.965384615384615,12,0.0,1,73,357,36.5,119.0,2,2,1,Lost / Inactive,0.7578,High Risk
13034,2010-11-03 15:22:00,2011-10-16 12:21:00,44,3,406,9.227272727272728,756.8199999999999,17.200454545454544,42,0.8409090909090909,0,347,55,115.7,13.75,4,3,3,Loyal Customers,0.5126,Medium Risk
13035,2010-10-04 15:41:00,2011-09-27 08:57:00,42,3,926,22.047619047619047,1364.2,32.48095238095238,27,0.0,0,358,74,119.3,18.5,3,3,4,Loyal Customers,0.5183,Medium Risk
13036,2010-01-24 11:35:00,2010-01-24 11:35:00,6,1,38,6.333333333333333,307.1,51.18333333333334,6,1.0,1,1,685,1.0,342.5,1,1,2,Lost / Inactive,0.8668,High Risk
13037,2009-12-03 17:04:00,2011-07-24 15:46:00,232,12,2130,9.18103448275862,3914.95,16.87478448275862,181,0.0646551724137931,1,598,138,49.8,10.62,3,5,5,Loyal Customers,0.0731,Low Risk
13038,2011-02-22 11:43:00,2011-09-20 14:37:00,28,3,360,12.857142857142858,908.46,32.445,24,0.0,0,211,80,70.3,20.0,3,3,3,Loyal Customers,0.7046,High Risk
13039,2009-12-17 16:43:00,2010-05-04 16:45:00,55,4,290,5.2727272727272725,1010.73,18.37690909090909,37,0.0,1,139,584,34.8,116.8,1,3,3,At Risk,0.6542,Medium Risk
13040,2011-11-06 13:53:00,2011-12-01 10:38:00,43,2,355,8.255813953488373,676.99,15.743953488372092,38,0.4883720930232558,0,25,9,12.5,3.0,5,2,3,Promising / New,0.5531,Medium Risk
13041,2010-04-29 08:43:00,2010-09-15 11:44:00,35,4,335,9.571428571428571,799.13,22.832285714285717,23,0.0,1,140,451,35.0,90.2,1,3,3,At Risk,0.7015,High Risk
13042,2009-12-07 15:42:00,2010-04-20 13:43:00,184,3,812,4.413043478260869,1488.59,8.09016304347826,164,0.0,1,134,598,44.7,149.5,1,3,4,At Risk,0.5425,Medium Risk
13043,2011-03-11 14:52:00,2011-03-11 14:52:00,13,1,254,19.53846153846154,516.42,39.72461538461538,13,0.0,1,1,273,1.0,136.5,2,1,2,Lost / Inactive,0.7441,High Risk
13044,2010-01-08 14:46:00,2011-02-21 15:20:00,416,11,2548,6.125,4848.05,11.653966346153847,356,0.4951923076923077,1,410,291,37.3,24.25,2,5,5,At Risk,0.405,Medium Risk
13045,2010-08-10 13:02:00,2011-09-01 15:04:00,45,3,405,9.0,808.92,17.976,41,0.0,1,388,99,129.3,24.75,3,3,3,Loyal Customers,0.4582,Medium Risk
13046,2010-09-09 13:09:00,2011-11-09 08:36:00,56,3,505,9.017857142857142,949.25,16.950892857142858,50,0.0,0,426,31,142.0,7.75,4,3,3,Loyal Customers,0.4725,Medium Risk
13047,2009-12-16 11:43:00,2011-11-08 12:06:00,378,24,3328,8.804232804232804,8428.53,22.297698412698413,190,0.1428571428571428,0,693,32,28.9,1.28,4,5,5,Champions,0.005,Low Risk
13048,2010-01-27 12:55:00,2011-11-25 13:23:00,265,9,2661,10.041509433962265,4049.13,15.279735849056603,125,0.1509433962264151,0,668,14,74.2,1.4,5,5,5,Champions,0.0114,Low Risk
13049,2010-11-03 15:39:00,2011-10-06 15:31:00,26,4,620,23.846153846153847,1408.24,54.16307692307692,19,0.0,0,337,64,84.2,12.8,3,3,4,Loyal Customers,0.6284,Medium Risk
13050,2009-12-15 15:06:00,2011-11-25 09:18:00,984,35,7015,7.129065040650406,11986.52,12.181422764227642,513,0.3607723577235772,0,710,15,20.3,0.42,5,5,5,Champions,0.012,Low Risk
13051,2010-03-30 11:11:00,2010-05-10 09:14:00,4,2,72,18.0,155.8,38.95,4,0.0,1,41,579,20.5,193.0,1,2,1,Lost / Inactive,0.7519,High Risk
13052,2010-02-23 12:31:00,2011-05-11 14:12:00,248,7,1424,5.741935483870968,3119.33,12.577943548387095,161,0.0,1,443,212,63.3,26.5,2,4,5,At Risk,0.4278,Medium Risk
13053,2010-03-28 11:28:00,2010-03-28 11:28:00,17,1,47,2.764705882352941,127.65,7.508823529411765,17,1.0,1,1,622,1.0,311.0,1,1,1,Lost / Inactive,0.8959,High Risk
13055,2010-10-06 08:17:00,2011-09-22 14:26:00,154,4,1821,11.824675324675324,2321.11,15.072142857142858,145,0.0,0,352,78,88.0,15.6,3,3,4,Loyal Customers,0.3597,Medium Risk
13056,2010-06-06 14:10:00,2010-06-06 14:10:00,19,1,158,8.31578947368421,209.48,11.025263157894736,18,1.0,1,1,551,1.0,275.5,1,1,1,Lost / Inactive,0.7279,High Risk
13057,2010-03-18 12:14:00,2010-06-27 15:44:00,40,3,456,11.4,709.59,17.73975,34,0.05,1,102,530,34.0,132.5,1,3,3,At Risk,0.6445,Medium Risk
13058,2011-07-11 12:01:00,2011-11-15 12:43:00,8,3,52,6.5,271.40000000000003,33.925000000000004,5,0.0,0,128,25,42.7,6.25,4,3,1,Loyal Customers,0.6294,Medium Risk
13059,2010-03-31 12:23:00,2011-04-04 10:40:00,198,10,860,4.343434343434343,2291.77,11.57459595959596,155,0.1969696969696969,1,369,250,36.9,22.73,2,5,4,At Risk,0.4178,Medium Risk
13060,2011-03-31 11:37:00,2011-03-31 11:37:00,15,1,123,8.2,307.53,20.502,15,0.0,1,1,254,1.0,127.0,2,1,2,Lost / Inactive,0.7769,High Risk
13061,2011-09-28 16:04:00,2011-09-28 16:04:00,10,1,107,10.7,248.61,24.861,10,0.0,0,1,72,1.0,36.0,3,1,1,Needs Attention,0.7341,High Risk
13062,2011-06-01 15:12:00,2011-06-01 15:12:00,11,1,343,31.181818181818183,346.98,31.543636363636367,11,0.0,1,1,191,1.0,95.5,2,1,2,Lost / Inactive,0.7043,High Risk
13063,2010-08-16 12:27:00,2010-08-16 12:27:00,12,1,116,9.666666666666666,188.4,15.7,12,0.0,1,1,481,1.0,240.5,1,1,1,Lost / Inactive,0.7635,High Risk
13064,2010-04-27 10:08:00,2011-11-27 12:31:00,93,6,668,7.182795698924731,1666.84,17.92301075268817,58,0.6021505376344086,0,580,13,96.7,1.86,5,4,4,Champions,0.2433,Low Risk
13065,2010-06-10 11:44:00,2010-12-01 16:52:00,62,5,381,6.145161290322581,1055.05,17.016935483870967,49,0.0,1,175,373,35.0,62.17,2,4,3,At Risk,0.612,Medium Risk
13066,2011-11-07 17:06:00,2011-11-15 12:57:00,48,2,322,6.708333333333333,470.8,9.808333333333334,48,0.0,0,8,24,4.0,8.0,4,2,2,Promising / New,0.5625,Medium Risk
13067,2010-09-19 13:43:00,2011-09-18 13:38:00,32,3,131,4.09375,508.51,15.8909375,24,0.84375,0,364,82,121.3,20.5,3,3,2,Loyal Customers,0.6222,Medium Risk
13068,2011-01-24 08:20:00,2011-11-29 15:00:00,2,2,200,100.0,344.0,172.0,1,0.0,0,310,10,155.0,3.33,5,2,2,Promising / New,0.5836,Medium Risk
13069,2010-06-14 14:27:00,2011-12-09 08:39:00,1038,38,15171,14.615606936416183,9284.45,8.944556840077071,573,0.2736030828516377,0,543,1,14.3,0.03,5,5,5,Champions,0.1626,Low Risk
13070,2009-12-07 14:44:00,2011-05-31 13:45:00,33,4,372,11.272727272727272,751.7,22.77878787878788,12,0.0,1,540,192,135.0,38.4,2,3,3,At Risk,0.4598,Medium Risk
13071,2010-04-06 13:37:00,2010-04-06 13:37:00,12,1,30,2.5,129.22,10.768333333333333,12,0.0,1,1,612,1.0,306.0,1,1,1,Lost / Inactive,0.9177,High Risk
13072,2011-03-18 08:12:00,2011-03-18 08:12:00,7,1,69,9.857142857142858,177.15,25.307142857142857,7,0.0,1,1,267,1.0,133.5,2,1,1,Lost / Inactive,0.7598,High Risk
13073,2010-09-28 09:27:00,2010-10-24 14:06:00,27,2,261,9.666666666666666,418.08,15.484444444444444,25,0.2222222222222222,1,27,411,13.5,137.0,1,2,2,Lost / Inactive,0.6471,Medium Risk
13074,2009-12-16 11:46:00,2010-07-16 16:53:00,29,4,826,28.48275862068965,1378.74,47.54275862068965,26,0.0,1,213,511,53.2,102.2,1,3,4,At Risk,0.627,Medium Risk
13075,2011-08-02 10:19:00,2011-08-02 10:19:00,22,1,485,22.045454545454547,919.61,41.80045454545455,22,0.0,1,1,130,1.0,65.0,3,1,3,Needs Attention,0.6941,Medium Risk
13076,2010-09-08 10:27:00,2010-09-08 10:27:00,9,1,44,4.888888888888889,135.4,15.044444444444444,9,0.0,1,1,458,1.0,229.0,1,1,1,Lost / Inactive,0.9036,High Risk
13077,2009-12-11 11:17:00,2011-12-08 19:24:00,330,11,2468,7.4787878787878785,2740.65,8.305,208,0.0,0,728,1,66.2,0.08,5,5,4,Champions,0.0157,Low Risk
13078,2009-12-01 09:06:00,2011-12-06 15:36:00,791,57,12032,15.211125158027812,29018.06,36.685284450063214,153,0.1099873577749683,0,736,3,12.9,0.05,5,5,5,Champions,0.0056,Low Risk
13079,2010-10-18 14:15:00,2011-12-05 16:53:00,17,6,158,9.294117647058824,419.18,24.657647058823528,11,0.1176470588235294,0,414,4,69.0,0.57,5,4,2,Champions,0.5433,Medium Risk
13080,2010-04-09 13:07:00,2011-06-13 14:59:00,19,4,193,10.157894736842104,280.73,14.775263157894738,17,0.0,1,431,179,107.8,35.8,3,3,1,Loyal Customers,0.6288,Medium Risk
13081,2009-12-08 13:58:00,2011-11-28 10:54:00,2280,28,40077,17.57763157894737,56838.37,24.929109649122807,738,0.0087719298245614,0,720,12,25.7,0.41,5,5,5,Champions,0.0058,Low Risk
13082,2009-12-22 15:37:00,2011-08-05 16:16:00,129,21,8466,65.62790697674419,7335.75,56.86627906976744,99,0.0077519379844961,1,592,126,28.2,5.73,3,5,5,Loyal Customers,0.4197,Medium Risk
13083,2010-10-10 13:38:00,2011-12-05 15:01:00,22,3,307,13.954545454545457,395.43,17.974090909090908,19,0.8181818181818182,0,422,4,140.7,1.0,5,3,2,Loyal Customers,0.4281,Medium Risk
13084,2010-08-05 08:49:00,2010-08-05 08:49:00,2,1,144,72.0,122.4,61.2,2,0.0,1,1,492,1.0,246.0,1,1,1,Lost / Inactive,0.7471,High Risk
13085,2009-12-01 07:45:00,2011-07-05 12:11:00,84,8,944,11.238095238095235,2433.28,28.96761904761905,50,0.0,1,582,158,72.8,17.56,3,4,4,Loyal Customers,0.3788,Medium Risk
13086,2010-11-22 10:28:00,2010-11-22 10:28:00,47,1,155,3.297872340425532,439.33,9.347446808510638,47,0.0,1,1,383,1.0,191.5,2,1,2,Lost / Inactive,0.7664,High Risk
13087,2009-12-13 15:16:00,2009-12-13 15:16:00,15,1,86,5.733333333333333,313.64,20.909333333333333,15,1.0,1,1,726,1.0,363.0,1,1,2,Lost / Inactive,0.8615,High Risk
13088,2010-10-18 15:35:00,2010-10-18 15:35:00,20,1,76,3.8,236.11,11.8055,19,0.0,1,1,417,1.0,208.5,1,1,1,Lost / Inactive,0.8818,High Risk
13089,2009-12-02 15:44:00,2011-12-07 09:02:00,3315,203,58932,17.77737556561086,113416.91,34.21324585218703,857,0.0579185520361991,0,735,3,3.6,0.01,5,5,5,Champions,0.0056,Low Risk
13090,2010-08-02 13:58:00,2011-12-01 12:39:00,274,24,3247,11.85036496350365,13091.74,47.78007299270073,163,0.0401459854014598,0,486,9,20.2,0.36,5,5,5,Champions,0.2641,Low Risk
13091,2009-12-10 11:50:00,2011-11-11 15:54:00,45,3,1339,29.75555555555556,2321.82,51.596,41,0.0,0,702,28,234.0,7.0,4,3,4,Loyal Customers,0.1563,Low Risk
13092,2010-02-10 08:44:00,2011-09-30 11:18:00,105,12,664,6.323809523809524,2140.28,20.38361904761905,52,0.0285714285714285,0,598,71,49.8,5.46,3,5,4,Loyal Customers,0.1338,Low Risk
13093,2009-12-04 10:32:00,2011-03-09 12:14:00,1037,55,25971,25.0443587270974,54144.25,52.212391513982645,199,0.1378977820636451,1,461,276,8.4,4.93,2,5,5,At Risk,0.2863,Low Risk
13094,2010-11-15 14:15:00,2011-11-18 14:07:00,29,13,1896,65.37931034482759,2209.44,76.18758620689655,5,0.1034482758620689,0,368,21,28.3,1.5,4,5,4,Champions,0.2792,Low Risk
13095,2011-09-30 12:03:00,2011-09-30 12:03:00,6,1,144,24.0,74.4,12.4,6,0.0,0,1,71,1.0,35.5,3,1,1,Needs Attention,0.6201,Medium Risk
13096,2010-11-10 14:08:00,2010-11-10 14:08:00,1,1,6,6.0,419.7,419.7,1,0.0,1,1,394,1.0,197.0,2,1,2,Lost / Inactive,0.8664,High Risk
13097,2009-12-01 13:31:00,2011-11-07 10:43:00,1004,28,5345,5.323705179282869,13324.1,13.27101593625498,390,0.1205179282868526,0,706,33,25.2,1.14,4,5,5,Champions,0.0102,Low Risk
13098,2011-01-26 13:46:00,2011-12-08 14:14:00,572,28,15968,27.91608391608392,28882.44,50.49377622377622,156,0.0122377622377622,0,317,1,11.3,0.03,5,5,5,Champions,0.2349,Low Risk
13099,2011-09-01 17:40:00,2011-09-01 17:40:00,1,1,288,288.0,207.36,207.36,1,0.0,1,1,99,1.0,49.5,3,1,1,Needs Attention,0.7407,High Risk
13101,2010-01-27 15:49:00,2011-04-19 14:37:00,51,4,478,9.372549019607844,695.4,13.635294117647058,48,0.0,1,447,234,111.8,46.8,2,3,3,At Risk,0.579,Medium Risk
13102,2010-05-06 13:12:00,2011-12-08 12:52:00,481,37,6366,13.234927234927236,11380.1,23.65925155925156,212,0.106029106029106,0,581,1,15.7,0.03,5,5,5,Champions,0.0786,Low Risk
13103,2010-05-11 14:41:00,2011-10-31 09:38:00,33,3,426,12.909090909090908,709.64,21.504242424242424,27,0.0,0,538,40,179.3,10.0,4,3,3,Loyal Customers,0.2113,Low Risk
13104,2010-02-24 15:06:00,2011-12-06 13:10:00,30,9,834,27.8,1709.1,56.97,15,0.0,0,650,3,72.2,0.3,5,5,4,Champions,0.0736,Low Risk
13105,2010-09-29 13:41:00,2010-09-29 13:41:00,1,1,100,100.0,72.0,72.0,1,0.0,1,1,436,1.0,218.0,1,1,1,Lost / Inactive,0.8543,High Risk
13106,2010-10-22 13:10:00,2011-07-29 15:12:00,16,2,231,14.4375,603.46,37.71625,15,0.0,1,281,133,140.5,44.33,3,2,2,Needs Attention,0.7657,High Risk
13107,2010-02-04 10:50:00,2011-10-26 14:52:00,178,9,4316,24.247191011235955,5253.07,29.511629213483143,142,0.0,0,630,44,70.0,4.4,4,5,5,Champions,0.0612,Low Risk
13108,2010-09-30 17:09:00,2010-12-02 10:35:00,35,2,745,21.285714285714285,748.46,21.38457142857143,27,0.0,1,63,373,31.5,124.33,2,2,3,Lost / Inactive,0.6542,Medium Risk
13109,2010-06-06 12:59:00,2011-10-11 10:16:00,70,3,757,10.814285714285717,1134.03,16.20042857142857,57,0.3285714285714285,0,492,60,164.0,15.0,3,3,3,Loyal Customers,0.3339,Low Risk
13110,2009-12-01 14:14:00,2011-11-08 14:30:00,252,12,763,3.0277777777777777,2957.47,11.735992063492064,167,0.1269841269841269,0,708,31,59.0,2.38,4,5,5,Champions,0.0316,Low Risk
13111,2009-12-21 09:00:00,2009-12-21 09:00:00,12,1,180,15.0,321.88000000000005,26.823333333333338,12,0.0,1,1,719,1.0,359.5,1,1,2,Lost / Inactive,0.746,High Risk
13112,2010-06-16 17:03:00,2010-06-16 17:03:00,2,1,11,5.5,20.6,10.3,2,0.0,1,1,541,1.0,270.5,1,1,1,Lost / Inactive,0.8901,High Risk
13113,2010-03-28 16:13:00,2011-12-09 12:49:00,377,37,4435,11.76392572944297,18230.07,48.355623342175065,166,0.3421750663129973,0,621,1,16.8,0.03,5,5,5,Champions,0.1966,Low Risk
13114,2009-12-09 09:56:00,2009-12-09 09:56:00,16,1,74,4.625,234.38,14.64875,16,0.0,1,1,731,1.0,365.5,1,1,1,Lost / Inactive,0.8856,High Risk
13115,2010-04-19 13:29:00,2011-11-28 12:38:00,314,10,3934,12.528662420382163,5494.7,17.49904458598726,178,0.0,0,588,12,58.8,1.09,5,5,5,Champions,0.1215,Low Risk
13116,2011-07-24 14:33:00,2011-07-24 14:33:00,30,1,291,9.7,501.14,16.704666666666665,30,1.0,1,1,138,1.0,69.0,3,1,2,Needs Attention,0.7614,High Risk
13117,2010-03-26 13:50:00,2011-11-18 12:02:00,162,18,1852,11.432098765432098,2255.66,13.923827160493826,122,0.0308641975308641,0,602,22,33.4,1.16,4,5,4,Champions,0.0859,Low Risk
13118,2010-09-26 15:46:00,2011-11-20 12:46:00,148,9,834,5.635135135135135,2415.41,16.320337837837837,111,0.6554054054054054,0,420,20,46.7,2.0,4,5,4,Champions,0.3254,Low Risk
13119,2010-02-09 08:38:00,2010-02-09 08:38:00,11,1,110,10.0,134.9,12.263636363636364,11,0.0,1,1,669,1.0,334.5,1,1,1,Lost / Inactive,0.785,High Risk
13120,2011-04-15 10:19:00,2011-04-15 10:19:00,1,1,12,12.0,30.6,30.6,1,0.0,1,1,239,1.0,119.5,2,1,1,Lost / Inactive,0.822,High Risk
13121,2011-03-15 16:47:00,2011-03-15 16:47:00,50,1,252,5.04,283.73,5.674600000000001,50,0.0,1,1,269,1.0,134.5,2,1,1,Lost / Inactive,0.7455,High Risk
13122,2011-04-13 14:12:00,2011-09-06 15:53:00,55,2,585,10.636363636363637,922.39,16.77072727272727,54,0.0,1,147,94,73.5,31.33,3,2,3,Needs Attention,0.6994,Medium Risk
13123,2010-06-28 12:43:00,2010-08-24 10:18:00,45,2,268,5.955555555555556,506.75,11.261111111111113,36,0.0,1,57,473,28.5,157.67,1,2,2,Lost / Inactive,0.6728,Medium Risk
13124,2010-11-19 15:50:00,2011-09-11 12:45:00,283,4,2738,9.674911660777385,4641.66,16.401625441696112,216,0.2791519434628975,0,296,90,74.0,18.0,3,3,5,Loyal Customers,0.4568,Medium Risk
13125,2010-07-04 11:58:00,2010-07-04 11:58:00,20,1,53,2.65,148.62,7.431,20,1.0,1,1,524,1.0,262.0,1,1,1,Lost / Inactive,0.8938,High Risk
13126,2010-03-02 12:24:00,2011-12-05 10:00:00,238,13,3289,13.819327731092438,3774.81,15.860546218487396,183,0.0,0,643,5,49.5,0.36,5,5,5,Champions,0.0134,Low Risk
13127,2011-09-23 10:26:00,2011-09-23 10:26:00,15,1,127,8.466666666666667,259.17,17.278000000000002,15,0.0,0,1,78,1.0,39.0,3,1,1,Needs Attention,0.751,High Risk
13128,2010-03-18 15:08:00,2010-03-18 15:08:00,1,1,31,31.0,263.5,263.5,1,0.0,1,1,631,1.0,315.5,1,1,1,Lost / Inactive,0.8265,High Risk
13129,2010-06-28 11:54:00,2010-09-13 13:47:00,11,2,296,26.90909090909091,233.25,21.204545454545453,10,0.0,1,78,452,39.0,150.67,1,2,1,Lost / Inactive,0.7136,High Risk
13130,2011-09-06 15:30:00,2011-09-06 15:30:00,2,1,32,16.0,64.0,32.0,2,0.0,1,1,94,1.0,47.0,3,1,1,Needs Attention,0.8435,High Risk
13131,2010-02-09 09:47:00,2011-11-16 13:21:00,149,7,1523,10.221476510067117,3313.77,22.24006711409396,107,0.3154362416107382,0,646,23,92.3,2.88,4,4,5,Champions,0.0428,Low Risk
13132,2011-03-23 12:44:00,2011-03-23 12:44:00,3,1,20,6.666666666666667,77.3,25.766666666666666,3,0.0,1,1,262,1.0,131.0,2,1,1,Lost / Inactive,0.8624,High Risk
13133,2010-09-06 15:30:00,2011-03-11 10:31:00,12,3,55,4.583333333333333,200.45,16.704166666666666,12,0.0,1,186,274,62.0,68.5,2,3,1,At Risk,0.7621,High Risk
13134,2010-10-19 13:21:00,2011-09-15 10:35:00,121,6,1364,11.272727272727272,2475.23,20.45644628099173,110,0.0,0,331,86,55.2,12.29,3,4,4,Loyal Customers,0.3981,Medium Risk
13135,2010-08-05 17:28:00,2011-05-27 10:52:00,18,2,4423,245.72222222222223,3371.45,187.30277777777775,18,0.0,1,295,197,147.5,65.67,2,2,5,Lost / Inactive,0.7661,High Risk
13136,2009-12-08 18:30:00,2011-10-14 13:41:00,315,13,3109,9.86984126984127,6274.56,19.919238095238097,204,0.2349206349206349,0,675,56,51.9,4.0,4,5,5,Champions,0.0318,Low Risk
13137,2010-07-25 15:40:00,2011-11-29 12:09:00,1394,16,4238,3.0401721664275465,7586.94,5.442568149210904,628,0.5530846484935438,0,492,11,30.8,0.65,5,5,5,Champions,0.1511,Low Risk
13138,2010-11-08 11:45:00,2011-11-17 16:51:00,85,7,593,6.976470588235294,1274.01,14.98835294117647,41,0.0,0,375,22,53.6,2.75,4,4,4,Champions,0.5079,Medium Risk
13139,2010-09-28 09:12:00,2011-11-23 13:54:00,265,8,4614,17.411320754716982,8202.98,30.95464150943396,214,0.1094339622641509,0,422,16,52.8,1.78,5,4,5,Champions,0.3444,Low Risk
13140,2010-08-05 19:05:00,2011-08-23 15:33:00,105,5,572,5.447619047619048,1054.92,10.046857142857144,89,0.0,1,383,108,76.6,18.0,3,4,3,Loyal Customers,0.5283,Medium Risk
13141,2009-12-09 13:34:00,2011-09-16 09:54:00,424,17,5159,12.16745283018868,7656.08,18.056792452830187,285,0.0,0,646,85,38.0,4.72,3,5,5,Loyal Customers,0.0093,Low Risk
13142,2011-11-20 16:07:00,2011-11-20 16:07:00,23,1,258,11.217391304347826,307.09000000000003,13.351739130434783,23,1.0,0,1,19,1.0,9.5,5,1,2,Promising / New,0.6776,Medium Risk
13143,2010-05-04 12:22:00,2010-05-04 12:22:00,23,1,198,8.608695652173912,405.1,17.61304347826087,23,0.0,1,1,585,1.0,292.5,1,1,2,Lost / Inactive,0.7086,High Risk
13144,2010-10-04 14:14:00,2011-01-11 11:15:00,6,2,29,4.833333333333333,135.35,22.558333333333334,6,0.0,1,99,333,49.5,111.0,2,2,1,Lost / Inactive,0.8184,High Risk
13145,2010-04-19 11:11:00,2011-10-31 12:45:00,9,7,265,29.444444444444443,1128.52,125.39111111111112,5,0.1111111111111111,0,561,40,80.1,5.0,4,4,3,Champions,0.3221,Low Risk
13146,2011-11-13 15:29:00,2011-11-13 15:29:00,17,1,154,9.058823529411764,228.91,13.465294117647058,16,1.0,0,1,26,1.0,13.0,4,1,1,Promising / New,0.711,High Risk
13147,2011-09-01 12:28:00,2011-11-29 13:59:00,4,4,144,36.0,712.8,178.2,1,0.0,0,90,10,22.5,2.0,5,3,3,Loyal Customers,0.5624,Medium Risk
13148,2009-12-07 15:26:00,2011-11-10 15:23:00,763,26,4487,5.8807339449541285,8497.82,11.13737876802097,451,0.3800786369593709,0,703,29,27.0,1.07,4,5,5,Champions,0.0113,Low Risk
13149,2011-02-23 13:57:00,2011-11-25 13:09:00,86,4,1280,14.883720930232558,1676.06,19.48906976744186,76,0.0,0,275,14,68.8,2.8,5,3,4,Loyal Customers,0.5474,Medium Risk
13150,2010-03-19 09:03:00,2010-08-12 12:59:00,8,3,171,21.375,449.97,56.24625,7,0.0,1,147,484,49.0,121.0,1,3,2,At Risk,0.7879,High Risk
13151,2010-03-22 10:26:00,2011-02-17 12:29:00,158,3,813,5.1455696202531644,2465.21,15.60259493670886,131,0.0,1,333,296,111.0,74.0,2,3,4,At Risk,0.6102,Medium Risk
13152,2010-01-14 10:01:00,2010-10-18 13:44:00,135,7,977,7.237037037037037,2146.38,15.899111111111113,114,0.3037037037037037,1,278,417,39.7,52.12,1,4,4,At Risk,0.587,Medium Risk
13153,2011-12-04 12:14:00,2011-12-04 12:14:00,15,1,418,27.866666666666667,486.22,32.41466666666667,15,1.0,0,1,6,1.0,3.0,5,1,2,Promising / New,0.6577,Medium Risk
13154,2009-12-04 08:46:00,2010-11-05 16:00:00,93,3,976,10.494623655913978,1624.84,17.471397849462363,78,0.0,1,337,399,112.3,99.75,2,3,4,At Risk,0.6211,Medium Risk
13155,2010-08-05 09:30:00,2011-11-06 15:41:00,112,6,741,6.616071428571429,1370.48,12.236428571428572,79,0.0535714285714285,0,459,33,76.5,4.71,4,4,4,Champions,0.5913,Medium Risk
13156,2010-02-01 13:45:00,2010-11-19 13:09:00,104,3,914,8.788461538461538,1586.54,15.255192307692308,94,0.0,1,291,385,97.0,96.25,2,3,4,At Risk,0.6384,Medium Risk
13157,2010-03-08 11:59:00,2011-10-21 13:50:00,251,9,4762,18.97211155378486,5687.36,22.65880478087649,173,0.2310756972111553,0,593,49,65.9,4.9,4,5,5,Champions,0.129,Low Risk
13158,2010-11-16 17:12:00,2011-09-06 11:58:00,100,5,992,9.92,1508.18,15.0818,70,0.0,1,294,95,58.8,15.83,3,4,4,Loyal Customers,0.5624,Medium Risk
13159,2011-08-16 11:44:00,2011-12-01 11:20:00,120,4,1058,8.816666666666666,1429.35,11.91125,114,0.0,0,107,9,26.8,1.8,5,3,4,Loyal Customers,0.3677,Medium Risk
13160,2011-11-17 13:07:00,2011-11-17 13:07:00,4,1,56,14.0,91.8,22.95,4,0.0,0,1,22,1.0,11.0,4,1,1,Promising / New,0.7513,High Risk
13161,2010-07-27 12:44:00,2011-01-30 14:03:00,33,2,105,3.1818181818181817,472.13,14.306969696969697,30,0.2424242424242424,1,188,313,94.0,104.33,2,2,2,Lost / Inactive,0.8321,High Risk
13162,2009-12-04 13:59:00,2011-08-09 15:59:00,238,16,5755,24.180672268907564,9275.49,38.972647058823526,186,0.2310924369747899,1,614,122,38.4,7.18,3,5,5,Loyal Customers,0.2818,Low Risk
13163,2010-04-08 16:21:00,2010-04-08 16:21:00,2,1,3,1.5,17.65,8.825,2,0.0,1,1,610,1.0,305.0,1,1,1,Lost / Inactive,0.9171,High Risk
13164,2010-02-10 11:52:00,2010-05-19 13:52:00,10,2,120,12.0,372.2,37.22,7,0.0,1,99,569,49.5,189.67,1,2,2,Lost / Inactive,0.7464,High Risk
13165,2010-10-22 17:04:00,2011-10-24 15:05:00,49,3,1736,35.42857142857143,1451.16,29.615510204081637,47,0.0,0,367,46,122.3,11.5,4,3,4,Loyal Customers,0.4388,Medium Risk
13166,2010-10-21 14:29:00,2011-03-01 15:16:00,68,2,522,7.676470588235294,875.93,12.881323529411764,55,0.0,1,132,283,66.0,94.33,2,2,3,Lost / Inactive,0.691,Medium Risk
13167,2010-11-14 12:58:00,2011-11-21 12:24:00,81,5,1007,12.432098765432098,1125.15,13.890740740740744,64,0.1975308641975308,0,372,19,74.4,3.17,5,4,3,Champions,0.5016,Medium Risk
13168,2010-06-15 15:00:00,2011-11-03 12:56:00,173,5,898,5.190751445086705,1840.73,10.640057803468208,127,0.1329479768786127,0,506,36,101.2,6.0,4,4,4,Champions,0.3692,Medium Risk
13169,2010-05-26 15:58:00,2011-10-07 12:11:00,18,3,296,16.444444444444443,840.08,46.67111111111112,16,0.0,0,499,64,166.3,16.0,3,3,3,Loyal Customers,0.3815,Medium Risk
13170,2011-11-13 12:19:00,2011-11-13 12:19:00,30,1,141,4.7,108.81,3.627,29,1.0,0,1,27,1.0,13.5,4,1,1,Promising / New,0.6012,Medium Risk
13171,2011-02-13 14:16:00,2011-11-18 10:27:00,46,3,229,4.978260869565218,468.41,10.182826086956522,37,0.5,0,278,22,92.7,5.5,4,3,2,Loyal Customers,0.6824,Medium Risk
13172,2010-11-04 15:10:00,2010-11-04 15:10:00,1,1,48,48.0,69.6,69.6,1,0.0,1,1,400,1.0,200.0,2,1,1,Lost / Inactive,0.8642,High Risk
13173,2009-12-10 12:52:00,2011-12-05 15:51:00,216,11,1481,6.856481481481482,2399.82,11.110277777777778,160,0.0,0,726,4,66.0,0.33,5,5,4,Champions,0.0133,Low Risk
13174,2009-12-04 15:40:00,2011-11-23 14:35:00,938,12,3794,4.044776119402985,7995.36,8.523837953091684,602,0.162046908315565,0,719,16,59.9,1.23,5,5,5,Champions,0.0134,Low Risk
13175,2009-12-04 12:11:00,2010-05-06 13:13:00,46,2,423,9.195652173913045,831.45,18.075,40,0.0,1,154,582,77.0,194.0,1,2,3,Lost / Inactive,0.7155,High Risk
13176,2011-10-24 15:43:00,2011-10-24 15:43:00,67,1,448,6.686567164179104,481.49,7.186417910447761,66,0.0,0,1,46,1.0,23.0,4,1,2,Promising / New,0.5113,Medium Risk
13177,2010-10-05 10:35:00,2011-10-06 09:56:00,30,2,180,6.0,512.2,17.073333333333334,23,0.0,0,366,65,183.0,21.67,3,2,2,Needs Attention,0.36,Medium Risk
13178,2009-12-16 14:00:00,2011-11-13 16:14:00,687,21,8778,12.777292576419214,14059.19,20.46461426491994,194,0.1135371179039301,0,698,26,33.2,1.18,4,5,5,Champions,0.0041,Low Risk
13179,2010-03-31 11:40:00,2010-03-31 11:40:00,34,1,368,10.823529411764708,572.31,16.83264705882353,34,0.0,1,1,619,1.0,309.5,1,1,2,Lost / Inactive,0.6801,Medium Risk
13180,2010-04-11 13:37:00,2010-04-11 13:37:00,4,1,42,10.5,86.1,21.525,4,1.0,1,1,607,1.0,303.5,1,1,1,Lost / Inactive,0.8009,High Risk
13181,2010-11-23 15:05:00,2010-11-23 15:05:00,19,1,171,9.0,359.69,18.931052631578947,19,0.0,1,1,381,1.0,190.5,2,1,2,Lost / Inactive,0.7309,High Risk
13182,2011-10-25 13:46:00,2011-10-25 13:46:00,11,1,201,18.272727272727277,121.18,11.016363636363636,11,0.0,0,1,45,1.0,22.5,4,1,1,Promising / New,0.6445,Medium Risk
13183,2010-03-14 12:32:00,2011-12-02 10:30:00,156,15,4027,25.81410256410257,7036.18,45.10371794871795,64,0.2564102564102564,0,628,8,41.9,0.5,5,5,5,Champions,0.0862,Low Risk
13184,2011-02-22 17:25:00,2011-11-25 12:02:00,179,10,1662,9.28491620111732,1668.95,9.323743016759776,138,0.0,0,276,15,27.6,1.36,5,5,4,Champions,0.2759,Low Risk
13185,2011-03-17 11:56:00,2011-03-17 11:56:00,1,1,12,12.0,71.4,71.4,1,0.0,1,1,268,1.0,134.0,2,1,1,Lost / Inactive,0.8817,High Risk
13186,2011-08-03 09:09:00,2011-10-31 11:40:00,79,3,820,10.379746835443038,1575.89,19.947974683544302,69,0.0,0,90,40,30.0,10.0,4,3,4,Loyal Customers,0.5361,Medium Risk
13187,2010-03-25 17:18:00,2011-01-06 18:57:00,56,4,296,5.285714285714286,341.36,6.095714285714286,51,0.0,1,288,337,72.0,67.4,2,3,2,At Risk,0.6974,Medium Risk
13188,2011-11-28 15:28:00,2011-11-28 15:28:00,2,1,25,12.5,114.6,57.3,2,0.0,0,1,11,1.0,5.5,5,1,1,Promising / New,0.7802,High Risk
13189,2011-08-16 13:12:00,2011-11-21 10:39:00,29,2,842,29.03448275862069,260.68,8.988965517241379,29,0.0,0,97,19,48.5,6.33,5,2,1,Promising / New,0.5895,Medium Risk
13190,2009-12-07 12:13:00,2010-06-13 15:47:00,17,3,308,18.11764705882353,570.66,33.56823529411764,16,0.7647058823529411,1,189,544,63.0,136.0,1,3,2,At Risk,0.7737,High Risk
13191,2010-02-19 17:02:00,2010-02-19 17:02:00,59,1,115,1.9491525423728813,164.69,2.79135593220339,58,0.0,1,1,658,1.0,329.0,1,1,1,Lost / Inactive,0.7663,High Risk
13192,2010-01-22 08:37:00,2011-09-05 14:13:00,162,6,1629,10.055555555555555,2558.58,15.793703703703704,135,0.0,1,592,95,98.7,13.57,3,4,4,Loyal Customers,0.2745,Low Risk
13193,2011-10-09 14:30:00,2011-10-09 14:30:00,25,1,46,1.84,112.08,4.4832,22,1.0,0,1,61,1.0,30.5,3,1,1,Needs Attention,0.8204,High Risk
13194,2010-10-14 11:54:00,2011-07-27 09:01:00,10,2,326,32.6,472.78,47.278,10,0.0,1,286,136,143.0,45.33,3,2,2,Needs Attention,0.7592,High Risk
13195,2010-10-21 13:07:00,2010-10-21 13:07:00,46,1,70,1.5217391304347827,136.73,2.972391304347826,43,0.0,1,1,414,1.0,207.0,1,1,1,Lost / Inactive,0.8406,High Risk
13196,2010-04-01 12:54:00,2011-11-28 13:54:00,188,7,2006,10.670212765957446,3068.84,16.323617021276597,141,0.0,0,607,11,86.7,1.38,5,4,5,Champions,0.0459,Low Risk
13197,2010-04-09 09:14:00,2010-04-09 09:14:00,19,1,204,10.736842105263158,373.01,19.632105263157893,19,0.0,1,1,610,1.0,305.0,1,1,2,Lost / Inactive,0.7073,High Risk
13198,2010-10-01 13:27:00,2011-11-29 15:17:00,314,8,3449,10.98407643312102,4974.23,15.841496815286623,265,0.0,0,425,10,53.1,1.11,5,4,5,Champions,0.2586,Low Risk
13199,2009-12-05 10:11:00,2011-12-06 12:30:00,203,67,11567,56.98029556650246,15964.21,78.64142857142858,61,0.0147783251231527,0,732,4,10.9,0.06,5,5,5,Champions,0.0147,Low Risk
13200,2011-08-05 14:50:00,2011-11-20 15:35:00,46,4,516,11.217391304347826,870.09,18.915,42,0.0434782608695652,0,108,19,27.0,3.8,5,3,3,Loyal Customers,0.5103,Medium Risk
13201,2010-03-07 11:01:00,2010-07-25 14:30:00,86,4,1036,12.046511627906977,1233.06,14.337906976744186,65,0.3023255813953488,1,141,502,35.2,100.4,1,3,4,At Risk,0.557,Medium Risk
13202,2009-12-09 10:48:00,2010-11-10 16:24:00,69,7,572,8.289855072463768,1580.3,22.90289855072464,55,0.1304347826086956,1,337,394,48.1,49.25,2,4,4,At Risk,0.6443,Medium Risk
13203,2009-12-17 14:15:00,2011-11-30 10:45:00,169,10,2413,14.27810650887574,2648.25,15.670118343195266,158,0.1420118343195266,0,713,10,71.3,0.91,5,5,4,Champions,0.0137,Low Risk
13204,2009-12-08 14:56:00,2009-12-08 14:56:00,57,1,428,7.508771929824562,966.66,16.95894736842105,57,0.0,1,1,731,1.0,365.5,1,1,3,Lost / Inactive,0.6819,Medium Risk
13205,2010-09-22 16:26:00,2010-09-22 16:26:00,1,1,256,256.0,2803.2,2803.2,1,0.0,1,1,443,1.0,221.5,1,1,4,Lost / Inactive,0.7685,High Risk
13206,2009-12-07 13:48:00,2010-11-04 16:50:00,566,13,7086,12.519434628975263,8308.19,14.678780918727917,393,0.0265017667844522,1,333,400,25.6,28.57,2,5,5,At Risk,0.2686,Low Risk
13207,2010-04-06 16:37:00,2011-11-24 14:52:00,13,4,178,13.692307692307692,535.86,41.22,10,0.0,0,597,15,149.2,3.0,5,3,2,Loyal Customers,0.1702,Low Risk
13208,2009-12-03 13:25:00,2011-10-12 09:54:00,252,9,1343,5.329365079365079,1976.3,7.842460317460318,198,0.0,0,678,59,75.3,5.9,4,5,4,Champions,0.018,Low Risk
13209,2010-01-24 14:30:00,2011-11-09 13:54:00,366,13,5781,15.795081967213116,8509.51,23.25002732240437,284,0.087431693989071,0,654,30,50.3,2.14,4,5,5,Champions,0.0093,Low Risk
13210,2011-09-07 08:18:00,2011-09-07 08:18:00,22,1,316,14.363636363636363,353.48,16.067272727272726,22,0.0,1,1,94,1.0,47.0,3,1,2,Needs Attention,0.6918,Medium Risk
13211,2009-12-06 15:24:00,2011-11-29 14:43:00,201,10,1845,9.17910447761194,2618.77,13.028706467661692,98,0.5074626865671642,0,723,10,72.3,0.91,5,5,4,Champions,0.0179,Low Risk
13212,2011-10-09 14:48:00,2011-11-20 12:40:00,141,3,309,2.191489361702128,786.83,5.580354609929079,128,1.0,0,42,20,14.0,5.0,4,3,3,Loyal Customers,0.3128,Low Risk
13213,2010-05-20 14:50:00,2011-10-14 11:42:00,204,11,2962,14.519607843137257,3851.52,18.88,181,0.1666666666666666,0,512,57,46.5,4.75,4,5,5,Champions,0.2183,Low Risk
13214,2010-03-03 14:10:00,2010-10-18 10:00:00,229,7,2966,12.951965065502185,3264.23,14.254279475982532,207,0.0349344978165938,1,229,418,32.7,52.25,1,4,5,At Risk,0.3465,Low Risk
13215,2010-11-02 18:26:00,2010-11-02 18:26:00,1,1,96,96.0,81.6,81.6,1,0.0,1,1,402,1.0,201.0,2,1,1,Lost / Inactive,0.8346,High Risk
13216,2011-03-17 12:18:00,2011-03-17 12:18:00,5,1,297,59.4,333.74,66.748,5,0.0,1,1,268,1.0,134.0,2,1,2,Lost / Inactive,0.7586,High Risk
13217,2010-02-22 12:49:00,2011-08-09 15:32:00,5,4,512,102.4,666.48,133.296,3,0.4,1,534,122,133.5,24.4,3,3,3,Loyal Customers,0.6556,Medium Risk
13218,2011-08-04 16:59:00,2011-08-04 16:59:00,5,1,88,17.6,62.64,12.528,5,0.0,1,1,127,1.0,63.5,3,1,1,Needs Attention,0.8296,High Risk
13219,2010-03-31 14:18:00,2010-03-31 14:18:00,11,1,11,1.0,76.23,6.930000000000001,11,0.0,1,1,618,1.0,309.0,1,1,1,Lost / Inactive,0.9059,High Risk
13220,2010-05-13 10:35:00,2011-09-22 13:38:00,53,5,396,7.471698113207547,1336.09,25.20924528301887,46,0.0188679245283018,0,498,78,99.6,13.0,3,4,4,Loyal Customers,0.3752,Medium Risk
13221,2010-12-15 13:24:00,2011-04-13 16:58:00,66,2,244,3.696969696969697,847.41,12.839545454545457,62,0.0,1,120,240,60.0,80.0,2,2,3,Lost / Inactive,0.7461,High Risk
13222,2010-05-11 13:54:00,2010-05-11 13:54:00,1,1,30,30.0,88.5,88.5,1,0.0,1,1,577,1.0,288.5,1,1,1,Lost / Inactive,0.8583,High Risk
13223,2010-02-12 13:27:00,2011-05-23 13:03:00,13,6,568,43.69230769230769,969.12,74.5476923076923,8,0.3076923076923077,1,465,200,77.5,28.57,2,4,3,At Risk,0.7311,High Risk
13224,2011-07-11 14:10:00,2011-10-10 14:55:00,108,2,1518,14.055555555555555,2155.95,19.9625,101,0.0,0,92,60,46.0,20.0,3,2,4,Needs Attention,0.4429,Medium Risk
13225,2009-12-17 09:09:00,2011-12-06 13:29:00,125,16,7401,59.208,16260.07,130.08056,60,0.152,0,720,3,45.0,0.18,5,5,5,Champions,0.0177,Low Risk
13226,2010-11-11 13:46:00,2011-03-11 14:35:00,28,2,179,6.392857142857143,312.46,11.159285714285714,28,0.0,1,121,273,60.5,91.0,2,2,2,Lost / Inactive,0.7527,High Risk
13227,2011-05-22 11:47:00,2011-05-22 11:47:00,9,1,99,11.0,257.7,28.633333333333333,9,1.0,1,1,202,1.0,101.0,2,1,1,Lost / Inactive,0.7929,High Risk
13228,2011-09-19 14:28:00,2011-09-19 14:28:00,2,1,200,100.0,358.0,179.0,2,0.0,0,1,81,1.0,40.5,3,1,2,Needs Attention,0.7268,High Risk
13229,2011-04-28 12:07:00,2011-04-28 12:07:00,10,1,63,6.3,160.95,16.095,10,0.0,1,1,226,1.0,113.0,2,1,1,Lost / Inactive,0.8543,High Risk
13230,2010-03-18 20:02:00,2011-12-05 16:03:00,1251,30,3520,2.8137490007993606,6120.01,4.892094324540368,653,0.4260591526778577,0,627,4,20.9,0.13,5,5,5,Champions,0.087,Low Risk
13232,2011-04-10 13:48:00,2011-11-27 10:39:00,202,7,773,3.826732673267327,1328.35,6.575990099009901,147,0.6386138613861386,0,231,13,33.0,1.62,5,4,4,Champions,0.3684,Medium Risk
13233,2010-01-14 14:10:00,2011-09-26 13:25:00,76,4,1604,21.105263157894736,1176.46,15.479736842105265,74,0.0,0,620,74,155.0,14.8,3,3,3,Loyal Customers,0.1504,Low Risk
13234,2009-12-07 12:32:00,2010-02-05 11:41:00,61,2,159,2.6065573770491803,346.5,5.680327868852459,56,0.0,1,60,673,30.0,224.33,1,2,2,Lost / Inactive,0.7716,High Risk
13235,2011-05-11 17:13:00,2011-05-11 17:13:00,58,1,441,7.603448275862069,1031.07,17.77706896551724,53,0.0,1,1,212,1.0,106.0,2,1,3,Lost / Inactive,0.6803,Medium Risk
13236,2011-08-25 08:58:00,2011-11-15 12:50:00,36,2,416,11.555555555555555,744.85,20.69027777777778,34,0.0,0,83,25,41.5,8.33,4,2,3,Promising / New,0.6866,Medium Risk
13237,2010-11-17 10:07:00,2010-11-17 10:07:00,24,1,128,5.333333333333333,643.0,26.791666666666668,24,0.0,1,1,388,1.0,194.0,2,1,3,Lost / Inactive,0.718,High Risk
13238,2010-04-28 15:02:00,2011-11-22 15:37:00,47,6,442,9.404255319148936,1006.63,21.41765957446809,24,0.0,0,574,17,95.7,2.43,5,4,3,Champions,0.2387,Low Risk
13239,2010-07-25 13:34:00,2011-03-23 10:25:00,93,5,1151,12.376344086021506,1594.69,17.14720430107527,86,0.1720430107526881,1,241,262,48.2,43.67,2,4,4,At Risk,0.5052,Medium Risk
13240,2010-02-25 13:17:00,2011-09-04 14:08:00,201,8,709,3.527363184079602,1475.79,7.342238805970149,160,0.7761194029850746,1,557,96,69.6,10.67,3,4,4,Loyal Customers,0.5477,Medium Risk
13241,2010-10-24 11:17:00,2010-10-24 11:17:00,40,1,46,1.15,112.53,2.81325,40,1.0,1,1,412,1.0,206.0,1,1,1,Lost / Inactive,0.8418,High Risk
13242,2010-02-09 13:12:00,2011-08-19 12:53:00,35,7,350,10.0,699.4,19.982857142857146,19,0.2571428571428571,1,556,112,79.4,14.0,3,4,3,Loyal Customers,0.5657,Medium Risk
13243,2010-03-18 13:10:00,2011-05-20 13:14:00,205,5,554,2.702439024390244,1220.38,5.953073170731708,165,0.0,1,429,203,85.8,33.83,2,4,3,At Risk,0.5009,Medium Risk
13244,2011-09-08 11:46:00,2011-09-08 11:46:00,27,1,38,1.4074074074074074,121.74,4.508888888888889,27,0.0,1,1,93,1.0,46.5,3,1,1,Needs Attention,0.8916,High Risk
13245,2010-10-03 14:03:00,2011-10-20 11:40:00,45,2,371,8.244444444444444,989.22,21.982666666666667,43,0.6444444444444445,0,382,51,191.0,17.0,4,2,3,Promising / New,0.3447,Low Risk
13246,2010-07-02 13:36:00,2011-11-21 16:50:00,371,11,2796,7.536388140161725,3351.75,9.034366576819409,229,0.0619946091644204,0,508,18,46.2,1.5,5,5,5,Champions,0.2837,Low Risk
13247,2011-09-18 11:31:00,2011-11-22 10:59:00,25,4,328,13.12,501.12,20.0448,18,0.56,0,65,18,16.2,3.6,5,3,2,Loyal Customers,0.5098,Medium Risk
13248,2011-06-03 13:05:00,2011-08-07 12:40:00,26,2,305,11.73076923076923,465.68,17.91076923076923,25,0.1923076923076923,1,65,125,32.5,41.67,3,2,2,Needs Attention,0.66,Medium Risk
13249,2010-01-24 12:11:00,2011-09-08 13:26:00,35,9,1246,35.6,1608.9299999999998,45.969428571428566,21,0.1142857142857142,1,593,92,65.9,9.2,3,5,4,Loyal Customers,0.3596,Medium Risk
13250,2010-07-25 14:01:00,2010-09-05 11:33:00,19,2,107,5.631578947368421,253.09,13.320526315789474,17,1.0,1,42,461,21.0,153.67,1,2,1,Lost / Inactive,0.7854,High Risk
13251,2010-11-02 13:20:00,2010-11-02 13:20:00,25,1,215,8.6,252.68,10.1072,25,0.0,1,1,402,1.0,201.0,2,1,1,Lost / Inactive,0.6716,Medium Risk
13252,2010-03-24 10:30:00,2010-11-10 16:00:00,19,2,134,7.052631578947368,399.3,21.01578947368421,19,0.0,1,232,394,116.0,131.33,2,2,2,Lost / Inactive,0.7313,High Risk
13253,2010-01-05 12:13:00,2011-07-06 10:09:00,75,4,3015,40.2,2951.11,39.34813333333334,73,0.0,1,547,157,136.8,31.4,3,3,5,Loyal Customers,0.4535,Medium Risk
13254,2010-11-28 15:42:00,2010-11-28 15:42:00,4,1,43,10.75,51.41,12.8525,4,1.0,1,1,376,1.0,188.0,2,1,1,Lost / Inactive,0.8718,High Risk
13255,2010-07-15 13:20:00,2011-11-30 13:14:00,26,3,407,15.653846153846152,678.76,26.106153846153845,26,0.0,0,503,9,167.7,2.25,5,3,3,Loyal Customers,0.2894,Low Risk
13257,2010-09-29 14:58:00,2010-09-29 14:58:00,7,1,33,4.714285714285714,149.75,21.392857142857142,7,0.0,1,1,436,1.0,218.0,1,1,1,Lost / Inactive,0.883,High Risk
13258,2010-11-04 12:45:00,2011-11-28 09:31:00,44,5,446,10.136363636363637,1009.43,22.94159090909091,29,0.0,0,389,12,77.8,2.0,5,4,3,Champions,0.5028,Medium Risk
13259,2010-01-10 10:26:00,2011-10-09 10:48:00,313,9,503,1.60702875399361,1402.54,4.480958466453674,234,0.97444089456869,0,638,62,70.9,6.2,3,5,4,Loyal Customers,0.1046,Low Risk
13260,2011-10-09 13:21:00,2011-10-09 13:21:00,8,1,142,17.75,557.62,69.7025,8,1.0,0,1,61,1.0,30.5,3,1,2,Needs Attention,0.7319,High Risk
13261,2011-02-27 10:41:00,2011-03-16 12:22:00,9,2,210,23.33333333333333,944.1,104.9,8,0.8888888888888888,1,18,269,9.0,89.67,2,2,3,Lost / Inactive,0.6932,Medium Risk
13262,2010-04-18 12:14:00,2011-03-21 15:06:00,50,3,247,4.94,573.45,11.469,48,0.52,1,338,263,112.7,65.75,2,3,2,At Risk,0.706,High Risk
13263,2010-10-22 17:07:00,2011-12-08 13:59:00,1905,39,5372,2.81994750656168,8676.2,4.554435695538058,507,0.0577427821522309,0,412,1,10.6,0.02,5,5,5,Champions,0.0923,Low Risk
13264,2010-09-23 12:42:00,2010-09-23 12:42:00,38,1,375,9.86842105263158,722.56,19.01473684210526,38,0.0,1,1,443,1.0,221.5,1,1,3,Lost / Inactive,0.6655,Medium Risk
13265,2011-03-11 09:54:00,2011-10-17 15:02:00,90,5,1740,19.33333333333333,2092.66,23.25177777777777,66,0.0,0,221,53,44.2,8.83,4,4,4,Champions,0.4385,Medium Risk
13266,2009-12-17 10:52:00,2011-11-28 14:39:00,307,19,6837,22.270358306188925,6135.04,19.98384364820847,154,0.0553745928338762,0,712,11,37.5,0.55,5,5,5,Champions,0.0052,Low Risk
13267,2009-12-07 16:56:00,2011-12-07 11:12:00,411,36,3959,9.632603406326034,9429.81,22.943576642335763,152,0.0681265206812652,0,730,3,20.3,0.08,5,5,5,Champions,0.0068,Low Risk
13268,2011-03-17 13:20:00,2011-11-22 11:51:00,433,11,3624,8.369515011547344,3174.75,7.331986143187067,257,0.0,0,250,18,22.7,1.5,5,5,5,Champions,0.2077,Low Risk
13269,2009-12-02 11:47:00,2011-12-08 14:53:00,486,28,6366,13.098765432098766,8537.32,17.566502057613167,238,0.2633744855967078,0,737,1,26.3,0.03,5,5,5,Champions,0.0106,Low Risk
13270,2010-12-08 14:53:00,2010-12-08 14:53:00,1,1,200,200.0,590.0,590.0,1,0.0,1,1,366,1.0,183.0,2,1,2,Lost / Inactive,0.774,High Risk
13271,2011-11-02 14:31:00,2011-11-02 14:31:00,87,1,240,2.7586206896551726,211.49,2.430919540229885,79,0.0,0,1,37,1.0,18.5,4,1,1,Promising / New,0.3945,Medium Risk
13272,2011-09-11 12:06:00,2011-11-08 14:00:00,15,2,96,6.4,276.56,18.43733333333333,15,0.5333333333333333,0,59,31,29.5,10.33,4,2,1,Promising / New,0.7124,High Risk
13273,2011-08-18 14:02:00,2011-08-18 14:02:00,16,1,153,9.5625,138.98,8.68625,16,0.0,1,1,113,1.0,56.5,3,1,1,Needs Attention,0.7206,High Risk
13274,2010-10-26 13:48:00,2010-10-26 13:48:00,19,1,199,10.473684210526317,360.85,18.992105263157896,19,0.0,1,1,409,1.0,204.5,2,1,2,Lost / Inactive,0.7189,High Risk
13275,2010-03-17 14:05:00,2010-11-21 12:09:00,48,2,138,2.875,238.86,4.97625,48,0.0833333333333333,1,249,384,124.5,128.0,2,2,1,Lost / Inactive,0.7667,High Risk
13276,2010-03-07 14:05:00,2011-10-07 12:44:00,239,5,840,3.514644351464435,1891.91,7.915941422594143,209,0.8744769874476988,0,579,64,115.8,10.67,3,4,4,Loyal Customers,0.2527,Low Risk
13277,2010-06-18 08:45:00,2011-11-24 09:21:00,23,7,382,16.608695652173914,523.3,22.752173913043475,10,0.0,0,525,16,75.0,2.0,5,4,2,Champions,0.4465,Medium Risk
13278,2010-04-08 11:59:00,2011-10-30 11:49:00,108,4,1358,12.574074074074074,1435.85,13.294907407407406,80,0.4259259259259259,0,570,41,142.5,8.2,4,3,4,Loyal Customers,0.2015,Low Risk
13279,2011-09-22 17:24:00,2011-09-22 17:24:00,9,1,73,8.11111111111111,137.75,15.305555555555555,9,0.0,0,1,78,1.0,39.0,3,1,1,Needs Attention,0.7967,High Risk
13280,2010-03-05 09:07:00,2011-08-09 13:14:00,205,7,1489,7.263414634146342,2293.33,11.186975609756097,159,0.0,1,523,122,74.7,15.25,3,4,4,Loyal Customers,0.4383,Medium Risk
13281,2010-09-26 16:03:00,2010-09-26 16:03:00,22,1,201,9.136363636363637,350.85,15.947727272727274,22,1.0,1,1,439,1.0,219.5,1,1,2,Lost / Inactive,0.7113,High Risk
13282,2010-10-29 14:11:00,2011-11-21 15:33:00,51,4,410,8.03921568627451,1313.19,25.74882352941177,42,0.0,0,389,18,97.2,3.6,5,3,4,Loyal Customers,0.5561,Medium Risk
13283,2010-03-09 14:36:00,2011-10-11 09:50:00,20,4,204,10.2,373.36,18.668,19,0.0,0,581,60,145.2,12.0,3,3,2,Loyal Customers,0.3363,Low Risk
13284,2011-01-13 09:23:00,2011-01-13 09:23:00,13,1,91,7.0,201.19,15.476153846153846,13,0.0,1,1,331,1.0,165.5,2,1,1,Lost / Inactive,0.8359,High Risk
13285,2010-03-25 14:26:00,2011-11-16 13:19:00,231,6,2457,10.636363636363637,3364.59,14.565324675324677,182,0.0995670995670995,0,601,23,100.2,3.29,4,4,5,Champions,0.0519,Low Risk
13286,2010-04-18 15:35:00,2010-04-18 15:35:00,49,1,274,5.591836734693878,734.91,14.998163265306122,46,1.0,1,1,600,1.0,300.0,1,1,3,Lost / Inactive,0.7528,High Risk
13287,2010-01-04 10:43:00,2010-04-15 15:26:00,53,3,429,8.09433962264151,781.59,14.746981132075472,46,0.0,1,102,603,34.0,150.75,1,3,3,At Risk,0.6379,Medium Risk
13288,2010-02-11 14:59:00,2010-09-22 16:32:00,10,5,379,37.9,927.61,92.761,7,0.1,1,224,443,44.8,73.83,1,4,3,At Risk,0.6615,Medium Risk
13289,2009-12-16 11:53:00,2009-12-16 11:53:00,16,1,119,7.4375,307.95,19.246875,16,0.0,1,1,724,1.0,362.0,1,1,2,Lost / Inactive,0.767,High Risk
13290,2010-09-27 16:29:00,2010-09-27 16:29:00,1,1,1,1.0,208.63,208.63,1,0.0,1,1,438,1.0,219.0,1,1,1,Lost / Inactive,0.9336,High Risk
13291,2010-02-11 18:36:00,2011-07-07 10:36:00,318,11,1600,5.031446540880503,3270.79,10.285503144654088,155,0.0,1,511,156,46.5,13.0,3,5,5,Loyal Customers,0.3405,Low Risk
13292,2010-07-01 14:36:00,2011-11-01 10:04:00,59,5,530,8.983050847457626,994.51,16.856101694915253,55,0.0,0,488,39,97.6,6.5,4,4,3,Champions,0.4256,Medium Risk
13293,2010-02-09 12:05:00,2010-11-12 13:28:00,72,6,555,7.708333333333333,1192.94,16.56861111111111,51,0.0694444444444444,1,277,392,46.2,56.0,2,4,3,At Risk,0.6487,Medium Risk
13294,2010-03-03 12:54:00,2011-06-03 08:54:00,102,3,996,9.764705882352942,1689.53,16.564019607843136,93,0.0,1,457,190,152.3,47.5,2,3,4,At Risk,0.5408,Medium Risk
13295,2010-05-12 09:13:00,2010-12-15 11:21:00,67,4,733,10.940298507462687,1101.97,16.44731343283582,56,0.5522388059701493,1,218,360,54.5,72.0,2,3,3,At Risk,0.6364,Medium Risk
13296,2010-05-11 14:29:00,2011-07-25 13:46:00,53,6,653,12.320754716981131,792.51,14.953018867924529,50,0.0,1,440,137,73.3,19.57,3,4,3,Loyal Customers,0.6319,Medium Risk
13297,2010-06-15 12:35:00,2011-12-02 09:32:00,123,7,2694,21.902439024390244,4368.62,35.51723577235772,108,0.0,0,535,8,76.4,1.0,5,4,5,Champions,0.2696,Low Risk
13298,2011-12-08 13:11:00,2011-12-08 13:11:00,2,1,96,48.0,360.0,180.0,2,0.0,0,1,1,1.0,0.5,5,1,2,Promising / New,0.7307,High Risk
13299,2010-06-29 11:30:00,2011-03-16 12:55:00,62,3,416,6.709677419354839,1218.7,19.656451612903226,56,0.0,1,261,268,87.0,67.0,2,3,3,At Risk,0.6549,Medium Risk
13300,2010-05-14 15:56:00,2011-06-23 13:09:00,55,3,455,8.272727272727273,1285.51,23.37290909090909,44,0.0,1,405,169,135.0,42.25,3,3,4,Loyal Customers,0.5961,Medium Risk
13301,2011-02-20 13:13:00,2011-08-28 11:25:00,81,4,345,4.25925925925926,618.09,7.630740740740741,75,0.7037037037037037,1,189,104,47.2,20.8,3,3,3,Loyal Customers,0.6113,Medium Risk
13302,2010-07-01 12:32:00,2011-07-07 17:56:00,3,2,12,4.0,159.2,53.06666666666666,3,0.0,1,372,155,186.0,51.67,3,2,1,Needs Attention,0.7453,High Risk
13303,2010-11-04 14:55:00,2010-11-04 14:55:00,4,1,26,6.5,61.72,15.43,4,0.0,1,1,400,1.0,200.0,2,1,1,Lost / Inactive,0.8919,High Risk
13304,2010-02-08 12:42:00,2010-12-23 14:35:00,78,4,716,9.17948717948718,1217.99,15.61525641025641,59,0.0,1,319,351,79.8,70.2,2,3,3,At Risk,0.6401,Medium Risk
13305,2010-03-10 14:49:00,2011-12-05 15:15:00,200,16,2228,11.14,3616.41,18.08205,153,0.045,0,636,4,39.8,0.24,5,5,5,Champions,0.0125,Low Risk
13306,2010-10-05 14:55:00,2010-10-05 14:55:00,4,1,74,18.5,53.65,13.4125,4,0.0,1,1,430,1.0,215.0,1,1,1,Lost / Inactive,0.8412,High Risk
13307,2010-04-26 13:28:00,2011-08-11 17:14:00,15,3,140,9.333333333333334,273.34,18.222666666666665,15,0.0,1,473,120,157.7,30.0,3,3,1,Loyal Customers,0.5791,Medium Risk
13308,2010-04-22 09:22:00,2011-11-17 09:31:00,71,4,1073,15.112676056338028,1670.37,23.52633802816901,65,0.0,0,575,23,143.8,4.6,4,3,4,Loyal Customers,0.2795,Low Risk
13309,2010-11-12 12:10:00,2011-12-02 16:34:00,130,6,1914,14.723076923076922,1706.37,13.125923076923076,95,0.0,0,386,7,64.3,1.0,5,4,4,Champions,0.3939,Medium Risk
13310,2010-11-02 17:03:00,2011-11-11 17:23:00,95,5,816,8.589473684210526,1541.2,16.223157894736843,80,0.0,0,375,28,75.0,4.67,4,4,4,Champions,0.5198,Medium Risk
13311,2011-07-12 14:26:00,2011-12-05 12:55:00,26,2,305,11.73076923076923,598.5699999999999,23.021923076923077,25,0.0,0,146,4,73.0,1.33,5,2,2,Promising / New,0.7105,High Risk
13312,2010-09-14 14:36:00,2010-09-14 14:36:00,5,1,41,8.2,124.75,24.95,5,0.0,1,1,451,1.0,225.5,1,1,1,Lost / Inactive,0.804,High Risk
13313,2009-12-02 16:18:00,2011-11-17 16:48:00,187,12,2308,12.342245989304812,3445.32,18.42417112299465,105,0.0748663101604278,0,716,22,59.7,1.69,4,5,5,Champions,0.008,Low Risk
13314,2011-09-27 10:20:00,2011-12-08 12:29:00,62,3,560,9.03225806451613,775.9399999999999,12.51516129032258,55,0.0,0,73,2,24.3,0.5,5,3,3,Loyal Customers,0.4439,Medium Risk
13315,2010-01-19 15:34:00,2010-01-19 15:34:00,22,1,232,10.545454545454543,310.26,14.102727272727272,22,0.0,1,1,689,1.0,344.5,1,1,2,Lost / Inactive,0.7038,High Risk
13316,2010-03-10 10:01:00,2011-11-02 13:40:00,173,10,19931,115.20809248554912,12940.82,74.80242774566474,115,0.2138728323699422,0,603,37,60.3,3.36,4,5,5,Champions,0.1005,Low Risk
13317,2009-12-13 11:11:00,2011-10-04 13:35:00,344,19,3149,9.15406976744186,6486.09,18.854912790697675,222,0.1162790697674418,0,661,66,34.8,3.3,3,5,5,Loyal Customers,0.0055,Low Risk
13318,2011-11-02 13:26:00,2011-12-08 18:51:00,20,3,304,15.2,640.76,32.038,14,0.15,0,37,1,12.3,0.25,5,3,3,Loyal Customers,0.6155,Medium Risk
13319,2009-12-06 14:46:00,2011-12-04 13:34:00,923,58,8974,9.722643553629467,21323.22,23.10208017334778,345,0.0595882990249187,0,728,5,12.6,0.08,5,5,5,Champions,0.0047,Low Risk
13320,2010-08-18 10:29:00,2011-09-22 18:07:00,149,6,1509,10.12751677852349,2211.6,14.842953020134228,98,0.0,0,401,78,66.8,11.14,3,4,4,Loyal Customers,0.4278,Medium Risk
13321,2011-09-14 15:18:00,2011-09-28 15:24:00,11,2,372,33.81818181818182,567.36,51.57818181818182,10,0.0,0,15,72,7.5,24.0,3,2,2,Needs Attention,0.5617,Medium Risk
13322,2011-11-22 14:21:00,2011-11-22 14:21:00,25,1,117,4.68,199.48,7.9792,25,0.0,0,1,17,1.0,8.5,5,1,1,Promising / New,0.8485,High Risk
13323,2011-09-16 13:23:00,2011-12-06 17:12:00,21,5,175,8.333333333333334,787.85,37.516666666666666,6,0.0,0,82,3,16.4,0.5,5,4,3,Champions,0.5249,Medium Risk
13324,2010-05-25 10:23:00,2011-11-03 16:28:00,132,18,8448,64.0,10513.47,79.6475,36,0.2045454545454545,0,528,36,29.3,1.89,4,5,5,Champions,0.2166,Low Risk
13325,2011-09-19 10:36:00,2011-09-19 10:36:00,12,1,240,20.0,675.3,56.275,12,0.0,0,1,82,1.0,41.0,3,1,3,Needs Attention,0.6844,Medium Risk
13326,2010-10-03 16:00:00,2010-10-03 16:00:00,13,1,140,10.76923076923077,281.76,21.673846153846156,13,1.0,1,1,432,1.0,216.0,1,1,1,Lost / Inactive,0.7532,High Risk
13327,2009-12-18 15:35:00,2011-11-01 10:21:00,321,20,4203,13.093457943925234,9134.48,28.45632398753894,175,0.1090342679127725,0,683,39,34.2,1.86,4,5,5,Champions,0.0061,Low Risk
13328,2011-01-27 15:22:00,2011-01-27 15:22:00,17,1,680,40.0,1308.48,76.96941176470588,17,0.0,1,1,316,1.0,158.0,2,1,4,Lost / Inactive,0.7413,High Risk
13329,2009-12-04 15:41:00,2011-11-08 10:29:00,118,8,3311,28.059322033898304,4808.77,40.75228813559322,68,0.0,0,704,32,88.0,3.56,4,4,5,Champions,0.0418,Low Risk
13330,2010-02-23 10:12:00,2011-09-08 12:27:00,117,6,1951,16.675213675213676,2796.1,23.8982905982906,80,0.1538461538461538,1,563,93,93.8,13.29,3,4,4,Loyal Customers,0.3209,Low Risk
13331,2010-11-03 08:04:00,2010-11-03 08:04:00,12,1,54,4.5,262.4,21.866666666666664,12,0.0,1,1,402,1.0,201.0,2,1,1,Lost / Inactive,0.8328,High Risk
13332,2011-11-25 13:30:00,2011-11-25 13:30:00,21,1,179,8.523809523809524,350.9,16.70952380952381,21,0.0,0,1,14,1.0,7.0,5,1,2,Promising / New,0.7122,High Risk
13333,2010-02-19 09:26:00,2010-10-24 13:24:00,55,3,685,12.454545454545457,1015.74,18.468,54,0.109090909090909,1,248,411,82.7,102.75,1,3,3,At Risk,0.6088,Medium Risk
13334,2010-02-25 12:21:00,2011-09-18 15:21:00,474,5,3198,6.746835443037975,6201.8,13.08396624472574,307,0.1097046413502109,0,571,82,114.2,13.67,3,4,5,Loyal Customers,0.2701,Low Risk
13336,2011-09-23 14:05:00,2011-09-23 14:05:00,51,1,559,10.96078431372549,795.12,15.590588235294115,51,0.0,0,1,77,1.0,38.5,3,1,3,Needs Attention,0.6365,Medium Risk
13337,2010-06-11 13:27:00,2010-06-11 13:27:00,87,1,980,11.264367816091951,1575.26,18.106436781609197,87,0.0,1,1,546,1.0,273.0,1,1,4,Lost / Inactive,0.6111,Medium Risk
13338,2010-01-05 12:25:00,2011-07-05 09:06:00,128,4,1151,8.9921875,2445.62,19.10640625,113,0.0,1,546,158,136.5,31.6,3,3,4,Loyal Customers,0.4234,Medium Risk
13339,2011-05-23 08:31:00,2011-05-23 08:31:00,54,1,326,6.037037037037037,860.12,15.928148148148148,54,0.0,1,1,201,1.0,100.5,2,1,3,Lost / Inactive,0.6901,Medium Risk
13340,2010-02-22 14:54:00,2011-10-25 13:15:00,215,12,9636,44.8186046511628,22100.56,102.7933023255814,190,0.1162790697674418,0,610,45,50.8,3.46,4,5,5,Champions,0.1065,Low Risk
13341,2011-03-24 09:50:00,2011-03-24 09:50:00,42,1,301,7.166666666666667,775.85,18.472619047619048,42,0.0,1,1,261,1.0,130.5,2,1,3,Lost / Inactive,0.6919,Medium Risk
13343,2011-06-15 12:24:00,2011-06-15 12:24:00,19,1,135,7.105263157894737,353.43,18.60157894736842,19,0.0,1,1,178,1.0,89.0,3,1,2,Needs Attention,0.7283,High Risk
13344,2011-03-07 10:28:00,2011-10-03 09:45:00,116,3,952,8.206896551724139,2511.69,21.6525,115,0.0,0,210,68,70.0,17.0,3,3,4,Loyal Customers,0.5776,Medium Risk
13345,2011-02-25 09:01:00,2011-02-25 09:01:00,20,1,141,7.05,389.5,19.475,20,0.0,1,1,288,1.0,144.0,2,1,2,Lost / Inactive,0.7271,High Risk
13346,2010-04-22 12:34:00,2010-09-03 11:41:00,6,6,180,30.0,299.4,49.9,4,0.0,1,134,463,22.3,66.14,1,4,2,At Risk,0.7507,High Risk
13347,2011-09-30 13:28:00,2011-09-30 13:28:00,8,1,205,25.625,341.36,42.67,8,0.0,0,1,70,1.0,35.0,3,1,2,Needs Attention,0.7255,High Risk
13348,2011-10-06 17:28:00,2011-10-06 17:28:00,14,1,136,9.714285714285714,233.76,16.697142857142858,14,0.0,0,1,64,1.0,32.0,3,1,1,Needs Attention,0.7436,High Risk
13349,2011-11-29 08:07:00,2011-11-29 08:07:00,16,1,225,14.0625,247.32,15.4575,16,0.0,0,1,11,1.0,5.5,5,1,1,Promising / New,0.6842,Medium Risk
13350,2011-09-21 13:33:00,2011-11-23 16:33:00,40,2,287,7.175,979.12,24.478,36,0.0,0,64,16,32.0,5.33,5,2,3,Promising / New,0.6189,Medium Risk
13351,2011-10-04 12:55:00,2011-10-04 12:55:00,16,1,117,7.3125,373.94,23.37125,16,0.0,0,1,66,1.0,33.0,3,1,2,Needs Attention,0.7287,High Risk
13352,2011-10-10 13:55:00,2011-10-10 13:55:00,24,1,321,13.375,397.98,16.5825,24,0.0,0,1,60,1.0,30.0,3,1,2,Needs Attention,0.6682,Medium Risk
13354,2011-09-29 13:17:00,2011-09-29 13:17:00,51,1,604,11.84313725490196,743.53,14.579019607843136,51,0.0,0,1,71,1.0,35.5,3,1,3,Needs Attention,0.6012,Medium Risk
13355,2011-08-09 14:48:00,2011-08-09 14:48:00,32,1,314,9.8125,674.7,21.084375,32,0.0,1,1,122,1.0,61.0,3,1,3,Needs Attention,0.6817,Medium Risk
13356,2011-09-20 14:33:00,2011-09-20 14:33:00,42,1,325,7.738095238095238,768.24,18.29142857142857,42,0.0,0,1,80,1.0,40.0,3,1,3,Needs Attention,0.6757,Medium Risk
13357,2010-03-22 14:30:00,2011-03-27 13:56:00,394,5,2112,5.360406091370559,3805.51,9.658654822335023,284,0.2258883248730964,1,370,257,74.0,42.83,2,4,5,At Risk,0.5046,Medium Risk
13358,2011-03-16 11:52:00,2011-03-16 11:52:00,29,1,285,9.827586206896552,439.03,15.138965517241378,29,0.0,1,1,269,1.0,134.5,2,1,2,Lost / Inactive,0.7065,High Risk
13359,2010-11-01 15:05:00,2011-10-07 09:30:00,56,2,381,6.803571428571429,1043.31,18.630535714285717,52,0.0,0,340,64,170.0,21.33,3,2,3,Needs Attention,0.4871,Medium Risk
13360,2010-01-08 11:16:00,2010-10-04 12:37:00,66,4,942,14.272727272727272,1553.65,23.540151515151518,58,0.0,1,270,432,67.5,86.4,1,3,4,At Risk,0.6224,Medium Risk
13361,2010-04-01 07:49:00,2010-08-24 14:56:00,34,2,324,9.529411764705882,1450.5,42.66176470588236,29,0.0,1,146,472,73.0,157.33,1,2,4,Lost / Inactive,0.694,Medium Risk
13362,2010-10-10 15:27:00,2011-11-30 14:41:00,298,7,2481,8.325503355704697,5394.07,18.100906040268452,186,0.1711409395973154,0,416,9,59.4,1.12,5,4,5,Champions,0.3599,Medium Risk
13363,2010-10-26 11:07:00,2011-11-22 12:40:00,102,3,1146,11.235294117647058,1723.86,16.900588235294116,78,0.0,0,393,18,131.0,4.5,5,3,4,Loyal Customers,0.4026,Medium Risk
13364,2011-09-29 18:13:00,2011-09-29 18:13:00,10,1,71,7.1,134.96,13.496,10,0.0,0,1,71,1.0,35.5,3,1,1,Needs Attention,0.8124,High Risk
13365,2011-05-06 12:00:00,2011-11-06 12:36:00,128,2,1247,9.7421875,2225.37,17.385703125,122,0.6953125,0,185,34,92.5,11.33,4,2,4,Promising / New,0.5265,Medium Risk
13366,2011-10-20 13:37:00,2011-10-20 13:37:00,1,1,144,144.0,56.16,56.16,1,0.0,0,1,50,1.0,25.0,4,1,1,Promising / New,0.6521,Medium Risk
13367,2010-10-04 10:00:00,2010-10-04 10:00:00,20,1,253,12.65,510.2,25.51,20,0.0,1,1,432,1.0,216.0,1,1,2,Lost / Inactive,0.7233,High Risk
13368,2010-10-12 10:43:00,2011-03-28 09:59:00,52,4,606,11.653846153846152,1121.5,21.567307692307693,45,0.0,1,167,257,41.8,51.4,2,3,3,At Risk,0.6467,Medium Risk
13369,2010-12-09 11:30:00,2010-12-09 11:30:00,14,1,149,10.642857142857142,308.28,22.02,14,0.0,1,1,366,1.0,183.0,2,1,2,Lost / Inactive,0.7465,High Risk
13370,2010-12-03 10:26:00,2010-12-03 10:26:00,39,1,343,8.794871794871796,754.87,19.355641025641027,39,0.0,1,1,372,1.0,186.0,2,1,3,Lost / Inactive,0.654,Medium Risk
13371,2010-03-17 15:29:00,2010-07-22 17:33:00,92,2,1019,11.076086956521738,2297.66,24.9745652173913,75,0.0,1,128,505,64.0,168.33,1,2,4,Lost / Inactive,0.6142,Medium Risk
13372,2011-09-11 12:46:00,2011-09-11 12:46:00,23,1,159,6.913043478260869,378.64,16.46260869565217,23,1.0,0,1,90,1.0,45.0,3,1,2,Needs Attention,0.7397,High Risk
13373,2009-12-06 12:34:00,2011-10-10 10:51:00,358,6,4263,11.90782122905028,7587.19,21.19326815642458,292,0.3128491620111732,0,673,61,112.2,8.71,3,4,5,Loyal Customers,0.0269,Low Risk
13374,2010-09-16 10:29:00,2010-10-21 10:04:00,17,2,135,7.9411764705882355,422.8,24.87058823529412,17,0.0,1,35,415,17.5,138.33,1,2,2,Lost / Inactive,0.7103,High Risk
13375,2010-09-21 08:12:00,2011-09-12 10:19:00,71,2,1124,15.830985915492958,1792.23,25.242676056338027,62,0.0,0,357,89,178.5,29.67,3,2,4,Needs Attention,0.3373,Low Risk
13376,2011-04-19 13:03:00,2011-09-01 16:16:00,53,3,493,9.30188679245283,1019.76,19.240754716981133,45,0.0,1,136,99,45.3,24.75,3,3,3,Loyal Customers,0.6453,Medium Risk
13377,2010-03-04 10:06:00,2010-11-08 12:20:00,78,2,748,9.58974358974359,1552.88,19.90871794871795,71,0.0,1,250,397,125.0,132.33,2,2,4,Lost / Inactive,0.6331,Medium Risk
13379,2011-07-26 12:26:00,2011-11-13 13:45:00,97,3,601,6.195876288659794,572.56,5.902680412371134,85,0.865979381443299,0,111,26,37.0,6.5,4,3,2,Loyal Customers,0.5031,Medium Risk
13380,2010-10-03 10:18:00,2010-10-03 10:18:00,3,1,48,16.0,62.4,20.8,3,1.0,1,1,433,1.0,216.5,1,1,1,Lost / Inactive,0.8417,High Risk
13381,2009-12-01 15:19:00,2011-11-08 11:58:00,356,12,5125,14.396067415730338,8224.37,23.10216292134832,154,0.0646067415730337,0,707,32,58.9,2.46,4,5,5,Champions,0.0072,Low Risk
13382,2009-12-08 09:56:00,2011-03-04 10:03:00,86,5,863,10.034883720930232,1387.58,16.134651162790696,74,0.0,1,452,281,90.4,46.83,2,4,4,At Risk,0.5496,Medium Risk
13383,2010-06-14 11:45:00,2010-06-14 11:45:00,1,1,288,288.0,305.28,305.28,1,0.0,1,1,544,1.0,272.0,1,1,2,Lost / Inactive,0.7704,High Risk
13384,2010-07-27 12:22:00,2011-11-09 11:04:00,264,11,4142,15.68939393939394,6680.83,25.30617424242424,192,0.0795454545454545,0,470,31,42.7,2.58,4,5,5,Champions,0.1994,Low Risk
13385,2011-01-14 09:52:00,2011-01-14 09:52:00,35,1,281,8.028571428571428,534.57,15.273428571428571,35,0.0,1,1,330,1.0,165.0,2,1,2,Lost / Inactive,0.7351,High Risk
13386,2010-09-28 13:09:00,2010-10-21 12:52:00,31,2,514,16.580645161290324,835.46,26.950322580645164,24,0.0,1,23,414,11.5,138.0,1,2,3,Lost / Inactive,0.5877,Medium Risk
13387,2010-10-18 14:07:00,2010-10-18 14:07:00,71,1,123,1.732394366197183,186.94,2.632957746478873,71,0.0,1,1,417,1.0,208.5,1,1,1,Lost / Inactive,0.7333,High Risk
13388,2010-04-15 10:18:00,2011-07-31 12:52:00,69,3,701,10.159420289855072,1185.65,17.183333333333334,68,0.5072463768115942,1,473,131,157.7,32.75,3,3,3,Loyal Customers,0.5966,Medium Risk
13389,2011-04-21 12:12:00,2011-11-28 14:01:00,51,3,429,8.411764705882353,797.96,15.646274509803922,50,0.0,0,222,11,74.0,2.75,5,3,3,Loyal Customers,0.6555,Medium Risk
13390,2011-09-26 08:38:00,2011-09-26 08:38:00,13,1,224,17.23076923076923,544.08,41.8523076923077,13,0.0,0,1,75,1.0,37.5,3,1,2,Needs Attention,0.7253,High Risk
13391,2011-05-20 10:50:00,2011-05-20 10:50:00,1,1,4,4.0,59.8,59.8,1,0.0,1,1,204,1.0,102.0,2,1,1,Lost / Inactive,0.9506,High Risk
13392,2010-01-31 13:34:00,2010-01-31 13:34:00,8,1,82,10.25,91.14,11.3925,8,1.0,1,1,677,1.0,338.5,1,1,1,Lost / Inactive,0.822,High Risk
13393,2009-12-07 18:12:00,2010-05-05 09:34:00,69,4,662,9.594202898550725,1131.45,16.397826086956524,53,0.0,1,149,584,37.2,116.8,1,3,3,At Risk,0.6176,Medium Risk
13394,2009-12-01 11:58:00,2011-12-08 11:36:00,409,19,5354,13.09046454767726,6621.7,16.18997555012225,254,0.2004889975550122,0,737,2,38.8,0.1,5,5,5,Champions,0.0131,Low Risk
13395,2010-10-14 13:00:00,2011-06-07 15:04:00,81,3,1660,20.493827160493822,1180.23,14.57074074074074,77,0.0,1,237,185,79.0,46.25,3,3,3,Loyal Customers,0.5968,Medium Risk
13396,2011-01-24 13:37:00,2011-11-10 16:59:00,43,2,600,13.953488372093023,1360.99,31.65093023255814,42,0.0,0,291,29,145.5,9.67,4,2,4,Promising / New,0.6297,Medium Risk
13397,2010-01-20 09:50:00,2011-09-28 10:56:00,89,10,1336,15.01123595505618,3191.87,35.863707865168536,68,0.0224719101123595,0,617,73,61.7,6.64,3,5,5,Loyal Customers,0.0856,Low Risk
13398,2010-09-17 09:34:00,2011-05-31 13:17:00,39,2,341,8.743589743589743,670.34,17.18820512820513,37,0.0,1,257,192,128.5,64.0,2,2,3,Lost / Inactive,0.7255,High Risk
13399,2010-07-08 17:47:00,2010-09-01 13:59:00,15,3,120,8.0,275.4,18.36,10,0.0,1,55,464,18.3,116.0,1,3,1,At Risk,0.6681,Medium Risk
13400,2010-05-06 09:00:00,2010-05-06 09:00:00,23,1,284,12.347826086956522,310.83,13.514347826086956,23,0.0,1,1,583,1.0,291.5,1,1,2,Lost / Inactive,0.699,Medium Risk
13402,2010-05-24 10:56:00,2011-08-04 15:51:00,79,4,917,11.60759493670886,1226.85,15.529746835443037,55,0.0,1,438,127,109.5,25.4,3,3,4,Loyal Customers,0.5703,Medium Risk
13403,2009-12-16 13:23:00,2011-11-22 08:28:00,9,3,114,12.666666666666666,229.5,25.5,9,0.0,0,706,18,235.3,4.5,5,3,1,Loyal Customers,0.0477,Low Risk
13404,2011-05-11 11:57:00,2011-12-08 15:37:00,11,2,111,10.090909090909092,252.49,22.953636363636363,11,0.0,0,212,1,106.0,0.33,5,2,1,Promising / New,0.62,Medium Risk
13405,2009-12-15 14:13:00,2011-09-26 17:01:00,43,6,855,19.88372093023256,1213.81,28.22813953488372,33,0.1162790697674418,0,651,74,108.5,10.57,3,4,3,Loyal Customers,0.0691,Low Risk
13406,2010-03-18 07:29:00,2010-10-08 14:44:00,9,2,292,32.44444444444444,568.92,63.21333333333333,7,0.0,1,205,427,102.5,142.33,1,2,2,Lost / Inactive,0.7623,High Risk
13407,2010-02-16 11:13:00,2010-05-10 12:41:00,85,3,1690,19.88235294117647,2244.7,26.408235294117645,85,0.0,1,84,579,28.0,144.75,1,3,4,At Risk,0.5534,Medium Risk
13408,2009-12-04 09:31:00,2011-12-08 09:05:00,826,106,28675,34.71549636803874,50174.78,60.74428571428571,321,0.1707021791767554,0,734,2,6.9,0.02,5,5,5,Champions,0.0078,Low Risk
13410,2009-12-08 13:43:00,2011-11-15 15:33:00,50,9,1244,24.88,2201.96,44.0392,25,0.16,0,708,24,78.7,2.4,4,5,4,Champions,0.0337,Low Risk
13411,2011-08-24 13:57:00,2011-08-24 13:57:00,18,1,72,4.0,213.55,11.863888888888887,17,0.0,1,1,107,1.0,53.5,3,1,1,Needs Attention,0.8797,High Risk
13412,2010-03-29 16:28:00,2010-03-29 16:28:00,34,1,176,5.176470588235294,487.35,14.333823529411765,33,0.0,1,1,620,1.0,310.0,1,1,2,Lost / Inactive,0.7633,High Risk
13413,2010-01-21 17:43:00,2010-03-10 12:17:00,43,6,455,10.581395348837209,429.44,9.986976744186046,38,0.0697674418604651,1,48,640,8.0,91.43,1,4,2,At Risk,0.5848,Medium Risk
13414,2010-04-15 17:00:00,2011-07-29 11:45:00,55,6,2702,49.127272727272725,2494.14,45.348,48,0.0909090909090909,1,470,134,78.3,19.14,3,4,4,Loyal Customers,0.5789,Medium Risk
13415,2009-12-11 14:20:00,2010-08-24 11:38:00,101,4,496,4.910891089108911,784.17,7.764059405940594,85,0.0,1,256,473,64.0,94.6,1,3,3,At Risk,0.6456,Medium Risk
13416,2009-12-03 13:02:00,2011-10-27 08:56:00,26,3,208,8.0,940.8,36.18461538461538,16,0.0,0,693,44,231.0,11.0,4,3,3,Loyal Customers,0.094,Low Risk
13417,2010-02-08 12:39:00,2011-12-05 08:49:00,77,6,532,6.909090909090909,1669.49,21.681688311688312,57,0.0,0,665,5,110.8,0.71,5,4,4,Champions,0.0566,Low Risk
13418,2009-12-11 12:51:00,2011-11-28 10:23:00,537,31,7354,13.69459962756052,11559.66,21.5263687150838,328,0.0279329608938547,0,717,12,23.1,0.38,5,5,5,Champions,0.0044,Low Risk
13419,2011-10-07 12:49:00,2011-10-07 12:49:00,16,1,275,17.1875,221.06,13.81625,16,0.0,0,1,64,1.0,32.0,3,1,1,Needs Attention,0.6765,Medium Risk
13420,2011-06-22 11:35:00,2011-07-13 08:48:00,8,2,101,12.625,159.85,19.98125,8,0.0,1,21,150,10.5,50.0,3,2,1,Needs Attention,0.7242,High Risk
13421,2010-02-14 14:45:00,2011-10-30 14:21:00,265,8,2351,8.871698113207547,4058.75,15.316037735849056,174,0.4075471698113208,0,623,40,77.9,4.44,4,4,5,Champions,0.0654,Low Risk
13422,2011-10-06 13:42:00,2011-10-06 13:42:00,127,1,1326,10.440944881889765,2626.3,20.67952755905512,127,0.0,0,1,64,1.0,32.0,3,1,4,Needs Attention,0.533,Medium Risk
13423,2010-10-07 09:02:00,2010-10-07 09:02:00,12,1,141,11.75,217.03,18.085833333333333,12,0.0,1,1,429,1.0,214.5,1,1,1,Lost / Inactive,0.7185,High Risk
13424,2010-09-16 10:49:00,2010-09-16 10:49:00,40,1,529,13.225,572.77,14.31925,40,0.0,1,1,450,1.0,225.0,1,1,2,Lost / Inactive,0.6325,Medium Risk
13425,2010-05-09 14:35:00,2011-08-23 17:13:00,177,5,2358,13.322033898305085,3390.43,19.15497175141243,124,0.2937853107344633,1,472,108,94.4,18.0,3,4,5,Loyal Customers,0.4955,Medium Risk
13426,2009-12-09 15:16:00,2011-12-09 08:59:00,343,22,4868,14.192419825072886,8167.38,23.81160349854228,162,0.1137026239067055,0,730,1,33.2,0.04,5,5,5,Champions,0.0107,Low Risk
13427,2009-12-17 13:44:00,2011-11-20 13:02:00,52,6,880,16.923076923076923,1006.53,19.356346153846157,35,0.2884615384615384,0,703,19,117.2,2.71,5,4,3,Champions,0.1045,Low Risk
13428,2010-07-13 13:20:00,2011-11-29 14:20:00,138,3,356,2.579710144927536,478.54,3.46768115942029,122,0.0,0,505,10,168.3,2.5,5,3,2,Loyal Customers,0.1803,Low Risk
13429,2011-09-25 15:59:00,2011-11-29 09:10:00,67,4,1390,20.746268656716417,1006.8,15.02686567164179,55,0.3582089552238806,0,65,11,16.2,2.2,5,3,3,Loyal Customers,0.3569,Medium Risk
13430,2011-09-14 14:26:00,2011-11-21 08:19:00,49,2,751,15.326530612244898,679.45,13.866326530612248,48,0.0,0,68,19,34.0,6.33,5,2,3,Promising / New,0.5633,Medium Risk
13431,2010-02-18 11:53:00,2011-10-03 13:49:00,129,8,1570,12.170542635658917,3316.24,25.707286821705424,113,0.0,0,593,67,74.1,7.44,3,4,5,Loyal Customers,0.206,Low Risk
13432,2010-04-06 14:42:00,2010-05-17 13:18:00,111,2,217,1.954954954954955,439.1,3.955855855855856,98,0.0,1,41,571,20.5,190.33,1,2,2,Lost / Inactive,0.6449,Medium Risk
13433,2010-01-12 08:59:00,2010-07-26 16:55:00,24,4,190,7.916666666666667,658.32,27.430000000000003,22,0.0,1,196,501,49.0,100.2,1,3,3,At Risk,0.7463,High Risk
13434,2010-02-22 09:54:00,2011-09-26 14:30:00,35,5,864,24.685714285714287,1666.86,47.62457142857143,17,0.3142857142857143,0,582,74,116.4,12.33,3,4,4,Loyal Customers,0.2668,Low Risk
13435,2010-07-27 16:56:00,2011-12-04 14:45:00,149,9,2754,18.483221476510067,4447.33,29.84785234899329,96,0.4765100671140939,0,495,5,55.0,0.5,5,5,5,Champions,0.4046,Medium Risk
13436,2011-12-08 10:33:00,2011-12-08 10:33:00,12,1,76,6.333333333333333,196.89,16.4075,12,0.0,0,1,2,1.0,1.0,5,1,1,Promising / New,0.8372,High Risk
13437,2011-06-02 14:30:00,2011-11-25 14:00:00,167,7,1283,7.682634730538922,3408.06,20.40754491017964,143,0.0,0,176,14,25.1,1.75,5,4,5,Champions,0.3632,Medium Risk
13438,2010-06-10 18:46:00,2010-06-10 18:46:00,1,1,10,10.0,46.5,46.5,1,0.0,1,1,547,1.0,273.5,1,1,1,Lost / Inactive,0.8591,High Risk
13439,2010-07-01 14:36:00,2011-03-29 14:20:00,167,3,952,5.700598802395209,986.61,5.907844311377246,132,0.0,1,271,255,90.3,63.75,2,3,3,At Risk,0.5789,Medium Risk
13440,2010-09-14 10:34:00,2010-10-12 13:11:00,59,7,573,9.71186440677966,1295.25,21.953389830508478,49,0.0,1,29,423,4.1,52.88,1,4,4,At Risk,0.3925,Medium Risk
13441,2010-10-04 10:38:00,2011-09-09 09:38:00,38,2,520,13.68421052631579,720.9,18.971052631578942,33,0.0,1,340,92,170.0,30.67,3,2,3,Needs Attention,0.6251,Medium Risk
13442,2009-12-01 14:59:00,2010-02-10 14:03:00,38,3,115,3.026315789473684,419.87,11.04921052631579,33,0.0,1,71,667,23.7,166.75,1,3,2,At Risk,0.709,High Risk
13443,2010-01-31 13:30:00,2010-09-17 12:31:00,200,6,805,4.025,1273.16,6.3658,176,0.09,1,229,449,38.2,64.14,1,4,4,At Risk,0.498,Medium Risk
13444,2010-07-21 14:34:00,2010-11-30 13:02:00,57,2,331,5.807017543859649,619.08,10.861052631578948,51,0.0,1,132,374,66.0,124.67,2,2,3,Lost / Inactive,0.7279,High Risk
13445,2010-03-23 15:34:00,2010-03-23 15:34:00,7,1,198,28.285714285714285,241.9,34.55714285714286,7,0.0,1,1,626,1.0,313.0,1,1,1,Lost / Inactive,0.7283,High Risk
13446,2010-02-14 11:52:00,2010-10-05 18:51:00,192,11,2403,12.515625,3881.89,20.21817708333333,113,0.1770833333333333,1,234,430,21.3,35.83,1,5,5,At Risk,0.3576,Medium Risk
13447,2011-11-04 10:10:00,2011-11-16 13:38:00,59,3,584,9.898305084745765,1129.14,19.137966101694914,55,0.3728813559322034,0,13,23,4.3,5.75,4,3,3,Loyal Customers,0.3966,Medium Risk
13448,2009-12-06 12:14:00,2011-11-23 12:33:00,533,13,4195,7.870544090056285,8745.93,16.408874296435272,321,0.1257035647279549,0,718,17,55.2,1.21,5,5,5,Champions,0.009,Low Risk
13449,2011-11-16 08:28:00,2011-11-16 08:28:00,19,1,222,11.68421052631579,291.88,15.362105263157895,19,0.0,0,1,24,1.0,12.0,4,1,2,Promising / New,0.7121,High Risk
13450,2010-04-15 19:15:00,2011-11-13 11:54:00,147,13,4318,29.374149659863946,4120.04,28.02748299319728,57,0.2448979591836734,0,577,27,44.4,1.93,4,5,5,Champions,0.201,Low Risk
13451,2010-03-21 16:13:00,2011-11-13 15:58:00,1022,11,5229,5.116438356164384,7090.06,6.937436399217222,561,0.5577299412915852,0,602,26,54.7,2.17,4,5,5,Champions,0.0915,Low Risk
13452,2010-08-24 09:53:00,2011-03-25 14:19:00,3,3,6,2.0,729.8,243.26666666666665,2,0.0,1,214,259,71.3,64.75,2,3,3,At Risk,0.7536,High Risk
13453,2010-11-02 13:23:00,2011-06-27 09:34:00,40,3,341,8.525,781.69,19.542250000000003,33,0.0,1,237,166,79.0,41.5,3,3,3,Loyal Customers,0.6886,Medium Risk
13454,2010-03-08 14:40:00,2010-03-08 14:40:00,23,1,198,8.608695652173912,219.87,9.559565217391304,23,0.0,1,1,641,1.0,320.5,1,1,1,Lost / Inactive,0.6714,Medium Risk
13455,2009-12-09 08:58:00,2011-11-15 11:21:00,114,6,795,6.973684210526316,2212.99,19.412192982456137,79,0.3859649122807017,0,707,25,117.8,3.57,4,4,4,Champions,0.03,Low Risk
13456,2011-05-16 15:34:00,2011-11-22 09:18:00,63,6,765,12.142857142857142,1766.72,28.0431746031746,43,0.0,0,190,18,31.7,2.57,5,4,4,Champions,0.4512,Medium Risk
13457,2009-12-02 12:46:00,2010-01-20 08:48:00,9,2,96,10.666666666666666,148.22,16.468888888888888,9,0.0,1,49,689,24.5,229.67,1,2,1,Lost / Inactive,0.7361,High Risk
13458,2010-11-16 14:01:00,2011-12-02 15:29:00,485,16,6760,13.938144329896907,11959.27,24.65828865979381,290,0.0,0,382,7,23.9,0.41,5,5,5,Champions,0.1383,Low Risk
13459,2010-01-26 13:35:00,2010-03-25 10:24:00,73,2,986,13.506849315068491,1160.41,15.896027397260276,57,0.0,1,58,625,29.0,208.33,1,2,3,Lost / Inactive,0.5337,Medium Risk
13460,2011-10-21 09:50:00,2011-11-10 17:17:00,17,2,286,16.823529411764707,183.44,10.790588235294118,16,0.0,0,21,29,10.5,9.67,4,2,1,Promising / New,0.5313,Medium Risk
13461,2010-04-21 16:01:00,2011-11-01 09:01:00,62,6,3132,50.516129032258064,4160.0,67.09677419354838,30,0.0806451612903225,0,559,39,93.2,5.57,4,4,5,Champions,0.3006,Low Risk
13462,2009-12-14 09:48:00,2011-04-01 11:20:00,71,5,697,9.816901408450704,1153.85,16.251408450704226,64,0.0,1,474,253,94.8,42.17,2,4,3,At Risk,0.5641,Medium Risk
13464,2010-03-31 15:22:00,2011-10-12 15:01:00,151,6,1440,9.536423841059603,3097.64,20.514172185430464,128,0.0,0,560,58,93.3,8.29,4,4,5,Champions,0.2377,Low Risk
13465,2010-05-02 15:30:00,2010-09-19 15:13:00,34,2,584,17.176470588235293,931.12,27.385882352941177,34,1.0,1,140,446,70.0,148.67,1,2,3,Lost / Inactive,0.738,High Risk
13466,2010-03-21 13:50:00,2011-06-08 16:39:00,55,5,660,12.0,1013.35,18.424545454545456,49,0.2909090909090909,1,445,184,89.0,30.67,3,4,3,Loyal Customers,0.6085,Medium Risk
13467,2011-11-03 16:56:00,2011-11-29 10:01:00,98,2,580,5.918367346938775,1071.91,10.937857142857144,89,0.0,0,26,11,13.0,3.67,5,2,3,Promising / New,0.4041,Medium Risk
13468,2009-12-03 13:32:00,2011-12-08 10:39:00,693,72,5617,8.105339105339105,12793.28,18.4607215007215,290,0.0274170274170274,0,735,2,10.2,0.03,5,5,5,Champions,0.0055,Low Risk
13469,2010-02-24 15:03:00,2010-02-24 15:03:00,6,1,52,8.666666666666666,82.4,13.733333333333334,6,0.0,1,1,653,1.0,326.5,1,1,1,Lost / Inactive,0.8229,High Risk
13470,2011-08-16 17:06:00,2011-09-01 14:57:00,10,2,100,10.0,165.0,16.5,7,0.0,1,16,99,8.0,33.0,3,2,1,Needs Attention,0.7407,High Risk
13471,2011-10-23 13:10:00,2011-12-08 15:44:00,254,4,1583,6.232283464566929,2501.84,9.84976377952756,214,0.8503937007874016,0,47,1,11.8,0.2,5,3,4,Loyal Customers,0.2896,Low Risk
13472,2010-06-02 09:48:00,2010-09-02 09:41:00,28,2,310,11.071428571428571,592.24,21.15142857142857,24,0.0,1,92,464,46.0,154.67,1,2,2,Lost / Inactive,0.7096,High Risk
13473,2009-12-15 19:02:00,2011-10-10 11:20:00,70,8,1000,14.285714285714286,2657.76,37.968,65,0.0,0,664,61,83.0,6.78,3,4,4,Loyal Customers,0.0463,Low Risk
13474,2010-08-01 14:40:00,2011-04-17 13:53:00,126,3,318,2.523809523809524,646.59,5.131666666666667,116,0.9682539682539684,1,259,236,86.3,59.0,2,3,3,At Risk,0.6541,Medium Risk
13475,2011-02-14 12:36:00,2011-06-01 13:52:00,86,4,1012,11.767441860465116,1431.78,16.648604651162792,64,0.0,1,108,191,27.0,38.2,2,3,4,At Risk,0.4652,Medium Risk
13476,2010-03-05 09:39:00,2011-06-14 12:00:00,106,5,713,6.726415094339623,2061.47,19.447830188679244,86,0.0,1,467,179,93.4,29.83,3,4,4,Loyal Customers,0.5534,Medium Risk
13477,2010-01-25 11:52:00,2011-11-02 12:04:00,157,11,2091,13.318471337579618,2819.17,17.956496815286624,112,0.0509554140127388,0,647,38,58.8,3.17,4,5,4,Champions,0.0178,Low Risk
13478,2010-01-31 15:51:00,2010-08-27 13:23:00,125,5,1189,9.512,2215.78,17.72624,114,0.2,1,208,469,41.6,78.17,1,4,4,At Risk,0.4818,Medium Risk
13479,2010-08-19 16:18:00,2011-05-23 10:45:00,53,4,716,13.50943396226415,851.37,16.063584905660377,45,0.0,1,277,201,69.2,40.2,2,3,3,At Risk,0.6379,Medium Risk
13480,2010-01-29 12:35:00,2010-10-19 11:53:00,41,2,362,8.829268292682928,627.8199999999999,15.312682926829266,40,0.0,1,263,417,131.5,139.0,1,2,3,Lost / Inactive,0.7346,High Risk
13481,2009-12-04 12:37:00,2011-10-25 09:07:00,224,11,2055,9.174107142857142,3830.84,17.101964285714285,162,0.0,0,690,46,62.7,3.83,4,5,5,Champions,0.01,Low Risk
13482,2010-03-22 10:31:00,2011-04-21 17:03:00,20,2,187,9.35,336.09,16.804499999999997,20,0.0,1,396,232,198.0,77.33,2,2,2,Lost / Inactive,0.4562,Medium Risk
13483,2011-10-05 11:53:00,2011-10-05 11:53:00,10,1,160,16.0,140.34,14.034,10,0.0,0,1,66,1.0,33.0,3,1,1,Needs Attention,0.6498,Medium Risk
13484,2010-03-10 11:46:00,2011-04-12 16:30:00,39,3,224,5.743589743589744,790.72,20.2748717948718,38,0.5128205128205128,1,399,241,133.0,60.25,2,3,3,At Risk,0.5204,Medium Risk
13485,2009-12-03 13:46:00,2011-04-20 13:58:00,158,11,1798,11.379746835443038,3019.22,19.10898734177215,131,0.0569620253164556,1,504,233,45.8,19.42,2,5,5,At Risk,0.2558,Low Risk
13486,2011-07-07 17:19:00,2011-09-22 13:13:00,69,3,669,9.695652173913045,1122.41,16.2668115942029,69,0.0,0,77,78,25.7,19.5,3,3,3,Loyal Customers,0.3977,Medium Risk
13487,2009-12-05 10:25:00,2011-10-13 12:07:00,49,5,362,7.387755102040816,846.87,17.283061224489796,31,0.1224489795918367,0,678,58,135.6,9.67,4,4,3,Champions,0.0526,Low Risk
13488,2010-01-25 10:13:00,2011-11-22 14:41:00,679,23,7375,10.86156111929308,14205.96,20.92188512518409,370,0.0441826215022091,0,667,17,29.0,0.71,5,5,5,Champions,0.0032,Low Risk
13489,2011-02-18 10:42:00,2011-08-26 13:16:00,14,4,560,40.0,449.52,32.10857142857143,11,0.0,1,190,105,47.5,21.0,3,3,2,Loyal Customers,0.7284,High Risk
13490,2010-02-23 14:48:00,2010-02-23 14:48:00,8,1,25,3.125,154.25,19.28125,8,0.0,1,1,654,1.0,327.0,1,1,1,Lost / Inactive,0.8937,High Risk
13491,2009-12-07 08:24:00,2011-10-19 08:32:00,261,27,2349,9.0,4467.66,17.117471264367815,144,0.0651340996168582,0,682,52,25.3,1.86,4,5,5,Champions,0.0145,Low Risk
13492,2011-05-09 10:06:00,2011-07-26 14:25:00,50,3,408,8.16,1269.84,25.3968,38,0.0,1,79,136,26.3,34.0,3,3,4,Loyal Customers,0.5362,Medium Risk
13493,2011-02-25 16:42:00,2011-03-09 15:35:00,8,2,380,47.5,618.63,77.32875,6,0.0,1,12,275,6.0,91.67,2,2,3,Lost / Inactive,0.6037,Medium Risk
13494,2011-02-01 11:58:00,2011-02-01 11:58:00,18,1,162,9.0,316.26,17.57,18,0.0,1,1,312,1.0,156.0,2,1,2,Lost / Inactive,0.7398,High Risk
13495,2009-12-07 12:12:00,2011-12-02 11:21:00,133,10,2465,18.533834586466167,4863.31,36.566240601503765,59,0.0,0,725,8,72.5,0.73,5,5,5,Champions,0.0232,Low Risk
13496,2010-12-15 10:17:00,2011-11-29 10:58:00,35,2,341,9.742857142857142,653.33,18.66657142857143,28,0.0,0,350,11,175.0,3.67,5,2,3,Promising / New,0.3813,Medium Risk
13497,2010-02-08 10:27:00,2011-03-02 09:04:00,58,6,525,9.051724137931034,1166.83,20.117758620689653,52,0.0,1,387,283,64.5,40.43,2,4,3,At Risk,0.5663,Medium Risk
13498,2009-12-09 15:26:00,2009-12-09 15:26:00,17,1,362,21.294117647058822,327.38,19.25764705882353,17,0.0,1,1,730,1.0,365.0,1,1,2,Lost / Inactive,0.6928,Medium Risk
13499,2011-03-15 08:52:00,2011-11-22 11:21:00,42,5,1365,32.5,1159.11,27.59785714285714,31,0.0,0,253,18,50.6,3.0,5,4,3,Champions,0.5062,Medium Risk
13500,2010-11-03 13:16:00,2011-11-16 15:35:00,85,4,838,9.858823529411763,1466.3,17.250588235294117,77,0.0,0,379,23,94.8,4.6,4,3,4,Loyal Customers,0.519,Medium Risk
13501,2010-05-18 13:24:00,2011-02-24 18:59:00,114,3,1253,10.991228070175438,2885.11,25.30798245614035,90,0.0,1,283,288,94.3,72.0,2,3,4,At Risk,0.5983,Medium Risk
13502,2010-06-09 10:52:00,2011-11-23 10:39:00,33,5,490,14.848484848484848,780.5,23.651515151515152,28,0.0,0,532,17,106.4,2.83,5,4,3,Champions,0.2826,Low Risk
13503,2010-02-16 13:49:00,2011-09-29 13:23:00,189,6,1105,5.846560846560847,1859.24,9.837248677248676,158,0.0,0,590,71,98.3,10.14,3,4,4,Loyal Customers,0.2236,Low Risk
13504,2011-10-06 13:20:00,2011-10-06 13:20:00,22,1,178,8.090909090909092,295.93,13.451363636363636,22,0.0,0,1,64,1.0,32.0,3,1,2,Needs Attention,0.6984,Medium Risk
13505,2011-04-21 12:07:00,2011-09-28 11:56:00,215,4,2486,11.56279069767442,4393.63,20.435488372093022,182,0.1255813953488372,0,160,73,40.0,14.6,3,3,5,Loyal Customers,0.3442,Low Risk
13506,2010-09-05 12:33:00,2011-01-27 13:53:00,81,5,942,11.62962962962963,1338.08,16.519506172839506,55,0.5308641975308642,1,145,316,29.0,52.67,2,4,4,At Risk,0.5102,Medium Risk
13507,2011-07-17 11:50:00,2011-12-06 13:13:00,162,4,1597,9.858024691358024,2479.16,15.303456790123455,146,0.5061728395061729,0,143,3,35.8,0.6,5,3,4,Loyal Customers,0.395,Medium Risk
13508,2010-03-07 11:58:00,2011-04-10 11:58:00,28,2,180,6.428571428571429,287.05,10.251785714285717,27,1.0,1,400,244,200.0,81.33,2,2,2,Lost / Inactive,0.6016,Medium Risk
13509,2010-07-20 12:10:00,2011-12-01 10:10:00,49,8,1214,24.775510204081638,1114.72,22.74938775510204,27,0.0,0,499,9,62.4,1.0,5,4,3,Champions,0.5129,Medium Risk
13510,2009-12-21 11:53:00,2011-12-08 13:46:00,289,11,3044,10.53287197231834,4558.29,15.772629757785468,176,0.1453287197231834,0,718,1,65.3,0.08,5,5,5,Champions,0.0147,Low Risk
13511,2010-02-01 12:10:00,2010-02-01 12:10:00,5,1,60,12.0,282.76,56.552,5,0.0,1,1,677,1.0,338.5,1,1,1,Lost / Inactive,0.7556,High Risk
13512,2010-05-05 13:22:00,2011-03-24 10:03:00,39,4,419,10.743589743589745,713.39,18.292051282051283,31,0.0,1,323,261,80.8,52.2,2,3,3,At Risk,0.6779,Medium Risk
13513,2010-02-22 16:36:00,2011-08-05 11:50:00,40,3,364,9.1,824.59,20.61475,32,0.0,1,529,127,176.3,31.75,3,3,3,Loyal Customers,0.4004,Medium Risk
13514,2010-01-26 15:11:00,2011-09-27 09:39:00,21,4,288,13.714285714285714,815.9,38.85238095238096,15,0.238095238095238,0,609,74,152.2,14.8,3,3,3,Loyal Customers,0.1917,Low Risk
13515,2010-03-05 11:58:00,2011-09-28 11:26:00,76,6,819,10.776315789473683,1265.82,16.655526315789473,64,0.1710526315789473,0,572,73,95.3,10.43,3,4,4,Loyal Customers,0.2658,Low Risk
13516,2010-10-18 08:52:00,2011-11-18 13:15:00,61,4,1114,18.262295081967213,1685.26,27.6272131147541,55,0.0,0,397,21,99.2,4.2,4,3,4,Loyal Customers,0.4853,Medium Risk
13517,2011-06-13 08:44:00,2011-10-11 11:43:00,141,3,1369,9.709219858156027,2128.42,15.09517730496454,125,0.0,0,121,60,40.3,15.0,3,3,4,Loyal Customers,0.419,Medium Risk
13518,2011-09-15 10:29:00,2011-09-15 10:29:00,36,1,382,10.61111111111111,627.16,17.42111111111111,36,0.0,0,1,86,1.0,43.0,3,1,3,Needs Attention,0.6564,Medium Risk
13519,2010-09-23 11:45:00,2011-09-22 18:24:00,19,2,133,7.0,343.21,18.063684210526315,19,0.0,0,365,78,182.5,26.0,3,2,2,Needs Attention,0.3741,Medium Risk
13520,2009-12-17 11:11:00,2011-10-12 10:20:00,199,11,3179,15.974874371859295,6606.0,33.19597989949749,81,0.1256281407035175,0,664,59,60.4,4.92,4,5,5,Champions,0.0165,Low Risk
13521,2011-11-29 15:09:00,2011-12-08 13:50:00,418,3,718,1.7177033492822966,1071.73,2.5639473684210525,313,0.2870813397129186,0,9,1,3.0,0.25,5,3,3,Loyal Customers,0.237,Low Risk
13522,2011-11-09 15:11:00,2011-11-09 15:11:00,5,1,44,8.8,125.8,25.16,5,0.0,0,1,30,1.0,15.0,4,1,1,Promising / New,0.7558,High Risk
13523,2010-11-02 14:55:00,2011-11-06 15:11:00,201,6,1989,9.8955223880597,4534.57,22.56004975124378,177,0.2338308457711442,0,370,33,61.7,4.71,4,4,5,Champions,0.3391,Low Risk
13524,2011-05-04 12:26:00,2011-10-30 12:34:00,27,5,324,12.0,680.18,25.19185185185185,17,0.3703703703703703,0,180,41,36.0,6.83,4,4,3,Champions,0.6316,Medium Risk
13525,2011-04-05 15:36:00,2011-11-25 12:01:00,6,2,394,65.66666666666667,628.78,104.79666666666668,5,0.0,0,234,15,117.0,5.0,5,2,3,Promising / New,0.6556,Medium Risk
13526,2009-12-01 12:56:00,2009-12-01 13:13:00,44,2,1911,43.43181818181818,1182.0,26.863636363636363,29,0.0,1,1,738,0.5,246.0,1,2,3,Lost / Inactive,0.7344,High Risk
13527,2010-01-21 12:37:00,2011-11-06 12:04:00,443,12,2736,6.176072234762979,4541.29,10.251218961625282,266,0.7562076749435666,0,654,34,54.5,2.62,4,5,5,Champions,0.0185,Low Risk
13529,2011-05-19 11:50:00,2011-09-22 09:15:00,15,2,74,4.933333333333334,307.76,20.517333333333333,15,0.0,0,126,79,63.0,26.33,3,2,2,Needs Attention,0.781,High Risk
13530,2010-03-15 14:10:00,2010-03-15 14:10:00,18,1,272,15.11111111111111,402.98,22.387777777777774,18,0.0,1,1,634,1.0,317.0,1,1,2,Lost / Inactive,0.7206,High Risk
13531,2009-12-03 15:20:00,2011-05-18 16:56:00,75,6,497,6.626666666666667,1433.07,19.1076,44,0.0,1,532,205,88.7,29.29,2,4,4,At Risk,0.3802,Medium Risk
13532,2011-11-06 12:25:00,2011-11-06 12:25:00,66,1,129,1.9545454545454544,210.31,3.1865151515151515,66,1.0,0,1,34,1.0,17.0,4,1,1,Promising / New,0.6277,Medium Risk
13533,2011-03-17 12:47:00,2011-06-10 11:54:00,75,3,202,2.6933333333333334,269.09,3.5878666666666663,61,0.0,1,85,183,28.3,45.75,3,3,1,Loyal Customers,0.6783,Medium Risk
13534,2010-07-07 15:00:00,2011-12-07 14:52:00,392,35,3869,9.869897959183673,7720.9,19.696173469387755,163,0.0,0,518,2,14.8,0.06,5,5,5,Champions,0.1163,Low Risk
13535,2010-11-02 11:49:00,2010-11-02 11:49:00,1,1,10,10.0,89.5,89.5,1,0.0,1,1,403,1.0,201.5,2,1,1,Lost / Inactive,0.8596,High Risk
13536,2011-09-25 13:30:00,2011-12-08 16:38:00,178,7,2126,11.9438202247191,3444.39,19.35050561797753,91,0.702247191011236,0,75,1,10.7,0.12,5,4,5,Champions,0.3294,Low Risk
13537,2010-09-14 10:41:00,2010-10-10 12:45:00,42,2,337,8.023809523809524,717.85,17.09166666666667,38,0.3809523809523809,1,27,426,13.5,142.0,1,2,3,Lost / Inactive,0.5836,Medium Risk
13538,2010-02-02 12:47:00,2011-10-27 16:34:00,142,12,959,6.753521126760563,3103.13,21.853028169014085,105,0.0492957746478873,0,633,43,52.8,3.31,4,5,5,Champions,0.0263,Low Risk
13539,2010-04-28 12:04:00,2011-09-15 10:18:00,86,7,710,8.255813953488373,1569.36,18.248372093023253,69,0.0,0,505,86,72.1,10.75,3,4,4,Loyal Customers,0.4932,Medium Risk
13540,2010-02-22 09:22:00,2010-08-29 14:20:00,32,3,189,5.90625,632.39,19.7621875,26,0.375,1,189,467,63.0,116.75,1,3,3,At Risk,0.7313,High Risk
13541,2010-05-18 16:15:00,2010-10-08 16:37:00,10,2,279,27.9,785.25,78.525,10,0.0,1,144,427,72.0,142.33,1,2,3,Lost / Inactive,0.8014,High Risk
13542,2009-12-10 19:53:00,2010-11-28 11:24:00,331,17,804,2.4290030211480365,3959.49,11.962205438066466,98,0.56797583081571,1,353,377,20.8,20.94,2,5,5,At Risk,0.5395,Medium Risk
13543,2010-01-21 14:30:00,2010-03-15 13:34:00,47,2,329,7.0,1439.61,30.63,37,0.0,1,53,634,26.5,211.33,1,2,4,Lost / Inactive,0.5697,Medium Risk
13544,2010-03-05 11:31:00,2011-10-31 11:57:00,238,6,331,1.3907563025210083,790.2,3.320168067226891,219,0.2563025210084033,0,606,40,101.0,5.71,4,4,3,Champions,0.103,Low Risk
13545,2010-06-13 11:49:00,2010-11-14 11:27:00,54,2,252,4.666666666666667,364.93,6.757962962962963,54,1.0,1,154,391,77.0,130.33,2,2,2,Lost / Inactive,0.7703,High Risk
13546,2010-10-11 17:23:00,2011-11-27 14:50:00,152,5,587,3.861842105263158,1086.24,7.146315789473684,95,0.25,0,412,12,82.4,2.0,5,4,3,Champions,0.4839,Medium Risk
13547,2010-10-27 14:14:00,2010-10-27 14:14:00,44,1,79,1.7954545454545454,167.08,3.797272727272728,44,0.0,1,1,408,1.0,204.0,2,1,1,Lost / Inactive,0.8144,High Risk
13548,2010-08-25 13:44:00,2011-09-04 14:50:00,184,3,558,3.032608695652174,901.44,4.899130434782609,169,0.6684782608695652,1,376,96,125.3,24.0,3,3,3,Loyal Customers,0.4488,Medium Risk
13549,2010-11-17 12:17:00,2011-11-14 09:20:00,59,8,554,9.389830508474576,1005.8,17.047457627118643,44,0.1864406779661017,0,362,26,45.2,2.89,4,4,3,Champions,0.5133,Medium Risk
13550,2010-11-21 15:24:00,2010-11-21 15:24:00,42,1,430,10.238095238095235,342.55,8.155952380952382,40,1.0,1,1,383,1.0,191.5,2,1,2,Lost / Inactive,0.5988,Medium Risk
13551,2010-02-11 15:01:00,2011-01-24 14:46:00,5,2,36,7.2,244.2,48.84,5,0.0,1,347,319,173.5,106.33,2,2,1,Lost / Inactive,0.7063,High Risk
13552,2010-02-19 13:28:00,2011-10-04 15:19:00,207,22,2630,12.705314009661835,6948.92,33.56966183574879,162,0.0,0,593,66,27.0,2.87,3,5,5,Loyal Customers,0.121,Low Risk
13553,2010-02-03 12:21:00,2010-02-03 12:21:00,89,1,201,2.258426966292135,499.6,5.613483146067416,85,0.0,1,1,675,1.0,337.5,1,1,2,Lost / Inactive,0.7571,High Risk
13554,2010-09-19 12:39:00,2010-11-24 15:05:00,196,7,578,2.9489795918367347,1629.35,8.313010204081632,156,0.0306122448979591,1,67,380,9.6,47.5,2,4,4,At Risk,0.4631,Medium Risk
13555,2010-01-19 13:20:00,2011-09-27 12:36:00,397,13,4762,11.994962216624684,8891.84,22.39758186397985,264,0.2367758186397985,0,616,74,47.4,5.29,3,5,5,Loyal Customers,0.0699,Low Risk
13556,2010-09-30 09:01:00,2010-10-06 16:44:00,9,2,134,14.88888888888889,200.82,22.313333333333333,8,0.0,1,7,429,3.5,143.0,1,2,1,Lost / Inactive,0.7107,High Risk
13557,2009-12-08 17:41:00,2011-11-11 15:24:00,180,13,2398,13.322222222222225,3032.26,16.845888888888886,126,0.1,0,703,28,54.1,2.0,4,5,5,Champions,0.0095,Low Risk
13558,2011-10-02 13:01:00,2011-12-04 11:24:00,169,4,338,2.0,594.52,3.517869822485207,123,0.7159763313609467,0,63,6,15.8,1.2,5,3,2,Loyal Customers,0.3525,Medium Risk
13559,2010-06-14 11:52:00,2010-07-15 09:52:00,2,2,360,180.0,990.0,495.0,1,0.0,1,31,513,15.5,171.0,1,2,3,Lost / Inactive,0.6783,Medium Risk
13560,2011-12-02 13:11:00,2011-12-02 13:11:00,32,1,63,1.96875,171.42000000000002,5.3568750000000005,32,0.0,0,1,7,1.0,3.5,5,1,1,Promising / New,0.8146,High Risk
13561,2010-02-28 13:42:00,2011-05-08 12:39:00,229,11,1125,4.912663755458516,1803.4,7.875109170305677,131,0.777292576419214,1,434,216,39.5,18.0,2,5,4,At Risk,0.5109,Medium Risk
13562,2010-01-14 16:33:00,2011-09-19 10:51:00,196,8,1603,8.178571428571429,4838.18,24.684591836734697,88,0.0,0,613,82,76.6,9.11,3,4,5,Loyal Customers,0.081,Low Risk
13563,2011-07-22 17:21:00,2011-09-16 14:45:00,49,2,209,4.26530612244898,777.53,15.867959183673468,49,0.0,0,56,84,28.0,28.0,3,2,3,Needs Attention,0.5388,Medium Risk
13564,2009-12-02 11:55:00,2011-07-18 14:33:00,1200,37,8878,7.398333333333333,16498.97,13.749141666666668,484,0.2341666666666666,1,594,144,16.1,3.79,3,5,5,Loyal Customers,0.3557,Medium Risk
13565,2010-10-24 15:51:00,2011-11-20 14:33:00,60,3,260,4.333333333333333,414.8,6.913333333333333,45,1.0,0,392,19,130.7,4.75,5,3,2,Loyal Customers,0.367,Medium Risk
13566,2010-03-10 12:22:00,2011-10-30 11:59:00,366,5,1257,3.4344262295081966,1688.6,4.613661202185792,263,0.6612021857923497,0,599,41,119.8,6.83,4,4,4,Champions,0.1105,Low Risk
13567,2010-06-16 12:48:00,2010-10-07 12:51:00,201,4,643,3.199004975124378,1079.29,5.369601990049751,180,0.0,1,114,428,28.5,85.6,1,3,3,At Risk,0.4642,Medium Risk
13568,2011-06-19 14:42:00,2011-06-19 14:42:00,43,1,66,1.5348837209302326,187.05,4.3500000000000005,41,1.0,1,1,173,1.0,86.5,3,1,1,Needs Attention,0.831,High Risk
13569,2010-10-07 13:05:00,2011-11-22 13:07:00,179,4,345,1.9273743016759777,726.54,4.058882681564246,140,0.0,0,412,17,103.0,3.4,5,3,3,Loyal Customers,0.342,Low Risk
13570,2011-04-10 13:36:00,2011-04-10 13:36:00,27,1,161,5.962962962962963,239.49,8.870000000000001,27,1.0,1,1,243,1.0,121.5,2,1,1,Lost / Inactive,0.7618,High Risk
13571,2009-12-08 13:02:00,2011-11-27 10:47:00,673,26,3191,4.741456166419019,4537.26,6.74184249628529,263,0.2823179791976226,0,719,13,27.7,0.48,5,5,5,Champions,0.0085,Low Risk
13572,2011-05-18 11:59:00,2011-05-18 11:59:00,33,1,534,16.181818181818183,1384.25,41.946969696969695,32,0.0,1,1,206,1.0,103.0,2,1,4,Lost / Inactive,0.7222,High Risk
13573,2010-03-12 16:06:00,2011-10-20 14:33:00,87,6,647,7.436781609195402,904.52,10.396781609195402,73,0.0,0,587,50,97.8,7.14,4,4,3,Champions,0.2269,Low Risk
13574,2010-10-24 13:28:00,2010-10-24 13:28:00,91,1,304,3.340659340659341,404.45,4.444505494505495,84,1.0,1,1,411,1.0,205.5,1,1,2,Lost / Inactive,0.7119,High Risk
13575,2011-06-16 14:24:00,2011-11-16 13:14:00,46,5,449,9.76086956521739,732.07,15.914565217391305,41,0.0,0,153,23,30.6,3.83,4,4,3,Champions,0.623,Medium Risk
13576,2009-12-08 15:12:00,2011-11-29 15:34:00,268,28,4506,16.813432835820894,11202.59,41.80070895522388,145,0.0485074626865671,0,722,10,25.8,0.34,5,5,5,Champions,0.0077,Low Risk
13577,2009-12-14 16:10:00,2011-11-14 15:19:00,168,11,1661,9.886904761904765,3489.28,20.76952380952381,102,0.0,0,700,25,63.6,2.08,4,5,5,Champions,0.0214,Low Risk
13578,2010-10-26 13:44:00,2010-10-26 13:44:00,9,1,127,14.11111111111111,147.66,16.406666666666666,9,0.0,1,1,409,1.0,204.5,2,1,1,Lost / Inactive,0.7203,High Risk
13579,2010-02-18 13:53:00,2011-11-25 08:41:00,81,5,718,8.864197530864198,1374.34,16.96716049382716,72,0.1111111111111111,0,645,15,129.0,2.5,5,4,4,Champions,0.1064,Low Risk
13580,2010-10-29 15:01:00,2010-10-29 15:01:00,5,1,45,9.0,107.75,21.55,5,0.0,1,1,406,1.0,203.0,2,1,1,Lost / Inactive,0.7776,High Risk
13581,2010-10-21 16:30:00,2011-02-03 14:41:00,33,2,119,3.606060606060606,280.53000000000003,8.500909090909092,32,0.0,1,105,309,52.5,103.0,2,2,1,Lost / Inactive,0.8311,High Risk
13582,2010-04-01 11:38:00,2010-11-15 11:34:00,11,2,106,9.636363636363637,241.68,21.97090909090909,10,0.0,1,228,390,114.0,130.0,2,2,1,Lost / Inactive,0.6845,Medium Risk
13583,2010-01-29 13:53:00,2011-07-07 10:40:00,96,2,1097,11.427083333333334,1445.03,15.052395833333334,93,0.0,1,524,156,262.0,52.0,3,2,4,Needs Attention,0.4447,Medium Risk
13584,2010-02-02 08:40:00,2011-02-06 12:49:00,80,3,360,4.5,385.7,4.82125,74,0.3,1,370,307,123.3,76.75,2,3,2,At Risk,0.3895,Medium Risk
13585,2009-12-01 14:56:00,2010-06-27 12:33:00,39,3,1386,35.53846153846154,684.54,17.552307692307693,29,0.4615384615384615,1,208,531,69.3,132.75,1,3,3,At Risk,0.7008,High Risk
13586,2010-06-16 13:47:00,2010-06-16 13:47:00,20,1,38,1.9,127.28,6.364,20,0.0,1,1,541,1.0,270.5,1,1,1,Lost / Inactive,0.9053,High Risk
13587,2010-02-14 13:17:00,2011-10-07 12:31:00,30,4,664,22.133333333333333,1673.5,55.78333333333333,27,0.3333333333333333,0,600,64,150.0,12.8,3,3,4,Loyal Customers,0.2726,Low Risk
13588,2011-03-29 15:53:00,2011-11-24 10:42:00,174,9,2606,14.977011494252874,2478.95,14.246839080459768,131,0.0,0,240,16,26.7,1.6,5,5,4,Champions,0.2419,Low Risk
13589,2009-12-06 10:26:00,2011-11-25 12:10:00,52,6,293,5.634615384615385,1120.74,21.552692307692308,48,0.3846153846153846,0,720,15,120.0,2.14,5,4,3,Champions,0.0601,Low Risk
13590,2009-12-01 13:37:00,2011-11-28 12:54:00,406,18,5271,12.982758620689657,6336.04,15.606009852216747,255,0.1995073891625615,0,727,11,40.4,0.58,5,5,5,Champions,0.0078,Low Risk
13591,2009-12-14 15:44:00,2011-10-06 12:26:00,101,7,850,8.415841584158416,2093.94,20.732079207920798,89,0.0,0,661,65,94.4,8.12,3,4,4,Loyal Customers,0.0442,Low Risk
13592,2011-03-20 14:01:00,2011-11-04 09:49:00,16,4,84,5.25,247.96,15.4975,15,0.375,0,229,36,57.2,7.2,4,3,1,Loyal Customers,0.7401,High Risk
13593,2010-03-02 16:36:00,2011-08-23 13:35:00,408,14,2170,5.318627450980392,5493.29,13.463946078431372,212,0.2573529411764705,1,539,108,38.5,7.2,3,5,5,Loyal Customers,0.4592,Medium Risk
13594,2010-08-11 10:23:00,2011-10-18 10:19:00,33,2,396,12.0,533.32,16.161212121212124,31,0.0,0,433,53,216.5,17.67,4,2,2,Promising / New,0.3181,Low Risk
13595,2010-03-03 14:42:00,2010-07-11 12:36:00,143,3,341,2.3846153846153846,784.48,5.485874125874126,114,0.2797202797202797,1,130,517,43.3,129.25,1,3,3,At Risk,0.6108,Medium Risk
13596,2011-11-27 11:57:00,2011-12-04 12:01:00,146,2,384,2.6301369863013697,664.11,4.548698630136986,133,1.0,0,8,6,4.0,2.0,5,2,3,Promising / New,0.379,Medium Risk
13597,2010-11-02 09:30:00,2010-11-04 14:54:00,17,2,231,13.588235294117649,396.71,23.335882352941177,17,0.0,1,3,400,1.5,133.33,2,2,2,Lost / Inactive,0.7201,High Risk
13598,2010-02-26 11:22:00,2011-10-23 14:28:00,92,5,393,4.271739130434782,761.96,8.28217391304348,78,0.7934782608695652,0,605,47,121.0,7.83,4,4,3,Champions,0.1236,Low Risk
13599,2009-12-01 12:30:00,2011-12-08 16:10:00,392,33,6248,15.93877551020408,9811.04,25.028163265306123,235,0.0,0,738,1,22.4,0.03,5,5,5,Champions,0.0055,Low Risk
13600,2010-03-15 17:16:00,2011-01-31 15:27:00,41,2,599,14.609756097560975,518.42,12.644390243902436,35,0.0,1,322,312,161.0,104.0,2,2,2,Lost / Inactive,0.6848,Medium Risk
13601,2010-06-11 15:03:00,2011-10-25 17:31:00,185,4,957,5.172972972972973,1159.99,6.270216216216216,160,0.0,0,502,45,125.5,9.0,4,3,3,Loyal Customers,0.3038,Low Risk
13602,2010-05-28 11:49:00,2011-10-06 11:47:00,58,4,538,9.275862068965518,1025.17,17.67534482758621,49,0.0,0,496,65,124.0,13.0,3,3,3,Loyal Customers,0.4185,Medium Risk
13603,2011-11-13 15:57:00,2011-11-13 15:57:00,27,1,164,6.074074074074074,164.34,6.086666666666667,27,1.0,0,1,26,1.0,13.0,4,1,1,Promising / New,0.665,Medium Risk
13604,2010-02-19 12:02:00,2010-02-19 12:02:00,21,1,242,11.523809523809524,717.62,34.172380952380955,21,0.0,1,1,659,1.0,329.5,1,1,3,Lost / Inactive,0.703,High Risk
13605,2010-05-17 15:46:00,2010-11-17 17:16:00,53,2,425,8.018867924528301,522.67,9.861698113207549,50,0.0,1,185,387,92.5,129.0,2,2,2,Lost / Inactive,0.6947,Medium Risk
13606,2011-02-01 11:42:00,2011-11-10 17:46:00,40,3,276,6.9,276.75,6.91875,40,0.85,0,283,29,94.3,7.25,4,3,1,Loyal Customers,0.6929,Medium Risk
13607,2010-11-02 11:48:00,2011-10-30 16:17:00,121,2,466,3.851239669421488,1075.81,8.89099173553719,110,0.8016528925619835,0,363,40,181.5,13.33,4,2,3,Promising / New,0.2595,Low Risk
13608,2010-06-17 12:28:00,2010-06-17 12:28:00,34,1,110,3.235294117647059,232.05,6.825,31,0.0,1,1,541,1.0,270.5,1,1,1,Lost / Inactive,0.8472,High Risk
13609,2010-04-25 13:26:00,2010-04-25 13:26:00,7,1,19,2.7142857142857144,167.35,23.90714285714285,7,1.0,1,1,593,1.0,296.5,1,1,1,Lost / Inactive,0.9084,High Risk
13610,2010-01-05 14:12:00,2011-11-27 15:38:00,399,14,869,2.1779448621553885,2103.71,5.272456140350878,309,0.5388471177944862,0,692,12,49.4,0.8,5,5,4,Champions,0.0885,Low Risk
13611,2009-12-03 07:57:00,2011-09-11 14:51:00,226,10,1988,8.79646017699115,3297.93,14.592610619469026,170,0.1769911504424778,0,648,89,64.8,8.09,3,5,5,Loyal Customers,0.0153,Low Risk
13612,2010-03-17 12:14:00,2010-03-17 12:14:00,50,1,444,8.88,818.29,16.3658,50,0.0,1,1,633,1.0,316.5,1,1,3,Lost / Inactive,0.6759,Medium Risk
13613,2010-02-17 12:40:00,2010-09-13 12:01:00,59,5,445,7.5423728813559325,1039.85,17.624576271186438,50,0.0,1,208,453,41.6,75.5,1,4,3,At Risk,0.6371,Medium Risk
13614,2010-06-06 13:42:00,2011-11-15 14:47:00,264,6,821,3.109848484848485,2332.74,8.836136363636363,227,0.2272727272727272,0,528,24,88.0,3.43,4,4,4,Champions,0.2786,Low Risk
13615,2010-01-28 15:43:00,2011-01-25 08:21:00,367,8,2910,7.929155313351498,6272.53,17.091362397820163,259,0.0653950953678474,1,362,319,45.2,35.44,2,4,5,At Risk,0.4329,Medium Risk
13616,2010-01-17 14:56:00,2010-05-20 12:59:00,35,2,172,4.914285714285715,283.85,8.110000000000001,31,0.5714285714285714,1,123,568,61.5,189.33,1,2,1,Lost / Inactive,0.8075,High Risk
13617,2010-08-01 15:23:00,2011-10-30 13:50:00,107,8,593,5.542056074766355,1278.75,11.950934579439252,48,0.5981308411214953,0,455,40,56.9,4.44,4,4,4,Champions,0.5409,Medium Risk
13618,2011-06-19 11:09:00,2011-06-19 11:09:00,13,1,246,18.923076923076923,177.34,13.64153846153846,13,1.0,1,1,174,1.0,87.0,3,1,1,Needs Attention,0.6619,Medium Risk
13619,2010-02-03 14:16:00,2010-06-13 11:39:00,45,2,79,1.7555555555555555,224.94,4.998666666666667,39,0.5111111111111111,1,130,545,65.0,181.67,1,2,1,Lost / Inactive,0.8514,High Risk
13620,2010-06-29 15:02:00,2010-06-29 15:02:00,5,1,74,14.8,112.34,22.468,5,0.0,1,1,528,1.0,264.0,1,1,1,Lost / Inactive,0.7641,High Risk
13621,2011-08-15 08:26:00,2011-08-15 08:26:00,19,1,343,18.05263157894737,213.85,11.255263157894737,19,0.0,1,1,117,1.0,58.5,3,1,1,Needs Attention,0.6749,Medium Risk
13622,2010-01-12 13:22:00,2010-01-12 13:22:00,32,1,379,11.84375,658.95,20.5921875,32,0.0,1,1,696,1.0,348.0,1,1,3,Lost / Inactive,0.6532,Medium Risk
13623,2009-12-02 13:57:00,2011-11-09 12:00:00,284,10,1010,3.556338028169014,2533.06,8.919225352112676,211,0.0352112676056338,0,707,31,70.7,2.82,4,5,4,Champions,0.0336,Low Risk
13624,2010-11-16 13:43:00,2010-11-16 13:43:00,22,1,820,37.27272727272727,462.08,21.003636363636364,22,0.0,1,1,388,1.0,194.0,2,1,2,Lost / Inactive,0.7286,High Risk
13625,2010-04-22 10:50:00,2010-04-22 10:50:00,21,1,144,6.857142857142857,301.26,14.345714285714283,21,0.0,1,1,597,1.0,298.5,1,1,2,Lost / Inactive,0.7757,High Risk
13626,2010-11-25 16:12:00,2011-04-01 10:05:00,44,2,398,9.045454545454543,707.04,16.069090909090907,44,0.0,1,127,253,63.5,84.33,2,2,3,Lost / Inactive,0.7029,High Risk
13627,2010-03-09 14:03:00,2011-10-11 14:20:00,129,7,1632,12.651162790697674,2245.9,17.410077519379847,118,0.1627906976744186,0,582,59,83.1,7.38,4,4,4,Champions,0.2063,Low Risk
13628,2010-02-01 14:44:00,2010-02-01 14:44:00,16,1,106,6.625,310.14,19.38375,16,0.0,1,1,676,1.0,338.0,1,1,2,Lost / Inactive,0.8252,High Risk
13629,2010-02-11 17:34:00,2011-11-16 13:21:00,87,19,7722,88.75862068965517,13370.86,153.6880459770115,28,0.0689655172413793,0,643,23,33.8,1.15,4,5,5,Champions,0.151,Low Risk
13630,2011-02-27 12:49:00,2011-12-04 15:16:00,71,7,1391,19.591549295774648,2031.78,28.61661971830986,51,0.323943661971831,0,281,5,40.1,0.62,5,4,4,Champions,0.457,Medium Risk
13631,2011-03-17 17:13:00,2011-09-01 09:57:00,11,11,467,42.45454545454545,3070.42,279.1290909090909,6,0.0909090909090909,1,168,100,15.3,8.33,3,5,5,Loyal Customers,0.7249,High Risk
13632,2010-04-07 10:59:00,2011-11-15 10:51:00,220,8,1633,7.422727272727273,3645.81,16.571863636363638,166,0.2954545454545454,0,587,25,73.4,2.78,4,4,5,Champions,0.3071,Low Risk
13634,2010-01-10 14:26:00,2011-11-06 13:40:00,446,16,2090,4.686098654708521,5033.77,11.286479820627804,269,0.6704035874439462,0,665,33,41.6,1.94,4,5,5,Champions,0.0163,Low Risk
13635,2009-12-01 09:46:00,2011-10-03 10:55:00,162,4,1884,11.62962962962963,2999.16,18.51333333333333,135,0.0,0,672,68,168.0,13.6,3,3,5,Loyal Customers,0.0578,Low Risk
13636,2011-02-27 14:29:00,2011-11-03 10:30:00,63,5,592,9.396825396825395,949.12,15.065396825396826,57,0.1746031746031746,0,249,37,49.8,6.17,4,4,3,Champions,0.6332,Medium Risk
13637,2011-04-27 13:06:00,2011-10-18 13:32:00,99,3,405,4.090909090909091,804.3,8.124242424242423,79,0.2929292929292929,0,175,52,58.3,13.0,4,3,3,Loyal Customers,0.6137,Medium Risk
13638,2011-11-24 10:38:00,2011-11-24 10:38:00,8,1,93,11.625,122.64,15.33,8,0.0,0,1,16,1.0,8.0,5,1,1,Promising / New,0.7966,High Risk
13639,2010-09-29 10:05:00,2011-09-26 13:36:00,59,2,997,16.89830508474576,1346.27,22.81813559322034,49,0.0,0,363,74,181.5,24.67,3,2,4,Needs Attention,0.3511,Medium Risk
13640,2010-04-07 15:33:00,2010-04-07 15:33:00,4,1,108,27.0,405.0,101.25,4,0.0,1,1,611,1.0,305.5,1,1,2,Lost / Inactive,0.7588,High Risk
13641,2009-12-05 13:17:00,2010-03-09 07:37:00,44,5,1098,24.954545454545453,1016.47,23.10159090909091,41,0.3409090909090909,1,94,641,18.8,106.83,1,4,3,At Risk,0.4532,Medium Risk
13642,2010-10-03 12:23:00,2011-05-08 12:34:00,105,4,231,2.2,472.2,4.497142857142857,93,1.0,1,218,216,54.5,43.2,2,3,2,At Risk,0.704,High Risk
13643,2009-12-08 12:48:00,2011-11-08 15:37:00,102,10,902,8.843137254901961,2156.77,21.144803921568627,71,0.0,0,701,31,70.1,2.82,4,5,4,Champions,0.0283,Low Risk
13644,2011-08-26 11:53:00,2011-11-23 14:07:00,146,4,2067,14.157534246575343,2624.26,17.974383561643837,144,0.0,0,90,16,22.5,3.2,5,3,4,Loyal Customers,0.2908,Low Risk
13645,2011-08-11 16:11:00,2011-08-11 16:11:00,5,1,158,31.6,252.1,50.42,5,0.0,1,1,120,1.0,60.0,3,1,1,Needs Attention,0.7371,High Risk
13646,2010-11-05 12:00:00,2010-11-05 12:13:00,58,2,79,1.362068965517241,326.25,5.625,58,0.0,1,1,400,0.5,133.33,2,2,2,Lost / Inactive,0.7691,High Risk
13647,2010-04-15 12:55:00,2011-11-30 12:00:00,139,8,1795,12.913669064748202,3041.68,21.882589928057552,98,0.1223021582733813,0,594,10,74.2,1.11,5,4,5,Champions,0.1934,Low Risk
13648,2009-12-01 18:13:00,2010-11-04 14:46:00,106,8,960,9.056603773584904,1764.02,16.641698113207546,95,0.2075471698113207,1,338,400,42.2,44.44,2,4,4,At Risk,0.5816,Medium Risk
13649,2010-06-30 16:35:00,2011-03-28 11:51:00,108,6,782,7.24074074074074,1453.68,13.46,97,0.3796296296296296,1,271,257,45.2,36.71,2,4,4,At Risk,0.6426,Medium Risk
13650,2010-01-26 08:44:00,2011-11-23 12:22:00,172,10,1746,10.151162790697674,3288.0,19.11627906976744,127,0.0,0,667,17,66.7,1.55,5,5,5,Champions,0.0106,Low Risk
13651,2010-11-23 09:44:00,2011-11-04 14:59:00,14,3,62,4.428571428571429,226.85,16.20357142857143,14,0.0,0,347,35,115.7,8.75,4,3,1,Loyal Customers,0.5853,Medium Risk
13652,2010-02-25 17:37:00,2011-10-25 08:51:00,141,5,1458,10.340425531914894,2262.05,16.04290780141844,116,0.0,0,607,46,121.4,7.67,4,4,4,Champions,0.0931,Low Risk
13653,2010-08-09 08:19:00,2010-08-09 08:19:00,9,1,72,8.0,152.2,16.91111111111111,9,0.0,1,1,488,1.0,244.0,1,1,1,Lost / Inactive,0.7986,High Risk
13654,2009-12-02 11:43:00,2011-10-27 16:24:00,329,11,4762,14.474164133738602,6308.0,19.173252279635257,262,0.4407294832826747,0,695,43,63.2,3.58,4,5,5,Champions,0.0228,Low Risk
13655,2010-04-27 09:59:00,2011-08-17 14:25:00,119,6,1225,10.294117647058824,2280.51,19.16394957983193,103,0.0,1,478,114,79.7,16.29,3,4,4,Loyal Customers,0.5225,Medium Risk
13656,2010-04-23 12:50:00,2011-06-28 10:31:00,87,4,862,9.908045977011492,1078.85,12.400574712643676,81,0.0,1,431,165,107.8,33.0,3,3,3,Loyal Customers,0.5437,Medium Risk
13657,2011-05-22 12:35:00,2011-11-29 12:32:00,16,2,209,13.0625,382.14,23.88375,16,0.5625,0,191,11,95.5,3.67,5,2,2,Promising / New,0.6981,Medium Risk
13658,2010-02-05 13:17:00,2011-11-30 10:13:00,237,9,2171,9.160337552742616,6025.5,25.424050632911392,164,0.0759493670886076,0,663,10,73.7,1.0,5,5,5,Champions,0.0339,Low Risk
13659,2010-02-17 09:05:00,2011-05-18 12:37:00,274,12,2527,9.222627737226276,4884.68,17.827299270072995,224,0.2226277372262773,1,456,206,38.0,15.85,2,5,5,At Risk,0.3455,Low Risk
13660,2010-11-04 16:10:00,2010-11-04 16:10:00,40,1,136,3.4,306.64,7.665999999999999,39,0.0,1,1,400,1.0,200.0,2,1,2,Lost / Inactive,0.7828,High Risk
13661,2010-04-15 14:58:00,2010-04-15 14:58:00,17,1,118,6.941176470588236,325.24,19.131764705882357,17,0.0,1,1,603,1.0,301.5,1,1,2,Lost / Inactive,0.797,High Risk
13662,2010-02-19 13:21:00,2011-09-15 12:04:00,136,11,1169,8.595588235294118,2233.61,16.423602941176473,126,0.0,0,573,86,52.1,7.17,3,5,4,Loyal Customers,0.2729,Low Risk
13663,2010-03-03 10:11:00,2011-06-13 15:44:00,99,5,893,9.02020202020202,2047.51,20.681919191919192,87,0.1212121212121212,1,468,179,93.6,29.83,3,4,4,Loyal Customers,0.5895,Medium Risk
13665,2010-07-23 13:29:00,2010-11-18 13:06:00,106,3,1652,15.58490566037736,1711.66,16.147735849056605,97,0.0,1,118,386,39.3,96.5,2,3,4,At Risk,0.5089,Medium Risk
13666,2009-12-04 10:48:00,2011-10-10 15:39:00,19,5,54,2.8421052631578947,127.9,6.731578947368422,19,0.0,0,676,60,135.2,10.0,3,4,1,Loyal Customers,0.0786,Low Risk
13667,2011-07-13 15:42:00,2011-07-13 15:42:00,83,1,149,1.7951807228915662,299.05,3.603012048192771,82,0.0,1,1,149,1.0,74.5,3,1,2,Needs Attention,0.7567,High Risk
13668,2009-12-11 14:28:00,2011-12-07 12:11:00,756,35,6096,8.063492063492063,12948.48,17.127619047619046,411,0.2989417989417989,0,726,3,20.7,0.08,5,5,5,Champions,0.0119,Low Risk
13669,2010-10-28 15:05:00,2011-10-20 09:32:00,14,3,393,28.071428571428573,413.55,29.539285714285715,13,0.0,0,357,51,119.0,12.75,4,3,2,Loyal Customers,0.4759,Medium Risk
13670,2011-09-25 15:25:00,2011-09-25 15:25:00,25,1,282,11.28,349.7,13.988,25,1.0,0,1,75,1.0,37.5,3,1,2,Needs Attention,0.7051,High Risk
13671,2010-11-10 10:50:00,2010-11-10 10:50:00,64,1,95,1.484375,172.6,2.696875,61,0.0,1,1,395,1.0,197.5,2,1,1,Lost / Inactive,0.7955,High Risk
13672,2009-12-09 11:40:00,2011-02-11 13:53:00,18,3,138,7.666666666666667,419.92,23.32888888888889,13,0.0,1,430,301,143.3,75.25,2,3,2,At Risk,0.4827,Medium Risk
13673,2011-11-07 15:40:00,2011-11-21 12:11:00,60,2,114,1.9,387.44,6.457333333333334,47,0.0,0,14,19,7.0,6.33,5,2,2,Promising / New,0.6547,Medium Risk
13674,2010-10-03 10:41:00,2010-10-03 10:41:00,14,1,102,7.285714285714286,240.68,17.19142857142857,14,1.0,1,1,433,1.0,216.5,1,1,1,Lost / Inactive,0.8472,High Risk
13675,2011-02-28 12:14:00,2011-07-11 12:57:00,25,2,330,13.2,486.82,19.4728,25,0.0,1,134,151,67.0,50.33,3,2,2,Needs Attention,0.7013,High Risk
13676,2010-03-30 16:53:00,2010-06-18 17:30:00,13,2,104,8.0,243.9,18.76153846153846,13,0.0,1,81,539,40.5,179.67,1,2,1,Lost / Inactive,0.734,High Risk
13677,2010-07-07 17:25:00,2010-10-31 11:32:00,106,2,217,2.047169811320755,551.24,5.200377358490566,98,0.4245283018867924,1,116,405,58.0,135.0,2,2,2,Lost / Inactive,0.7777,High Risk
13678,2011-07-11 10:14:00,2011-07-11 10:14:00,16,1,924,57.75,232.6,14.5375,16,0.0,1,1,152,1.0,76.0,3,1,1,Needs Attention,0.7273,High Risk
13679,2009-12-04 16:52:00,2010-08-03 12:13:00,50,3,102,2.04,281.26,5.6252,44,0.0,1,242,494,80.7,123.5,1,3,1,At Risk,0.826,High Risk
13680,2009-12-04 14:14:00,2011-12-08 13:47:00,646,12,5244,8.117647058823529,11419.67,17.67750773993808,354,0.0,0,734,1,61.2,0.08,5,5,5,Champions,0.0082,Low Risk
13681,2011-07-07 15:21:00,2011-11-22 11:13:00,57,4,360,6.315789473684211,827.83,14.523333333333332,37,0.5964912280701754,0,138,18,34.5,3.6,5,3,3,Loyal Customers,0.6122,Medium Risk
13682,2011-06-05 14:06:00,2011-06-05 14:06:00,3,1,10,3.333333333333333,59.5,19.83333333333333,3,1.0,1,1,187,1.0,93.5,3,1,1,Needs Attention,0.8901,High Risk
13683,2010-09-08 10:00:00,2010-09-08 10:00:00,10,1,180,18.0,258.6,25.860000000000003,10,0.0,1,1,458,1.0,229.0,1,1,1,Lost / Inactive,0.7146,High Risk
13684,2010-03-28 14:48:00,2011-02-27 10:13:00,108,4,234,2.1666666666666665,594.88,5.508148148148148,81,0.9074074074074074,1,336,286,84.0,57.2,2,3,2,At Risk,0.737,High Risk
13685,2011-10-10 12:59:00,2011-12-07 11:41:00,39,7,5056,129.64102564102564,3119.44,79.98564102564103,29,0.0,0,58,3,8.3,0.38,5,4,5,Champions,0.4382,Medium Risk
13686,2010-11-03 13:44:00,2011-06-10 09:10:00,34,3,378,11.117647058823527,409.04,12.030588235294118,27,0.0,1,219,183,73.0,45.75,3,3,2,Loyal Customers,0.6613,Medium Risk
13687,2010-09-27 16:30:00,2010-09-27 16:30:00,45,1,87167,1937.0444444444445,11880.84,264.01866666666666,45,0.0,1,1,438,1.0,219.0,1,1,5,Lost / Inactive,0.659,Medium Risk
13688,2010-03-14 14:11:00,2010-03-14 14:11:00,5,1,130,26.0,375.5,75.1,5,1.0,1,1,635,1.0,317.5,1,1,2,Lost / Inactive,0.7827,High Risk
13689,2010-09-21 10:27:00,2011-10-07 13:21:00,9,2,722,80.22222222222223,1259.5,139.94444444444446,6,0.0,0,382,63,191.0,21.0,3,2,4,Needs Attention,0.3743,Medium Risk
13690,2011-10-11 15:03:00,2011-10-11 15:03:00,9,1,67,7.444444444444445,172.25,19.13888888888889,9,0.0,0,1,59,1.0,29.5,4,1,1,Promising / New,0.754,High Risk
13691,2010-11-08 17:34:00,2010-11-08 17:34:00,54,1,145,2.685185185185185,212.78,3.9403703703703705,54,0.0,1,1,396,1.0,198.0,2,1,1,Lost / Inactive,0.7415,High Risk
13692,2010-10-15 13:28:00,2011-11-15 11:17:00,96,5,2101,21.885416666666668,3114.4,32.44166666666667,83,0.3229166666666667,0,396,25,79.2,4.17,4,4,5,Champions,0.4098,Medium Risk
13693,2009-12-07 11:29:00,2010-11-30 18:21:00,106,9,880,8.30188679245283,2011.82,18.97943396226415,78,0.2924528301886792,1,359,374,39.9,37.4,2,5,4,At Risk,0.5082,Medium Risk
13694,2009-12-04 15:26:00,2011-12-06 09:32:00,1519,143,188201,123.89795918367346,195640.69,128.7957142857143,896,0.0269914417379855,0,732,4,5.1,0.03,5,5,5,Champions,0.0154,Low Risk
13695,2010-05-11 11:07:00,2011-11-08 14:26:00,96,16,1791,18.65625,2770.73,28.86177083333333,47,0.0520833333333333,0,547,31,34.2,1.82,4,5,4,Champions,0.1615,Low Risk
13696,2010-02-11 14:17:00,2010-10-14 09:44:00,24,3,552,23.0,2020.4,84.18333333333334,24,0.0,1,245,422,81.7,105.5,1,3,4,At Risk,0.7272,High Risk
13697,2011-11-01 09:14:00,2011-11-01 09:14:00,12,1,177,14.75,151.3,12.608333333333334,12,0.0,0,1,39,1.0,19.5,4,1,1,Promising / New,0.6501,Medium Risk
13698,2010-01-27 09:02:00,2010-04-22 11:52:00,38,2,227,5.973684210526316,451.73,11.887631578947367,31,0.0,1,86,597,43.0,199.0,1,2,2,Lost / Inactive,0.7339,High Risk
13699,2010-06-07 13:03:00,2011-07-07 16:51:00,37,2,219,5.918918918918919,764.15,20.6527027027027,33,0.0,1,396,155,198.0,51.67,3,2,3,Needs Attention,0.5534,Medium Risk
13700,2010-02-07 10:53:00,2011-11-13 13:00:00,240,13,2786,11.608333333333333,2596.97,10.820708333333332,163,0.3208333333333333,0,645,26,49.6,1.86,4,5,4,Champions,0.022,Low Risk
13701,2010-09-19 12:39:00,2010-09-19 12:39:00,9,1,80,8.88888888888889,161.0,17.88888888888889,9,1.0,1,1,447,1.0,223.5,1,1,1,Lost / Inactive,0.8025,High Risk
13702,2010-09-20 11:40:00,2010-09-20 11:40:00,5,1,74,14.8,135.18,27.036,5,0.0,1,1,446,1.0,223.0,1,1,1,Lost / Inactive,0.7749,High Risk
13703,2010-10-20 13:11:00,2011-01-25 13:10:00,37,2,128,3.45945945945946,425.56,11.501621621621622,36,0.0,1,97,318,48.5,106.0,2,2,2,Lost / Inactive,0.8051,High Risk
13704,2011-09-12 14:40:00,2011-12-04 15:13:00,134,9,1531,11.42537313432836,2308.06,17.224328358208954,111,0.0820895522388059,0,84,5,9.3,0.5,5,5,4,Champions,0.2856,Low Risk
13705,2010-03-25 17:19:00,2011-12-02 12:32:00,74,7,906,12.243243243243244,1717.19,23.205270270270272,55,0.0,0,617,8,88.1,1.0,5,4,4,Champions,0.1107,Low Risk
13706,2010-03-23 09:18:00,2011-02-10 09:21:00,38,2,301,7.921052631578948,631.17,16.609736842105264,38,0.0,1,325,303,162.5,101.0,2,2,3,Lost / Inactive,0.7041,High Risk
13707,2010-06-21 11:57:00,2011-03-17 18:03:00,155,5,2210,14.258064516129032,3365.86,21.715225806451613,142,0.0,1,270,267,54.0,44.5,2,4,5,At Risk,0.4597,Medium Risk
13708,2011-03-13 13:46:00,2011-03-13 13:46:00,49,1,301,6.142857142857143,285.33,5.823061224489796,49,1.0,1,1,271,1.0,135.5,2,1,1,Lost / Inactive,0.7073,High Risk
13709,2010-01-11 10:40:00,2011-12-06 10:28:00,407,18,4122,10.127764127764127,7571.35,18.602825552825557,296,0.0663390663390663,0,694,4,38.6,0.21,5,5,5,Champions,0.0049,Low Risk
13710,2010-04-06 12:54:00,2011-11-08 08:16:00,15,3,336,22.4,509.52,33.968,13,0.0,0,581,32,193.7,8.0,4,3,2,Loyal Customers,0.2002,Low Risk
13711,2009-12-15 19:04:00,2011-05-05 10:31:00,92,9,819,8.902173913043478,1792.26,19.48108695652174,80,0.0434782608695652,1,506,219,56.2,21.9,2,5,4,At Risk,0.3537,Medium Risk
13712,2010-04-08 11:16:00,2011-04-07 12:33:00,33,2,1128,34.18181818181818,766.42,23.224848484848483,32,0.0,1,365,247,182.5,82.33,2,2,3,Lost / Inactive,0.4823,Medium Risk
13713,2010-05-05 16:48:00,2010-10-27 16:18:00,80,3,284,3.55,740.76,9.2595,70,0.0,1,175,408,58.3,102.0,2,3,3,At Risk,0.7119,High Risk
13714,2010-08-31 13:57:00,2010-08-31 13:57:00,30,1,50,1.6666666666666667,161.35,5.378333333333333,30,0.0,1,1,465,1.0,232.5,1,1,1,Lost / Inactive,0.8593,High Risk
13715,2010-03-11 15:33:00,2011-03-03 19:21:00,512,17,4800,9.375,8153.04,15.92390625,277,0.146484375,1,358,281,21.1,15.61,2,5,5,At Risk,0.2668,Low Risk
13716,2011-03-15 13:49:00,2011-03-15 13:49:00,21,1,138,6.571428571428571,138.28,6.584761904761905,21,0.0,1,1,269,1.0,134.5,2,1,1,Lost / Inactive,0.7682,High Risk
13717,2010-08-11 09:40:00,2011-11-07 14:13:00,124,8,2144,17.29032258064516,1763.3,14.22016129032258,110,0.0,0,454,32,56.8,3.56,4,4,4,Champions,0.3658,Medium Risk
13718,2011-02-17 11:58:00,2011-04-07 13:24:00,12,2,173,14.416666666666666,306.55,25.54583333333333,9,0.0,1,50,246,25.0,82.0,2,2,2,Lost / Inactive,0.7111,High Risk
13719,2010-05-17 14:36:00,2011-11-24 15:26:00,248,11,1588,6.403225806451613,2783.08,11.222096774193547,194,0.1088709677419354,0,557,15,50.6,1.25,5,5,4,Champions,0.2166,Low Risk
13720,2011-03-30 09:17:00,2011-08-15 12:46:00,43,4,501,11.651162790697674,799.9,18.60232558139535,42,0.0,1,139,117,34.8,23.4,3,3,3,Loyal Customers,0.6488,Medium Risk
13721,2010-11-09 17:59:00,2011-11-03 14:05:00,42,2,512,12.19047619047619,741.54,17.655714285714286,41,0.0,0,359,36,179.5,12.0,4,2,3,Promising / New,0.3523,Medium Risk
13722,2010-03-03 14:13:00,2011-07-31 12:44:00,189,10,3059,16.185185185185187,5635.41,29.816984126984128,137,0.2063492063492063,1,515,132,51.5,12.0,3,5,5,Loyal Customers,0.3934,Medium Risk
13723,2010-04-07 14:32:00,2011-05-06 17:04:00,58,6,593,10.224137931034482,1194.08,20.58758620689655,51,0.0,1,395,217,65.8,31.0,2,4,3,At Risk,0.5443,Medium Risk
13724,2010-03-12 15:28:00,2010-03-12 15:28:00,42,1,130,3.095238095238096,213.01,5.071666666666666,39,0.0,1,1,637,1.0,318.5,1,1,1,Lost / Inactive,0.7867,High Risk
13725,2011-02-04 12:18:00,2011-10-21 10:03:00,104,8,806,7.75,1980.56,19.043846153846157,95,0.1057692307692307,0,259,50,32.4,5.56,4,4,4,Champions,0.4882,Medium Risk
13726,2011-08-31 11:06:00,2011-11-01 10:49:00,42,2,1054,25.09523809523809,1079.66,25.70619047619048,39,0.0,0,62,39,31.0,13.0,4,2,3,Promising / New,0.5924,Medium Risk
13727,2009-12-09 13:25:00,2011-11-11 09:46:00,83,8,368,4.433734939759036,1074.15,12.941566265060242,74,0.1686746987951807,0,702,29,87.8,3.22,4,4,3,Champions,0.0754,Low Risk
13728,2009-12-09 17:13:00,2011-11-03 10:49:00,164,16,1269,7.737804878048781,2855.17,17.409573170731708,75,0.0,0,694,37,43.4,2.18,4,5,4,Champions,0.0259,Low Risk
13729,2010-01-24 14:57:00,2010-09-30 10:44:00,39,3,419,10.743589743589745,724.73,18.582820512820515,36,0.5128205128205128,1,249,436,83.0,109.0,1,3,3,At Risk,0.6952,Medium Risk
13730,2011-07-01 12:47:00,2011-07-27 08:35:00,43,2,488,11.348837209302326,752.6,17.50232558139535,38,0.0,1,26,136,13.0,45.33,3,2,3,Needs Attention,0.5217,Medium Risk
13731,2011-04-07 10:10:00,2011-05-04 14:33:00,38,2,278,7.315789473684211,610.59,16.068157894736842,36,0.0,1,28,219,14.0,73.0,2,2,3,Lost / Inactive,0.6169,Medium Risk
13732,2011-11-11 15:49:00,2011-11-11 15:49:00,33,1,498,15.090909090909092,491.86,14.904848484848486,33,0.0,0,1,28,1.0,14.0,4,1,2,Promising / New,0.6238,Medium Risk
13733,2009-12-04 15:28:00,2010-10-25 12:18:00,29,2,335,11.551724137931034,487.03,16.79413793103448,28,0.0,1,325,411,162.5,137.0,1,2,2,Lost / Inactive,0.7024,High Risk
13734,2010-04-16 08:42:00,2010-07-19 12:04:00,27,4,302,11.185185185185183,6695.69,247.9885185185185,24,0.0,1,95,509,23.8,101.8,1,3,5,At Risk,0.6378,Medium Risk
13735,2009-12-13 13:31:00,2011-11-15 11:14:00,647,13,4135,6.3910355486862445,9762.77,15.089289026275116,362,0.1205564142194745,0,702,25,54.0,1.79,4,5,5,Champions,0.0105,Low Risk
13736,2009-12-06 12:07:00,2011-12-04 15:19:00,554,7,1549,2.796028880866426,2752.47,4.968357400722021,325,0.7111913357400722,0,729,5,104.1,0.62,5,4,4,Champions,0.0246,Low Risk
13737,2011-05-23 16:32:00,2011-05-23 16:32:00,30,1,125,4.166666666666667,339.6,11.32,29,0.0,1,1,200,1.0,100.0,2,1,2,Lost / Inactive,0.8266,High Risk
13738,2010-11-08 15:23:00,2010-11-08 15:23:00,89,1,237,2.662921348314607,434.78,4.885168539325843,88,0.0,1,1,396,1.0,198.0,2,1,2,Lost / Inactive,0.74,High Risk
13739,2010-06-30 10:25:00,2011-11-21 13:35:00,6,2,76,12.666666666666666,292.2,48.7,6,0.0,0,510,18,255.0,6.0,5,2,2,Promising / New,0.3189,Low Risk
13740,2009-12-02 12:22:00,2011-04-13 10:32:00,94,5,987,10.5,1582.77,16.837978723404255,83,0.0,1,497,241,99.4,40.17,2,4,4,At Risk,0.4164,Medium Risk
13741,2011-05-06 13:43:00,2011-09-29 09:19:00,34,3,218,6.411764705882353,668.43,19.659705882352934,34,0.0,0,146,72,48.7,18.0,3,3,3,Loyal Customers,0.7002,High Risk
13742,2011-01-23 14:59:00,2011-11-23 11:07:00,313,12,1115,3.562300319488818,3107.87,9.92929712460064,200,0.5782747603833865,0,304,17,25.3,1.31,5,5,5,Champions,0.2752,Low Risk
13743,2011-03-25 14:46:00,2011-12-07 10:09:00,41,7,1776,43.31707317073171,1341.6,32.72195121951219,8,0.0,0,257,3,36.7,0.38,5,4,4,Champions,0.4631,Medium Risk
13744,2011-02-20 14:08:00,2011-09-05 15:19:00,63,2,1153,18.3015873015873,1080.52,17.15111111111111,54,0.6984126984126984,1,198,95,99.0,31.67,3,2,3,Needs Attention,0.6444,Medium Risk
13745,2010-06-11 17:19:00,2011-06-30 16:43:00,56,2,1146,20.464285714285715,777.36,13.881428571428572,46,0.0,1,384,162,192.0,54.0,3,2,3,Needs Attention,0.4704,Medium Risk
13746,2010-10-22 11:55:00,2010-10-22 11:55:00,9,1,83,9.22222222222222,176.69,19.63222222222222,9,0.0,1,1,414,1.0,207.0,1,1,1,Lost / Inactive,0.7666,High Risk
13747,2010-10-11 09:15:00,2010-12-01 10:37:00,5,2,60,12.0,169.8,33.96,4,0.0,1,52,374,26.0,124.67,2,2,1,Lost / Inactive,0.7198,High Risk
13748,2009-12-01 16:44:00,2011-09-05 09:45:00,58,9,1028,17.724137931034484,2064.35,35.592241379310344,40,0.0,1,643,96,71.4,9.6,3,5,4,Loyal Customers,0.4475,Medium Risk
13750,2010-04-01 14:49:00,2011-10-17 12:16:00,75,11,1370,18.266666666666666,3602.18,48.029066666666665,51,0.2,0,564,54,51.3,4.5,4,5,5,Champions,0.2421,Low Risk
13751,2011-02-24 15:56:00,2011-02-24 15:56:00,9,1,152,16.88888888888889,296.25,32.916666666666664,9,0.0,1,1,288,1.0,144.0,2,1,2,Lost / Inactive,0.7482,High Risk
13752,2010-06-30 10:23:00,2011-08-07 14:16:00,94,7,1005,10.691489361702128,1579.83,16.806702127659573,75,0.3723404255319149,1,404,124,57.7,15.5,3,4,4,Loyal Customers,0.4994,Medium Risk
13753,2009-12-03 10:20:00,2011-02-25 12:48:00,80,4,1450,18.125,2094.57,26.182125000000003,64,0.0,1,450,288,112.5,57.6,2,3,4,At Risk,0.5328,Medium Risk
13754,2010-09-28 15:29:00,2011-07-11 11:51:00,21,3,315,15.0,447.05,21.28809523809524,16,0.0,1,286,152,95.3,38.0,3,3,2,Loyal Customers,0.7211,High Risk
13755,2011-10-07 15:45:00,2011-12-06 12:26:00,321,9,1242,3.869158878504673,2108.06,6.567165109034268,232,0.0,0,60,4,6.7,0.4,5,5,4,Champions,0.242,Low Risk
13756,2009-12-15 15:18:00,2011-12-07 16:44:00,343,23,5138,14.979591836734691,8655.95,25.236005830903792,142,0.0,0,723,2,31.4,0.08,5,5,5,Champions,0.0055,Low Risk
13757,2010-02-03 12:37:00,2010-02-03 12:37:00,8,1,54,6.75,195.55,24.44375,8,0.0,1,1,675,1.0,337.5,1,1,1,Lost / Inactive,0.8059,High Risk
13758,2009-12-01 10:06:00,2011-11-28 11:11:00,285,15,4667,16.37543859649123,8698.13,30.51975438596491,213,0.2771929824561403,0,728,12,48.5,0.75,5,5,5,Champions,0.0213,Low Risk
13759,2011-09-29 15:40:00,2011-11-06 14:47:00,25,2,287,11.48,659.41,26.3764,24,0.04,0,38,33,19.0,11.0,4,2,3,Promising / New,0.6143,Medium Risk
13760,2010-04-25 13:10:00,2011-10-16 16:13:00,119,5,623,5.235294117647059,1363.64,11.459159663865544,95,0.6554621848739496,0,540,54,108.0,9.0,4,4,4,Champions,0.3434,Low Risk
13761,2010-02-21 11:08:00,2011-10-20 14:01:00,122,6,1079,8.844262295081966,1952.17,16.001393442622952,118,0.3442622950819672,0,607,50,101.2,7.14,4,4,4,Champions,0.0692,Low Risk
13762,2010-01-10 12:13:00,2011-05-05 09:15:00,35,5,2608,74.51428571428572,2472.48,70.64228571428572,23,0.5428571428571428,1,480,219,96.0,36.5,2,4,4,At Risk,0.6287,Medium Risk
13763,2010-09-30 17:39:00,2011-10-07 15:13:00,50,3,3224,64.48,5217.44,104.3488,50,0.0,0,372,63,124.0,15.75,3,3,5,Loyal Customers,0.43,Medium Risk
13764,2010-03-07 12:56:00,2011-09-30 12:03:00,370,6,2084,5.632432432432433,2919.62,7.890864864864865,295,0.2621621621621621,0,572,71,95.3,10.14,3,4,5,Loyal Customers,0.2325,Low Risk
13765,2010-02-24 13:46:00,2010-02-24 13:46:00,17,1,297,17.470588235294116,352.82,20.754117647058823,17,0.0,1,1,653,1.0,326.5,1,1,2,Lost / Inactive,0.7227,High Risk
13766,2010-08-01 14:25:00,2010-08-01 14:25:00,17,1,137,8.058823529411764,190.35,11.197058823529412,16,1.0,1,1,495,1.0,247.5,1,1,1,Lost / Inactive,0.757,High Risk
13767,2009-12-01 10:52:00,2011-12-07 15:00:00,764,73,14595,19.10340314136125,33903.57,44.37640052356021,117,0.1256544502617801,0,737,2,10.1,0.03,5,5,5,Champions,0.0095,Low Risk
13768,2009-12-09 10:25:00,2009-12-13 10:41:00,33,2,373,11.303030303030305,875.97,26.544545454545457,30,0.3333333333333333,1,5,727,2.5,242.33,1,2,3,Lost / Inactive,0.6718,Medium Risk
13769,2009-12-16 11:59:00,2011-12-07 15:08:00,275,20,2452,8.916363636363636,5478.12,19.92043636363636,121,0.0,0,722,2,36.1,0.1,5,5,5,Champions,0.0105,Low Risk
13770,2009-12-09 14:44:00,2010-10-13 15:10:00,48,4,468,9.75,785.37,16.361875,48,0.0,1,309,422,77.2,84.4,1,3,3,At Risk,0.6819,Medium Risk
13771,2010-02-25 12:37:00,2011-10-06 14:18:00,216,9,3140,14.537037037037036,5728.82,26.522314814814813,182,0.0,0,589,64,65.4,6.4,3,5,5,Loyal Customers,0.1223,Low Risk
13772,2010-02-23 13:55:00,2011-11-06 11:43:00,567,8,1446,2.5502645502645502,3100.02,5.467407407407407,394,0.2416225749559082,0,621,34,77.6,3.78,4,4,5,Champions,0.0694,Low Risk
13773,2010-02-18 10:27:00,2010-11-08 11:49:00,19,2,174,9.157894736842104,301.54,15.870526315789474,19,0.0,1,264,397,132.0,132.33,2,2,2,Lost / Inactive,0.7431,High Risk
13774,2011-09-19 12:06:00,2011-09-19 12:06:00,22,1,192,8.727272727272727,345.0,15.681818181818182,22,0.0,0,1,82,1.0,41.0,3,1,2,Needs Attention,0.7031,High Risk
13775,2010-04-28 12:15:00,2010-04-28 12:15:00,63,1,455,7.222222222222222,1049.66,16.661269841269842,63,0.0,1,1,591,1.0,295.5,1,1,3,Lost / Inactive,0.6935,Medium Risk
13776,2010-10-07 16:07:00,2010-10-07 16:11:00,2,2,2,1.0,623.98,311.99,1,0.0,1,1,428,0.5,142.67,1,2,3,Lost / Inactive,0.8447,High Risk
13777,2009-12-02 09:47:00,2011-12-09 12:25:00,356,61,23190,65.14044943820225,49638.26,139.4333146067416,44,0.0870786516853932,0,738,1,12.1,0.02,5,5,5,Champions,0.0365,Low Risk
13778,2010-05-23 13:34:00,2011-08-28 15:25:00,44,4,511,11.613636363636363,1124.49,25.55659090909091,33,0.7045454545454546,1,463,103,115.8,20.6,3,3,3,Loyal Customers,0.6486,Medium Risk
13779,2010-07-12 11:24:00,2010-07-12 11:24:00,27,1,53,1.962962962962963,161.13,5.967777777777777,27,0.0,1,1,516,1.0,258.0,1,1,1,Lost / Inactive,0.8694,High Risk
13780,2010-10-28 19:51:00,2011-12-02 13:49:00,98,3,479,4.887755102040816,732.0699999999999,7.470102040816326,90,0.0,0,400,7,133.3,1.75,5,3,3,Loyal Customers,0.3057,Low Risk
13781,2009-12-18 15:46:00,2011-04-03 12:08:00,57,3,300,5.2631578947368425,778.83,13.663684210526316,56,0.2982456140350877,1,471,251,157.0,62.75,2,3,3,At Risk,0.5497,Medium Risk
13782,2009-12-06 12:52:00,2011-11-27 11:54:00,238,13,643,2.701680672268908,1786.08,7.50453781512605,187,0.96218487394958,0,721,13,55.5,0.93,5,5,4,Champions,0.1215,Low Risk
13783,2010-02-04 13:47:00,2010-08-09 09:23:00,10,4,3437,343.7,1542.09,154.209,4,0.0,1,186,488,46.5,97.6,1,3,4,At Risk,0.7447,High Risk
13784,2010-09-15 12:27:00,2011-11-30 09:33:00,43,14,2827,65.74418604651163,2910.23,67.67976744186046,13,0.0465116279069767,0,441,10,31.5,0.67,5,5,5,Champions,0.2596,Low Risk
13785,2010-09-05 16:01:00,2010-10-07 09:25:00,30,4,151,5.033333333333333,542.49,18.083,26,0.1666666666666666,1,32,429,8.0,85.8,1,3,2,At Risk,0.681,Medium Risk
13786,2009-12-03 15:32:00,2010-12-07 13:53:00,116,6,1515,13.060344827586206,3127.99,26.965431034482755,80,0.5948275862068966,1,369,367,61.5,52.43,2,4,5,At Risk,0.4988,Medium Risk
13787,2010-01-14 10:13:00,2011-09-25 12:06:00,86,6,998,11.604651162790695,1222.5,14.215116279069768,71,0.2790697674418604,0,620,76,103.3,10.86,3,4,4,Loyal Customers,0.1076,Low Risk
13788,2010-07-22 15:50:00,2010-07-22 15:50:00,1,1,1,1.0,3.75,3.75,1,0.0,1,1,505,1.0,252.5,1,1,1,Lost / Inactive,0.862,High Risk
13789,2010-11-16 15:31:00,2010-11-16 15:31:00,18,1,258,14.333333333333334,239.46,13.303333333333336,18,0.0,1,1,388,1.0,194.0,2,1,1,Lost / Inactive,0.7101,High Risk
13790,2011-12-05 15:48:00,2011-12-05 15:48:00,45,1,748,16.622222222222224,348.8,7.751111111111111,45,0.0,0,1,4,1.0,2.0,5,1,2,Promising / New,0.494,Medium Risk
13791,2011-06-24 16:38:00,2011-08-04 11:44:00,11,2,1200,109.0909090909091,1516.0,137.8181818181818,7,0.0,1,41,128,20.5,42.67,3,2,4,Needs Attention,0.6216,Medium Risk
13792,2010-10-13 11:05:00,2011-10-04 14:31:00,23,3,156,6.782608695652174,383.95,16.693478260869565,23,0.0,0,357,66,119.0,16.5,3,3,2,Loyal Customers,0.5463,Medium Risk
13793,2010-03-03 08:25:00,2010-03-03 08:25:00,7,1,52,7.428571428571429,96.0,13.714285714285714,7,0.0,1,1,647,1.0,323.5,1,1,1,Lost / Inactive,0.8294,High Risk
13794,2010-06-11 12:30:00,2010-06-11 12:30:00,9,1,63,7.0,126.03,14.003333333333334,9,0.0,1,1,547,1.0,273.5,1,1,1,Lost / Inactive,0.8404,High Risk
13795,2010-03-12 12:44:00,2010-11-16 17:25:00,29,4,1250,43.10344827586207,836.3,28.83793103448276,23,0.3103448275862069,1,250,388,62.5,77.6,2,3,3,At Risk,0.7117,High Risk
13796,2010-07-28 14:45:00,2010-07-28 14:45:00,22,1,218,9.909090909090908,289.7,13.168181818181818,22,0.0,1,1,499,1.0,249.5,1,1,2,Lost / Inactive,0.7116,High Risk
13797,2010-03-02 12:17:00,2010-09-29 10:34:00,78,3,573,7.346153846153846,1179.45,15.121153846153849,71,0.0,1,211,437,70.3,109.25,1,3,3,At Risk,0.6542,Medium Risk
13798,2009-12-08 16:21:00,2011-12-08 15:51:00,721,110,48187,66.83356449375867,75428.87,104.61701803051317,168,0.2621359223300971,0,730,1,6.6,0.01,5,5,5,Champions,0.0248,Low Risk
13799,2010-03-05 16:39:00,2011-08-15 12:07:00,106,9,1539,14.5188679245283,2803.57,26.448773584905663,64,0.0471698113207547,1,528,117,58.7,11.7,3,5,4,Loyal Customers,0.3521,Medium Risk
13800,2009-12-03 10:03:00,2011-02-03 12:27:00,73,3,891,12.205479452054794,1679.56,23.00767123287671,73,0.0,1,428,310,142.7,77.5,2,3,4,At Risk,0.5455,Medium Risk
13801,2011-10-04 10:15:00,2011-10-04 10:15:00,23,1,168,7.304347826086956,324.8,14.121739130434785,23,0.0,0,1,67,1.0,33.5,3,1,2,Needs Attention,0.6826,Medium Risk
13802,2010-02-16 10:11:00,2011-07-24 10:54:00,448,19,14129,31.537946428571427,26259.11,58.61408482142857,212,0.1808035714285714,1,524,139,27.6,6.95,3,5,5,Loyal Customers,0.5169,Medium Risk
13803,2010-03-31 10:00:00,2011-03-29 12:57:00,78,3,831,10.653846153846152,1338.91,17.16551282051282,73,0.0,1,364,255,121.3,63.75,2,3,4,At Risk,0.4634,Medium Risk
13804,2010-09-29 10:26:00,2011-11-09 12:32:00,167,9,1797,10.760479041916168,3161.12,18.928862275449102,149,0.059880239520958,0,407,31,45.2,3.1,4,5,5,Champions,0.244,Low Risk
13805,2011-08-02 15:29:00,2011-10-18 14:50:00,13,2,1900,146.15384615384616,924.6,71.12307692307692,10,0.0,0,77,52,38.5,17.33,4,2,3,Promising / New,0.714,High Risk
13806,2011-10-07 11:43:00,2011-10-07 11:43:00,10,1,56,5.6,256.38,25.638,10,0.0,0,1,64,1.0,32.0,3,1,1,Needs Attention,0.805,High Risk
13807,2009-12-04 12:41:00,2010-12-07 15:48:00,25,3,116,4.64,422.2,16.887999999999998,24,0.0,1,369,367,123.0,91.75,2,3,2,At Risk,0.5625,Medium Risk
13808,2011-09-04 12:07:00,2011-12-04 12:18:00,76,5,782,10.289473684210526,1747.66,22.99552631578948,70,0.5263157894736842,0,92,6,18.4,1.0,5,4,4,Champions,0.3648,Medium Risk
13809,2010-09-05 11:42:00,2011-02-07 13:15:00,25,3,281,11.24,679.6999999999999,27.188,23,0.36,1,156,305,52.0,76.25,2,3,3,At Risk,0.7358,High Risk
13810,2011-10-14 12:57:00,2011-11-11 08:33:00,35,3,312,8.914285714285715,1499.01,42.828857142857146,32,0.0,0,28,29,9.3,7.25,4,3,4,Loyal Customers,0.4986,Medium Risk
13811,2011-04-14 18:40:00,2011-06-09 09:54:00,13,3,68,5.230769230769231,814.5,62.65384615384615,7,0.0,1,56,184,18.7,46.0,3,3,3,Loyal Customers,0.5763,Medium Risk
13812,2011-08-26 12:54:00,2011-10-28 14:27:00,36,3,333,9.25,539.0,14.97222222222222,33,0.0,0,64,42,21.3,10.5,4,3,2,Loyal Customers,0.5078,Medium Risk
13813,2009-12-06 10:16:00,2011-10-31 10:38:00,143,8,1292,9.034965034965037,2765.47,19.33895104895105,84,0.1958041958041958,0,695,40,86.9,4.44,4,4,4,Champions,0.0348,Low Risk
13814,2010-06-30 14:12:00,2011-09-08 13:48:00,79,3,1214,15.367088607594935,2257.32,28.573670886075952,56,0.0,1,435,92,145.0,23.0,3,3,4,Loyal Customers,0.4866,Medium Risk
13815,2010-02-12 10:26:00,2011-11-17 14:19:00,356,8,5381,15.115168539325843,7475.74,20.999269662921343,203,0.0,0,644,22,80.5,2.44,4,4,5,Champions,0.0475,Low Risk
13816,2011-10-06 14:37:00,2011-11-16 08:38:00,28,2,269,9.607142857142858,571.67,20.416785714285712,25,0.0,0,41,24,20.5,8.0,4,2,2,Promising / New,0.6346,Medium Risk
13817,2010-12-23 11:46:00,2011-11-10 17:49:00,24,2,211,8.791666666666666,382.98,15.9575,20,0.0,0,323,29,161.5,9.67,4,2,2,Promising / New,0.6138,Medium Risk
13818,2010-10-06 12:35:00,2010-10-06 12:35:00,5,1,60,12.0,61.28,12.256,5,0.0,1,1,430,1.0,215.0,1,1,1,Lost / Inactive,0.8484,High Risk
13819,2009-12-01 16:18:00,2011-02-11 10:38:00,101,6,2309,22.861386138613863,2642.35,26.16188118811881,47,0.0,1,437,302,72.8,43.14,2,4,4,At Risk,0.4348,Medium Risk
13820,2010-01-28 12:26:00,2010-10-17 13:46:00,89,3,285,3.202247191011236,652.75,7.334269662921348,68,0.550561797752809,1,263,418,87.7,104.5,1,3,3,At Risk,0.7181,High Risk
13821,2010-01-04 13:36:00,2011-07-18 09:49:00,204,6,477,2.338235294117647,1379.08,6.760196078431372,158,0.0,1,560,145,93.3,20.71,3,4,4,Loyal Customers,0.3888,Medium Risk
13822,2011-10-30 15:55:00,2011-12-04 12:13:00,96,2,611,6.364583333333333,632.0,6.583333333333333,90,1.0,0,35,6,17.5,2.0,5,2,3,Promising / New,0.36,Medium Risk
13823,2009-12-15 14:34:00,2011-11-21 10:22:00,163,7,1564,9.595092024539875,3403.45,20.88006134969325,108,0.0,0,706,19,100.9,2.38,5,4,5,Champions,0.0344,Low Risk
13824,2010-03-12 15:17:00,2011-11-07 12:41:00,100,12,1442,14.42,3314.76,33.147600000000004,59,0.05,0,605,33,50.4,2.54,4,5,5,Champions,0.0851,Low Risk
13825,2009-12-09 14:30:00,2010-03-28 11:02:00,40,2,182,4.55,255.59,6.38975,38,0.45,1,109,622,54.5,207.33,1,2,1,Lost / Inactive,0.809,High Risk
13826,2011-06-16 13:48:00,2011-06-16 13:48:00,10,1,82,8.2,189.5,18.95,10,0.0,1,1,176,1.0,88.0,3,1,1,Needs Attention,0.7706,High Risk
13827,2011-07-19 15:38:00,2011-10-13 12:38:00,92,3,138,1.5,409.8,4.4543478260869565,83,0.0,0,86,58,28.7,14.5,4,3,2,Loyal Customers,0.5773,Medium Risk
13828,2011-11-17 16:02:00,2011-11-17 16:02:00,15,1,311,20.73333333333333,209.49,13.966,15,0.0,0,1,22,1.0,11.0,4,1,1,Promising / New,0.6705,Medium Risk
13829,2010-10-14 18:19:00,2010-10-14 18:19:00,1,1,12,12.0,102.0,102.0,1,0.0,1,1,421,1.0,210.5,1,1,1,Lost / Inactive,0.8582,High Risk
13830,2010-05-07 12:24:00,2010-05-07 12:24:00,11,1,47,4.2727272727272725,156.85,14.259090909090908,11,0.0,1,1,582,1.0,291.0,1,1,1,Lost / Inactive,0.8934,High Risk
13831,2009-12-10 14:50:00,2011-11-23 15:41:00,182,18,2393,13.148351648351648,6585.54,36.184285714285714,121,0.1923076923076923,0,714,16,39.7,0.84,5,5,5,Champions,0.012,Low Risk
13832,2010-10-13 14:41:00,2011-11-20 15:36:00,55,2,420,7.636363636363637,609.89,11.088909090909093,54,0.0545454545454545,0,404,19,202.0,6.33,5,2,3,Promising / New,0.3097,Low Risk
13833,2010-10-31 14:11:00,2011-07-03 13:27:00,44,2,243,5.5227272727272725,700.41,15.91840909090909,43,1.0,1,245,159,122.5,53.0,3,2,3,Needs Attention,0.7632,High Risk
13834,2010-02-08 12:52:00,2010-05-12 10:27:00,16,2,221,13.8125,324.19,20.261875,15,0.0,1,93,577,46.5,192.33,1,2,2,Lost / Inactive,0.7141,High Risk
13835,2010-03-04 08:26:00,2011-11-14 15:37:00,71,7,520,7.323943661971831,1095.27,15.426338028169011,60,0.2957746478873239,0,621,25,88.7,3.12,4,4,3,Champions,0.105,Low Risk
13836,2010-10-21 13:27:00,2010-11-05 13:31:00,31,2,273,8.806451612903226,620.37,20.011935483870968,29,0.0,1,16,399,8.0,133.0,2,2,3,Lost / Inactive,0.6578,Medium Risk
13837,2011-01-26 12:15:00,2011-05-12 12:10:00,18,2,182,10.11111111111111,266.59,14.810555555555554,17,0.0,1,106,212,53.0,70.67,2,2,1,Lost / Inactive,0.6991,Medium Risk
13838,2010-05-09 11:40:00,2011-12-04 11:00:00,403,10,694,1.7220843672456576,1690.07,4.193722084367246,328,1.0,0,574,6,57.4,0.55,5,5,4,Champions,0.271,Low Risk
13839,2010-08-10 13:52:00,2010-08-10 13:52:00,7,1,25,3.571428571428572,139.95000000000002,19.992857142857144,7,0.0,1,1,486,1.0,243.0,1,1,1,Lost / Inactive,0.8959,High Risk
13840,2010-10-19 13:34:00,2010-10-19 13:34:00,40,1,358,8.95,651.4,16.285,40,0.0,1,1,416,1.0,208.0,1,1,3,Lost / Inactive,0.6751,Medium Risk
13841,2011-04-01 12:10:00,2011-04-01 12:10:00,1,1,100,100.0,85.0,85.0,1,0.0,1,1,253,1.0,126.5,2,1,1,Lost / Inactive,0.8417,High Risk
13842,2010-02-16 15:54:00,2011-10-12 10:51:00,335,18,2716,8.107462686567164,5319.34,15.878626865671642,214,0.0626865671641791,0,603,59,33.5,3.11,4,5,5,Champions,0.0605,Low Risk
13843,2010-11-23 17:48:00,2010-11-23 17:48:00,18,1,145,8.055555555555555,319.75,17.76388888888889,18,0.0,1,1,381,1.0,190.5,2,1,2,Lost / Inactive,0.7625,High Risk
13844,2011-11-28 13:21:00,2011-11-28 13:21:00,20,1,196,9.8,361.62,18.081,20,0.0,0,1,11,1.0,5.5,5,1,2,Promising / New,0.7135,High Risk
13845,2011-10-06 08:25:00,2011-10-06 08:25:00,9,1,182,20.22222222222222,312.98,34.77555555555556,9,0.0,0,1,65,1.0,32.5,3,1,2,Needs Attention,0.7399,High Risk
13846,2010-11-05 09:47:00,2011-11-15 12:07:00,81,4,705,8.703703703703704,1307.79,16.145555555555553,81,0.0,0,376,25,94.0,5.0,4,3,4,Loyal Customers,0.4849,Medium Risk
13847,2009-12-20 10:41:00,2009-12-20 10:41:00,19,1,96,5.052631578947368,310.72,16.353684210526318,19,1.0,1,1,720,1.0,360.0,1,1,2,Lost / Inactive,0.871,High Risk
13848,2009-12-09 16:17:00,2011-09-08 12:58:00,10,8,9200,920.0,3015.0,301.5,3,0.1,1,638,92,79.8,10.22,3,4,5,Loyal Customers,0.578,Medium Risk
13849,2010-03-25 12:03:00,2011-10-19 10:59:00,220,5,1883,8.559090909090909,3469.3,15.769545454545456,189,0.1363636363636363,0,573,52,114.6,8.67,4,4,5,Champions,0.2277,Low Risk
13850,2011-08-02 14:04:00,2011-08-02 14:04:00,93,1,944,10.150537634408602,1595.48,17.155698924731183,93,0.0,1,1,129,1.0,64.5,3,1,4,Needs Attention,0.6581,Medium Risk
13851,2010-01-29 11:54:00,2011-09-05 12:36:00,140,8,2525,18.035714285714285,4606.46,32.903285714285715,111,0.0,1,585,96,73.1,10.67,3,4,5,Loyal Customers,0.3468,Low Risk
13852,2010-04-08 09:06:00,2010-04-08 09:06:00,11,1,85,7.727272727272727,187.35,17.03181818181818,11,0.0,1,1,611,1.0,305.5,1,1,1,Lost / Inactive,0.7979,High Risk
13853,2011-10-13 14:18:00,2011-10-13 14:18:00,23,1,312,13.565217391304348,1090.14,47.39739130434782,23,0.0,0,1,57,1.0,28.5,4,1,3,Promising / New,0.6951,Medium Risk
13854,2010-01-08 11:28:00,2011-12-01 09:06:00,178,39,3642,20.46067415730337,11944.56,67.10426966292134,61,0.0842696629213483,0,692,9,17.7,0.22,5,5,5,Champions,0.0099,Low Risk
13855,2009-12-08 16:56:00,2010-07-27 09:53:00,73,4,575,7.876712328767123,1310.34,17.94986301369863,64,0.0,1,231,501,57.8,100.2,1,3,4,At Risk,0.6504,Medium Risk
13856,2010-03-30 15:40:00,2011-06-24 10:03:00,54,11,1105,20.46296296296296,1142.03,21.148703703703703,33,0.1111111111111111,1,451,169,41.0,14.08,3,5,3,Loyal Customers,0.5916,Medium Risk
13857,2010-05-17 14:21:00,2010-11-11 12:54:00,128,6,782,6.109375,1001.01,7.820390625,99,0.2109375,1,178,393,29.7,56.14,2,4,3,At Risk,0.5868,Medium Risk
13858,2011-10-13 16:17:00,2011-10-13 16:17:00,11,1,75,6.818181818181818,216.17,19.651818181818182,11,0.0,0,1,57,1.0,28.5,4,1,1,Promising / New,0.7871,High Risk
13859,2010-06-28 15:36:00,2011-01-17 16:14:00,36,2,167,4.638888888888889,515.86,14.329444444444444,34,0.0,1,204,326,102.0,108.67,2,2,2,Lost / Inactive,0.8088,High Risk
13860,2011-09-14 09:27:00,2011-12-08 12:57:00,76,5,591,7.776315789473684,1245.9,16.39342105263158,58,0.0,0,86,1,17.2,0.17,5,4,4,Champions,0.3696,Medium Risk
13861,2010-06-27 11:37:00,2010-10-06 14:20:00,21,2,225,10.714285714285714,273.26,13.012380952380951,21,0.4761904761904761,1,102,429,51.0,143.0,1,2,1,Lost / Inactive,0.6961,Medium Risk
13862,2010-11-15 13:43:00,2011-11-21 16:24:00,160,9,1927,12.04375,2556.09,15.9755625,113,0.125,0,372,18,41.3,1.8,5,5,4,Champions,0.258,Low Risk
13863,2010-04-25 13:09:00,2011-04-06 10:20:00,70,4,553,7.9,1239.55,17.707857142857144,59,0.2571428571428571,1,346,248,86.5,49.6,2,3,4,At Risk,0.6209,Medium Risk
13864,2010-11-18 12:50:00,2010-11-18 12:50:00,1,1,192,192.0,662.4,662.4,1,0.0,1,1,387,1.0,193.5,2,1,3,Lost / Inactive,0.7824,High Risk
13865,2011-02-23 12:04:00,2011-10-12 13:31:00,30,4,204,6.8,501.56,16.718666666666667,26,0.0,0,232,58,58.0,11.6,4,3,2,Loyal Customers,0.6935,Medium Risk
13866,2011-09-26 14:54:00,2011-09-26 14:54:00,7,1,57,8.142857142857142,145.67,20.81,7,0.0,0,1,74,1.0,37.0,3,1,1,Needs Attention,0.7671,High Risk
13867,2011-05-05 17:28:00,2011-11-08 15:48:00,60,3,501,8.35,1005.09,16.7515,51,0.0,0,187,31,62.3,7.75,4,3,3,Loyal Customers,0.6679,Medium Risk
13868,2011-11-01 12:45:00,2011-12-02 16:32:00,33,2,1964,59.51515151515152,3192.54,96.74363636363636,32,0.0,0,32,7,16.0,2.33,5,2,5,Promising / New,0.5946,Medium Risk
13869,2010-01-17 14:53:00,2011-08-08 13:53:00,838,10,4302,5.133651551312649,7996.87,9.54280429594272,502,0.3758949880668257,1,568,123,56.8,11.18,3,5,5,Loyal Customers,0.3384,Low Risk
13870,2010-02-08 12:08:00,2011-12-07 13:23:00,241,15,3449,14.311203319502075,5712.08,23.70157676348548,159,0.0954356846473029,0,668,2,44.5,0.12,5,5,5,Champions,0.0064,Low Risk
13871,2009-12-20 13:09:00,2011-11-17 10:49:00,402,17,3502,8.711442786069652,7885.85,19.616542288557216,183,0.1069651741293532,0,697,23,41.0,1.28,4,5,5,Champions,0.0063,Low Risk
13872,2009-12-14 09:56:00,2010-06-30 15:35:00,57,3,339,5.947368421052632,919.57,16.13280701754386,51,0.0,1,199,527,66.3,131.75,1,3,3,At Risk,0.6737,Medium Risk
13873,2010-03-03 12:31:00,2011-08-12 10:08:00,60,8,472,7.866666666666666,1038.92,17.315333333333335,55,0.3333333333333333,1,527,120,65.9,13.33,3,4,3,Loyal Customers,0.6007,Medium Risk
13874,2010-02-04 18:39:00,2010-12-16 18:20:00,69,7,864,12.521739130434783,2049.15,29.697826086956525,46,0.0,1,315,358,45.0,44.75,2,4,4,At Risk,0.508,Medium Risk
13875,2009-12-17 10:30:00,2011-10-17 09:36:00,270,14,3072,11.377777777777778,4814.37,17.831,159,0.0962962962962963,0,669,54,47.8,3.6,4,5,5,Champions,0.008,Low Risk
13876,2011-10-07 10:22:00,2011-10-07 10:22:00,7,1,36,5.142857142857143,122.7,17.52857142857143,7,0.0,0,1,64,1.0,32.0,3,1,1,Needs Attention,0.8321,High Risk
13877,2010-01-19 10:53:00,2011-09-14 15:49:00,23,3,478,20.782608695652176,449.68,19.55130434782609,23,0.0,0,604,86,201.3,21.5,3,3,2,Loyal Customers,0.1316,Low Risk
13878,2010-04-14 13:50:00,2011-10-16 12:19:00,102,4,927,9.088235294117649,2416.9,23.695098039215686,93,0.3431372549019608,0,550,55,137.5,11.0,4,3,4,Loyal Customers,0.355,Medium Risk
13879,2010-03-04 10:49:00,2010-03-04 10:49:00,25,1,204,8.16,395.5,15.82,25,0.0,1,1,646,1.0,323.0,1,1,2,Lost / Inactive,0.7083,High Risk
13880,2010-05-26 14:29:00,2011-11-18 13:44:00,223,17,2535,11.367713004484305,4293.86,19.254977578475334,148,0.0717488789237668,0,541,21,31.8,1.17,4,5,5,Champions,0.1325,Low Risk
13881,2010-03-04 14:41:00,2011-12-06 12:50:00,457,43,29760,65.12035010940919,45179.1,98.8601750547046,182,0.0,0,642,4,14.9,0.09,5,5,5,Champions,0.0254,Low Risk
13882,2011-10-06 15:28:00,2011-12-07 11:16:00,65,5,953,14.66153846153846,1191.13,18.325076923076924,54,0.0,0,62,3,12.4,0.5,5,4,3,Champions,0.3038,Low Risk
13883,2009-12-08 17:26:00,2011-11-29 10:45:00,316,15,3584,11.341772151898734,6560.02,20.759556962025314,200,0.2088607594936709,0,721,11,48.1,0.69,5,5,5,Champions,0.0091,Low Risk
13884,2010-08-26 19:57:00,2011-12-02 16:30:00,182,10,752,4.131868131868132,1825.03,10.027637362637362,108,0.4505494505494505,0,463,7,46.3,0.64,5,5,4,Champions,0.3598,Medium Risk
13885,2011-05-23 08:52:00,2011-06-03 15:07:00,28,2,182,6.5,506.8,18.1,28,0.0,1,12,189,6.0,63.0,3,2,2,Needs Attention,0.6925,Medium Risk
13886,2011-09-29 13:17:00,2011-09-29 13:17:00,16,1,126,7.875,243.56,15.2225,16,0.0,0,1,71,1.0,35.5,3,1,1,Needs Attention,0.7478,High Risk
13887,2011-05-19 17:22:00,2011-05-19 17:22:00,19,1,147,7.736842105263157,349.55,18.397368421052636,19,0.0,1,1,204,1.0,102.0,2,1,2,Lost / Inactive,0.7411,High Risk
13888,2010-05-13 11:57:00,2011-08-12 10:13:00,171,7,795,4.649122807017544,2001.59,11.705204678362572,124,0.3216374269005848,1,456,120,65.1,15.0,3,4,4,Loyal Customers,0.5461,Medium Risk
13889,2010-01-22 14:32:00,2011-09-08 09:13:00,83,6,979,11.795180722891564,1991.23,23.990722891566264,57,0.0,1,594,93,99.0,13.29,3,4,4,Loyal Customers,0.3418,Low Risk
13890,2009-12-06 15:15:00,2011-12-08 15:36:00,173,14,1392,8.046242774566474,2927.38,16.921271676300577,100,0.0751445086705202,0,733,1,52.4,0.07,5,5,5,Champions,0.0342,Low Risk
13891,2010-05-06 16:02:00,2010-11-26 15:57:00,99,3,476,4.808080808080808,859.21,8.678888888888888,97,0.0,1,204,378,68.0,94.5,2,3,3,At Risk,0.65,Medium Risk
13892,2010-05-13 10:32:00,2011-11-13 11:50:00,36,6,3125,86.80555555555556,1267.65,35.212500000000006,33,0.0277777777777777,0,550,27,91.7,3.86,4,4,4,Champions,0.3454,Low Risk
13893,2011-02-15 11:30:00,2011-02-15 11:30:00,21,1,190,9.047619047619047,821.1,39.1,21,0.0,1,1,298,1.0,149.0,2,1,3,Lost / Inactive,0.7134,High Risk
13894,2011-02-02 12:54:00,2011-11-16 09:44:00,27,3,354,13.11111111111111,564.62,20.911851851851853,25,0.0,0,287,24,95.7,6.0,4,3,2,Loyal Customers,0.6901,Medium Risk
13895,2009-12-03 13:09:00,2011-11-11 16:57:00,186,6,2060,11.075268817204302,4008.52,21.551182795698924,154,0.0,0,709,28,118.2,4.0,4,4,5,Champions,0.0231,Low Risk
13896,2010-03-24 08:55:00,2010-03-24 08:55:00,21,1,149,7.095238095238095,388.55,18.502380952380957,21,0.0,1,1,626,1.0,313.0,1,1,2,Lost / Inactive,0.7335,High Risk
13897,2010-01-31 13:48:00,2011-10-20 14:30:00,59,3,820,13.898305084745765,1160.72,19.67322033898305,58,0.3898305084745763,0,628,50,209.3,12.5,4,3,3,Loyal Customers,0.0493,Low Risk
13898,2010-10-24 15:42:00,2011-01-18 10:28:00,46,2,544,11.826086956521738,686.4,14.921739130434782,43,0.7391304347826086,1,86,326,43.0,108.67,2,2,3,Lost / Inactive,0.693,Medium Risk
13899,2011-03-10 09:30:00,2011-11-23 13:40:00,19,2,156,8.210526315789474,388.52,20.448421052631577,19,0.0,0,259,16,129.5,5.33,5,2,2,Promising / New,0.7239,High Risk
13900,2010-03-25 13:46:00,2011-06-09 19:26:00,95,6,938,9.873684210526315,1610.59,16.95357894736842,80,0.0,1,442,183,73.7,26.14,3,4,4,Loyal Customers,0.5539,Medium Risk
13901,2010-01-05 09:29:00,2011-09-28 14:48:00,310,15,3344,10.787096774193548,5676.34,18.310774193548387,280,0.0,0,632,72,42.1,4.5,3,5,5,Loyal Customers,0.01,Low Risk
13902,2009-12-15 10:02:00,2010-03-17 13:09:00,63,5,220600,3501.5873015873017,34095.26,541.1946031746032,58,0.0,1,93,632,18.6,105.33,1,4,5,At Risk,0.5161,Medium Risk
13903,2010-11-04 17:44:00,2010-11-04 17:44:00,10,1,103,10.3,165.45000000000002,16.545,10,0.0,1,1,400,1.0,200.0,2,1,1,Lost / Inactive,0.767,High Risk
13904,2011-02-18 11:18:00,2011-11-02 13:41:00,26,2,332,12.76923076923077,332.64,12.793846153846154,24,0.0,0,258,37,129.0,12.33,4,2,2,Promising / New,0.6415,Medium Risk
13905,2009-12-07 11:41:00,2009-12-07 11:41:00,12,1,135,11.25,312.65,26.054166666666664,12,0.0,1,1,733,1.0,366.5,1,1,2,Lost / Inactive,0.7492,High Risk
13906,2010-10-26 15:00:00,2010-10-26 15:00:00,1,1,100,100.0,42.0,42.0,1,0.0,1,1,409,1.0,204.5,2,1,1,Lost / Inactive,0.8387,High Risk
13907,2010-01-17 12:22:00,2010-01-17 12:22:00,4,1,68,17.0,136.79999999999998,34.2,4,1.0,1,1,692,1.0,346.0,1,1,1,Lost / Inactive,0.8044,High Risk
13908,2011-03-08 12:04:00,2011-09-21 11:49:00,122,4,1478,12.114754098360656,2369.55,19.42254098360656,104,0.0,0,197,80,49.2,16.0,3,3,4,Loyal Customers,0.4825,Medium Risk
13909,2010-07-06 16:52:00,2010-10-12 17:22:00,38,2,301,7.921052631578948,282.85,7.44342105263158,35,0.0,1,99,423,49.5,141.0,1,2,1,Lost / Inactive,0.7311,High Risk
13911,2010-03-01 16:31:00,2011-10-13 15:43:00,238,20,4487,18.852941176470587,4234.99,17.7940756302521,178,0.1512605042016806,0,591,57,29.6,2.71,4,5,5,Champions,0.084,Low Risk
13912,2010-10-12 08:43:00,2010-10-12 08:43:00,7,1,29,4.142857142857143,124.95,17.85,7,0.0,1,1,424,1.0,212.0,1,1,1,Lost / Inactive,0.8802,High Risk
13913,2010-07-21 10:11:00,2010-07-21 10:11:00,3,1,10,3.333333333333333,42.22,14.073333333333332,3,0.0,1,1,507,1.0,253.5,1,1,1,Lost / Inactive,0.9278,High Risk
13914,2011-11-03 16:28:00,2011-11-28 10:35:00,33,2,380,11.515151515151516,626.45,18.98333333333333,28,0.0,0,25,12,12.5,4.0,5,2,3,Promising / New,0.535,Medium Risk
13915,2010-11-10 15:17:00,2010-11-10 15:17:00,2,1,24,12.0,70.8,35.4,2,0.0,1,1,394,1.0,197.0,2,1,1,Lost / Inactive,0.8375,High Risk
13916,2010-02-02 10:06:00,2010-09-02 10:04:00,74,4,673,9.094594594594597,1275.81,17.240675675675675,72,0.0,1,212,464,53.0,92.8,1,3,4,At Risk,0.5951,Medium Risk
13917,2011-06-01 12:46:00,2011-10-21 09:56:00,18,2,228,12.666666666666666,272.04,15.113333333333337,16,0.0,0,142,50,71.0,16.67,4,2,1,Promising / New,0.6572,Medium Risk
13918,2011-03-31 18:05:00,2011-10-21 12:25:00,30,2,1140,38.0,1212.84,40.428,30,0.0,0,204,50,102.0,16.67,4,2,3,Promising / New,0.6768,Medium Risk
13919,2010-06-17 09:30:00,2011-10-11 14:24:00,77,4,1133,14.714285714285714,1360.68,17.67116883116883,65,0.0,0,482,59,120.5,11.8,4,3,4,Loyal Customers,0.4383,Medium Risk
13920,2010-05-26 15:48:00,2010-10-04 12:37:00,86,4,1772,20.6046511627907,1774.68,20.635813953488373,81,0.0,1,131,432,32.8,86.4,1,3,4,At Risk,0.5563,Medium Risk
13921,2009-12-18 12:19:00,2010-11-02 16:32:00,44,4,210,4.7727272727272725,730.7,16.606818181818184,36,0.0,1,320,402,80.0,80.4,2,3,3,At Risk,0.7477,High Risk
13922,2010-08-29 14:36:00,2010-12-23 10:38:00,30,3,467,15.566666666666666,865.2,28.84,30,0.4333333333333333,1,116,352,38.7,88.0,2,3,3,At Risk,0.7175,High Risk
13923,2011-10-17 12:33:00,2011-10-17 12:33:00,20,1,185,9.25,351.13,17.5565,20,0.0,0,1,54,1.0,27.0,4,1,2,Promising / New,0.7108,High Risk
13924,2011-09-28 15:07:00,2011-12-08 09:39:00,117,6,1575,13.461538461538462,1838.85,15.716666666666663,90,0.0,0,71,2,11.8,0.29,5,4,4,Champions,0.294,Low Risk
13925,2011-07-28 12:09:00,2011-09-08 12:47:00,41,4,331,8.073170731707316,678.25,16.54268292682927,28,0.0,1,43,93,10.8,18.6,3,3,3,Loyal Customers,0.542,Medium Risk
13926,2011-11-16 13:16:00,2011-11-16 13:16:00,11,1,104,9.454545454545457,223.85,20.35,11,0.0,0,1,23,1.0,11.5,4,1,1,Promising / New,0.7438,High Risk
13927,2010-09-28 16:12:00,2011-09-26 12:00:00,41,2,463,11.292682926829269,708.26,17.274634146341462,37,0.0,0,363,75,181.5,25.0,3,2,3,Needs Attention,0.3091,Low Risk
13928,2011-07-29 15:59:00,2011-11-29 10:33:00,27,4,129,4.777777777777778,464.57,17.206296296296298,23,0.0,0,123,11,30.8,2.2,5,3,2,Loyal Customers,0.7062,High Risk
13929,2010-01-14 07:25:00,2011-06-23 15:26:00,57,11,1566,27.473684210526315,3494.1,61.3,38,0.0,1,526,169,47.8,14.08,3,5,5,Loyal Customers,0.4986,Medium Risk
13930,2011-07-26 11:00:00,2011-10-13 09:45:00,17,2,274,16.11764705882353,337.34,19.843529411764703,15,0.0,0,79,58,39.5,19.33,4,2,2,Promising / New,0.7092,High Risk
13931,2009-12-03 10:26:00,2011-09-05 10:12:00,271,11,3488,12.870848708487085,5257.38,19.399926199261994,205,0.0,1,641,96,58.3,8.0,3,5,5,Loyal Customers,0.0259,Low Risk
13932,2011-02-18 12:02:00,2011-02-18 12:02:00,16,1,72,4.5,307.4,19.2125,16,0.0,1,1,295,1.0,147.5,2,1,2,Lost / Inactive,0.8384,High Risk
13933,2011-07-14 13:35:00,2011-08-22 14:03:00,23,2,205,8.91304347826087,608.79,26.46913043478261,23,0.0,1,40,109,20.0,36.33,3,2,2,Needs Attention,0.6924,Medium Risk
13934,2011-03-21 08:39:00,2011-03-21 08:39:00,31,1,390,12.580645161290322,922.1,29.74516129032258,31,0.0,1,1,264,1.0,132.0,2,1,3,Lost / Inactive,0.673,Medium Risk
13935,2010-02-25 16:01:00,2010-04-22 11:21:00,80,3,2252,28.15,6116.92,76.4615,67,0.0,1,56,597,18.7,149.25,1,3,5,At Risk,0.6103,Medium Risk
13936,2010-10-21 14:21:00,2011-06-13 08:47:00,59,3,661,11.203389830508474,939.66,15.9264406779661,56,0.0,1,235,180,78.3,45.0,3,3,3,Loyal Customers,0.6539,Medium Risk
13937,2010-11-02 12:37:00,2011-06-23 16:35:00,54,2,587,10.87037037037037,880.13,16.298703703703705,54,0.0,1,234,169,117.0,56.33,3,2,3,Needs Attention,0.6834,Medium Risk
13938,2011-11-04 14:37:00,2011-11-04 14:37:00,7,1,70,10.0,71.66,10.237142857142857,7,0.0,0,1,35,1.0,17.5,4,1,1,Promising / New,0.7917,High Risk
13939,2010-04-06 12:43:00,2011-11-16 13:33:00,110,7,1608,14.61818181818182,1560.96,14.190545454545456,91,0.0,0,590,23,84.3,2.88,4,4,4,Champions,0.2369,Low Risk
13940,2011-07-18 16:05:00,2011-11-22 15:15:00,49,4,516,10.53061224489796,839.14,17.12530612244898,39,0.0,0,127,17,31.8,3.4,5,3,3,Loyal Customers,0.6328,Medium Risk
13941,2009-12-16 16:10:00,2011-11-18 09:43:00,94,15,4782,50.87234042553192,10027.18,106.67212765957449,42,0.2659574468085106,0,702,22,46.8,1.38,4,5,5,Champions,0.0406,Low Risk
13942,2010-06-23 12:35:00,2010-06-23 12:35:00,1,1,1000,1000.0,320.0,320.0,1,0.0,1,1,535,1.0,267.5,1,1,2,Lost / Inactive,0.7857,High Risk
13943,2010-05-11 11:30:00,2010-05-11 11:30:00,15,1,94,6.266666666666667,246.54,16.436,15,0.0,1,1,578,1.0,289.0,1,1,1,Lost / Inactive,0.8511,High Risk
13944,2010-02-24 15:02:00,2010-02-24 15:02:00,35,1,153,4.371428571428571,200.43,5.726571428571429,35,0.0,1,1,653,1.0,326.5,1,1,1,Lost / Inactive,0.7545,High Risk
13945,2010-08-17 09:59:00,2010-11-10 10:00:00,51,2,413,8.098039215686274,854.15,16.748039215686273,49,0.0,1,86,395,43.0,131.67,2,2,3,Lost / Inactive,0.6926,Medium Risk
13946,2009-12-04 11:07:00,2011-09-21 13:33:00,56,6,2847,50.83928571428572,1876.23,33.504107142857144,49,0.3392857142857143,0,657,79,109.5,11.29,3,4,4,Loyal Customers,0.0854,Low Risk
13947,2011-10-05 14:42:00,2011-10-05 14:42:00,5,1,44,8.8,90.6,18.12,5,0.0,0,1,65,1.0,32.5,3,1,1,Needs Attention,0.7531,High Risk
13948,2009-12-04 12:14:00,2010-12-14 10:18:00,24,4,248,10.333333333333334,548.76,22.865,23,0.3333333333333333,1,375,361,93.8,72.2,2,3,2,At Risk,0.5664,Medium Risk
13949,2011-09-06 11:55:00,2011-12-07 09:35:00,160,6,2474,15.4625,2427.32,15.170749999999998,124,0.1125,0,92,3,15.3,0.43,5,4,4,Champions,0.2687,Low Risk
13950,2011-04-07 11:29:00,2011-11-28 14:44:00,35,4,323,9.228571428571428,745.06,21.28742857142857,33,0.0,0,236,11,59.0,2.2,5,3,3,Loyal Customers,0.6652,Medium Risk
13951,2011-02-18 15:21:00,2011-06-16 16:43:00,39,3,459,11.76923076923077,674.45,17.293589743589745,38,0.5128205128205128,1,119,176,39.7,44.0,3,3,3,Loyal Customers,0.6786,Medium Risk
13952,2009-12-16 09:41:00,2011-05-06 09:00:00,409,14,5947,14.54034229828851,12823.52,31.353349633251835,238,0.0831295843520782,1,506,218,36.1,14.53,2,5,5,At Risk,0.2884,Low Risk
13953,2009-12-11 12:58:00,2011-12-02 16:04:00,25,12,5224,208.96,6640.68,265.6272,8,0.0,0,722,7,60.2,0.54,5,5,5,Champions,0.062,Low Risk
13954,2011-09-30 10:52:00,2011-12-08 12:50:00,25,2,150,6.0,439.92,17.5968,24,0.0,0,70,2,35.0,0.67,5,2,2,Promising / New,0.7285,High Risk
13955,2010-11-29 17:35:00,2011-07-08 17:19:00,85,3,272,3.2,544.0699999999999,6.400823529411764,82,0.0,1,221,154,73.7,38.5,3,3,2,Loyal Customers,0.7097,High Risk
13956,2011-03-13 12:51:00,2011-12-04 13:20:00,147,5,486,3.306122448979592,1019.27,6.933809523809524,123,1.0,0,267,5,53.4,0.83,5,4,3,Champions,0.5587,Medium Risk
13957,2010-02-19 10:32:00,2010-10-18 10:02:00,27,3,157,5.814814814814815,458.25,16.97222222222222,21,0.3333333333333333,1,241,418,80.3,104.5,1,3,2,At Risk,0.7388,High Risk
13958,2009-12-05 13:12:00,2010-11-25 10:11:00,227,8,2264,9.973568281938324,4709.23,20.745506607929517,172,0.2158590308370044,1,355,380,44.4,42.22,2,4,5,At Risk,0.4038,Medium Risk
13959,2010-07-16 15:11:00,2011-09-21 15:06:00,157,6,694,4.420382165605096,1064.77,6.781974522292994,120,0.1019108280254777,0,432,79,72.0,11.29,3,4,3,Loyal Customers,0.412,Medium Risk
13960,2011-09-29 12:39:00,2011-11-18 15:27:00,12,2,142,11.833333333333334,230.22,19.185,11,0.0,0,51,21,25.5,7.0,4,2,1,Promising / New,0.647,Medium Risk
13961,2010-11-12 14:40:00,2010-11-12 14:40:00,19,1,226,11.894736842105264,538.4,28.336842105263155,19,0.0,1,1,392,1.0,196.0,2,1,2,Lost / Inactive,0.7284,High Risk
13962,2010-09-30 10:35:00,2011-11-18 08:47:00,23,3,160,6.956521739130435,362.8,15.77391304347826,23,0.0,0,414,22,138.0,5.5,4,3,2,Loyal Customers,0.4074,Medium Risk
13963,2010-04-21 16:20:00,2011-02-04 14:43:00,165,17,2007,12.163636363636364,2860.57,17.33678787878788,129,0.0969696969696969,1,289,308,17.0,17.11,2,5,4,At Risk,0.3139,Low Risk
13964,2010-10-05 12:38:00,2010-11-17 13:53:00,24,2,228,9.5,438.9,18.2875,22,0.0,1,44,387,22.0,129.0,2,2,2,Lost / Inactive,0.6588,Medium Risk
13965,2010-01-05 15:21:00,2010-08-20 10:40:00,24,3,425,17.708333333333332,996.61,41.525416666666665,23,0.0,1,227,477,75.7,119.25,1,3,3,At Risk,0.7215,High Risk
13966,2010-09-30 13:08:00,2010-09-30 13:08:00,21,1,760,36.19047619047619,384.26,18.29809523809524,21,0.0,1,1,435,1.0,217.5,1,1,2,Lost / Inactive,0.7067,High Risk
13967,2010-11-08 13:24:00,2011-07-17 12:02:00,6,2,66,11.0,166.3,27.71666666666667,4,0.3333333333333333,1,251,146,125.5,48.67,3,2,1,Needs Attention,0.783,High Risk
13968,2010-10-12 13:22:00,2010-10-12 13:22:00,8,1,174,21.75,123.66,15.4575,8,0.0,1,1,423,1.0,211.5,1,1,1,Lost / Inactive,0.7101,High Risk
13969,2010-03-25 13:15:00,2011-12-02 15:11:00,1064,35,6640,6.240601503759399,12973.46,12.193101503759395,472,0.0,0,618,7,17.7,0.19,5,5,5,Champions,0.2151,Low Risk
13970,2010-09-28 11:53:00,2010-11-18 13:21:00,13,2,469,36.07692307692308,846.55,65.11923076923077,10,0.0,1,52,386,26.0,128.67,2,2,3,Lost / Inactive,0.6333,Medium Risk
13971,2010-01-26 09:51:00,2011-11-21 12:06:00,255,14,3084,12.094117647058823,4667.57,18.30419607843137,184,0.0627450980392156,0,665,19,47.5,1.27,5,5,5,Champions,0.0076,Low Risk
13972,2011-05-22 11:34:00,2011-09-30 11:54:00,15,2,187,12.466666666666669,190.25,12.683333333333334,15,0.6,0,132,71,66.0,23.67,3,2,1,Needs Attention,0.7016,High Risk
13973,2011-02-25 15:21:00,2011-02-25 15:21:00,11,1,109,9.909090909090908,264.7,24.063636363636363,11,0.0,1,1,287,1.0,143.5,2,1,1,Lost / Inactive,0.7524,High Risk
13974,2010-05-06 17:55:00,2011-10-21 14:41:00,43,2,356,8.279069767441861,677.72,15.76093023255814,43,0.0,0,533,49,266.5,16.33,4,2,3,Promising / New,0.1747,Low Risk
13975,2010-02-02 13:13:00,2011-11-08 13:19:00,737,12,3884,5.270013568521032,5256.4,7.132157394843961,434,0.0149253731343283,0,645,31,53.8,2.38,4,5,5,Champions,0.0208,Low Risk
13976,2010-02-09 13:08:00,2011-05-17 09:13:00,56,4,452,8.071428571428571,1192.36,21.29214285714286,49,0.0,1,462,207,115.5,41.4,2,3,3,At Risk,0.6295,Medium Risk
13977,2010-10-24 14:08:00,2010-10-24 14:08:00,13,1,303,23.307692307692307,519.81,39.98538461538461,13,1.0,1,1,411,1.0,205.5,1,1,2,Lost / Inactive,0.7736,High Risk
13978,2011-10-25 15:04:00,2011-11-25 11:36:00,15,2,315,21.0,196.79,13.119333333333334,14,0.0,0,31,15,15.5,5.0,5,2,1,Promising / New,0.5465,Medium Risk
13979,2009-12-03 10:02:00,2011-09-27 13:32:00,393,7,2270,5.776081424936387,3379.93,8.60033078880407,356,0.3435114503816794,0,664,73,94.9,9.12,3,4,5,Loyal Customers,0.0399,Low Risk
13980,2010-02-21 14:18:00,2011-10-10 13:34:00,63,5,463,7.349206349206349,768.8199999999999,12.203492063492062,57,0.746031746031746,0,596,60,119.2,10.0,3,4,3,Loyal Customers,0.1675,Low Risk
13981,2010-10-20 10:03:00,2010-10-20 10:03:00,22,1,234,10.636363636363637,331.14,15.05181818181818,22,0.0,1,1,416,1.0,208.0,1,1,2,Lost / Inactive,0.7085,High Risk
13982,2010-01-20 14:04:00,2011-10-31 16:24:00,225,9,2478,11.013333333333334,3954.29,17.57462222222222,123,0.0,0,650,39,72.2,3.9,4,5,5,Champions,0.0102,Low Risk
13983,2009-12-09 13:53:00,2011-11-10 11:06:00,325,21,3925,12.076923076923077,6753.89,20.7812,238,0.0184615384615384,0,701,30,33.4,1.36,4,5,5,Champions,0.005,Low Risk
13984,2009-12-07 11:51:00,2011-11-13 12:38:00,88,12,1301,14.784090909090908,1893.8,21.520454545454545,53,0.2613636363636363,0,707,27,58.9,2.08,4,5,4,Champions,0.05,Low Risk
13985,2010-02-09 13:56:00,2011-12-05 17:06:00,480,22,4936,10.283333333333331,10020.86,20.87679166666667,149,0.0416666666666666,0,665,4,30.2,0.17,5,5,5,Champions,0.004,Low Risk
13986,2011-11-22 15:00:00,2011-11-22 15:00:00,13,1,430,33.07692307692308,320.46,24.650769230769228,12,0.0,0,1,17,1.0,8.5,5,1,2,Promising / New,0.6683,Medium Risk
13987,2010-11-04 09:54:00,2010-11-25 10:20:00,46,2,492,10.695652173913045,682.54,14.837826086956522,46,0.0,1,22,380,11.0,126.67,2,2,3,Lost / Inactive,0.5317,Medium Risk
13988,2010-03-24 11:05:00,2011-11-20 10:15:00,295,8,3385,11.47457627118644,4757.8,16.12813559322034,218,0.2372881355932203,0,606,20,75.8,2.22,4,4,5,Champions,0.0422,Low Risk
13989,2010-05-25 12:13:00,2011-10-05 09:47:00,86,5,2207,25.662790697674417,2026.06,23.558837209302325,61,0.0,0,498,66,99.6,11.0,3,4,4,Loyal Customers,0.4126,Medium Risk
13990,2011-05-10 15:19:00,2011-05-10 15:19:00,16,1,190,11.875,311.3,19.45625,16,0.0,1,1,213,1.0,106.5,2,1,2,Lost / Inactive,0.7329,High Risk
13991,2011-07-19 12:58:00,2011-11-27 16:18:00,82,6,995,12.134146341463415,852.88,10.400975609756095,58,0.7073170731707317,0,132,12,22.0,1.71,5,4,3,Champions,0.446,Medium Risk
13992,2010-09-02 17:04:00,2011-11-09 15:23:00,11,3,154,14.0,219.5,19.954545454545453,10,0.0,0,433,30,144.3,7.5,4,3,1,Loyal Customers,0.4731,Medium Risk
13993,2009-12-03 11:57:00,2011-10-28 09:06:00,261,19,2135,8.18007662835249,6775.71,25.96057471264368,110,0.2068965517241379,0,694,43,36.5,2.15,4,5,5,Champions,0.0125,Low Risk
13994,2011-07-14 18:28:00,2011-12-06 11:05:00,148,6,932,6.297297297297297,2274.14,15.36581081081081,122,0.0,0,145,4,24.2,0.57,5,4,4,Champions,0.4164,Medium Risk
13995,2009-12-18 12:43:00,2011-11-24 14:22:00,230,14,2359,10.256521739130434,3902.01,16.965260869565217,146,0.0565217391304347,0,707,15,50.5,1.0,5,5,5,Champions,0.0106,Low Risk
13996,2010-11-05 15:07:00,2010-11-18 16:27:00,33,2,613,18.57575757575757,895.76,27.144242424242425,29,0.0,1,14,386,7.0,128.67,2,2,3,Lost / Inactive,0.5721,Medium Risk
13997,2010-06-07 17:33:00,2010-07-08 18:06:00,44,3,143,3.25,376.46,8.55590909090909,36,0.0,1,32,519,10.7,129.75,1,3,2,At Risk,0.6823,Medium Risk
13998,2010-05-12 13:18:00,2010-09-19 10:20:00,31,3,204,6.580645161290323,566.7,18.280645161290323,30,0.5161290322580645,1,130,447,43.3,111.75,1,3,2,At Risk,0.7272,High Risk
13999,2009-12-05 12:42:00,2011-11-29 13:40:00,466,29,5043,10.821888412017168,9502.26,20.391115879828327,174,0.0643776824034334,0,725,10,25.0,0.33,5,5,5,Champions,0.0051,Low Risk
14000,2009-12-02 09:50:00,2011-05-12 16:50:00,49,5,1838,37.51020408163265,2046.34,41.76204081632653,28,0.0,1,527,211,105.4,35.17,2,4,4,At Risk,0.3849,Medium Risk
14001,2010-08-03 12:49:00,2011-10-25 10:31:00,103,9,1779,17.271844660194176,4228.85,41.056796116504856,60,0.0,0,448,46,49.8,4.6,4,5,5,Champions,0.3189,Low Risk
14002,2011-07-06 14:59:00,2011-07-28 15:55:00,47,2,877,18.659574468085108,529.73,11.270851063829788,47,0.0,1,23,134,11.5,44.67,3,2,2,Needs Attention,0.4858,Medium Risk
14003,2009-12-07 08:53:00,2009-12-07 08:53:00,16,1,149,9.3125,209.41,13.088125,16,0.0,1,1,733,1.0,366.5,1,1,1,Lost / Inactive,0.7278,High Risk
14004,2010-09-30 09:39:00,2011-10-27 14:40:00,241,11,3425,14.21161825726141,6258.45,25.968672199170125,127,0.1161825726141078,0,393,43,35.7,3.58,4,5,5,Champions,0.2205,Low Risk
14005,2011-05-08 10:33:00,2011-11-30 12:41:00,84,5,2478,29.5,2874.72,34.22285714285714,53,0.3571428571428571,0,207,10,41.4,1.67,5,4,4,Champions,0.4818,Medium Risk
14006,2010-02-25 09:45:00,2011-08-16 09:39:00,77,7,2181,28.32467532467533,2196.67,28.528181818181817,55,0.0,1,537,116,76.7,14.5,3,4,4,Loyal Customers,0.4954,Medium Risk
14007,2010-07-15 09:06:00,2010-07-15 09:06:00,5,1,16,3.2,79.48,15.896,5,0.0,1,1,513,1.0,256.5,1,1,1,Lost / Inactive,0.9361,High Risk
14008,2010-10-03 13:09:00,2010-10-03 13:09:00,32,1,326,10.1875,509.04,15.9075,32,1.0,1,1,432,1.0,216.0,1,1,2,Lost / Inactive,0.7162,High Risk
14009,2010-09-03 12:08:00,2011-05-25 15:47:00,74,3,951,12.85135135135135,1099.91,14.863648648648647,71,0.0,1,265,198,88.3,49.5,2,3,3,At Risk,0.6253,Medium Risk
14010,2010-05-23 12:46:00,2010-05-23 13:00:00,24,2,177,7.375,445.15,18.547916666666666,20,1.0,1,1,565,0.5,188.33,1,2,2,Lost / Inactive,0.7696,High Risk
14011,2010-04-11 13:40:00,2010-08-16 15:31:00,32,2,644,20.125,457.82,14.306875,32,0.6875,1,128,480,64.0,160.0,1,2,2,Lost / Inactive,0.6893,Medium Risk
14012,2011-03-07 12:26:00,2011-03-07 12:26:00,11,1,160,14.545454545454543,328.8,29.89090909090909,11,0.0,1,1,278,1.0,139.0,2,1,2,Lost / Inactive,0.7423,High Risk
14013,2010-03-26 10:02:00,2011-08-21 15:01:00,68,5,775,11.397058823529411,1084.57,15.949558823529411,56,0.3823529411764705,1,514,110,102.8,18.33,3,4,3,Loyal Customers,0.483,Medium Risk
14014,2010-05-12 09:04:00,2011-09-23 13:18:00,76,3,2004,26.36842105263158,1948.21,25.63434210526316,76,0.3289473684210526,0,500,77,166.7,19.25,3,3,4,Loyal Customers,0.2883,Low Risk
14015,2011-10-18 10:02:00,2011-10-18 10:02:00,20,1,378,18.9,917.34,45.867,20,0.0,0,1,53,1.0,26.5,4,1,3,Promising / New,0.6642,Medium Risk
14016,2010-01-08 14:12:00,2011-07-01 11:29:00,448,11,5722,12.772321428571429,11403.41,25.45404017857143,354,0.1160714285714285,1,539,162,49.0,13.5,3,5,5,Loyal Customers,0.3543,Medium Risk
14017,2010-05-17 14:52:00,2010-05-17 14:52:00,14,1,73,5.214285714285714,229.75,16.410714285714285,14,0.0,1,1,571,1.0,285.5,1,1,1,Lost / Inactive,0.8616,High Risk
14018,2010-03-04 14:23:00,2010-03-04 14:23:00,13,1,224,17.23076923076923,367.15,28.24230769230769,13,0.0,1,1,645,1.0,322.5,1,1,2,Lost / Inactive,0.7111,High Risk
14019,2011-07-24 15:39:00,2011-10-24 10:13:00,66,3,1037,15.712121212121213,1421.61,21.53954545454545,37,0.3787878787878788,0,92,47,30.7,11.75,4,3,4,Loyal Customers,0.5492,Medium Risk
14020,2010-06-28 15:29:00,2011-11-23 09:22:00,72,4,648,9.0,1249.01,17.347361111111113,63,0.0,0,513,17,128.2,3.4,5,3,4,Loyal Customers,0.3666,Medium Risk
14021,2010-04-26 11:22:00,2011-07-07 15:46:00,90,7,878,9.755555555555556,1716.58,19.07311111111111,84,0.0,1,438,155,62.6,19.38,3,4,4,Loyal Customers,0.5387,Medium Risk
14022,2010-08-10 09:38:00,2011-04-28 14:39:00,47,2,681,14.48936170212766,792.15,16.854255319148937,45,0.0,1,262,225,131.0,75.0,2,2,3,Lost / Inactive,0.6657,Medium Risk
14023,2011-04-03 15:50:00,2011-12-02 13:58:00,31,2,345,11.129032258064516,584.0699999999999,18.840967741935483,30,0.5161290322580645,0,243,7,121.5,2.33,5,2,2,Promising / New,0.6836,Medium Risk
14024,2010-11-14 10:51:00,2011-08-10 11:30:00,34,3,238,7.0,645.74,18.99235294117647,33,0.9117647058823528,1,270,122,90.0,30.5,3,3,3,Loyal Customers,0.7161,High Risk
14025,2010-05-05 09:56:00,2010-09-01 10:11:00,99,8,1914,19.33333333333333,4057.9,40.98888888888889,60,0.0,1,120,465,15.0,51.67,1,4,5,At Risk,0.4715,Medium Risk
14026,2010-03-24 14:10:00,2010-08-26 10:31:00,50,2,427,8.54,713.11,14.2622,43,0.0,1,155,471,77.5,157.0,1,2,3,Lost / Inactive,0.7054,High Risk
14027,2011-10-10 09:01:00,2011-10-10 09:01:00,6,1,62,10.333333333333334,104.82,17.47,6,0.0,0,1,61,1.0,30.5,3,1,1,Needs Attention,0.7507,High Risk
14028,2010-06-07 12:02:00,2010-06-07 13:33:00,9,3,7170,796.6666666666666,10396.5,1155.1666666666667,3,0.0,1,1,550,0.3,137.5,1,3,5,At Risk,0.6779,Medium Risk
14029,2011-07-18 16:57:00,2011-10-07 14:46:00,15,2,198,13.2,467.66,31.177333333333333,15,0.0,0,81,63,40.5,21.0,3,2,2,Needs Attention,0.7477,High Risk
14030,2009-12-10 17:27:00,2011-11-21 16:48:00,824,20,4215,5.115291262135922,7521.8,9.128398058252428,591,0.1650485436893204,0,711,18,35.6,0.86,5,5,5,Champions,0.0123,Low Risk
14031,2009-12-03 15:35:00,2011-12-02 17:13:00,750,44,13783,18.377333333333333,39019.51,52.02601333333334,280,0.0,0,730,7,16.6,0.16,5,5,5,Champions,0.0068,Low Risk
14032,2009-12-14 12:02:00,2011-12-07 15:23:00,230,16,3740,16.26086956521739,4546.41,19.767,79,0.0652173913043478,0,724,2,45.2,0.12,5,5,5,Champions,0.0093,Low Risk
14033,2010-06-02 15:10:00,2010-06-02 15:10:00,1,1,576,576.0,109.44,109.44,1,0.0,1,1,555,1.0,277.5,1,1,1,Lost / Inactive,0.7521,High Risk
14034,2011-07-05 13:06:00,2011-11-17 14:02:00,86,3,420,4.883720930232558,648.89,7.545232558139535,82,0.0,0,136,22,45.3,5.5,4,3,3,Loyal Customers,0.6022,Medium Risk
14035,2010-04-06 12:39:00,2011-11-11 10:03:00,145,9,1405,9.689655172413794,2794.75,19.27413793103448,70,0.193103448275862,0,584,29,64.9,2.9,4,5,4,Champions,0.3046,Low Risk
14036,2011-02-28 09:26:00,2011-02-28 09:26:00,38,1,268,7.052631578947368,626.65,16.49078947368421,38,0.0,1,1,285,1.0,142.5,2,1,3,Lost / Inactive,0.7417,High Risk
14037,2009-12-07 11:39:00,2011-06-16 13:57:00,114,6,590,5.175438596491228,836.95,7.341666666666667,96,0.0614035087719298,1,557,176,92.8,25.14,3,4,3,Loyal Customers,0.4322,Medium Risk
14038,2010-02-04 08:56:00,2011-09-22 13:37:00,161,5,1708,10.608695652173912,3069.88,19.067577639751555,99,0.2484472049689441,0,596,78,119.2,13.0,3,4,5,Loyal Customers,0.1529,Low Risk
14039,2010-05-13 10:15:00,2011-11-06 13:48:00,10,2,192,19.2,267.28,26.728,10,0.6,0,543,33,271.5,11.0,4,2,1,Promising / New,0.2303,Low Risk
14040,2009-12-01 12:14:00,2011-10-30 12:42:00,781,35,4972,6.366197183098592,12523.81,16.035608194622277,335,0.3636363636363636,0,699,41,20.0,1.14,4,5,5,Champions,0.0121,Low Risk
14041,2011-03-18 13:25:00,2011-03-18 13:25:00,21,1,94,4.476190476190476,141.41,6.733809523809524,21,0.0,1,1,266,1.0,133.0,2,1,1,Lost / Inactive,0.8923,High Risk
14042,2009-12-14 15:07:00,2009-12-14 15:07:00,21,1,180,8.571428571428571,431.98,20.570476190476192,21,0.0,1,1,725,1.0,362.5,1,1,2,Lost / Inactive,0.7239,High Risk
14043,2009-12-10 15:56:00,2010-08-05 18:18:00,41,2,152,3.707317073170732,302.6,7.380487804878048,37,0.0,1,239,491,119.5,163.67,1,2,2,Lost / Inactive,0.7952,High Risk
14044,2010-01-24 15:14:00,2011-11-13 12:05:00,826,10,2100,2.542372881355932,3077.7,3.7260290556900726,533,0.8111380145278451,0,658,27,65.8,2.45,4,5,5,Champions,0.0274,Low Risk
14045,2010-01-08 10:08:00,2011-08-22 15:27:00,37,16,4459,120.51351351351352,10986.63,296.93594594594595,16,0.0,1,592,109,37.0,6.41,3,5,5,Loyal Customers,0.5695,Medium Risk
14046,2011-02-28 14:48:00,2011-02-28 14:48:00,14,1,460,32.857142857142854,154.99,11.070714285714288,14,0.0,1,1,284,1.0,142.0,2,1,1,Lost / Inactive,0.687,Medium Risk
14047,2010-02-01 10:05:00,2011-12-01 11:43:00,152,14,1541,10.138157894736842,3968.11,26.105986842105263,91,0.1447368421052631,0,669,9,47.8,0.6,5,5,5,Champions,0.0281,Low Risk
14048,2010-11-22 14:08:00,2011-02-07 14:53:00,141,3,467,3.3120567375886525,748.69,5.309858156028369,126,0.0,1,78,305,26.0,76.25,2,3,3,At Risk,0.4195,Medium Risk
14049,2010-04-01 14:52:00,2011-11-23 12:20:00,1061,13,8480,7.992459943449575,13023.4,12.2746465598492,573,0.0,0,601,17,46.2,1.21,5,5,5,Champions,0.0838,Low Risk
14050,2011-08-25 13:46:00,2011-11-08 10:00:00,54,2,689,12.75925925925926,746.36,13.821481481481484,49,0.0,0,75,32,37.5,10.67,4,2,3,Promising / New,0.5916,Medium Risk
14051,2009-12-03 11:53:00,2011-12-09 10:20:00,318,37,5709,17.952830188679247,21770.98,68.46220125786164,82,0.0974842767295597,0,736,1,19.9,0.03,5,5,5,Champions,0.0082,Low Risk
14052,2010-11-14 11:37:00,2011-11-20 12:30:00,121,2,174,1.43801652892562,466.66,3.8566942148760335,115,1.0,0,372,20,186.0,6.67,4,2,2,Promising / New,0.3085,Low Risk
14053,2010-08-10 11:02:00,2011-08-07 14:27:00,9,4,490,54.44444444444444,572.3,63.58888888888888,3,0.7777777777777778,1,363,124,90.8,24.8,3,3,2,Loyal Customers,0.7154,High Risk
14054,2011-10-05 15:49:00,2011-10-05 15:49:00,6,1,62,10.333333333333334,92.46,15.410000000000002,6,0.0,0,1,65,1.0,32.5,3,1,1,Needs Attention,0.7661,High Risk
14055,2009-12-16 15:11:00,2011-08-25 15:04:00,33,3,720,21.818181818181817,1520.96,46.08969696969697,33,0.0,1,617,106,205.7,26.5,3,3,4,Loyal Customers,0.4925,Medium Risk
14056,2011-02-28 15:19:00,2011-12-08 13:36:00,1088,23,4252,3.9080882352941178,8152.71,7.493299632352941,320,0.0,0,283,1,12.3,0.04,5,5,5,Champions,0.1722,Low Risk
14057,2009-12-03 13:17:00,2011-11-16 10:32:00,447,22,6438,14.40268456375839,8346.66,18.67261744966443,244,0.0715883668903803,0,713,24,32.4,1.04,4,5,5,Champions,0.0038,Low Risk
14058,2010-06-27 11:29:00,2010-09-03 09:31:00,24,2,211,8.791666666666666,469.19,19.54958333333333,23,0.7916666666666666,1,68,463,34.0,154.33,1,2,2,Lost / Inactive,0.7432,High Risk
14059,2011-03-18 10:06:00,2011-03-18 10:06:00,8,1,128,16.0,183.6,22.95,8,0.0,1,1,267,1.0,133.5,2,1,1,Lost / Inactive,0.7316,High Risk
14060,2010-03-11 09:47:00,2011-12-05 12:29:00,258,30,7419,28.75581395348837,8898.24,34.48930232558139,100,0.0503875968992248,0,635,5,21.2,0.16,5,5,5,Champions,0.0473,Low Risk
14061,2009-12-01 18:03:00,2010-07-20 17:22:00,19,3,133,7.0,917.43,48.28578947368421,17,0.0,1,231,507,77.0,126.75,1,3,3,At Risk,0.7821,High Risk
14062,2009-12-10 14:28:00,2011-11-30 10:04:00,340,24,12794,37.629411764705885,25585.65,75.25191176470588,141,0.0,0,720,10,30.0,0.4,5,5,5,Champions,0.01,Low Risk
14063,2009-12-08 13:46:00,2010-09-27 16:18:00,40,9,3850,96.25,22710.2,567.755,30,0.0,1,294,438,32.7,43.8,1,5,5,At Risk,0.6269,Medium Risk
14064,2010-01-21 13:22:00,2011-11-10 13:14:00,236,15,3911,16.572033898305083,3260.24,13.81457627118644,131,0.1059322033898305,0,658,29,43.9,1.81,4,5,5,Champions,0.0107,Low Risk
14065,2010-10-04 12:03:00,2010-11-15 16:13:00,49,3,582,11.877551020408164,891.02,18.18408163265306,42,0.0,1,43,389,14.3,97.25,2,3,3,At Risk,0.4096,Medium Risk
14066,2011-03-18 12:21:00,2011-03-18 12:21:00,7,1,45,6.428571428571429,152.55,21.792857142857144,7,0.0,1,1,267,1.0,133.5,2,1,1,Lost / Inactive,0.8153,High Risk
14067,2011-09-04 12:00:00,2011-10-07 10:21:00,52,2,361,6.9423076923076925,374.7,7.2057692307692305,51,0.4807692307692308,0,33,64,16.5,21.33,3,2,2,Needs Attention,0.4422,Medium Risk
14068,2010-01-31 10:10:00,2011-01-23 16:02:00,108,4,510,4.722222222222222,1516.72,14.043703703703704,93,0.7314814814814815,1,358,320,89.5,64.0,2,3,4,At Risk,0.6303,Medium Risk
14069,2010-05-27 12:30:00,2010-07-13 12:12:00,41,2,58,1.4146341463414631,225.81,5.507560975609756,37,0.0,1,47,515,23.5,171.67,1,2,1,Lost / Inactive,0.8129,High Risk
14070,2010-01-24 12:27:00,2010-01-24 12:27:00,41,1,85,2.073170731707317,321.6,7.843902439024391,40,1.0,1,1,685,1.0,342.5,1,1,2,Lost / Inactive,0.8249,High Risk
14071,2011-03-20 11:33:00,2011-12-06 12:27:00,323,8,994,3.0773993808049536,1437.57,4.450681114551084,271,0.3405572755417956,0,262,4,32.8,0.44,5,4,4,Champions,0.3567,Medium Risk
14072,2010-02-11 12:31:00,2010-02-11 12:31:00,19,1,65,3.421052631578948,390.85,20.571052631578947,19,0.0,1,1,667,1.0,333.5,1,1,2,Lost / Inactive,0.7548,High Risk
14073,2011-11-07 15:49:00,2011-11-07 15:49:00,13,1,130,10.0,151.04,11.618461538461538,13,0.0,0,1,32,1.0,16.0,4,1,1,Promising / New,0.7149,High Risk
14074,2010-03-26 13:55:00,2010-03-26 13:55:00,6,1,228,38.0,219.4,36.56666666666667,6,0.0,1,1,623,1.0,311.5,1,1,1,Lost / Inactive,0.718,High Risk
14075,2010-06-16 14:47:00,2011-12-05 08:38:00,81,6,1494,18.444444444444443,1734.87,21.41814814814815,59,0.2098765432098765,0,537,5,89.5,0.71,5,4,4,Champions,0.3572,Medium Risk
14076,2011-08-02 15:19:00,2011-08-02 15:19:00,44,1,79,1.7954545454545454,118.67,2.6970454545454547,43,0.0,1,1,129,1.0,64.5,3,1,1,Needs Attention,0.8163,High Risk
14077,2010-11-09 16:01:00,2011-10-30 12:35:00,56,6,376,6.714285714285714,615.08,10.983571428571429,43,0.0357142857142857,0,355,41,59.2,5.86,4,4,3,Champions,0.6498,Medium Risk
14078,2010-03-28 15:05:00,2011-08-30 12:16:00,148,9,586,3.95945945945946,1553.47,10.49641891891892,107,0.4932432432432432,1,520,102,57.8,10.2,3,5,4,Loyal Customers,0.5504,Medium Risk
14079,2010-01-26 17:19:00,2011-08-07 12:10:00,13,2,302,23.23076923076923,618.73,47.59461538461539,13,0.9230769230769232,1,558,125,279.0,41.67,3,2,3,Needs Attention,0.2413,Low Risk
14080,2009-12-02 15:01:00,2011-11-07 11:09:00,83,5,268,3.2289156626506026,1115.68,13.441927710843377,74,0.0963855421686747,0,705,33,141.0,5.5,4,4,3,Champions,0.0896,Low Risk
14081,2009-12-10 18:27:00,2011-02-10 16:17:00,844,10,3381,4.0059241706161135,4867.57,5.767263033175355,465,0.0817535545023696,1,427,302,42.7,27.45,2,5,5,At Risk,0.3056,Low Risk
14082,2010-11-12 11:47:00,2010-12-10 11:02:00,65,2,246,3.784615384615385,413.36,6.359384615384616,48,0.0,1,28,365,14.0,121.67,2,2,2,Lost / Inactive,0.6203,Medium Risk
14083,2009-12-18 11:34:00,2011-12-05 13:14:00,185,11,760,4.108108108108108,1082.19,5.849675675675676,169,0.0,0,718,4,65.3,0.33,5,5,3,Champions,0.0744,Low Risk
14084,2010-07-15 14:36:00,2010-07-15 14:36:00,7,1,306,43.71428571428572,150.5,21.5,7,0.0,1,1,512,1.0,256.0,1,1,1,Lost / Inactive,0.7123,High Risk
14085,2009-12-08 13:41:00,2011-12-07 13:46:00,1045,33,6434,6.156937799043062,9720.67,9.302076555023923,479,0.0,0,730,2,22.1,0.06,5,5,5,Champions,0.0186,Low Risk
14086,2010-09-03 10:52:00,2010-09-03 10:52:00,1,1,1,1.0,39.95,39.95,1,0.0,1,1,463,1.0,231.5,1,1,1,Lost / Inactive,0.9493,High Risk
14087,2009-12-04 15:27:00,2011-12-07 12:41:00,213,3,718,3.3708920187793425,829.47,3.894225352112677,175,0.380281690140845,0,733,3,244.3,0.75,5,3,3,Loyal Customers,0.0719,Low Risk
14088,2010-10-14 19:46:00,2011-11-29 16:16:00,682,16,15276,22.39882697947214,64036.8,93.89560117302054,436,0.1407624633431085,0,411,10,25.7,0.59,5,5,5,Champions,0.2001,Low Risk
14089,2011-10-14 10:38:00,2011-10-14 10:38:00,13,1,133,10.23076923076923,158.75,12.211538461538462,13,0.0,0,1,57,1.0,28.5,4,1,1,Promising / New,0.6854,Medium Risk
14090,2011-01-19 10:51:00,2011-01-19 10:51:00,1,1,72,72.0,76.32,76.32,1,0.0,1,1,325,1.0,162.5,2,1,1,Lost / Inactive,0.8675,High Risk
14091,2010-01-10 13:41:00,2010-02-23 15:17:00,13,2,3316,255.07692307692307,9530.08,733.0830769230769,13,0.3076923076923077,1,45,654,22.5,218.0,1,2,5,Lost / Inactive,0.7038,High Risk
14092,2009-12-16 16:24:00,2011-12-02 12:13:00,373,24,3606,9.667560321715818,7229.45,19.381903485254693,169,0.1528150134048257,0,716,8,29.8,0.32,5,5,5,Champions,0.0055,Low Risk
14093,2011-11-27 16:27:00,2011-11-27 16:27:00,100,1,391,3.91,433.86,4.3386000000000005,95,1.0,0,1,12,1.0,6.0,5,1,2,Promising / New,0.5278,Medium Risk
14094,2010-09-26 11:58:00,2010-09-26 11:58:00,43,1,158,3.674418604651162,311.77,7.250465116279069,41,1.0,1,1,440,1.0,220.0,1,1,2,Lost / Inactive,0.788,High Risk
14095,2009-12-17 12:49:00,2009-12-17 12:49:00,1,1,1,1.0,2.95,2.95,1,0.0,1,1,723,1.0,361.5,1,1,1,Lost / Inactive,0.7933,High Risk
14096,2011-08-30 10:49:00,2011-12-05 17:17:00,5111,17,16352,3.1993738994325964,65164.79,12.749909998043435,1119,0.0,0,98,4,5.8,0.22,5,5,5,Champions,0.1944,Low Risk
14097,2010-03-04 10:46:00,2010-08-15 14:20:00,40,2,352,8.8,422.86,10.5715,39,0.675,1,165,481,82.5,160.33,1,2,2,Lost / Inactive,0.7166,High Risk
14098,2011-11-03 10:13:00,2011-11-03 10:13:00,21,1,104,4.9523809523809526,147.35,7.016666666666667,21,0.0,0,1,37,1.0,18.5,4,1,1,Promising / New,0.8774,High Risk
14099,2009-12-10 11:55:00,2011-11-23 13:53:00,521,20,3666,7.036468330134357,5750.91,11.038214971209213,273,0.0,0,714,16,35.7,0.76,5,5,5,Champions,0.0101,Low Risk
14100,2011-07-25 11:01:00,2011-07-25 11:01:00,25,1,63,2.52,191.95,7.678,24,0.0,1,1,138,1.0,69.0,3,1,1,Needs Attention,0.8802,High Risk
14101,2010-03-28 13:36:00,2011-09-27 12:28:00,90,13,10542,117.13333333333334,9961.93,110.68811111111113,19,0.2222222222222222,0,548,74,42.2,5.29,3,5,5,Loyal Customers,0.2453,Low Risk
14102,2011-10-26 12:46:00,2011-12-04 15:38:00,58,5,769,13.258620689655173,1105.88,19.06689655172413,35,0.0862068965517241,0,40,5,8.0,0.83,5,4,3,Champions,0.3315,Low Risk
14104,2010-05-28 16:11:00,2011-07-08 12:50:00,135,5,496,3.674074074074074,743.53,5.507629629629629,117,0.0,1,406,155,81.2,25.83,3,4,3,Loyal Customers,0.5942,Medium Risk
14105,2009-12-18 16:57:00,2011-04-14 17:58:00,279,5,3534,12.666666666666666,5988.83,21.465340501792117,200,0.3906810035842294,1,483,239,96.6,39.83,2,4,5,At Risk,0.5372,Medium Risk
14106,2009-12-02 14:09:00,2009-12-02 14:09:00,1,1,24,24.0,214.8,214.8,1,0.0,1,1,737,1.0,368.5,1,1,1,Lost / Inactive,0.8164,High Risk
14107,2009-12-09 14:20:00,2011-10-19 12:12:00,236,11,3489,14.783898305084746,4877.3,20.66652542372881,102,0.2923728813559322,0,679,52,61.7,4.33,4,5,5,Champions,0.0211,Low Risk
14108,2009-12-01 18:07:00,2011-11-09 10:41:00,52,4,660,12.692307692307692,1044.96,20.095384615384617,49,0.0,0,708,31,177.0,6.2,4,3,3,Loyal Customers,0.0637,Low Risk
14109,2011-09-28 10:18:00,2011-09-28 10:18:00,9,1,88,9.77777777777778,144.2,16.022222222222222,9,0.0,0,1,73,1.0,36.5,3,1,1,Needs Attention,0.752,High Risk
14110,2009-12-01 09:50:00,2011-12-06 12:26:00,399,33,5825,14.598997493734336,12987.95,32.55125313283208,177,0.1228070175438596,0,736,4,22.3,0.12,5,5,5,Champions,0.0076,Low Risk
14111,2011-04-12 11:36:00,2011-11-25 13:44:00,10,4,458,45.8,692.85,69.285,10,0.0,0,228,14,57.0,2.8,5,3,3,Loyal Customers,0.6808,Medium Risk
14112,2010-02-23 14:16:00,2011-11-17 12:30:00,326,13,3539,10.855828220858896,5834.59,17.897515337423314,199,0.1349693251533742,0,632,23,48.6,1.64,4,5,5,Champions,0.0139,Low Risk
14113,2009-12-08 07:42:00,2011-12-06 12:18:00,122,16,3439,28.188524590163933,7092.61,58.1361475409836,76,0.0,0,729,4,45.6,0.24,5,5,5,Champions,0.0448,Low Risk
14114,2010-04-12 11:07:00,2011-03-11 09:42:00,74,7,650,8.783783783783784,1364.09,18.43364864864865,72,0.1351351351351351,1,333,274,47.6,34.25,2,4,4,At Risk,0.6086,Medium Risk
14115,2010-02-11 11:44:00,2010-07-26 12:36:00,22,2,509,23.13636363636364,622.67,28.303181818181816,22,0.0,1,166,502,83.0,167.33,1,2,3,Lost / Inactive,0.7175,High Risk
14116,2011-08-10 12:44:00,2011-11-20 10:29:00,72,5,707,9.819444444444445,1382.74,19.204722222222223,61,0.1111111111111111,0,102,20,20.4,3.33,4,4,4,Champions,0.3423,Low Risk
14117,2011-07-19 09:49:00,2011-07-19 09:49:00,3,1,72,24.0,90.0,30.0,3,0.0,1,1,144,1.0,72.0,3,1,1,Needs Attention,0.7726,High Risk
14118,2010-10-07 11:59:00,2010-10-07 11:59:00,15,1,97,6.466666666666667,458.45,30.563333333333333,15,0.0,1,1,429,1.0,214.5,1,1,2,Lost / Inactive,0.7737,High Risk
14119,2009-12-21 14:52:00,2010-11-29 10:33:00,11,2,177,16.09090909090909,183.37,16.67,11,0.0,1,343,376,171.5,125.33,2,2,1,Lost / Inactive,0.6614,Medium Risk
14121,2011-10-11 10:39:00,2011-12-06 12:19:00,159,4,2082,13.09433962264151,2780.15,17.485220125786164,148,0.0,0,57,4,14.2,0.8,5,3,4,Loyal Customers,0.3153,Low Risk
14122,2009-12-02 14:22:00,2010-10-29 15:11:00,13,3,114,8.76923076923077,362.42,27.87846153846154,12,0.0,1,332,406,110.7,101.5,2,3,2,At Risk,0.6758,Medium Risk
14123,2009-12-06 15:35:00,2009-12-06 15:35:00,24,1,234,9.75,436.18,18.174166666666668,24,1.0,1,1,733,1.0,366.5,1,1,2,Lost / Inactive,0.7544,High Risk
14124,2011-09-16 13:32:00,2011-09-16 13:32:00,5,1,1618,323.6,419.58,83.916,4,0.0,0,1,84,1.0,42.0,3,1,2,Needs Attention,0.6669,Medium Risk
14125,2011-09-22 15:40:00,2011-11-29 12:47:00,166,3,1628,9.80722891566265,2720.63,16.38933734939759,159,0.0,0,68,11,22.7,2.75,5,3,4,Loyal Customers,0.2813,Low Risk
14126,2010-09-21 14:51:00,2011-12-02 11:45:00,43,4,887,20.627906976744185,1172.46,27.26651162790698,37,0.0,0,437,8,109.2,1.6,5,3,3,Loyal Customers,0.5391,Medium Risk
14127,2010-10-10 11:53:00,2011-08-09 10:49:00,117,6,828,7.076923076923077,1900.08,16.24,96,0.452991452991453,1,303,123,50.5,17.57,3,4,4,Loyal Customers,0.66,Medium Risk
14128,2010-06-06 14:05:00,2011-10-10 12:00:00,65,3,814,12.523076923076925,924.21,14.218615384615385,50,0.2923076923076923,0,491,61,163.7,15.25,3,3,3,Loyal Customers,0.3397,Low Risk
14129,2010-05-09 14:54:00,2011-12-08 11:02:00,109,9,1414,12.972477064220184,2591.34,23.77376146788991,40,0.2018348623853211,0,578,2,64.2,0.2,5,5,4,Champions,0.3428,Low Risk
14130,2009-12-11 16:33:00,2011-01-24 16:05:00,220,4,1215,5.5227272727272725,1858.77,8.448954545454546,189,0.0,1,409,319,102.2,63.8,2,3,4,At Risk,0.4207,Medium Risk
14131,2010-03-01 11:59:00,2010-03-01 11:59:00,46,1,105,2.282608695652174,168.22,3.65695652173913,45,0.0,1,1,649,1.0,324.5,1,1,1,Lost / Inactive,0.7984,High Risk
14132,2011-06-09 12:04:00,2011-12-07 13:35:00,200,11,3368,16.84,3586.03,17.930149999999998,100,0.0,0,182,2,16.5,0.17,5,5,5,Champions,0.2589,Low Risk
14133,2009-12-06 12:10:00,2011-08-02 11:34:00,36,4,398,11.055555555555555,911.14,25.309444444444445,33,0.2222222222222222,1,604,130,151.0,26.0,3,3,3,Loyal Customers,0.3476,Low Risk
14134,2009-12-10 09:25:00,2010-11-22 12:26:00,180,15,5814,32.3,11123.35,61.79638888888889,130,0.0166666666666666,1,348,383,23.2,23.94,2,5,5,At Risk,0.4557,Medium Risk
14135,2009-12-02 08:58:00,2011-12-08 11:38:00,219,24,8534,38.96803652968037,8839.67,40.363789954337896,138,0.0821917808219178,0,737,2,30.7,0.08,5,5,5,Champions,0.0104,Low Risk
14136,2009-12-08 09:19:00,2010-11-04 11:53:00,106,5,1148,10.830188679245284,1570.81,14.818962264150944,86,0.0,1,332,401,66.4,66.83,2,4,4,At Risk,0.548,Medium Risk
14137,2010-01-13 12:30:00,2010-01-13 12:30:00,11,1,462,42.0,332.7,30.245454545454542,11,0.0,1,1,696,1.0,348.0,1,1,2,Lost / Inactive,0.7239,High Risk
14138,2011-10-07 09:38:00,2011-12-08 12:44:00,46,2,600,13.043478260869565,965.88,20.997391304347826,40,0.0,0,63,2,31.5,0.67,5,2,3,Promising / New,0.6249,Medium Risk
14139,2010-06-15 09:17:00,2011-10-24 13:34:00,69,4,1049,15.202898550724637,1086.8,15.75072463768116,48,0.0,0,497,46,124.2,9.2,4,3,3,Loyal Customers,0.3421,Low Risk
14140,2011-11-08 11:20:00,2011-12-06 09:05:00,66,2,811,12.287878787878787,935.05,14.16742424242424,60,0.0,0,28,4,14.0,1.33,5,2,3,Promising / New,0.4766,Medium Risk
14141,2011-08-26 14:40:00,2011-12-07 09:53:00,40,4,355,8.875,915.13,22.87825,27,0.0,0,103,3,25.8,0.6,5,3,3,Loyal Customers,0.5479,Medium Risk
14142,2010-03-03 15:13:00,2010-12-01 16:33:00,44,2,518,11.772727272727272,671.34,15.257727272727273,42,0.0,1,274,373,137.0,124.33,2,2,3,Lost / Inactive,0.6775,Medium Risk
14143,2011-07-29 09:48:00,2011-07-29 09:48:00,7,1,30,4.285714285714286,115.8,16.54285714285714,7,0.0,1,1,134,1.0,67.0,3,1,1,Needs Attention,0.9034,High Risk
14144,2010-08-10 15:17:00,2010-08-10 15:17:00,1,1,12,12.0,30.6,30.6,1,0.0,1,1,486,1.0,243.0,1,1,1,Lost / Inactive,0.822,High Risk
14145,2010-04-08 09:47:00,2011-10-24 12:10:00,25,7,1655,66.2,7600.05,304.002,11,0.24,0,565,47,80.7,5.88,4,4,5,Champions,0.4974,Medium Risk
14146,2010-01-13 16:04:00,2011-12-01 10:18:00,456,12,5780,12.675438596491228,9450.3,20.724342105263155,337,0.1732456140350877,0,687,9,57.2,0.69,5,5,5,Champions,0.0148,Low Risk
14147,2010-03-09 13:43:00,2011-09-22 18:10:00,30,9,995,33.166666666666664,2590.2,86.33999999999999,24,0.0666666666666666,0,563,78,62.6,7.8,3,5,4,Loyal Customers,0.2713,Low Risk
14148,2010-10-21 14:08:00,2011-04-20 12:02:00,17,2,223,13.117647058823527,466.29,27.428823529411765,15,0.0,1,181,234,90.5,78.0,2,2,2,Lost / Inactive,0.7598,High Risk
14149,2011-05-03 09:44:00,2011-05-03 09:44:00,28,1,218,7.785714285714286,446.62,15.950714285714286,28,0.0,1,1,221,1.0,110.5,2,1,2,Lost / Inactive,0.7099,High Risk
14150,2010-12-15 10:04:00,2011-11-04 10:05:00,26,2,496,19.07692307692308,658.64,25.33230769230769,23,0.0,0,325,36,162.5,12.0,4,2,3,Promising / New,0.6179,Medium Risk
14151,2009-12-23 10:54:00,2010-02-04 15:35:00,44,2,405,9.204545454545457,679.45,15.442045454545456,44,0.0,1,44,673,22.0,224.33,1,2,3,Lost / Inactive,0.5378,Medium Risk
14152,2010-02-18 13:57:00,2011-09-25 12:54:00,133,7,1844,13.864661654135338,1997.34,15.017593984962405,104,0.150375939849624,0,584,75,83.4,9.38,3,4,4,Loyal Customers,0.2099,Low Risk
14153,2010-08-13 14:35:00,2010-08-13 14:35:00,17,1,312,18.352941176470587,233.4,13.729411764705882,17,0.0,1,1,483,1.0,241.5,1,1,1,Lost / Inactive,0.698,Medium Risk
14154,2010-01-13 12:47:00,2011-04-14 16:26:00,292,8,3222,11.034246575342468,6460.7,22.12568493150685,236,0.0,1,457,239,57.1,26.56,2,4,5,At Risk,0.2946,Low Risk
14155,2011-03-18 14:13:00,2011-03-18 14:13:00,6,1,25,4.166666666666667,118.75,19.791666666666668,6,0.0,1,1,266,1.0,133.0,2,1,1,Lost / Inactive,0.8883,High Risk
14156,2009-12-01 12:30:00,2011-11-30 10:54:00,4038,156,164325,40.69465081723626,313437.62,77.62199603764239,1446,0.0683506686478454,0,729,10,4.7,0.06,5,5,5,Champions,0.007,Low Risk
14157,2010-03-03 16:49:00,2011-11-20 11:32:00,85,5,521,6.129411764705883,978.69,11.514,75,0.5411764705882353,0,627,20,125.4,3.33,4,4,3,Champions,0.0799,Low Risk
14158,2011-10-30 15:08:00,2011-10-30 15:08:00,41,1,781,19.04878048780488,507.66,12.381951219512194,41,1.0,0,1,40,1.0,20.0,4,1,2,Promising / New,0.5398,Medium Risk
14159,2009-12-03 12:31:00,2011-11-20 12:36:00,1836,20,6520,3.55119825708061,7860.8,4.281481481481482,706,0.2636165577342048,0,718,20,35.9,0.95,4,5,5,Champions,0.0083,Low Risk
14160,2010-01-10 12:06:00,2010-04-08 14:30:00,107,7,4661,43.5607476635514,8421.47,78.70532710280374,80,0.514018691588785,1,89,610,12.7,76.25,1,4,5,At Risk,0.5674,Medium Risk
14161,2009-12-13 11:46:00,2011-05-08 11:41:00,277,7,1480,5.342960288808665,2996.93,10.819241877256315,202,1.0,1,511,216,73.0,27.0,2,4,5,At Risk,0.5222,Medium Risk
14162,2011-02-20 12:32:00,2011-06-19 11:36:00,25,2,142,5.68,289.36,11.5744,25,1.0,1,119,174,59.5,58.0,3,2,2,Needs Attention,0.8102,High Risk
14163,2010-09-03 17:15:00,2011-09-13 15:18:00,58,5,950,16.379310344827587,2594.62,44.7348275862069,42,0.293103448275862,0,375,87,75.0,14.5,3,4,4,Loyal Customers,0.4516,Medium Risk
14164,2011-09-20 12:18:00,2011-09-30 12:24:00,29,2,1033,35.62068965517241,1631.77,56.26793103448276,28,0.0,0,11,71,5.5,23.67,3,2,4,Needs Attention,0.5964,Medium Risk
14165,2011-03-09 12:39:00,2011-03-09 12:39:00,24,1,53,2.208333333333333,120.44,5.0183333333333335,23,0.0,1,1,276,1.0,138.0,2,1,1,Lost / Inactive,0.8636,High Risk
14166,2010-03-23 15:10:00,2010-07-22 19:42:00,51,2,82,1.607843137254902,251.15,4.924509803921569,39,0.0,1,122,505,61.0,168.33,1,2,1,Lost / Inactive,0.8107,High Risk
14167,2010-01-27 16:07:00,2011-10-31 14:29:00,115,8,340,2.9565217391304346,1274.29,11.080782608695651,48,0.0,0,642,39,80.2,4.33,4,4,4,Champions,0.2339,Low Risk
14168,2010-05-24 12:28:00,2010-10-15 10:49:00,15,2,147,9.8,370.45,24.696666666666665,11,0.0,1,144,421,72.0,140.33,1,2,2,Lost / Inactive,0.7317,High Risk
14169,2010-09-21 13:39:00,2010-10-05 08:45:00,64,2,205,3.203125,621.51,9.71109375,50,0.0,1,14,431,7.0,143.67,1,2,3,Lost / Inactive,0.5951,Medium Risk
14170,2010-11-09 14:06:00,2010-11-29 13:10:00,145,3,270,1.862068965517241,570.18,3.932275862068965,123,0.0,1,20,375,6.7,93.75,2,3,2,At Risk,0.5451,Medium Risk
14171,2009-12-09 13:50:00,2011-09-02 16:43:00,64,2,211,3.296875,498.79,7.79359375,61,0.0,1,633,98,316.5,32.67,3,2,2,Needs Attention,0.1452,Low Risk
14172,2010-03-07 10:58:00,2010-04-13 13:26:00,44,3,78,1.7727272727272727,369.02,8.386818181818182,38,0.4090909090909091,1,38,605,12.7,151.25,1,3,2,At Risk,0.7278,High Risk
14173,2009-12-09 12:46:00,2011-11-29 11:54:00,33,6,194,5.878787878787879,586.0,17.757575757575758,30,0.0,0,720,11,120.0,1.57,5,4,2,Champions,0.1182,Low Risk
14174,2011-11-06 13:17:00,2011-11-06 13:17:00,26,1,94,3.615384615384616,134.46,5.171538461538462,26,1.0,0,1,33,1.0,16.5,4,1,1,Promising / New,0.789,High Risk
14175,2010-03-22 10:43:00,2011-10-11 11:55:00,331,8,3009,9.090634441087614,7678.88,23.1990332326284,237,0.1329305135951661,0,569,60,71.1,6.67,3,4,5,Loyal Customers,0.192,Low Risk
14176,2010-11-23 13:21:00,2011-02-15 13:12:00,37,5,265,7.162162162162162,756.46,20.444864864864865,33,0.0,1,84,297,16.8,49.5,2,4,3,At Risk,0.5321,Medium Risk
14177,2010-02-26 11:59:00,2011-09-14 15:11:00,205,13,1043,5.087804878048781,2209.69,10.778975609756095,141,0.0048780487804878,0,566,86,43.5,6.14,3,5,4,Loyal Customers,0.2578,Low Risk
14178,2011-06-10 12:51:00,2011-12-01 12:01:00,318,7,1494,4.69811320754717,1600.26,5.032264150943396,191,0.160377358490566,0,174,9,24.9,1.12,5,4,4,Champions,0.295,Low Risk
14179,2011-10-18 14:00:00,2011-10-30 12:07:00,157,2,319,2.031847133757962,701.57,4.46859872611465,135,0.2420382165605095,0,12,41,6.0,13.67,4,2,3,Promising / New,0.3942,Medium Risk
14180,2010-06-09 14:56:00,2011-11-29 10:56:00,289,33,847,2.930795847750865,6117.5,21.16782006920415,125,0.0449826989619377,0,538,11,16.3,0.32,5,5,5,Champions,0.27,Low Risk
14181,2010-05-26 12:32:00,2010-10-25 08:27:00,52,2,120,2.3076923076923075,308.35,5.929807692307692,48,0.0,1,152,411,76.0,137.0,1,2,2,Lost / Inactive,0.8411,High Risk
14182,2010-04-22 15:36:00,2010-09-22 11:45:00,50,4,174,3.48,678.77,13.5754,42,0.0,1,153,444,38.2,88.8,1,3,3,At Risk,0.7448,High Risk
14183,2010-08-15 15:36:00,2010-10-24 14:45:00,34,2,60,1.7647058823529411,278.34000000000003,8.186470588235295,27,1.0,1,70,411,35.0,137.0,1,2,1,Lost / Inactive,0.8369,High Risk
14184,2011-10-04 12:43:00,2011-10-04 12:43:00,24,1,127,5.291666666666667,452.89,18.870416666666667,24,0.0,0,1,67,1.0,33.5,3,1,2,Needs Attention,0.7294,High Risk
14185,2011-01-12 13:52:00,2011-01-12 13:52:00,3,1,6,2.0,197.65,65.88333333333334,3,0.0,1,1,331,1.0,165.5,2,1,1,Lost / Inactive,0.918,High Risk
14186,2010-03-05 11:17:00,2010-10-08 13:30:00,104,5,1550,14.903846153846152,1550.63,14.909903846153846,75,0.0,1,218,427,43.6,71.17,1,4,4,At Risk,0.5005,Medium Risk
14187,2010-08-23 12:06:00,2010-08-23 12:06:00,8,1,50,6.25,123.5,15.4375,8,0.0,1,1,474,1.0,237.0,1,1,1,Lost / Inactive,0.873,High Risk
14188,2011-02-02 13:46:00,2011-11-09 12:45:00,65,6,1162,17.876923076923077,2054.36,31.605538461538465,34,0.0,0,280,31,46.7,4.43,4,4,4,Champions,0.454,Medium Risk
14189,2010-11-16 09:28:00,2011-12-07 15:55:00,307,16,4392,14.306188925081432,5503.15,17.92557003257329,199,0.0651465798045602,0,387,2,24.2,0.12,5,5,5,Champions,0.1303,Low Risk
14190,2010-02-11 14:27:00,2010-02-11 14:27:00,1,1,2,2.0,79.9,79.9,1,0.0,1,1,666,1.0,333.0,1,1,1,Lost / Inactive,0.952,High Risk
14191,2009-12-11 10:48:00,2011-12-08 09:23:00,265,15,3724,14.052830188679245,4817.66,18.17984905660377,147,0.0,0,727,2,48.5,0.12,5,5,5,Champions,0.0064,Low Risk
14192,2010-11-16 17:44:00,2010-11-16 17:44:00,14,1,218,15.571428571428571,293.74,20.981428571428573,14,0.0,1,1,388,1.0,194.0,2,1,2,Lost / Inactive,0.7301,High Risk
14193,2010-11-08 12:31:00,2011-10-03 09:34:00,64,3,653,10.203125,1210.19,18.90921875,49,0.0,0,329,68,109.7,17.0,3,3,3,Loyal Customers,0.5962,Medium Risk
14194,2010-01-06 12:16:00,2011-12-05 10:38:00,952,36,10037,10.543067226890756,18670.59,19.611964285714286,432,0.1407563025210084,0,698,5,19.4,0.14,5,5,5,Champions,0.0044,Low Risk
14195,2010-03-15 17:12:00,2011-05-22 10:29:00,16,6,2144,134.0,2615.6,163.475,10,0.25,1,433,202,72.2,28.86,2,4,4,At Risk,0.6745,Medium Risk
14196,2011-08-25 10:25:00,2011-08-25 10:25:00,6,1,142,23.666666666666668,335.52,55.92,6,0.0,1,1,107,1.0,53.5,3,1,2,Needs Attention,0.7495,High Risk
14197,2010-10-25 10:01:00,2010-10-25 10:01:00,20,1,143,7.15,390.05,19.5025,20,0.0,1,1,411,1.0,205.5,1,1,2,Lost / Inactive,0.7052,High Risk
14198,2010-01-05 10:07:00,2011-11-21 16:35:00,91,9,623,6.846153846153846,1569.73,17.24978021978022,58,0.0989010989010989,0,686,18,76.2,1.8,5,5,4,Champions,0.0481,Low Risk
14199,2010-06-27 12:13:00,2011-05-05 13:44:00,18,4,254,14.11111111111111,1091.7,60.650000000000006,15,0.2777777777777778,1,313,218,78.2,43.6,2,3,3,At Risk,0.749,High Risk
14200,2010-04-01 13:01:00,2010-04-01 13:01:00,21,1,140,6.666666666666667,379.2,18.057142857142857,21,0.0,1,1,617,1.0,308.5,1,1,2,Lost / Inactive,0.7489,High Risk
14201,2010-04-30 13:00:00,2011-10-10 13:27:00,55,10,806,14.654545454545454,1193.54,21.70072727272727,47,0.109090909090909,0,529,60,52.9,5.45,3,5,3,Loyal Customers,0.3045,Low Risk
14202,2010-03-25 10:36:00,2010-11-23 17:13:00,29,3,166,5.724137931034483,847.76,29.233103448275862,27,0.0,1,244,381,81.3,95.25,2,3,3,At Risk,0.7627,High Risk
14203,2010-11-07 13:35:00,2010-11-07 13:35:00,16,1,80,5.0,339.34,21.20875,16,1.0,1,1,397,1.0,198.5,2,1,2,Lost / Inactive,0.8582,High Risk
14204,2009-12-02 13:26:00,2011-12-07 13:38:00,220,4,469,2.131818181818182,1024.83,4.658318181818181,186,0.0,0,736,2,184.0,0.4,5,3,3,Loyal Customers,0.0498,Low Risk
14205,2010-03-07 12:20:00,2011-11-23 10:55:00,123,9,1342,10.910569105691057,2414.2,19.62764227642276,79,0.3252032520325203,0,626,17,69.6,1.7,5,5,4,Champions,0.0453,Low Risk
14206,2010-11-02 11:37:00,2011-04-14 16:38:00,71,3,930,13.098591549295774,1185.01,16.690281690140846,62,0.0,1,164,239,54.7,59.75,2,3,3,At Risk,0.6156,Medium Risk
14207,2010-01-21 09:33:00,2010-01-21 09:33:00,2,1,36,18.0,157.8,78.9,2,0.0,1,1,688,1.0,344.0,1,1,1,Lost / Inactive,0.813,High Risk
14208,2010-06-06 13:11:00,2011-09-06 12:48:00,35,2,529,15.114285714285714,567.05,16.20142857142857,34,0.7142857142857143,1,457,95,228.5,31.67,3,2,2,Needs Attention,0.5011,Medium Risk
14209,2010-01-22 10:28:00,2011-11-29 10:18:00,231,15,1739,7.528138528138528,4993.27,21.615887445887445,133,0.0432900432900432,0,676,11,45.1,0.69,5,5,5,Champions,0.0146,Low Risk
14210,2010-01-06 10:17:00,2011-08-26 12:36:00,314,16,2511,7.996815286624204,5556.57,17.69608280254777,143,0.054140127388535,1,598,106,37.4,6.24,3,5,5,Loyal Customers,0.0626,Low Risk
14211,2009-12-09 12:48:00,2011-10-17 13:23:00,240,18,2575,10.729166666666666,4402.29,18.342875,155,0.1458333333333333,0,678,53,37.7,2.79,4,5,5,Champions,0.0065,Low Risk
14212,2010-09-20 11:48:00,2011-09-11 12:45:00,21,2,2046,97.42857142857144,2190.14,104.29238095238097,18,0.4285714285714285,0,357,90,178.5,30.0,3,2,4,Needs Attention,0.359,Medium Risk
14213,2010-10-31 10:37:00,2010-10-31 10:37:00,5,1,244,48.8,1192.2,238.44,5,1.0,1,1,405,1.0,202.5,2,1,3,Lost / Inactive,0.7285,High Risk
14214,2011-03-07 12:26:00,2011-11-09 10:31:00,67,5,751,11.208955223880595,1004.38,14.990746268656716,64,0.0,0,247,31,49.4,5.17,4,4,3,Champions,0.5388,Medium Risk
14215,2009-12-08 09:35:00,2011-11-28 12:19:00,186,9,2181,11.725806451612904,3250.33,17.474892473118278,167,0.0,0,721,12,80.1,1.2,5,5,5,Champions,0.0154,Low Risk
14216,2010-10-21 15:07:00,2011-12-06 14:56:00,77,5,712,9.246753246753247,2150.04,27.9225974025974,65,0.0,0,411,3,82.2,0.5,5,4,4,Champions,0.4962,Medium Risk
14217,2010-06-30 12:54:00,2011-12-08 11:53:00,174,23,1230,7.068965517241379,3298.59,18.95741379310345,122,0.0977011494252873,0,526,2,22.9,0.08,5,5,5,Champions,0.2674,Low Risk
14218,2011-10-28 10:00:00,2011-10-28 10:00:00,12,1,160,13.333333333333334,169.48,14.123333333333331,12,0.0,0,1,43,1.0,21.5,4,1,1,Promising / New,0.6535,Medium Risk
14219,2010-08-03 14:42:00,2011-12-05 16:23:00,43,3,363,8.44186046511628,633.83,14.740232558139535,39,0.0,0,490,4,163.3,1.0,5,3,3,Loyal Customers,0.3422,Low Risk
14220,2010-05-19 13:26:00,2011-04-06 13:23:00,38,4,468,12.31578947368421,1515.0,39.86842105263158,26,0.0,1,322,247,80.5,49.4,2,3,4,At Risk,0.7299,High Risk
14221,2010-04-06 14:10:00,2011-10-28 13:42:00,347,17,3808,10.97406340057637,6517.49,18.782391930835733,166,0.138328530259366,0,570,42,33.5,2.33,4,5,5,Champions,0.0883,Low Risk
14222,2011-06-15 16:42:00,2011-06-15 16:42:00,41,1,607,14.804878048780488,683.17,16.662682926829266,41,0.0,1,1,177,1.0,88.5,3,1,3,Needs Attention,0.6475,Medium Risk
14223,2011-03-20 16:02:00,2011-09-08 13:38:00,60,3,585,9.75,991.13,16.518833333333333,50,0.3,1,172,92,57.3,23.0,3,3,3,Loyal Customers,0.6457,Medium Risk
14224,2010-06-13 13:46:00,2011-08-21 13:24:00,229,9,826,3.606986899563319,1841.71,8.042401746724892,189,0.7816593886462883,1,434,110,48.2,11.0,3,5,4,Loyal Customers,0.509,Medium Risk
14225,2010-01-12 15:02:00,2010-10-01 10:32:00,86,4,1167,13.569767441860463,2031.07,23.61709302325581,70,0.0,1,262,435,65.5,87.0,1,3,4,At Risk,0.578,Medium Risk
14226,2010-09-24 14:32:00,2011-11-11 11:34:00,97,6,1714,17.670103092783506,2985.13,30.774536082474228,89,0.0,0,413,29,68.8,4.14,4,4,5,Champions,0.3354,Low Risk
14227,2010-02-08 09:38:00,2011-11-13 15:48:00,377,15,4048,10.73740053050398,6368.71,16.8931299734748,246,0.039787798408488,0,644,26,42.9,1.62,4,5,5,Champions,0.0099,Low Risk
14228,2010-06-11 12:29:00,2010-09-28 09:45:00,38,3,260,6.842105263157895,745.5,19.61842105263158,38,0.0,1,109,438,36.3,109.5,1,3,3,At Risk,0.6954,Medium Risk
14229,2010-08-25 11:47:00,2011-10-19 10:04:00,72,7,934,12.97222222222222,2594.04,36.028333333333336,41,0.0,0,420,52,60.0,6.5,4,4,4,Champions,0.4053,Medium Risk
14230,2010-06-09 13:56:00,2010-09-30 09:07:00,33,3,246,7.454545454545454,979.8,29.690909090909088,27,0.0,1,113,436,37.7,109.0,1,3,3,At Risk,0.7058,High Risk
14231,2010-09-15 09:52:00,2011-06-09 11:05:00,69,4,610,8.840579710144928,1235.62,17.907536231884055,66,0.0,1,268,184,67.0,36.8,3,3,4,Loyal Customers,0.659,Medium Risk
14232,2011-03-20 12:44:00,2011-10-28 11:09:00,115,5,1941,16.878260869565217,2048.07,17.80930434782609,81,0.408695652173913,0,222,43,44.4,7.17,4,4,4,Champions,0.4604,Medium Risk
14233,2010-03-05 16:35:00,2011-10-21 15:54:00,73,7,1261,17.273972602739725,2904.27,39.784520547945206,42,0.0,0,595,49,85.0,6.12,4,4,4,Champions,0.2026,Low Risk
14234,2011-10-13 13:58:00,2011-11-17 17:53:00,147,4,951,6.469387755102041,754.12,5.130068027210885,122,0.0,0,36,22,9.0,4.4,4,3,3,Loyal Customers,0.2884,Low Risk
14235,2010-03-30 13:36:00,2011-09-25 14:37:00,148,9,3014,20.364864864864863,4717.99,31.87831081081081,107,0.0472972972972973,0,545,75,60.6,7.5,3,5,5,Loyal Customers,0.222,Low Risk
14236,2010-07-22 14:27:00,2011-09-20 09:13:00,47,5,774,16.46808510638298,1555.34,33.09234042553192,39,0.0,0,425,81,85.0,13.5,3,4,4,Loyal Customers,0.4888,Medium Risk
14237,2010-04-28 10:04:00,2010-12-01 13:20:00,26,2,238,9.153846153846152,471.14,18.12076923076923,26,0.0,1,218,373,109.0,124.33,2,2,2,Lost / Inactive,0.727,High Risk
14238,2009-12-05 10:58:00,2011-01-17 14:40:00,13,3,189,14.538461538461538,434.23,33.402307692307694,13,0.1538461538461538,1,409,326,136.3,81.5,2,3,2,At Risk,0.5419,Medium Risk
14239,2009-12-05 12:36:00,2011-10-27 14:40:00,210,21,1729,8.233333333333333,4263.17,20.300809523809523,97,0.0619047619047619,0,692,43,33.0,1.95,4,5,5,Champions,0.0188,Low Risk
14240,2010-10-12 12:48:00,2011-11-09 13:45:00,61,3,655,10.737704918032788,1247.49,20.45065573770492,46,0.0,0,394,30,131.3,7.5,4,3,4,Loyal Customers,0.48,Medium Risk
14241,2010-01-12 15:11:00,2011-06-09 11:46:00,12,2,242,20.166666666666668,333.7,27.808333333333334,12,0.0,1,513,184,256.5,61.33,3,2,2,Needs Attention,0.5252,Medium Risk
14242,2011-01-18 08:53:00,2011-04-19 11:46:00,16,2,123,7.6875,280.55,17.534375,13,0.0,1,92,235,46.0,78.33,2,2,1,Lost / Inactive,0.7369,High Risk
14243,2010-08-20 13:41:00,2011-12-01 11:12:00,363,17,3631,10.00275482093664,7217.75,19.883608815427,235,0.1019283746556473,0,468,9,27.5,0.5,5,5,5,Champions,0.1296,Low Risk
14244,2010-02-17 11:40:00,2010-02-17 11:40:00,16,1,814,50.875,366.42,22.90125,16,0.0,1,1,661,1.0,330.5,1,1,2,Lost / Inactive,0.7293,High Risk
14245,2011-03-21 10:41:00,2011-05-04 08:40:00,108,2,976,9.037037037037036,1693.45,15.680092592592594,107,0.0,1,44,220,22.0,73.33,2,2,4,Lost / Inactive,0.469,Medium Risk
14246,2011-04-08 08:25:00,2011-08-21 11:50:00,75,3,804,10.72,1474.06,19.65413333333333,57,0.3333333333333333,1,136,111,45.3,27.75,3,3,4,Loyal Customers,0.6129,Medium Risk
14247,2010-06-06 15:07:00,2011-03-06 15:21:00,113,5,378,3.345132743362832,753.56,6.668672566371681,82,1.0,1,274,278,54.8,46.33,2,4,3,At Risk,0.637,Medium Risk
14248,2010-07-12 14:27:00,2011-01-25 14:45:00,47,3,692,14.72340425531915,1032.95,21.977659574468085,41,0.0,1,198,318,66.0,79.5,2,3,3,At Risk,0.644,Medium Risk
14249,2010-01-29 14:21:00,2010-10-25 12:34:00,272,12,2383,8.761029411764707,5400.46,19.854632352941177,178,0.4852941176470588,1,269,411,22.4,31.62,1,5,5,At Risk,0.2958,Low Risk
14250,2011-09-11 13:44:00,2011-12-02 14:30:00,111,3,1200,10.81081081081081,1904.05,17.153603603603603,94,0.6666666666666666,0,83,7,27.7,1.75,5,3,4,Loyal Customers,0.4264,Medium Risk
14251,2011-10-13 12:46:00,2011-12-08 08:32:00,78,5,1674,21.46153846153846,2879.7,36.919230769230765,37,0.0,0,56,2,11.2,0.33,5,4,4,Champions,0.3542,Medium Risk
14252,2010-11-23 13:36:00,2010-11-23 13:36:00,10,1,111,11.1,350.99,35.099000000000004,10,0.0,1,1,381,1.0,190.5,2,1,2,Lost / Inactive,0.7513,High Risk
14253,2010-03-26 15:08:00,2010-08-03 14:55:00,12,2,88,7.333333333333333,363.4,30.28333333333333,11,0.0,1,130,493,65.0,164.33,1,2,2,Lost / Inactive,0.7518,High Risk
14254,2010-10-03 11:52:00,2010-10-03 11:52:00,23,1,263,11.434782608695652,601.03,26.13173913043478,23,1.0,1,1,433,1.0,216.5,1,1,2,Lost / Inactive,0.7607,High Risk
14255,2010-06-11 15:54:00,2010-06-11 15:54:00,1,1,1,1.0,1000.63,1000.63,1,0.0,1,1,546,1.0,273.0,1,1,3,Lost / Inactive,0.8413,High Risk
14256,2010-01-14 10:35:00,2011-03-24 13:17:00,133,5,1147,8.62406015037594,2460.79,18.50218045112782,100,0.0,1,435,260,87.0,43.33,2,4,4,At Risk,0.495,Medium Risk
14257,2010-03-01 15:36:00,2011-10-06 16:54:00,240,9,3332,13.883333333333333,5954.45,24.81020833333333,167,0.0291666666666666,0,585,64,65.0,6.4,3,5,5,Loyal Customers,0.1069,Low Risk
14258,2009-12-04 08:36:00,2011-11-30 15:27:00,300,25,17488,58.29333333333334,32051.34,106.8378,97,0.0733333333333333,0,727,9,29.1,0.35,5,5,5,Champions,0.0096,Low Risk
14259,2011-07-21 10:44:00,2011-07-21 10:44:00,5,1,68,13.6,120.0,24.0,5,0.0,1,1,142,1.0,71.0,3,1,1,Needs Attention,0.7686,High Risk
14260,2010-06-09 11:23:00,2010-08-25 14:55:00,51,3,544,10.666666666666666,824.28,16.16235294117647,50,0.0,1,78,471,26.0,117.75,1,3,3,At Risk,0.5109,Medium Risk
14261,2011-09-22 10:47:00,2011-10-20 10:04:00,52,2,406,7.8076923076923075,1163.45,22.37403846153846,52,0.0,0,28,51,14.0,17.0,4,2,3,Promising / New,0.4777,Medium Risk
14262,2011-04-13 12:23:00,2011-12-01 14:17:00,143,8,1645,11.503496503496503,2618.23,18.3093006993007,87,0.0,0,233,8,29.1,0.89,5,4,4,Champions,0.3416,Low Risk
14263,2010-10-12 14:09:00,2010-10-12 14:09:00,16,1,171,10.6875,322.93,20.183125,16,0.0,1,1,423,1.0,211.5,1,1,2,Lost / Inactive,0.7332,High Risk
14264,2010-04-07 13:21:00,2011-07-08 10:20:00,79,6,553,7.0,1517.36,19.207088607594937,59,0.2278481012658227,1,457,155,76.2,22.14,3,4,4,Loyal Customers,0.6559,Medium Risk
14265,2010-04-06 14:39:00,2011-08-22 13:32:00,79,4,715,9.050632911392404,1373.35,17.384177215189872,74,0.0,1,503,109,125.8,21.8,3,3,4,Loyal Customers,0.3629,Medium Risk
14266,2010-10-07 13:32:00,2010-10-07 13:32:00,1,1,24,24.0,40.56,40.56,1,0.0,1,1,428,1.0,214.0,1,1,1,Lost / Inactive,0.8604,High Risk
14267,2011-03-24 11:38:00,2011-06-30 10:09:00,55,3,530,9.636363636363637,1516.24,27.568,25,0.0,1,98,163,32.7,40.75,3,3,4,Loyal Customers,0.6715,Medium Risk
14268,2010-08-26 10:45:00,2010-08-26 10:45:00,19,1,147,7.736842105263157,354.85,18.676315789473687,19,0.0,1,1,471,1.0,235.5,1,1,2,Lost / Inactive,0.7373,High Risk
14269,2010-09-26 12:53:00,2010-09-26 12:53:00,16,1,123,7.6875,295.73,18.483125,16,1.0,1,1,439,1.0,219.5,1,1,2,Lost / Inactive,0.8168,High Risk
14270,2011-01-12 09:33:00,2011-01-12 09:33:00,29,1,197,6.793103448275862,492.65,16.98793103448276,29,0.0,1,1,332,1.0,166.0,2,1,2,Lost / Inactive,0.7336,High Risk
14271,2010-10-26 17:01:00,2011-04-28 12:47:00,38,2,148,3.8947368421052633,214.18,5.636315789473684,38,0.0,1,184,226,92.0,75.33,2,2,1,Lost / Inactive,0.8019,High Risk
14272,2010-05-06 14:01:00,2011-09-27 10:08:00,64,4,1097,17.140625,920.81,14.38765625,62,0.0,0,509,74,127.2,14.8,3,3,3,Loyal Customers,0.3108,Low Risk
14273,2011-04-11 13:24:00,2011-10-19 13:20:00,29,4,264,9.10344827586207,559.97,19.309310344827587,22,0.0,0,191,51,47.8,10.2,4,3,2,Loyal Customers,0.6814,Medium Risk
14274,2010-01-22 12:51:00,2010-01-22 12:51:00,15,1,178,11.866666666666667,256.6,17.10666666666667,15,0.0,1,1,686,1.0,343.0,1,1,1,Lost / Inactive,0.7249,High Risk
14275,2010-04-11 12:32:00,2010-11-09 09:06:00,23,6,538,23.39130434782609,1189.38,51.71217391304347,14,0.3478260869565217,1,212,396,35.3,56.57,2,4,3,At Risk,0.6905,Medium Risk
14276,2010-02-17 13:10:00,2011-09-02 09:45:00,121,7,1406,11.619834710743802,2102.68,17.377520661157025,75,0.1983471074380165,1,562,99,80.3,12.38,3,4,4,Loyal Customers,0.3451,Low Risk
14277,2009-12-13 15:43:00,2011-11-24 15:01:00,379,9,89806,236.9551451187335,17197.61,45.37627968337731,334,0.2532981530343008,0,711,15,79.0,1.5,5,5,5,Champions,0.0536,Low Risk
14278,2010-10-26 12:07:00,2010-10-26 12:07:00,13,1,131,10.076923076923077,205.83,15.833076923076922,13,0.0,1,1,410,1.0,205.0,2,1,1,Lost / Inactive,0.7379,High Risk
14279,2010-01-27 16:34:00,2010-07-07 08:42:00,3,2,46,15.333333333333334,191.86,63.95333333333334,3,0.0,1,161,521,80.5,173.67,1,2,1,Lost / Inactive,0.7646,High Risk
14280,2011-05-27 10:37:00,2011-05-27 10:37:00,8,1,52,6.5,134.04,16.755,8,0.0,1,1,197,1.0,98.5,2,1,1,Lost / Inactive,0.8574,High Risk
14281,2010-10-27 14:45:00,2010-10-27 14:45:00,7,1,45,6.428571428571429,245.15,35.021428571428565,7,0.0,1,1,408,1.0,204.0,2,1,1,Lost / Inactive,0.8065,High Risk
14282,2010-02-15 11:22:00,2011-12-06 17:04:00,239,25,5166,21.61506276150628,7250.76,30.3379079497908,100,0.0585774058577405,0,660,3,26.4,0.12,5,5,5,Champions,0.0156,Low Risk
14283,2010-05-19 12:22:00,2010-09-02 14:46:00,41,4,550,13.414634146341465,628.44,15.327804878048784,36,0.0,1,107,463,26.8,92.6,1,3,3,At Risk,0.5788,Medium Risk
14284,2010-02-24 12:06:00,2011-11-09 08:11:00,67,3,510,7.611940298507463,1299.65,19.39776119402985,59,0.0,0,623,31,207.7,7.75,4,3,4,Loyal Customers,0.0845,Low Risk
14285,2009-12-08 14:13:00,2011-11-18 14:50:00,61,8,954,15.63934426229508,3284.42,53.84295081967213,48,0.2622950819672131,0,711,21,88.9,2.33,4,4,5,Champions,0.03,Low Risk
14286,2009-12-04 08:40:00,2011-11-16 10:34:00,499,7,8795,17.625250501002004,8479.76,16.993507014028058,270,0.1703406813627254,0,713,24,101.9,3.0,4,4,5,Champions,0.0683,Low Risk
14287,2011-05-25 11:41:00,2011-12-01 13:25:00,9,3,261,29.0,176.63,19.625555555555557,9,0.0,0,191,8,63.7,2.0,5,3,1,Loyal Customers,0.6198,Medium Risk
14288,2011-05-10 13:22:00,2011-05-10 13:22:00,16,1,188,11.75,426.6,26.6625,16,0.0,1,1,213,1.0,106.5,2,1,2,Lost / Inactive,0.7228,High Risk
14289,2011-02-23 12:33:00,2011-12-01 11:44:00,47,6,292,6.212765957446808,911.26,19.388510638297877,33,0.0,0,281,9,46.8,1.29,5,4,3,Champions,0.5894,Medium Risk
14290,2009-12-08 11:44:00,2011-11-28 14:02:00,151,8,1600,10.596026490066226,4516.56,29.910993377483447,120,0.0,0,721,11,90.1,1.22,5,4,5,Champions,0.032,Low Risk
14291,2009-12-09 10:46:00,2011-12-08 10:26:00,494,23,6146,12.441295546558704,7904.099999999999,16.000202429149798,241,0.1437246963562753,0,729,2,31.7,0.08,5,5,5,Champions,0.0039,Low Risk
14292,2010-03-19 11:10:00,2011-12-02 11:50:00,193,16,3429,17.76683937823834,9226.25,47.80440414507772,120,0.2227979274611398,0,624,8,39.0,0.47,5,5,5,Champions,0.1125,Low Risk
14293,2009-12-10 10:57:00,2011-12-06 15:17:00,119,9,1558,13.092436974789916,2903.01,24.39504201680672,88,0.2016806722689075,0,727,3,80.8,0.3,5,5,4,Champions,0.0328,Low Risk
14294,2010-10-28 16:25:00,2010-10-28 16:25:00,23,1,190,8.26086956521739,375.34,16.319130434782608,23,0.0,1,1,407,1.0,203.5,2,1,2,Lost / Inactive,0.7108,High Risk
14295,2009-12-08 09:49:00,2011-10-30 15:50:00,72,5,1029,14.291666666666666,2362.91,32.818194444444444,66,0.0694444444444444,0,692,40,138.4,6.67,4,4,4,Champions,0.0715,Low Risk
14296,2010-05-14 14:34:00,2010-10-14 14:14:00,27,2,314,11.62962962962963,456.4,16.9037037037037,27,0.0,1,153,421,76.5,140.33,1,2,2,Lost / Inactive,0.704,High Risk
14297,2011-03-10 08:31:00,2011-11-22 09:06:00,62,4,865,13.951612903225806,1305.33,21.053709677419352,48,0.0,0,258,18,64.5,3.6,5,3,4,Loyal Customers,0.59,Medium Risk
14298,2009-12-11 13:49:00,2011-12-01 13:12:00,2864,82,100272,35.01117318435754,91194.49,31.84165153631285,1370,0.0,0,720,8,8.8,0.1,5,5,5,Champions,0.0086,Low Risk
14299,2009-12-02 10:58:00,2011-12-01 16:05:00,335,27,8136,24.286567164179104,14070.25,42.00074626865672,164,0.0835820895522388,0,730,8,27.0,0.29,5,5,5,Champions,0.0154,Low Risk
14300,2011-11-21 08:57:00,2011-11-21 08:57:00,3,1,32,10.666666666666666,43.2,14.4,3,0.0,0,1,19,1.0,9.5,5,1,1,Promising / New,0.8519,High Risk
14301,2010-02-11 13:07:00,2011-08-14 15:33:00,53,4,1686,31.81132075471698,1992.18,37.58830188679245,37,0.5471698113207547,1,550,117,137.5,23.4,3,3,4,Loyal Customers,0.4275,Medium Risk
14302,2009-12-02 08:16:00,2010-10-05 08:10:00,28,3,298,10.642857142857142,742.9,26.53214285714285,25,0.0,1,307,431,102.3,107.75,1,3,3,At Risk,0.7252,High Risk
14303,2010-10-01 10:31:00,2010-10-28 15:37:00,22,2,218,9.909090909090908,277.94,12.633636363636365,21,0.0,1,28,407,14.0,135.67,2,2,1,Lost / Inactive,0.6452,Medium Risk
14304,2010-05-18 10:50:00,2011-05-01 11:50:00,88,3,775,8.806818181818182,1725.01,19.602386363636363,69,0.1931818181818181,1,349,223,116.3,55.75,2,3,4,At Risk,0.596,Medium Risk
14305,2011-07-27 14:14:00,2011-09-29 15:29:00,105,3,1089,10.371428571428572,1858.96,17.70438095238095,96,0.0,0,65,71,21.7,17.75,3,3,4,Loyal Customers,0.376,Medium Risk
14306,2010-01-31 13:42:00,2011-10-19 13:23:00,46,6,2065,44.891304347826086,3151.4,68.50869565217391,43,0.217391304347826,0,626,51,104.3,7.29,4,4,5,Champions,0.2108,Low Risk
14307,2009-12-07 13:06:00,2011-09-12 09:38:00,262,10,2816,10.748091603053435,4287.92,16.366106870229007,205,0.0,0,644,89,64.4,8.09,3,5,5,Loyal Customers,0.013,Low Risk
14308,2010-06-08 16:39:00,2010-06-08 16:48:00,2,2,2,1.0,1147.02,573.51,1,0.0,1,1,549,0.5,183.0,1,2,3,Lost / Inactive,0.7739,High Risk
14309,2010-06-07 10:24:00,2011-12-01 13:33:00,189,11,2583,13.666666666666666,3780.81,20.004285714285714,125,0.0,0,543,8,49.4,0.67,5,5,5,Champions,0.1983,Low Risk
14310,2010-10-03 12:34:00,2010-10-03 12:34:00,22,1,230,10.454545454545457,492.1,22.36818181818182,22,1.0,1,1,433,1.0,216.5,1,1,2,Lost / Inactive,0.744,High Risk
14311,2010-05-21 10:28:00,2011-04-11 10:14:00,31,2,235,7.580645161290323,516.45,16.65967741935484,31,0.0,1,325,243,162.5,81.0,2,2,2,Lost / Inactive,0.7033,High Risk
14312,2010-07-23 15:05:00,2011-10-24 09:46:00,180,11,1904,10.577777777777778,3090.29,17.168277777777778,148,0.0,0,458,47,41.6,3.92,4,5,5,Champions,0.268,Low Risk
14314,2010-10-05 08:00:00,2011-08-25 10:39:00,10,2,332,33.2,229.8,22.98,10,0.0,1,325,107,162.5,35.67,3,2,1,Needs Attention,0.6919,Medium Risk
14315,2010-03-15 12:49:00,2011-10-26 12:06:00,133,8,1344,10.105263157894736,3197.82,24.04375939849624,83,0.0,0,590,45,73.8,5.0,4,4,5,Champions,0.256,Low Risk
14316,2010-03-19 15:18:00,2010-10-13 16:31:00,31,5,4494,144.96774193548387,1370.34,44.20451612903226,21,0.0,1,209,422,41.8,70.33,1,4,4,At Risk,0.6142,Medium Risk
14317,2011-10-06 10:44:00,2011-10-06 10:44:00,24,1,255,10.625,508.58,21.19083333333333,24,0.0,0,1,65,1.0,32.5,3,1,2,Needs Attention,0.7009,High Risk
14318,2010-09-05 15:32:00,2010-09-05 15:32:00,9,1,152,16.88888888888889,158.02,17.55777777777778,9,1.0,1,1,460,1.0,230.0,1,1,1,Lost / Inactive,0.6945,Medium Risk
14319,2010-10-11 13:38:00,2010-10-11 13:38:00,26,1,329,12.653846153846152,494.85,19.032692307692308,26,0.0,1,1,424,1.0,212.0,1,1,2,Lost / Inactive,0.6829,Medium Risk
14320,2010-01-21 11:44:00,2011-05-17 09:24:00,81,5,713,8.802469135802468,1346.75,16.626543209876544,68,0.0,1,481,207,96.2,34.5,2,4,4,At Risk,0.5181,Medium Risk
14321,2010-08-23 12:56:00,2011-11-29 09:47:00,179,7,3275,18.29608938547486,2218.06,12.391396648044692,162,0.0,0,463,11,66.1,1.38,5,4,4,Champions,0.3316,Low Risk
14322,2010-02-18 08:49:00,2010-10-06 15:17:00,13,4,158,12.153846153846152,474.1,36.46923076923077,10,0.0,1,231,429,57.8,85.8,1,3,2,At Risk,0.7713,High Risk
14323,2011-04-15 11:44:00,2011-08-17 11:37:00,36,2,350,9.72222222222222,605.06,16.807222222222222,32,0.0,1,124,115,62.0,38.33,3,2,2,Needs Attention,0.702,High Risk
14324,2010-01-15 13:31:00,2010-10-26 11:44:00,41,2,402,9.804878048780488,701.61,17.112439024390245,41,0.0,1,284,410,142.0,136.67,2,2,3,Lost / Inactive,0.7154,High Risk
14325,2010-05-19 09:20:00,2010-05-19 09:20:00,18,1,320,17.77777777777778,245.48,13.637777777777778,18,0.0,1,1,570,1.0,285.0,1,1,1,Lost / Inactive,0.6905,Medium Risk
14326,2010-06-25 12:10:00,2011-04-11 15:04:00,57,3,572,10.035087719298245,940.98,16.50842105263158,54,0.0,1,291,242,97.0,60.5,2,3,3,At Risk,0.6719,Medium Risk
14327,2010-01-08 14:04:00,2011-06-29 13:58:00,106,6,1296,12.226415094339623,1894.93,17.87669811320755,99,0.0,1,537,163,89.5,23.29,3,4,4,Loyal Customers,0.3695,Medium Risk
14328,2010-09-27 16:01:00,2010-09-27 16:01:00,1,1,1,1.0,445.05,445.05,1,0.0,1,1,438,1.0,219.0,1,1,2,Lost / Inactive,0.8955,High Risk
14329,2009-12-16 15:31:00,2011-11-22 15:50:00,552,15,5913,10.71195652173913,9887.62,17.912355072463768,349,0.0,0,707,17,47.1,1.06,5,5,5,Champions,0.0049,Low Risk
14330,2010-03-26 09:10:00,2010-03-26 09:10:00,13,1,103,7.923076923076923,200.63,15.433076923076923,13,0.0,1,1,624,1.0,312.0,1,1,1,Lost / Inactive,0.8094,High Risk
14331,2011-07-27 15:14:00,2011-08-07 13:17:00,28,2,252,9.0,462.66,16.523571428571426,27,0.1428571428571428,1,11,124,5.5,41.33,3,2,2,Needs Attention,0.6919,Medium Risk
14332,2010-10-19 13:01:00,2011-11-17 11:54:00,62,5,875,14.112903225806452,1917.41,30.925967741935484,47,0.0,0,394,23,78.8,3.83,4,4,4,Champions,0.4773,Medium Risk
14333,2011-10-03 10:38:00,2011-10-03 10:38:00,15,1,58,3.8666666666666663,415.2,27.68,15,0.0,0,1,68,1.0,34.0,3,1,2,Needs Attention,0.724,High Risk
14334,2010-05-20 10:04:00,2011-11-23 10:01:00,258,12,2986,11.573643410852712,4318.48,16.738294573643408,148,0.1240310077519379,0,552,17,46.0,1.31,5,5,5,Champions,0.1299,Low Risk
14335,2011-09-04 13:07:00,2011-11-23 13:41:00,60,2,375,6.25,454.86,7.581,55,0.6666666666666666,0,81,16,40.5,5.33,5,2,2,Promising / New,0.5917,Medium Risk
14336,2011-03-08 16:48:00,2011-11-23 11:40:00,90,4,1759,19.544444444444444,1614.91,17.943444444444445,77,0.0,0,260,17,65.0,3.4,5,3,4,Loyal Customers,0.5785,Medium Risk
14338,2010-06-21 10:32:00,2011-07-01 14:08:00,50,3,622,12.44,928.1,18.562,43,0.0,1,376,161,125.3,40.25,3,3,3,Loyal Customers,0.4831,Medium Risk
14339,2010-10-07 08:50:00,2011-04-11 11:06:00,23,2,456,19.82608695652174,620.27,26.968260869565217,21,0.0,1,187,243,93.5,81.0,2,2,3,Lost / Inactive,0.6806,Medium Risk
14340,2011-05-05 09:44:00,2011-05-05 09:44:00,6,1,58,9.666666666666666,134.7,22.45,6,0.0,1,1,219,1.0,109.5,2,1,1,Lost / Inactive,0.7795,High Risk
14341,2009-12-01 12:20:00,2011-10-25 15:48:00,265,18,2813,10.615094339622642,4452.02,16.800075471698115,185,0.1773584905660377,0,694,45,38.6,2.37,4,5,5,Champions,0.0229,Low Risk
14342,2010-08-24 13:03:00,2011-11-18 13:21:00,33,6,521,15.787878787878787,918.44,27.83151515151515,27,0.0606060606060606,0,452,21,75.3,3.0,4,4,3,Champions,0.5268,Medium Risk
14343,2010-01-18 16:47:00,2010-10-14 13:05:00,234,4,626,2.675213675213675,1079.66,4.613931623931625,193,0.094017094017094,1,269,421,67.2,84.2,1,3,3,At Risk,0.6156,Medium Risk
14344,2010-03-23 15:47:00,2011-08-04 13:51:00,230,20,1546,6.721739130434782,2993.05,13.01326086956522,140,0.0,1,499,127,25.0,6.05,3,5,5,Loyal Customers,0.3504,Medium Risk
14345,2011-11-01 09:51:00,2011-11-01 09:51:00,6,1,50,8.333333333333334,108.98,18.16333333333333,6,0.0,0,1,39,1.0,19.5,4,1,1,Promising / New,0.7646,High Risk
14346,2010-07-30 10:44:00,2011-08-11 09:47:00,146,5,1878,12.863013698630136,2315.75,15.861301369863014,123,0.2602739726027397,1,377,121,75.4,20.17,3,4,4,Loyal Customers,0.4628,Medium Risk
14347,2009-12-03 10:49:00,2009-12-03 10:49:00,6,1,48,8.0,82.6,13.766666666666666,6,0.0,1,1,737,1.0,368.5,1,1,1,Lost / Inactive,0.8251,High Risk
14348,2011-03-24 16:23:00,2011-03-24 16:23:00,18,1,183,10.166666666666666,409.57,22.753888888888888,18,0.0,1,1,260,1.0,130.0,2,1,2,Lost / Inactive,0.7161,High Risk
14349,2011-11-29 15:39:00,2011-11-29 15:39:00,31,1,86,2.774193548387097,133.5,4.306451612903226,31,0.0,0,1,10,1.0,5.0,5,1,1,Promising / New,0.8044,High Risk
14350,2010-10-05 15:52:00,2011-03-10 14:14:00,59,3,543,9.203389830508474,972.03,16.47508474576271,55,0.0,1,156,274,52.0,68.5,2,3,3,At Risk,0.6561,Medium Risk
14351,2011-06-28 11:56:00,2011-06-28 11:56:00,1,1,12,12.0,51.0,51.0,1,0.0,1,1,165,1.0,82.5,3,1,1,Needs Attention,0.8733,High Risk
14352,2011-03-11 14:58:00,2011-07-05 15:41:00,47,4,538,11.4468085106383,1078.96,22.95659574468085,44,0.0,1,117,157,29.2,31.4,3,3,3,Loyal Customers,0.6277,Medium Risk
14353,2010-10-04 12:38:00,2011-05-08 16:06:00,25,3,344,13.76,376.5,15.06,18,0.24,1,217,215,72.3,53.75,2,3,2,At Risk,0.6632,Medium Risk
14354,2011-11-09 15:36:00,2011-12-04 11:32:00,9,2,210,23.33333333333333,163.62,18.18,9,0.3333333333333333,0,25,6,12.5,2.0,5,2,1,Promising / New,0.5624,Medium Risk
14355,2010-03-22 15:08:00,2010-12-09 12:16:00,60,3,617,10.283333333333331,840.05,14.000833333333333,57,0.0,1,262,366,87.3,91.5,2,3,3,At Risk,0.6574,Medium Risk
14356,2011-09-19 14:43:00,2011-09-21 09:18:00,33,2,277,8.393939393939394,701.23,21.24939393939394,33,0.0,0,2,80,1.0,26.67,3,2,3,Needs Attention,0.707,High Risk
14357,2011-10-27 16:23:00,2011-10-27 16:23:00,40,1,147,3.675,225.12,5.628,39,0.0,0,1,43,1.0,21.5,4,1,1,Promising / New,0.7454,High Risk
14358,2010-10-07 17:26:00,2010-11-15 15:51:00,25,2,338,13.52,400.06,16.0024,21,0.0,1,39,389,19.5,129.67,2,2,2,Lost / Inactive,0.584,Medium Risk
14359,2011-09-13 09:03:00,2011-11-20 13:17:00,55,3,371,6.745454545454545,912.18,16.58509090909091,44,0.1454545454545454,0,69,19,23.0,4.75,5,3,3,Loyal Customers,0.4181,Medium Risk
14360,2011-09-06 11:58:00,2011-11-08 09:12:00,117,4,1139,9.735042735042734,2118.03,18.102820512820514,104,0.0,0,63,32,15.8,6.4,4,3,4,Loyal Customers,0.3597,Medium Risk
14361,2010-05-10 12:29:00,2010-05-10 12:29:00,14,1,251,17.928571428571427,214.71,15.336428571428572,14,0.0,1,1,579,1.0,289.5,1,1,1,Lost / Inactive,0.6998,Medium Risk
14362,2011-11-17 15:08:00,2011-11-17 15:08:00,37,1,96,2.5945945945945947,151.5,4.094594594594595,37,0.0,0,1,22,1.0,11.0,4,1,1,Promising / New,0.793,High Risk
14363,2010-09-14 14:39:00,2010-11-02 17:01:00,8,2,105,13.125,227.47,28.43375,8,0.0,1,50,402,25.0,134.0,2,2,1,Lost / Inactive,0.7145,High Risk
14364,2011-05-12 12:56:00,2011-08-23 11:01:00,69,8,1967,28.507246376811597,3717.35,53.87463768115942,61,0.1884057971014492,1,103,109,12.9,12.11,3,4,5,Loyal Customers,0.5358,Medium Risk
14365,2010-01-27 09:44:00,2010-11-10 09:52:00,51,2,557,10.92156862745098,634.68,12.44470588235294,50,0.0,1,288,395,144.0,131.67,2,2,3,Lost / Inactive,0.6685,Medium Risk
14366,2010-07-02 17:23:00,2010-07-02 17:23:00,1,1,16,16.0,136.0,136.0,1,0.0,1,1,525,1.0,262.5,1,1,1,Lost / Inactive,0.8628,High Risk
14367,2011-03-08 14:12:00,2011-12-01 13:19:00,521,16,4426,8.495201535508638,9227.82,17.711746641074857,270,0.072936660268714,0,268,8,16.8,0.47,5,5,5,Champions,0.1581,Low Risk
14368,2011-01-24 09:52:00,2011-01-24 09:52:00,8,1,36,4.5,155.0,19.375,8,0.0,1,1,320,1.0,160.0,2,1,1,Lost / Inactive,0.8823,High Risk
14369,2010-02-16 10:28:00,2010-03-07 15:47:00,26,2,255,9.807692307692308,469.13,18.04346153846154,24,0.7307692307692307,1,20,642,10.0,214.0,1,2,2,Lost / Inactive,0.6744,Medium Risk
14370,2010-02-01 08:35:00,2010-09-15 10:53:00,44,6,266,6.045454545454546,1175.78,26.722272727272728,37,0.2045454545454545,1,227,451,37.8,64.43,1,4,3,At Risk,0.6509,Medium Risk
14371,2011-02-17 16:35:00,2011-02-17 16:35:00,4,1,34,8.5,100.5,25.125,4,0.0,1,1,295,1.0,147.5,2,1,1,Lost / Inactive,0.7932,High Risk
14372,2010-04-19 15:57:00,2010-09-22 16:17:00,38,2,378,9.947368421052632,860.0799999999999,22.633684210526315,36,0.0,1,157,443,78.5,147.67,1,2,3,Lost / Inactive,0.7247,High Risk
14373,2010-12-16 15:40:00,2010-12-16 15:40:00,4,1,17,4.25,76.55,19.1375,4,0.0,1,1,358,1.0,179.0,2,1,1,Lost / Inactive,0.9174,High Risk
14374,2010-06-16 14:25:00,2010-06-16 14:25:00,7,1,20,2.857142857142857,108.0,15.428571428571429,7,0.0,1,1,541,1.0,270.5,1,1,1,Lost / Inactive,0.9274,High Risk
14375,2010-06-16 14:34:00,2011-06-07 13:44:00,205,3,647,3.15609756097561,1106.82,5.399121951219512,176,0.0,1,356,185,118.7,46.25,3,3,3,Loyal Customers,0.4964,Medium Risk
14376,2010-01-25 15:36:00,2010-01-25 15:36:00,18,1,50,2.7777777777777777,215.46,11.97,17,0.0,1,1,683,1.0,341.5,1,1,1,Lost / Inactive,0.8807,High Risk
14377,2011-03-22 13:38:00,2011-06-01 13:32:00,11,2,219,19.90909090909091,617.05,56.095454545454544,11,0.0,1,71,191,35.5,63.67,2,2,3,Lost / Inactive,0.7459,High Risk
14378,2010-03-28 12:22:00,2010-03-28 12:22:00,9,1,57,6.333333333333333,131.25,14.583333333333334,9,1.0,1,1,622,1.0,311.0,1,1,1,Lost / Inactive,0.8866,High Risk
14379,2010-08-16 15:31:00,2011-10-26 16:43:00,128,4,712,5.5625,1265.16,9.8840625,93,0.0,0,437,44,109.2,8.8,4,3,4,Loyal Customers,0.5005,Medium Risk
14380,2010-01-26 17:11:00,2010-01-26 17:11:00,1,1,1,1.0,48.96,48.96,1,0.0,1,1,682,1.0,341.0,1,1,1,Lost / Inactive,0.9493,High Risk
14381,2010-09-14 16:15:00,2011-10-18 17:10:00,112,2,449,4.008928571428571,625.9399999999999,5.588749999999999,104,0.0,0,400,52,200.0,17.33,4,2,3,Promising / New,0.21,Low Risk
14382,2010-11-14 16:32:00,2011-11-13 16:18:00,279,2,1667,5.974910394265233,1193.63,4.278243727598566,227,1.0,0,364,26,182.0,8.67,4,2,3,Promising / New,0.2436,Low Risk
14383,2011-06-29 10:18:00,2011-11-01 15:53:00,59,3,817,13.847457627118644,1247.69,21.14728813559322,49,0.0,0,126,38,42.0,9.5,4,3,4,Loyal Customers,0.5647,Medium Risk
14384,2010-07-27 09:53:00,2010-07-27 09:53:00,3,1,30,10.0,58.5,19.5,3,0.0,1,1,501,1.0,250.5,1,1,1,Lost / Inactive,0.8342,High Risk
14385,2011-11-16 11:55:00,2011-11-30 15:36:00,14,3,159,11.357142857142858,202.11,14.43642857142857,13,0.0,0,15,9,5.0,2.25,5,3,1,Loyal Customers,0.6199,Medium Risk
14386,2011-02-16 09:45:00,2011-02-16 09:45:00,7,1,54,7.714285714285714,142.4,20.342857142857145,7,0.0,1,1,297,1.0,148.5,2,1,1,Lost / Inactive,0.7944,High Risk
14387,2011-08-22 14:13:00,2011-11-07 12:29:00,139,3,795,5.719424460431655,1727.6,12.428776978417266,125,0.0,0,77,33,25.7,8.25,4,3,4,Loyal Customers,0.3601,Medium Risk
14388,2010-01-20 11:54:00,2011-11-29 13:32:00,393,16,4190,10.661577608142494,6388.2,16.254961832061067,184,0.0508905852417302,0,679,10,42.4,0.59,5,5,5,Champions,0.0057,Low Risk
14389,2010-04-28 14:57:00,2011-10-05 15:17:00,87,5,1388,15.954022988505749,1898.01,21.816206896551723,48,0.0,0,526,65,105.2,10.83,3,4,4,Loyal Customers,0.3443,Low Risk
14390,2010-10-10 14:30:00,2011-11-29 13:49:00,459,13,2830,6.16557734204793,6150.03,13.39875816993464,197,0.1982570806100217,0,415,10,31.9,0.71,5,5,5,Champions,0.2862,Low Risk
14391,2010-05-12 09:42:00,2010-05-12 09:42:00,14,1,168,12.0,135.6,9.685714285714283,14,0.0,1,1,577,1.0,288.5,1,1,1,Lost / Inactive,0.6953,Medium Risk
14392,2010-10-03 12:56:00,2010-10-03 12:56:00,14,1,114,8.142857142857142,266.4,19.02857142857143,14,1.0,1,1,432,1.0,216.0,1,1,1,Lost / Inactive,0.8023,High Risk
14393,2011-05-05 18:16:00,2011-05-05 18:16:00,5,1,13,2.6,67.95,13.59,5,0.0,1,1,218,1.0,109.0,2,1,1,Lost / Inactive,0.9296,High Risk
14394,2010-05-24 10:43:00,2010-05-24 10:43:00,6,1,58,9.666666666666666,93.8,15.633333333333333,6,0.0,1,1,565,1.0,282.5,1,1,1,Lost / Inactive,0.7999,High Risk
14395,2010-04-18 13:12:00,2011-12-07 14:34:00,779,20,3872,4.970474967907574,7801.93,10.015314505776637,320,0.1668806161745828,0,599,2,30.0,0.1,5,5,5,Champions,0.0982,Low Risk
14396,2009-12-02 14:21:00,2011-10-05 16:09:00,249,7,959,3.85140562248996,1969.38,7.909156626506024,202,0.5220883534136547,0,673,65,96.1,8.12,3,4,4,Loyal Customers,0.0457,Low Risk
14397,2011-05-10 12:25:00,2011-12-07 09:22:00,87,19,1890,21.724137931034484,2612.96,30.034022988505747,18,0.1149425287356321,0,211,3,11.1,0.15,5,5,4,Champions,0.206,Low Risk
14398,2010-06-30 11:57:00,2010-11-03 13:46:00,53,2,267,5.037735849056604,707.79,13.354528301886791,50,0.0,1,127,401,63.5,133.67,2,2,3,Lost / Inactive,0.7602,High Risk
14399,2010-02-03 13:09:00,2010-11-10 13:23:00,192,8,965,5.026041666666667,2108.21,10.980260416666669,119,0.0,1,281,394,35.1,43.78,2,4,4,At Risk,0.5172,Medium Risk
14400,2010-03-18 12:11:00,2011-07-13 15:50:00,73,3,1706,23.36986301369863,1732.47,23.73246575342466,71,0.0,1,483,149,161.0,37.25,3,3,4,Loyal Customers,0.4473,Medium Risk
14401,2009-12-14 13:22:00,2011-12-05 13:30:00,266,22,6401,24.06390977443609,6795.9,25.5484962406015,171,0.0,0,722,4,32.8,0.17,5,5,5,Champions,0.0142,Low Risk
14402,2010-02-25 13:20:00,2010-02-25 13:20:00,8,1,240,30.0,285.6,35.7,8,0.0,1,1,652,1.0,326.0,1,1,2,Lost / Inactive,0.7304,High Risk
14403,2010-03-10 14:00:00,2011-08-01 12:57:00,25,6,737,29.48,1880.51,75.2204,20,0.0,1,509,130,84.8,18.57,3,4,4,Loyal Customers,0.5454,Medium Risk
14404,2009-12-20 14:40:00,2011-11-06 12:30:00,181,13,1577,8.712707182320441,2724.13,15.050441988950276,123,0.6353591160220995,0,686,34,52.8,2.43,4,5,4,Champions,0.0158,Low Risk
14405,2010-11-18 11:40:00,2010-11-18 11:40:00,2,1,100,50.0,195.0,97.5,2,0.0,1,1,387,1.0,193.5,2,1,1,Lost / Inactive,0.7813,High Risk
14406,2011-08-12 16:54:00,2011-08-12 16:54:00,8,1,77,9.625,156.75,19.59375,8,0.0,1,1,119,1.0,59.5,3,1,1,Needs Attention,0.7742,High Risk
14407,2011-03-08 11:59:00,2011-08-24 14:02:00,73,6,1415,19.383561643835616,2157.73,29.55794520547945,67,0.0,1,170,107,28.3,15.29,3,4,4,Loyal Customers,0.4448,Medium Risk
14408,2009-12-07 12:18:00,2011-11-29 11:41:00,128,11,2438,19.046875,4102.27,32.048984375,63,0.0703125,0,722,11,65.6,0.92,5,5,5,Champions,0.0191,Low Risk
14409,2010-05-21 16:45:00,2011-09-29 18:18:00,104,9,2233,21.471153846153847,3427.29,32.95471153846154,76,0.0,0,497,71,55.2,7.1,3,5,5,Loyal Customers,0.3074,Low Risk
14410,2010-09-28 15:46:00,2011-09-08 15:08:00,385,11,1369,3.555844155844156,2631.9,6.8361038961038965,307,0.3376623376623376,1,345,92,31.4,7.67,3,5,4,Loyal Customers,0.3551,Medium Risk
14411,2011-02-02 10:56:00,2011-02-02 10:56:00,14,1,196,14.0,1063.0,75.92857142857143,14,0.0,1,1,311,1.0,155.5,2,1,3,Lost / Inactive,0.6774,Medium Risk
14412,2010-10-11 12:33:00,2011-10-28 10:45:00,84,3,1428,17.0,1426.19,16.978452380952383,75,0.0,0,382,43,127.3,10.75,4,3,4,Loyal Customers,0.3747,Medium Risk
14413,2010-01-19 14:27:00,2010-12-12 13:37:00,96,4,277,2.8854166666666665,764.52,7.96375,93,0.2291666666666666,1,327,362,81.8,72.4,2,3,3,At Risk,0.7042,High Risk
14414,2010-11-30 10:12:00,2011-09-09 12:09:00,118,8,2877,24.38135593220339,2399.33,20.333305084745763,99,0.1779661016949152,1,284,92,35.5,10.22,3,4,4,Loyal Customers,0.4532,Medium Risk
14415,2009-12-16 14:08:00,2011-12-08 14:38:00,1234,23,6263,5.075364667747164,11980.09,9.708338735818476,445,0.3873581847649919,0,723,1,31.4,0.04,5,5,5,Champions,0.0128,Low Risk
14416,2011-10-28 15:10:00,2011-11-17 15:22:00,14,2,326,23.285714285714285,490.22,35.01571428571429,13,0.0,0,21,22,10.5,7.33,4,2,2,Promising / New,0.6077,Medium Risk
14417,2010-11-17 10:55:00,2010-11-17 10:55:00,117,1,543,4.641025641025641,524.65,4.484188034188034,106,0.0,1,1,388,1.0,194.0,2,1,2,Lost / Inactive,0.6246,Medium Risk
14418,2011-08-23 17:18:00,2011-12-06 11:39:00,124,3,1711,13.798387096774194,1937.25,15.622983870967742,114,0.0,0,105,4,35.0,1.0,5,3,4,Loyal Customers,0.3863,Medium Risk
14419,2010-11-22 11:09:00,2011-11-29 11:22:00,225,7,552,2.453333333333333,1254.64,5.576177777777779,118,0.0,0,373,11,53.3,1.38,5,4,4,Champions,0.356,Medium Risk
14420,2010-01-17 12:41:00,2011-09-01 18:07:00,93,4,1120,12.043010752688172,1639.17,17.62548387096774,85,0.2473118279569892,1,593,99,148.2,19.8,3,3,4,Loyal Customers,0.3988,Medium Risk
14421,2010-01-17 11:30:00,2011-10-13 13:24:00,96,6,1342,13.979166666666666,2469.37,25.722604166666667,72,0.4479166666666667,0,635,57,105.8,8.14,4,4,4,Champions,0.0712,Low Risk
14422,2009-12-17 12:12:00,2011-12-09 11:26:00,552,19,6067,10.990942028985508,10271.52,18.60782608695652,317,0.0597826086956521,0,722,1,38.0,0.05,5,5,5,Champions,0.004,Low Risk
14423,2010-01-14 11:49:00,2011-05-05 15:12:00,15,3,419,27.933333333333334,916.61,61.10733333333334,12,0.0,1,477,218,159.0,54.5,2,3,3,At Risk,0.6016,Medium Risk
14424,2011-11-22 11:48:00,2011-11-22 11:48:00,1,1,48,48.0,322.08,322.08,1,0.0,0,1,18,1.0,9.0,5,1,2,Promising / New,0.7343,High Risk
14425,2009-12-02 11:31:00,2010-10-01 10:24:00,39,3,325,8.333333333333334,661.39,16.958717948717947,35,0.0,1,303,435,101.0,108.75,1,3,3,At Risk,0.688,Medium Risk
14426,2010-03-04 14:36:00,2011-11-16 12:25:00,604,17,7023,11.62748344370861,11727.94,19.41711920529801,452,0.0331125827814569,0,622,24,36.6,1.33,4,5,5,Champions,0.0481,Low Risk
14427,2010-03-18 09:49:00,2011-10-20 14:23:00,44,4,538,12.227272727272728,1263.52,28.716363636363635,43,0.0,0,582,50,145.5,10.0,4,3,4,Loyal Customers,0.3572,Medium Risk
14428,2011-01-18 16:39:00,2011-12-02 13:17:00,137,5,428,3.124087591240876,1224.06,8.934744525547444,108,0.0,0,318,7,63.6,1.17,5,4,4,Champions,0.5116,Medium Risk
14429,2010-11-01 10:08:00,2010-11-01 10:08:00,22,1,286,13.0,516.28,23.467272727272725,22,0.0,1,1,404,1.0,202.0,2,1,2,Lost / Inactive,0.7263,High Risk
14430,2010-04-11 15:59:00,2010-07-16 11:35:00,35,3,446,12.742857142857142,1220.9,34.88285714285715,29,0.6285714285714286,1,96,512,32.0,128.0,1,3,3,At Risk,0.6808,Medium Risk
14431,2010-01-21 10:49:00,2011-02-10 10:40:00,81,4,1202,14.839506172839506,2614.2,32.27407407407407,72,0.0,1,385,303,96.2,60.6,2,3,4,At Risk,0.5167,Medium Risk
14432,2011-09-11 14:09:00,2011-11-30 08:04:00,377,6,2013,5.339522546419098,2248.5,5.964190981432361,256,0.9496021220159152,0,80,10,13.3,1.43,5,4,4,Champions,0.2577,Low Risk
14433,2010-08-31 12:35:00,2010-08-31 12:35:00,74,1,131,1.7702702702702702,280.7,3.7932432432432432,72,0.0,1,1,466,1.0,233.0,1,1,1,Lost / Inactive,0.797,High Risk
14434,2011-09-28 15:31:00,2011-11-18 08:56:00,12,6,368,30.666666666666668,1372.8,114.4,3,0.0,0,51,22,8.5,3.14,4,4,4,Champions,0.4062,Medium Risk
14435,2010-07-26 12:33:00,2010-07-26 12:33:00,3,1,282,94.0,90.42,30.14,3,0.0,1,1,502,1.0,251.0,1,1,1,Lost / Inactive,0.6767,Medium Risk
14436,2010-06-04 11:32:00,2011-09-02 10:13:00,11,2,297,27.0,271.7,24.7,11,0.0,1,455,99,227.5,33.0,3,2,1,Needs Attention,0.675,Medium Risk
14437,2010-05-05 12:20:00,2010-12-09 09:27:00,42,5,420,10.0,873.34,20.793809523809525,34,0.1666666666666666,1,218,366,43.6,61.0,2,4,3,At Risk,0.6674,Medium Risk
14438,2011-02-06 14:56:00,2011-02-06 14:56:00,9,1,82,9.11111111111111,131.9,14.655555555555557,9,1.0,1,1,306,1.0,153.0,2,1,1,Lost / Inactive,0.8314,High Risk
14439,2010-01-21 14:01:00,2011-01-24 11:39:00,129,5,2244,17.3953488372093,9443.04,73.20186046511628,105,0.0,1,368,320,73.6,53.33,2,4,5,At Risk,0.4713,Medium Risk
14440,2009-12-02 12:13:00,2011-12-01 15:42:00,128,13,1605,12.5390625,5982.03,46.734609375,63,0.0,0,730,8,56.2,0.57,5,5,5,Champions,0.0204,Low Risk
14441,2010-01-18 10:40:00,2011-12-09 09:07:00,154,11,1260,8.181818181818182,4611.69,29.94603896103896,103,0.1688311688311688,0,690,1,62.7,0.08,5,5,5,Champions,0.0276,Low Risk
14442,2010-01-18 12:59:00,2011-05-19 11:36:00,183,7,1431,7.819672131147541,5367.02,29.327978142076507,128,0.0,1,486,205,69.4,25.62,2,4,5,At Risk,0.5076,Medium Risk
14443,2010-11-25 14:18:00,2011-10-17 10:10:00,133,5,1357,10.203007518796992,2082.97,15.66142857142857,119,0.1954887218045112,0,326,54,65.2,9.0,4,4,4,Champions,0.4768,Medium Risk
14444,2010-09-09 18:56:00,2010-09-09 18:56:00,11,1,172,15.636363636363637,120.44,10.94909090909091,11,0.0,1,1,456,1.0,228.0,1,1,1,Lost / Inactive,0.6708,Medium Risk
14445,2010-09-10 11:09:00,2010-09-10 11:09:00,32,1,83,2.59375,221.65,6.9265625,32,0.0,1,1,456,1.0,228.0,1,1,1,Lost / Inactive,0.8572,High Risk
14446,2010-11-18 12:08:00,2011-12-09 11:34:00,319,5,1091,3.420062695924765,1200.28,3.762633228840125,259,0.0,0,386,1,77.2,0.17,5,4,3,Champions,0.4347,Medium Risk
14447,2010-11-04 13:32:00,2011-11-21 08:28:00,106,6,913,8.61320754716981,1711.73,16.148396226415095,81,0.0,0,382,19,63.7,2.71,5,4,4,Champions,0.5114,Medium Risk
14448,2010-12-10 17:26:00,2011-11-30 13:50:00,20,2,104,5.2,375.35,18.7675,20,0.0,0,355,9,177.5,3.0,5,2,2,Promising / New,0.3786,Medium Risk
14449,2010-09-29 13:15:00,2011-11-21 12:06:00,483,8,1604,3.320910973084886,2230.96,4.61896480331263,301,0.0,0,418,19,52.2,2.11,5,4,4,Champions,0.3167,Low Risk
14450,2010-04-08 12:09:00,2011-06-12 10:46:00,76,7,522,6.868421052631579,1128.44,14.847894736842106,47,0.5263157894736842,1,430,181,61.4,22.62,3,4,3,Loyal Customers,0.6161,Medium Risk
14451,2010-01-17 10:35:00,2011-10-10 13:38:00,512,12,1737,3.392578125,3258.68,6.364609375,245,0.451171875,0,632,60,52.7,4.62,3,5,5,Loyal Customers,0.0188,Low Risk
14452,2010-07-06 13:13:00,2011-11-29 12:06:00,129,4,285,2.2093023255813957,658.95,5.108139534883721,108,0.0,0,511,11,127.8,2.2,5,3,3,Loyal Customers,0.3081,Low Risk
14453,2011-06-02 14:15:00,2011-06-02 14:15:00,22,1,49,2.227272727272727,119.93,5.451363636363637,22,0.0,1,1,190,1.0,95.0,2,1,1,Lost / Inactive,0.8599,High Risk
14454,2009-12-06 12:56:00,2010-11-28 13:26:00,110,5,400,3.636363636363636,977.3,8.884545454545455,93,1.0,1,358,376,71.6,62.67,2,4,3,At Risk,0.5979,Medium Risk
14455,2010-08-01 13:26:00,2010-10-03 15:48:00,77,4,706,9.168831168831169,617.72,8.022337662337662,65,0.922077922077922,1,64,432,16.0,86.4,1,3,3,At Risk,0.4484,Medium Risk
14456,2011-07-20 13:06:00,2011-12-04 13:59:00,947,9,2885,3.046462513199577,3017.28,3.1861457233368533,580,0.604012671594509,0,138,5,15.3,0.5,5,5,5,Champions,0.2309,Low Risk
14457,2011-02-02 09:39:00,2011-02-02 09:39:00,4,1,88,22.0,113.64,28.41,4,0.0,1,1,311,1.0,155.5,2,1,1,Lost / Inactive,0.7703,High Risk
14458,2010-11-24 12:43:00,2010-11-24 12:43:00,47,1,317,6.74468085106383,228.07,4.852553191489362,46,0.0,1,1,381,1.0,190.5,2,1,1,Lost / Inactive,0.7008,High Risk
14459,2010-02-26 13:26:00,2011-07-07 13:35:00,113,2,2303,20.38053097345133,5375.74,47.5729203539823,113,0.0,1,497,155,248.5,51.67,3,2,5,Needs Attention,0.6409,Medium Risk
14460,2009-12-15 19:06:00,2011-08-21 14:19:00,42,9,1879,44.73809523809524,1093.5,26.035714285714285,33,0.3809523809523809,1,614,110,68.2,11.0,3,5,3,Loyal Customers,0.5972,Medium Risk
14461,2010-01-18 12:48:00,2011-07-14 17:11:00,636,13,3005,4.7248427672955975,6676.91,10.498286163522012,515,0.0,1,543,148,41.8,10.57,3,5,5,Loyal Customers,0.1873,Low Risk
14462,2010-10-03 14:13:00,2011-10-04 15:55:00,281,12,1063,3.782918149466192,2242.81,7.98153024911032,182,0.2597864768683274,0,367,66,30.6,5.08,3,5,4,Loyal Customers,0.3197,Low Risk
14463,2010-07-28 11:35:00,2011-09-02 15:20:00,8,4,210,26.25,786.5699999999999,98.32125,7,0.0,1,402,98,100.5,19.6,3,3,3,Loyal Customers,0.6346,Medium Risk
14464,2010-03-22 15:20:00,2010-05-20 18:00:00,4,2,62,15.5,111.0,27.75,4,0.0,1,60,568,30.0,189.33,1,2,1,Lost / Inactive,0.7547,High Risk
14465,2010-01-07 15:03:00,2011-04-07 12:38:00,193,11,2539,13.155440414507773,3925.85,20.34119170984456,128,0.0466321243523316,1,455,247,41.4,20.58,2,5,5,At Risk,0.3182,Low Risk
14466,2009-12-13 15:44:00,2011-11-10 14:07:00,206,13,2507,12.169902912621358,4267.15,20.714320388349517,77,0.1941747572815534,0,697,29,53.6,2.07,4,5,5,Champions,0.0178,Low Risk
14467,2009-12-02 12:44:00,2011-11-22 12:48:00,303,12,1187,3.917491749174917,2203.24,7.2714191419141905,144,0.0,0,721,18,60.1,1.38,5,5,4,Champions,0.0155,Low Risk
14468,2009-12-06 12:21:00,2009-12-06 12:21:00,12,1,164,13.666666666666666,204.24,17.02,12,1.0,1,1,734,1.0,367.0,1,1,1,Lost / Inactive,0.7197,High Risk
14469,2010-01-29 11:12:00,2010-10-19 14:30:00,145,4,973,6.710344827586207,2093.46,14.437655172413791,120,0.0,1,264,416,66.0,83.2,1,3,4,At Risk,0.5847,Medium Risk
14470,2010-10-05 12:39:00,2011-11-28 10:31:00,60,3,282,4.7,712.04,11.867333333333333,56,0.0,0,419,12,139.7,3.0,5,3,3,Loyal Customers,0.4321,Medium Risk
14471,2009-12-07 12:26:00,2010-04-27 17:12:00,41,2,187,4.560975609756097,400.95,9.779268292682929,38,0.0,1,142,591,71.0,197.0,1,2,2,Lost / Inactive,0.767,High Risk
14472,2010-01-19 13:09:00,2011-08-28 11:01:00,309,9,1271,4.11326860841424,2118.72,6.856699029126213,173,0.8576051779935275,1,586,104,65.1,10.4,3,5,4,Loyal Customers,0.5097,Medium Risk
14473,2011-03-02 13:56:00,2011-09-26 15:10:00,7,2,88,12.571428571428571,234.34,33.47714285714286,7,0.0,0,209,74,104.5,24.67,3,2,1,Needs Attention,0.6804,Medium Risk
14474,2010-05-09 12:12:00,2011-10-24 13:26:00,127,2,448,3.52755905511811,1258.89,9.91251968503937,122,0.7716535433070866,0,534,46,267.0,15.33,4,2,4,Promising / New,0.1774,Low Risk
14475,2010-10-27 09:20:00,2011-09-29 10:46:00,48,4,541,11.270833333333334,1151.15,23.98229166666667,40,0.0,0,338,72,84.5,14.4,3,3,3,Loyal Customers,0.6531,Medium Risk
14476,2011-03-27 15:39:00,2011-03-27 15:39:00,17,1,110,6.470588235294118,193.0,11.352941176470589,17,1.0,1,1,257,1.0,128.5,2,1,1,Lost / Inactive,0.8761,High Risk
14477,2010-01-04 15:41:00,2011-11-20 11:11:00,14,7,1120,80.0,1969.6,140.68571428571428,7,0.2142857142857142,0,685,20,97.9,2.5,4,4,4,Champions,0.0705,Low Risk
14478,2009-12-01 13:20:00,2010-11-22 15:29:00,68,4,1226,18.029411764705884,1276.66,18.774411764705885,59,0.0,1,357,382,89.2,76.4,2,3,4,At Risk,0.525,Medium Risk
14479,2009-12-06 13:48:00,2011-03-31 09:07:00,139,4,562,4.043165467625899,1124.71,8.091438848920864,127,0.8705035971223022,1,480,254,120.0,50.8,2,3,3,At Risk,0.4933,Medium Risk
14480,2009-12-21 16:32:00,2011-11-28 16:35:00,65,4,670,10.307692307692308,1299.52,19.992615384615384,52,0.0,0,708,11,177.0,2.2,5,3,4,Loyal Customers,0.0521,Low Risk
14481,2010-01-31 12:43:00,2011-06-28 10:38:00,150,5,1568,10.453333333333331,2284.69,15.231266666666668,114,0.28,1,513,165,102.6,27.5,3,4,4,Loyal Customers,0.4559,Medium Risk
14482,2010-08-26 14:13:00,2011-11-21 13:14:00,244,12,2869,11.758196721311476,4306.72,17.65049180327869,185,0.0450819672131147,0,452,18,37.7,1.38,5,5,5,Champions,0.1878,Low Risk
14483,2009-12-03 10:16:00,2011-03-03 10:26:00,13,2,193,14.846153846153848,257.1,19.77692307692308,13,0.0,1,456,282,228.0,94.0,2,2,1,Lost / Inactive,0.6705,Medium Risk
14484,2009-12-17 10:57:00,2011-10-20 14:11:00,53,4,744,14.037735849056604,1070.98,20.20716981132076,47,0.0,0,673,50,168.2,10.0,4,3,3,Loyal Customers,0.0724,Low Risk
14485,2011-11-01 12:25:00,2011-11-01 12:25:00,46,1,70,1.5217391304347827,162.8,3.539130434782609,44,0.0,0,1,39,1.0,19.5,4,1,1,Promising / New,0.7813,High Risk
14486,2010-06-04 10:30:00,2010-07-16 09:42:00,6,2,90,15.0,175.5,29.25,4,0.0,1,42,512,21.0,170.67,1,2,1,Lost / Inactive,0.7586,High Risk
14487,2010-11-25 13:36:00,2011-11-13 12:17:00,168,7,761,4.529761904761905,1266.27,7.537321428571428,129,0.7559523809523809,0,353,27,50.4,3.38,4,4,4,Champions,0.4172,Medium Risk
14488,2011-10-03 09:30:00,2011-10-03 09:30:00,46,1,799,17.369565217391305,1064.28,23.136521739130437,46,0.0,0,1,68,1.0,34.0,3,1,3,Needs Attention,0.6254,Medium Risk
14489,2010-04-06 09:52:00,2011-05-16 14:51:00,100,4,1011,10.11,1574.93,15.7493,65,0.0,1,406,207,101.5,41.4,2,3,4,At Risk,0.5334,Medium Risk
14490,2010-10-07 11:36:00,2010-10-29 15:04:00,80,2,933,11.6625,1273.47,15.918375,72,0.0,1,23,406,11.5,135.33,2,2,4,Lost / Inactive,0.444,Medium Risk
14491,2010-12-02 12:10:00,2011-06-17 15:22:00,17,2,139,8.176470588235293,340.93,20.05470588235294,17,0.0,1,198,175,99.0,58.33,3,2,2,Needs Attention,0.7435,High Risk
14492,2010-03-30 14:23:00,2010-10-05 13:21:00,92,7,751,8.16304347826087,1921.91,20.890326086956524,70,0.108695652173913,1,189,430,27.0,53.75,1,4,4,At Risk,0.5105,Medium Risk
14493,2010-03-08 08:33:00,2011-12-02 16:14:00,355,10,3148,8.867605633802818,5087.86,14.332,292,0.1633802816901408,0,635,7,63.5,0.64,5,5,5,Champions,0.0144,Low Risk
14494,2009-12-08 13:25:00,2011-11-14 09:21:00,17,3,210,12.352941176470589,401.46,23.615294117647057,17,0.0,0,706,26,235.3,6.5,4,3,2,Loyal Customers,0.0576,Low Risk
14495,2010-02-18 08:49:00,2011-10-20 12:28:00,7,3,68,9.714285714285714,174.8,24.97142857142857,7,0.0,0,610,51,203.3,12.75,4,3,1,Loyal Customers,0.1348,Low Risk
14496,2010-03-16 13:15:00,2011-02-01 09:01:00,106,7,905,8.537735849056604,2363.89,22.300849056603774,64,0.0849056603773584,1,322,312,46.0,39.0,2,4,4,At Risk,0.5153,Medium Risk
14497,2010-02-04 09:59:00,2011-02-03 17:01:00,40,2,332,8.3,697.0600000000001,17.4265,40,0.0,1,365,309,182.5,103.0,2,2,3,Lost / Inactive,0.3504,Medium Risk
14498,2010-06-07 16:05:00,2011-10-28 12:09:00,369,10,2120,5.745257452574526,3900.83,10.571355013550136,276,0.0,0,508,43,50.8,3.91,4,5,5,Champions,0.285,Low Risk
14499,2010-08-27 11:57:00,2011-11-13 13:01:00,311,7,1231,3.958199356913184,2101.79,6.758167202572347,199,0.617363344051447,0,444,26,63.4,3.25,4,4,4,Champions,0.3975,Medium Risk
14500,2011-06-03 10:08:00,2011-09-12 16:45:00,7,3,117,16.714285714285715,356.85,50.97857142857144,6,0.0,0,102,88,34.0,22.0,3,3,2,Loyal Customers,0.7061,High Risk
14501,2011-01-24 10:43:00,2011-06-09 12:02:00,10,2,161,16.1,251.21,25.121,9,0.0,1,137,184,68.5,61.33,3,2,1,Needs Attention,0.7339,High Risk
14502,2011-01-30 15:52:00,2011-11-20 11:50:00,608,11,1480,2.4342105263157894,2429.83,3.996430921052632,368,0.8322368421052632,0,294,20,26.7,1.67,4,5,4,Champions,0.2665,Low Risk
14503,2011-06-14 10:00:00,2011-12-06 13:30:00,164,6,2004,12.21951219512195,3543.26,21.605243902439025,113,0.2195121951219512,0,176,3,29.3,0.43,5,4,5,Champions,0.3635,Medium Risk
14504,2011-03-06 14:38:00,2011-10-23 16:00:00,107,4,308,2.878504672897196,673.26,6.2921495327102805,85,0.794392523364486,0,232,47,58.0,9.4,4,3,3,Loyal Customers,0.5921,Medium Risk
14505,2009-12-09 14:48:00,2011-11-22 15:45:00,1575,19,5325,3.380952380952381,11879.08,7.542273015873016,898,0.3688888888888889,0,714,17,37.6,0.85,5,5,5,Champions,0.0163,Low Risk
14506,2010-04-19 08:27:00,2011-11-22 13:02:00,398,7,936,2.351758793969849,2960.25,7.437814070351759,251,0.1130653266331658,0,583,17,83.3,2.12,5,4,5,Champions,0.2082,Low Risk
14507,2009-12-10 17:04:00,2011-11-16 12:21:00,258,11,1491,5.77906976744186,3216.74,12.46798449612403,182,0.3178294573643411,0,706,24,64.2,2.0,4,5,5,Champions,0.0266,Low Risk
14508,2010-06-17 13:02:00,2011-11-17 19:48:00,177,5,347,1.96045197740113,822.92,4.649265536723164,142,0.4293785310734463,0,519,22,103.8,3.67,4,4,3,Champions,0.3104,Low Risk
14509,2010-06-23 13:21:00,2010-06-23 13:21:00,25,1,38,1.52,110.95,4.438,25,0.0,1,1,534,1.0,267.0,1,1,1,Lost / Inactive,0.8824,High Risk
14510,2010-09-29 13:35:00,2010-11-29 12:46:00,75,3,793,10.573333333333334,979.85,13.064666666666668,67,0.0,1,61,376,20.3,94.0,2,3,3,At Risk,0.3999,Medium Risk
14511,2011-07-29 12:13:00,2011-11-28 17:05:00,68,5,784,11.529411764705882,1314.81,19.33544117647059,53,0.25,0,123,11,24.6,1.83,5,4,4,Champions,0.3875,Medium Risk
14512,2009-12-07 13:49:00,2011-06-05 12:39:00,79,7,736,9.316455696202532,1215.97,15.392025316455696,55,0.3164556962025316,1,545,188,77.9,23.5,3,4,3,Loyal Customers,0.4835,Medium Risk
14513,2010-05-20 17:57:00,2011-08-31 11:25:00,19,6,593,31.210526315789476,788.01,41.47421052631579,15,0.0526315789473684,1,468,101,78.0,14.43,3,4,3,Loyal Customers,0.6799,Medium Risk
14514,2009-12-13 13:21:00,2011-10-09 16:05:00,319,9,2362,7.4043887147335425,4380.04,13.730532915360502,212,0.2507836990595611,0,666,61,74.0,6.1,3,5,5,Loyal Customers,0.0136,Low Risk
14515,2010-06-07 12:37:00,2011-11-22 11:37:00,173,12,1893,10.942196531791907,3724.06,21.52635838150289,109,0.0,0,533,18,44.4,1.38,5,5,5,Champions,0.2404,Low Risk
14516,2010-07-11 14:07:00,2010-07-11 14:07:00,35,1,63,1.8,151.17,4.3191428571428565,35,1.0,1,1,516,1.0,258.0,1,1,1,Lost / Inactive,0.8199,High Risk
14517,2011-07-21 11:42:00,2011-11-06 14:20:00,18,2,91,5.055555555555555,330.45,18.35833333333333,17,0.2222222222222222,0,109,33,54.5,11.0,4,2,2,Promising / New,0.7502,High Risk
14518,2011-10-06 14:43:00,2011-10-06 14:43:00,16,1,278,17.375,174.37,10.898125,16,0.0,0,1,64,1.0,32.0,3,1,1,Needs Attention,0.6329,Medium Risk
14519,2009-12-11 10:40:00,2010-01-25 11:18:00,38,2,81,2.131578947368421,203.14,5.34578947368421,38,0.0,1,46,684,23.0,228.0,1,2,1,Lost / Inactive,0.824,High Risk
14520,2011-02-22 09:15:00,2011-12-08 09:46:00,4,2,146,36.5,270.6,67.65,3,0.0,0,290,2,145.0,0.67,5,2,1,Promising / New,0.5969,Medium Risk
14521,2010-08-05 16:35:00,2010-08-05 16:35:00,17,1,211,12.411764705882351,199.45,11.732352941176472,17,0.0,1,1,491,1.0,245.5,1,1,1,Lost / Inactive,0.6927,Medium Risk
14522,2010-01-24 13:55:00,2011-11-15 13:24:00,45,8,956,21.244444444444444,1748.42,38.85377777777778,34,0.1333333333333333,0,660,24,82.5,2.67,4,4,4,Champions,0.059,Low Risk
14523,2011-08-23 13:13:00,2011-08-23 13:13:00,12,1,251,20.916666666666668,241.09,20.09083333333333,12,0.0,1,1,108,1.0,54.0,3,1,1,Needs Attention,0.7156,High Risk
14524,2010-10-19 11:44:00,2011-11-08 12:29:00,322,13,1169,3.630434782608696,2909.86,9.036832298136646,250,0.1366459627329192,0,386,32,29.7,2.29,4,5,4,Champions,0.2028,Low Risk
14525,2009-12-13 14:01:00,2011-11-20 11:37:00,526,17,5106,9.70722433460076,8026.54,15.25958174904943,340,0.2110266159695817,0,707,20,41.6,1.11,4,5,5,Champions,0.0078,Low Risk
14526,2010-11-15 13:32:00,2010-11-15 13:32:00,41,1,178,4.341463414634147,258.65,6.308536585365853,41,0.0,1,1,389,1.0,194.5,2,1,1,Lost / Inactive,0.7736,High Risk
14527,2009-12-02 12:06:00,2011-12-07 12:19:00,2639,122,6647,2.5187571049640014,27246.88,10.324698749526336,607,0.0329670329670329,0,736,3,6.0,0.02,5,5,5,Champions,0.0366,Low Risk
14528,2011-11-02 17:09:00,2011-11-02 17:09:00,18,1,278,15.444444444444445,364.22,20.23444444444444,18,0.0,0,1,37,1.0,18.5,4,1,2,Promising / New,0.7127,High Risk
14529,2011-08-21 14:10:00,2011-10-10 15:27:00,213,3,325,1.5258215962441315,578.61,2.7164788732394367,177,0.2347417840375587,0,51,60,17.0,15.0,3,3,2,Loyal Customers,0.3753,Medium Risk
14530,2010-01-21 11:25:00,2011-11-14 10:38:00,473,16,2989,6.319238900634249,6088.87,12.872875264270611,269,0.0,0,662,26,41.4,1.53,4,5,5,Champions,0.0106,Low Risk
14531,2010-08-17 10:16:00,2010-08-17 10:16:00,29,1,260,8.96551724137931,376.34,12.977241379310344,29,0.0,1,1,480,1.0,240.0,1,1,2,Lost / Inactive,0.7091,High Risk
14532,2010-01-10 11:47:00,2011-04-17 13:05:00,314,11,1111,3.538216560509554,3845.78,12.247707006369428,209,0.9554140127388536,1,463,236,42.1,19.67,2,5,5,At Risk,0.4797,Medium Risk
14533,2010-04-08 12:13:00,2011-11-15 12:05:00,89,11,6038,67.84269662921348,3466.37,38.947977528089886,74,0.2808988764044944,0,586,25,53.3,2.08,4,5,5,Champions,0.317,Low Risk
14534,2010-03-15 14:16:00,2011-12-07 12:19:00,715,26,2822,3.946853146853147,6187.66,8.65406993006993,437,0.0181818181818181,0,632,3,24.3,0.11,5,5,5,Champions,0.0283,Low Risk
14535,2010-02-24 15:03:00,2011-10-10 15:39:00,825,9,3214,3.895757575757576,5973.23,7.240278787878787,589,0.0,0,594,60,66.0,6.0,3,5,5,Loyal Customers,0.1872,Low Risk
14536,2011-03-25 12:21:00,2011-03-25 12:21:00,18,1,39,2.1666666666666665,170.95,9.497222222222222,18,0.0,1,1,260,1.0,130.0,2,1,1,Lost / Inactive,0.9005,High Risk
14537,2010-03-26 13:44:00,2011-10-13 10:54:00,23,2,228,9.91304347826087,641.4,27.88695652173913,23,0.0,0,566,58,283.0,19.33,4,2,3,Promising / New,0.2634,Low Risk
14538,2010-01-25 15:42:00,2011-10-06 10:31:00,52,5,284,5.461538461538462,1370.84,26.36230769230769,45,0.3461538461538461,0,619,65,123.8,10.83,3,4,4,Loyal Customers,0.1884,Low Risk
14539,2011-10-26 12:03:00,2011-11-24 09:50:00,32,2,428,13.375,537.48,16.79625,31,0.0,0,29,16,14.5,5.33,5,2,2,Promising / New,0.4956,Medium Risk
14540,2009-12-07 13:00:00,2011-11-30 10:15:00,264,11,1595,6.041666666666667,3709.64,14.051666666666666,197,0.1704545454545454,0,723,10,65.7,0.83,5,5,5,Champions,0.0124,Low Risk
14541,2010-01-07 11:59:00,2011-10-12 10:08:00,175,14,1123,6.417142857142857,2491.38,14.236457142857144,99,0.0,0,643,59,45.9,3.93,4,5,4,Champions,0.0793,Low Risk
14542,2011-06-07 08:19:00,2011-06-07 08:19:00,5,1,19,3.8,103.25,20.65,5,0.0,1,1,186,1.0,93.0,3,1,1,Needs Attention,0.9053,High Risk
14543,2009-12-01 13:47:00,2011-11-11 12:45:00,212,39,2639,12.44811320754717,14587.87,68.81070754716981,106,0.0,0,710,29,18.2,0.72,4,5,5,Champions,0.0132,Low Risk
14544,2010-08-26 16:00:00,2011-11-15 15:06:00,187,3,2412,12.898395721925134,2938.53,15.714064171122995,148,0.0,0,446,24,148.7,6.0,4,3,5,Loyal Customers,0.3019,Low Risk
14545,2010-02-03 15:23:00,2010-02-03 15:23:00,23,1,236,10.26086956521739,349.25,15.184782608695652,23,0.0,1,1,674,1.0,337.0,1,1,2,Lost / Inactive,0.7025,High Risk
14546,2009-12-06 13:10:00,2011-12-04 13:00:00,790,11,2688,3.40253164556962,5184.84,6.563088607594937,410,0.640506329113924,0,728,5,66.2,0.42,5,5,5,Champions,0.0183,Low Risk
14547,2011-10-16 14:35:00,2011-12-06 11:06:00,355,8,2639,7.433802816901409,3974.75,11.196478873239435,198,0.8619718309859155,0,51,4,6.4,0.44,5,4,5,Champions,0.288,Low Risk
14548,2009-12-06 14:00:00,2011-07-12 12:19:00,110,9,986,8.963636363636363,2541.29,23.102636363636364,66,0.4909090909090909,1,583,151,64.8,15.1,3,5,4,Loyal Customers,0.4696,Medium Risk
14549,2009-12-02 14:06:00,2011-02-01 13:47:00,143,4,394,2.7552447552447554,913.6,6.388811188811189,117,0.1888111888111888,1,426,311,106.5,62.2,2,3,3,At Risk,0.4908,Medium Risk
14550,2010-08-13 12:05:00,2011-11-29 12:12:00,97,4,771,7.948453608247423,1345.06,13.866597938144327,77,0.0,0,474,11,118.5,2.2,5,3,4,Loyal Customers,0.4993,Medium Risk
14551,2010-01-27 12:06:00,2011-11-21 13:36:00,79,7,486,6.151898734177215,878.09,11.115063291139242,69,0.7974683544303798,0,664,18,94.9,2.25,5,4,3,Champions,0.0473,Low Risk
14552,2010-04-26 13:44:00,2011-07-11 12:49:00,154,3,258,1.675324675324675,507.93,3.298246753246753,124,0.0,1,441,152,147.0,38.0,3,3,2,Loyal Customers,0.333,Low Risk
14553,2010-07-18 12:07:00,2011-11-20 13:20:00,288,9,1118,3.8819444444444446,1818.6,6.314583333333333,233,0.8645833333333334,0,491,19,54.6,1.9,5,5,4,Champions,0.3821,Medium Risk
14554,2011-10-18 13:04:00,2011-11-29 16:44:00,203,4,1443,7.108374384236453,2279.49,11.229014778325125,147,0.0,0,43,10,10.8,2.0,5,3,4,Loyal Customers,0.2996,Low Risk
14555,2009-12-18 11:39:00,2011-10-13 16:24:00,117,6,842,7.196581196581197,2304.03,19.692564102564106,94,0.0,0,665,57,110.8,8.14,4,4,4,Champions,0.0413,Low Risk
14556,2010-01-20 11:49:00,2010-04-22 14:57:00,196,3,323,1.6479591836734695,815.69,4.161683673469388,158,0.0,1,93,596,31.0,149.0,1,3,3,At Risk,0.5428,Medium Risk
14557,2011-09-15 15:48:00,2011-09-15 15:48:00,16,1,510,31.875,788.38,49.27375,16,0.0,0,1,85,1.0,42.5,3,1,3,Needs Attention,0.6607,Medium Risk
14558,2009-12-08 10:41:00,2010-02-23 12:51:00,15,3,162,10.8,655.5,43.7,13,0.0,1,78,654,26.0,163.5,1,3,3,At Risk,0.7206,High Risk
14559,2010-11-14 16:05:00,2010-11-14 16:05:00,2,1,72,36.0,75.6,37.8,2,1.0,1,1,390,1.0,195.0,2,1,1,Lost / Inactive,0.8137,High Risk
14560,2009-12-02 10:15:00,2011-12-02 15:22:00,200,44,4580,22.9,6114.03,30.57015,60,0.255,0,731,7,16.6,0.16,5,5,5,Champions,0.0199,Low Risk
14561,2011-06-08 13:26:00,2011-09-25 12:39:00,69,3,1014,14.695652173913045,1080.76,15.6631884057971,67,0.4782608695652174,0,109,76,36.3,19.0,3,3,3,Loyal Customers,0.5563,Medium Risk
14562,2010-02-07 14:10:00,2011-12-06 11:05:00,601,26,2574,4.282861896838602,6638.15,11.045174708818635,245,0.2279534109816971,0,667,4,25.7,0.15,5,5,5,Champions,0.0188,Low Risk
14563,2010-04-26 12:51:00,2010-07-18 12:01:00,106,2,279,2.6320754716981134,640.54,6.042830188679245,95,0.1981132075471698,1,83,510,41.5,170.0,1,2,3,Lost / Inactive,0.719,High Risk
14564,2009-12-04 09:27:00,2010-10-01 09:02:00,107,2,1295,12.102803738317755,2605.62,24.35158878504673,107,0.0,1,301,435,150.5,145.0,1,2,4,Lost / Inactive,0.5644,Medium Risk
14565,2010-08-23 09:48:00,2011-09-05 09:07:00,160,5,1940,12.125,3859.22,24.120125,139,0.0,1,378,96,75.6,16.0,3,4,5,Loyal Customers,0.4381,Medium Risk
14566,2010-06-24 10:34:00,2011-08-21 11:05:00,16,4,2400,150.0,4092.0,255.75,9,0.25,1,424,111,106.0,22.2,3,3,5,Loyal Customers,0.626,Medium Risk
14567,2011-08-01 13:48:00,2011-10-14 10:21:00,33,2,412,12.484848484848484,1530.36,46.374545454545455,33,0.0,0,74,57,37.0,19.0,4,2,4,Promising / New,0.6422,Medium Risk
14568,2010-09-30 17:15:00,2010-09-30 17:15:00,47,1,645,13.72340425531915,919.7,19.568085106382977,47,0.0,1,1,435,1.0,217.5,1,1,3,Lost / Inactive,0.6667,Medium Risk
14569,2010-04-15 11:49:00,2011-12-08 14:58:00,34,4,257,7.558823529411764,597.33,17.568529411764708,31,0.0,0,603,1,150.8,0.2,5,3,2,Loyal Customers,0.2251,Low Risk
14570,2010-09-22 13:07:00,2011-03-04 10:58:00,68,3,431,6.338235294117647,613.75,9.025735294117649,64,0.0,1,163,281,54.3,70.25,2,3,3,At Risk,0.6609,Medium Risk
14571,2010-10-10 15:06:00,2010-10-10 15:06:00,30,1,56,1.8666666666666667,160.0,5.333333333333333,30,1.0,1,1,425,1.0,212.5,1,1,1,Lost / Inactive,0.839,High Risk
14572,2010-03-28 13:47:00,2011-12-06 14:40:00,507,11,2878,5.676528599605523,5526.88,10.901143984220909,336,0.3806706114398422,0,619,3,56.3,0.25,5,5,5,Champions,0.0695,Low Risk
14573,2010-01-08 16:34:00,2011-06-13 11:15:00,310,13,683,2.203225806451613,2163.12,6.977806451612903,183,0.2419354838709677,1,521,180,40.1,12.86,3,5,4,Loyal Customers,0.5771,Medium Risk
14574,2009-12-07 12:42:00,2009-12-07 12:42:00,11,1,63,5.727272727272728,143.7,13.063636363636364,11,0.0,1,1,733,1.0,366.5,1,1,1,Lost / Inactive,0.8875,High Risk
14575,2010-08-08 14:51:00,2010-08-08 14:51:00,72,1,163,2.263888888888889,420.22,5.836388888888889,71,1.0,1,1,488,1.0,244.0,1,1,2,Lost / Inactive,0.7778,High Risk
14576,2010-12-02 17:51:00,2010-12-02 17:51:00,1,1,12,12.0,35.4,35.4,1,0.0,1,1,372,1.0,186.0,2,1,1,Lost / Inactive,0.8581,High Risk
14577,2009-12-11 12:09:00,2011-11-27 12:47:00,182,7,569,3.1263736263736264,1364.15,7.495329670329671,104,0.3901098901098901,0,717,13,102.4,1.62,5,4,4,Champions,0.0344,Low Risk
14578,2011-12-06 17:18:00,2011-12-06 17:18:00,24,1,240,10.0,168.63,7.02625,24,0.0,0,1,3,1.0,1.5,5,1,1,Promising / New,0.5844,Medium Risk
14579,2010-10-03 14:36:00,2010-10-03 14:36:00,25,1,56,2.24,105.56,4.2224,24,1.0,1,1,432,1.0,216.0,1,1,1,Lost / Inactive,0.8477,High Risk
14580,2010-07-09 15:20:00,2010-07-09 15:20:00,1,1,3,3.0,14.85,14.85,1,0.0,1,1,518,1.0,259.0,1,1,1,Lost / Inactive,0.9339,High Risk
14581,2010-06-13 15:48:00,2011-11-23 12:39:00,60,2,304,5.066666666666666,409.65,6.8275,59,0.7166666666666667,0,528,17,264.0,5.67,5,2,2,Promising / New,0.197,Low Risk
14582,2011-10-30 11:56:00,2011-10-30 11:56:00,6,1,73,12.166666666666666,114.11,19.01833333333333,6,1.0,0,1,41,1.0,20.5,4,1,1,Promising / New,0.7763,High Risk
14583,2010-03-28 15:16:00,2011-12-04 12:32:00,464,8,1071,2.3081896551724137,1660.29,3.5782112068965515,353,0.396551724137931,0,616,6,77.0,0.67,5,4,4,Champions,0.0873,Low Risk
14584,2010-02-17 14:01:00,2011-06-23 18:33:00,218,8,960,4.403669724770642,1738.16,7.973211009174312,127,0.0,1,492,169,61.5,18.78,3,4,4,Loyal Customers,0.437,Medium Risk
14585,2010-10-19 12:17:00,2011-10-20 14:33:00,111,5,630,5.675675675675675,1143.27,10.29972972972973,88,0.0,0,367,50,73.4,8.33,4,4,3,Champions,0.4765,Medium Risk
14586,2011-03-08 10:04:00,2011-03-08 10:04:00,19,1,444,23.36842105263158,237.36,12.492631578947368,19,0.0,1,1,277,1.0,138.5,2,1,1,Lost / Inactive,0.6652,Medium Risk
14587,2011-01-12 13:16:00,2011-11-21 11:34:00,371,9,749,2.018867924528302,1580.29,4.259541778975741,170,0.0,0,313,19,34.8,1.9,5,5,4,Champions,0.319,Low Risk
14588,2010-05-10 15:08:00,2010-05-10 15:08:00,16,1,62,3.875,135.39,8.461875,16,0.0,1,1,578,1.0,289.0,1,1,1,Lost / Inactive,0.9017,High Risk
14589,2010-12-03 11:42:00,2010-12-03 11:42:00,3,1,5,1.6666666666666667,39.75,13.25,3,0.0,1,1,372,1.0,186.0,2,1,1,Lost / Inactive,0.9199,High Risk
14590,2009-12-07 14:10:00,2010-10-11 12:06:00,202,20,901,4.46039603960396,2993.37,14.818663366336631,124,0.0,1,308,425,15.4,20.24,1,5,5,At Risk,0.4915,Medium Risk
14591,2011-05-10 14:09:00,2011-11-24 13:57:00,176,4,1228,6.977272727272728,1320.21,7.501193181818182,138,0.0,0,198,15,49.5,3.0,5,3,4,Loyal Customers,0.3782,Medium Risk
14592,2011-10-06 18:08:00,2011-11-04 16:35:00,158,3,407,2.575949367088608,557.94,3.5312658227848104,132,0.0,0,29,35,9.7,8.75,4,3,2,Loyal Customers,0.3481,Low Risk
14593,2009-12-09 12:57:00,2011-11-18 12:48:00,611,12,1848,3.0245499181669397,3665.53,5.99923076923077,436,0.0916530278232405,0,709,22,59.1,1.69,4,5,5,Champions,0.015,Low Risk
14594,2010-12-01 13:54:00,2011-12-02 13:28:00,52,2,183,3.519230769230769,363.33,6.987115384615384,48,0.0,0,366,7,183.0,2.33,5,2,2,Promising / New,0.3934,Medium Risk
14595,2010-01-20 13:59:00,2011-11-20 12:12:00,136,8,1228,9.029411764705882,2164.45,15.915073529411764,119,0.2573529411764705,0,669,20,83.6,2.22,4,4,4,Champions,0.0322,Low Risk
14596,2010-03-23 12:13:00,2010-03-23 12:13:00,53,1,75,1.4150943396226414,222.22,4.192830188679245,50,0.0,1,1,627,1.0,313.5,1,1,1,Lost / Inactive,0.824,High Risk
14597,2010-09-28 13:17:00,2011-11-28 13:13:00,95,6,1436,15.115789473684211,2184.63,22.996105263157897,79,0.0,0,426,11,71.0,1.57,5,4,4,Champions,0.424,Medium Risk
14598,2010-05-19 13:07:00,2011-10-26 13:19:00,90,2,354,3.933333333333333,384.04,4.267111111111111,83,0.0,0,526,44,263.0,14.67,4,2,2,Promising / New,0.1992,Low Risk
14599,2010-07-18 15:54:00,2010-11-14 14:49:00,79,2,292,3.6962025316455698,457.89,5.796075949367088,77,1.0,1,119,390,59.5,130.0,2,2,2,Lost / Inactive,0.7466,High Risk
14600,2010-11-11 15:56:00,2011-02-07 09:48:00,54,2,487,9.01851851851852,865.17,16.021666666666665,53,0.0,1,88,306,44.0,102.0,2,2,3,Lost / Inactive,0.6929,Medium Risk
14601,2011-11-29 09:48:00,2011-11-29 09:48:00,7,1,168,24.0,213.96,30.56571428571429,7,0.0,0,1,11,1.0,5.5,5,1,1,Promising / New,0.7125,High Risk
14602,2010-02-21 15:47:00,2010-02-21 15:47:00,31,1,80,2.5806451612903225,205.36,6.6245161290322585,31,1.0,1,1,656,1.0,328.0,1,1,1,Lost / Inactive,0.8674,High Risk
14603,2011-03-10 10:27:00,2011-03-10 10:27:00,2,1,400,200.0,660.0,330.0,2,0.0,1,1,275,1.0,137.5,2,1,3,Lost / Inactive,0.7455,High Risk
14604,2010-03-16 13:00:00,2010-03-16 13:00:00,23,1,88,3.8260869565217392,143.86,6.254782608695652,20,0.0,1,1,633,1.0,316.5,1,1,1,Lost / Inactive,0.8448,High Risk
14605,2009-12-08 13:59:00,2010-11-30 14:07:00,108,4,416,3.851851851851852,921.56,8.532962962962962,88,0.0,1,358,374,89.5,74.8,2,3,3,At Risk,0.5791,Medium Risk
14606,2009-12-03 12:40:00,2011-12-08 19:28:00,6359,192,15217,2.392986318603554,29951.37,4.710075483566598,1262,0.1951564711432615,0,736,1,3.8,0.01,5,5,5,Champions,0.0223,Low Risk
14607,2009-12-15 11:25:00,2011-11-24 10:35:00,203,22,15335,75.54187192118226,23763.13,117.05975369458127,106,0.0591133004926108,0,709,16,32.2,0.7,5,5,5,Champions,0.0091,Low Risk
14608,2009-12-06 12:34:00,2011-12-05 16:52:00,43,11,927,21.55813953488372,3352.94,77.97534883720931,15,0.0930232558139534,0,730,4,66.4,0.33,5,5,5,Champions,0.0092,Low Risk
14609,2010-02-09 09:48:00,2011-09-28 12:54:00,13,10,12720,978.4615384615385,1486.2,114.32307692307693,6,0.0769230769230769,0,597,72,59.7,6.55,3,5,4,Loyal Customers,0.2428,Low Risk
14610,2010-07-13 16:06:00,2010-11-09 10:58:00,10,2,15,1.5,24.35,2.435,10,0.0,1,119,396,59.5,132.0,2,2,1,Lost / Inactive,0.7293,High Risk
14611,2010-04-20 10:19:00,2010-09-22 09:19:00,38,2,582,15.31578947368421,604.33,15.90342105263158,37,0.0,1,155,444,77.5,148.0,1,2,2,Lost / Inactive,0.6508,Medium Risk
14612,2010-10-20 16:01:00,2010-10-20 16:01:00,14,1,134,9.571428571428571,877.7,62.69285714285714,14,0.0,1,1,415,1.0,207.5,1,1,3,Lost / Inactive,0.7137,High Risk
14613,2010-01-28 13:02:00,2010-01-28 13:02:00,1,1,72,72.0,76.32,76.32,1,0.0,1,1,680,1.0,340.0,1,1,1,Lost / Inactive,0.8675,High Risk
14614,2010-11-18 13:04:00,2010-11-18 13:04:00,19,1,189,9.947368421052632,295.13,15.533157894736842,19,0.0,1,1,386,1.0,193.0,2,1,2,Lost / Inactive,0.7152,High Risk
14615,2010-06-09 13:59:00,2010-11-10 13:36:00,48,5,495,10.3125,951.76,19.828333333333333,40,0.0,1,154,394,30.8,65.67,2,4,3,At Risk,0.6052,Medium Risk
14616,2010-06-09 09:42:00,2011-04-11 09:54:00,5,5,170,34.0,527.78,105.556,3,0.0,1,307,243,61.4,40.5,2,4,2,At Risk,0.7813,High Risk
14617,2010-10-20 10:40:00,2010-11-02 11:41:00,9,2,81,9.0,190.47,21.16333333333333,7,0.0,1,14,403,7.0,134.33,2,2,1,Lost / Inactive,0.7297,High Risk
14618,2010-06-11 10:11:00,2011-11-30 13:45:00,51,7,704,13.803921568627452,1342.32,26.32,40,0.0392156862745098,0,538,9,76.9,1.12,5,4,4,Champions,0.3675,Medium Risk
14619,2010-06-16 14:41:00,2011-04-08 07:37:00,60,2,594,9.9,1291.24,21.520666666666667,58,0.0,1,296,246,148.0,82.0,2,2,4,Lost / Inactive,0.6652,Medium Risk
14620,2011-03-01 08:30:00,2011-05-18 11:58:00,26,2,214,8.23076923076923,412.78,15.876153846153848,26,0.0,1,79,206,39.5,68.67,2,2,2,Lost / Inactive,0.7244,High Risk
14621,2010-01-25 09:08:00,2011-12-08 16:22:00,159,9,1706,10.729559748427674,3000.57,18.871509433962267,134,0.1069182389937107,0,683,1,75.9,0.1,5,5,5,Champions,0.0111,Low Risk
14622,2011-06-08 12:42:00,2011-06-08 12:42:00,21,1,146,6.9523809523809526,320.58,15.265714285714283,21,0.0,1,1,185,1.0,92.5,3,1,2,Needs Attention,0.7586,High Risk
14623,2010-04-16 17:12:00,2011-11-07 13:56:00,282,10,1025,3.634751773049645,2016.98,7.152411347517731,193,0.0,0,570,32,57.0,2.91,4,5,4,Champions,0.2456,Low Risk
14624,2010-04-14 10:44:00,2011-10-13 13:44:00,51,6,645,12.647058823529411,814.07,15.9621568627451,39,0.0,0,548,57,91.3,8.14,4,4,3,Champions,0.3326,Low Risk
14625,2009-12-16 13:23:00,2011-05-27 15:32:00,266,11,2155,8.101503759398497,4497.88,16.90932330827068,167,0.0,1,528,196,48.0,16.33,2,5,5,At Risk,0.3721,Medium Risk
14626,2009-12-10 14:57:00,2011-11-16 10:37:00,232,11,3135,13.512931034482758,5410.92,23.32293103448276,181,0.0474137931034482,0,706,24,64.2,2.0,4,5,5,Champions,0.0079,Low Risk
14627,2010-11-25 16:32:00,2010-11-25 16:32:00,29,1,284,9.79310344827586,462.75,15.95689655172414,29,0.0,1,1,379,1.0,189.5,2,1,2,Lost / Inactive,0.7139,High Risk
14628,2010-01-25 14:40:00,2011-09-09 14:58:00,86,5,1147,13.33720930232558,1998.0,23.232558139534884,65,0.0,1,593,91,118.6,15.17,3,4,4,Loyal Customers,0.3654,Medium Risk
14629,2011-10-23 16:13:00,2011-12-05 16:55:00,150,2,378,2.52,955.26,6.3684,133,0.5533333333333333,0,44,4,22.0,1.33,5,2,3,Promising / New,0.3386,Low Risk
14630,2010-08-12 16:38:00,2010-08-12 16:38:00,21,1,111,5.285714285714286,338.65,16.126190476190477,21,0.0,1,1,484,1.0,242.0,1,1,2,Lost / Inactive,0.8344,High Risk
14631,2010-08-09 14:45:00,2011-10-20 11:17:00,91,6,1407,15.461538461538462,2025.69,22.26032967032967,65,0.0,0,437,51,72.8,7.29,4,4,4,Champions,0.4396,Medium Risk
14632,2011-03-22 08:49:00,2011-03-22 08:49:00,8,1,96,12.0,114.56,14.32,8,0.0,1,1,263,1.0,131.5,2,1,1,Lost / Inactive,0.8023,High Risk
14633,2011-03-18 17:07:00,2011-03-18 17:07:00,20,1,96,4.8,344.9,17.244999999999997,20,0.0,1,1,266,1.0,133.0,2,1,2,Lost / Inactive,0.8129,High Risk
14634,2010-06-16 09:48:00,2010-09-28 10:40:00,109,4,1906,17.486238532110093,2124.46,19.49045871559633,105,0.0,1,105,438,26.2,87.6,1,3,4,At Risk,0.4674,Medium Risk
14635,2010-09-12 10:47:00,2010-09-12 10:47:00,15,1,118,7.866666666666666,215.22,14.348,15,1.0,1,1,454,1.0,227.0,1,1,1,Lost / Inactive,0.8029,High Risk
14636,2011-03-16 09:52:00,2011-11-03 16:12:00,28,2,241,8.607142857142858,609.85,21.780357142857145,27,0.0,0,233,36,116.5,12.0,4,2,3,Promising / New,0.6982,Medium Risk
14637,2010-01-31 15:52:00,2010-01-31 15:52:00,7,1,100,14.285714285714286,106.68,15.239999999999998,7,1.0,1,1,677,1.0,338.5,1,1,1,Lost / Inactive,0.8212,High Risk
14638,2011-10-20 10:10:00,2011-10-20 10:10:00,16,1,166,10.375,443.6,27.725,16,0.0,0,1,51,1.0,25.5,4,1,2,Promising / New,0.7207,High Risk
14639,2010-02-16 12:35:00,2011-10-18 15:06:00,292,9,2410,8.253424657534246,4978.96,17.05123287671233,203,0.0,0,610,52,67.8,5.2,4,5,5,Champions,0.0391,Low Risk
14640,2010-01-22 15:44:00,2011-11-15 13:07:00,203,10,1645,8.10344827586207,3649.36,17.97714285714286,165,0.0,0,662,24,66.2,2.18,4,5,5,Champions,0.02,Low Risk
14641,2011-11-18 10:42:00,2011-11-18 10:42:00,7,1,90,12.857142857142858,110.46,15.78,7,0.0,0,1,22,1.0,11.0,4,1,1,Promising / New,0.7786,High Risk
14642,2011-10-12 11:08:00,2011-10-12 11:08:00,2,1,76,38.0,96.12,48.06,2,0.0,0,1,59,1.0,29.5,4,1,1,Promising / New,0.7522,High Risk
14643,2009-12-11 11:52:00,2011-06-22 14:41:00,62,5,1377,22.20967741935484,1679.89,27.095,57,0.0,1,559,170,111.8,28.33,3,4,4,Loyal Customers,0.4365,Medium Risk
14644,2009-12-03 16:24:00,2011-10-03 08:30:00,62,7,770,12.419354838709678,2247.72,36.25354838709677,50,0.0,0,669,68,95.6,8.5,3,4,4,Loyal Customers,0.0449,Low Risk
14645,2010-03-15 11:33:00,2011-07-06 09:15:00,48,3,587,12.229166666666666,876.89,18.268541666666668,45,0.0,1,478,157,159.3,39.25,3,3,3,Loyal Customers,0.5696,Medium Risk
14646,2009-12-02 16:52:00,2011-12-08 12:12:00,3849,151,367193,95.39958430761236,528602.52,137.33502727981295,961,0.0267601974538841,0,736,2,4.9,0.01,5,5,5,Champions,0.0154,Low Risk
14647,2010-07-04 13:27:00,2011-05-22 13:40:00,48,2,175,3.6458333333333335,506.04,10.5425,42,1.0,1,323,201,161.5,67.0,2,2,2,Lost / Inactive,0.7978,High Risk
14648,2009-12-10 13:59:00,2010-10-19 13:12:00,431,15,3265,7.575406032482599,4466.65,10.363457076566124,286,0.0,1,313,416,20.9,26.0,1,5,5,At Risk,0.2409,Low Risk
14649,2010-01-20 13:10:00,2011-12-05 12:30:00,527,9,2415,4.582542694497154,3651.19,6.928254269449716,374,0.0664136622390891,0,684,5,76.0,0.5,5,5,5,Champions,0.0093,Low Risk
14650,2010-04-29 20:27:00,2010-04-29 20:27:00,4,1,22,5.5,62.5,15.625,4,0.0,1,1,589,1.0,294.5,1,1,1,Lost / Inactive,0.9115,High Risk
14651,2010-03-18 11:39:00,2011-10-03 15:52:00,283,9,880,3.1095406360424027,2025.52,7.157314487632509,216,0.0,0,565,67,62.8,6.7,3,5,4,Loyal Customers,0.2314,Low Risk
14652,2011-09-23 14:21:00,2011-09-23 14:21:00,29,1,53,1.827586206896552,114.18,3.937241379310345,29,0.0,0,1,77,1.0,38.5,3,1,1,Needs Attention,0.8427,High Risk
14653,2009-12-02 11:51:00,2011-12-08 13:45:00,382,12,1969,5.154450261780105,3593.06,9.405916230366492,271,0.1910994764397905,0,737,1,61.4,0.08,5,5,5,Champions,0.0174,Low Risk
14654,2009-12-01 12:57:00,2009-12-01 12:57:00,27,1,273,10.11111111111111,246.86,9.142962962962963,27,0.0,1,1,738,1.0,369.0,1,1,1,Lost / Inactive,0.673,Medium Risk
14655,2010-04-22 14:29:00,2011-12-01 16:28:00,103,7,2341,22.728155339805824,3878.51,37.65543689320389,72,0.1359223300970873,0,589,8,84.1,1.0,5,4,5,Champions,0.1926,Low Risk
14656,2010-04-15 12:10:00,2011-06-23 13:51:00,207,5,309,1.4927536231884058,790.0,3.816425120772947,148,0.0,1,435,169,87.0,28.17,3,4,3,Loyal Customers,0.5964,Medium Risk
14657,2010-09-30 19:57:00,2011-11-22 12:47:00,209,6,879,4.205741626794258,1450.19,6.938708133971292,143,0.0,0,418,18,69.7,2.57,5,4,4,Champions,0.395,Medium Risk
14658,2011-08-14 15:42:00,2011-12-04 15:35:00,29,2,47,1.6206896551724137,247.15,8.522413793103448,27,1.0,0,112,5,56.0,1.67,5,2,1,Promising / New,0.8315,High Risk
14659,2011-01-28 12:43:00,2011-12-01 12:17:00,253,9,1195,4.723320158102767,2529.93,9.999723320158102,147,0.2094861660079051,0,307,9,34.1,0.9,5,5,4,Champions,0.2692,Low Risk
14660,2011-08-31 10:40:00,2011-09-14 11:34:00,30,2,228,7.6,285.74,9.524666666666668,24,0.0,0,15,87,7.5,29.0,3,2,2,Needs Attention,0.5939,Medium Risk
14661,2011-11-13 11:51:00,2011-11-13 11:51:00,4,1,35,8.75,107.95,26.9875,4,1.0,0,1,27,1.0,13.5,4,1,1,Promising / New,0.8247,High Risk
14662,2009-12-03 16:47:00,2011-11-11 12:13:00,238,7,907,3.810924369747899,1376.43,5.783319327731093,199,0.0,0,708,29,101.1,3.62,4,4,4,Champions,0.0453,Low Risk
14663,2010-10-05 13:12:00,2010-10-05 13:21:00,68,2,397,5.838235294117647,490.6,7.214705882352941,60,0.0,1,1,430,0.5,143.33,1,2,2,Lost / Inactive,0.6193,Medium Risk
14664,2011-11-06 14:56:00,2011-11-20 10:59:00,98,2,465,4.744897959183674,636.24,6.492244897959184,78,1.0,0,14,20,7.0,6.67,4,2,3,Promising / New,0.3624,Medium Risk
14665,2010-04-26 11:17:00,2011-10-10 09:14:00,132,7,1144,8.666666666666666,2749.65,20.83068181818182,94,0.1818181818181818,0,532,61,76.0,7.62,3,4,4,Loyal Customers,0.3336,Low Risk
14666,2011-11-15 12:57:00,2011-11-15 12:57:00,14,1,161,11.5,195.25,13.946428571428571,14,0.0,0,1,24,1.0,12.0,4,1,1,Promising / New,0.6816,Medium Risk
14667,2009-12-02 12:38:00,2011-11-29 11:30:00,1270,54,11939,9.400787401574805,20395.34,16.05932283464567,578,0.0574803149606299,0,727,11,13.5,0.2,5,5,5,Champions,0.0057,Low Risk
14668,2010-09-20 15:03:00,2010-09-20 15:03:00,12,1,49,4.083333333333333,111.63,9.3025,10,0.0,1,1,445,1.0,222.5,1,1,1,Lost / Inactive,0.8987,High Risk
14669,2009-12-02 13:06:00,2011-04-12 11:43:00,387,7,2043,5.27906976744186,3216.78,8.312093023255814,334,0.0,1,496,242,70.9,30.25,2,4,5,At Risk,0.4415,Medium Risk
14670,2009-12-07 13:59:00,2011-03-04 14:13:00,179,3,423,2.363128491620112,583.33,3.2588268156424585,159,0.0,1,453,280,151.0,70.0,2,3,2,At Risk,0.4374,Medium Risk
14671,2010-05-20 18:21:00,2010-06-08 13:39:00,55,2,571,10.38181818181818,1127.45,20.49909090909091,48,0.0,1,19,549,9.5,183.0,1,2,3,Lost / Inactive,0.5105,Medium Risk
14672,2010-01-28 11:33:00,2011-04-19 10:19:00,106,4,646,6.09433962264151,1113.14,10.501320754716982,93,0.0,1,446,235,111.5,47.0,2,3,3,At Risk,0.558,Medium Risk
14673,2010-10-26 10:14:00,2011-12-06 14:31:00,148,7,1822,12.31081081081081,3037.32,20.522432432432435,86,0.0,0,407,3,58.1,0.38,5,4,5,Champions,0.3011,Low Risk
14674,2010-07-18 14:25:00,2010-07-18 14:25:00,14,1,103,7.357142857142857,173.66,12.404285714285717,14,1.0,1,1,509,1.0,254.5,1,1,1,Lost / Inactive,0.8549,High Risk
14675,2010-11-16 12:22:00,2011-11-23 12:58:00,221,2,660,2.986425339366516,1015.58,4.595384615384615,196,0.0,0,373,16,186.5,5.33,5,2,3,Promising / New,0.3138,Low Risk
14676,2010-03-10 09:30:00,2011-11-08 13:29:00,133,12,8792,66.10526315789474,8356.789999999999,62.83300751879698,77,0.037593984962406,0,609,31,50.8,2.38,4,5,5,Champions,0.1076,Low Risk
14677,2010-04-26 09:48:00,2010-04-26 09:48:00,14,1,139,9.928571428571429,184.91,13.207857142857142,14,0.0,1,1,593,1.0,296.5,1,1,1,Lost / Inactive,0.7231,High Risk
14678,2010-05-09 14:32:00,2010-05-09 14:32:00,24,1,179,7.458333333333333,403.39,16.807916666666667,24,1.0,1,1,579,1.0,289.5,1,1,2,Lost / Inactive,0.748,High Risk
14679,2009-12-08 17:13:00,2010-11-23 11:51:00,63,3,794,12.603174603174605,1289.44,20.467301587301588,49,0.0,1,350,382,116.7,95.5,2,3,4,At Risk,0.5432,Medium Risk
14680,2009-12-04 12:36:00,2011-11-14 16:59:00,1274,58,26894,21.10989010989011,55688.5,43.71153846153846,222,0.0,0,711,25,12.3,0.42,4,5,5,Champions,0.0081,Low Risk
14681,2010-02-24 08:54:00,2011-09-29 15:52:00,20,6,172,8.6,875.15,43.7575,19,0.0,0,583,71,97.2,10.14,3,4,3,Loyal Customers,0.2594,Low Risk
14682,2010-02-05 14:47:00,2011-06-05 12:12:00,86,6,949,11.034883720930232,1514.81,17.61406976744186,79,0.0232558139534883,1,485,188,80.8,26.86,3,4,4,Loyal Customers,0.5365,Medium Risk
14683,2010-04-30 17:18:00,2010-04-30 17:18:00,21,1,386,18.38095238095238,146.56,6.979047619047619,21,0.0,1,1,588,1.0,294.0,1,1,1,Lost / Inactive,0.625,Medium Risk
14684,2010-11-14 14:07:00,2011-11-14 11:33:00,486,6,1005,2.067901234567901,1430.03,2.942448559670782,272,0.7469135802469136,0,365,26,60.8,3.71,4,4,4,Champions,0.3418,Low Risk
14685,2009-12-13 11:32:00,2010-05-12 13:08:00,187,8,1969,10.529411764705882,4536.64,24.26010695187166,109,0.5935828877005348,1,151,576,18.9,64.0,1,4,5,At Risk,0.4228,Medium Risk
14686,2010-02-18 18:29:00,2010-10-21 18:31:00,219,5,457,2.08675799086758,852.53,3.892831050228311,185,0.0,1,246,414,49.2,69.0,1,4,3,At Risk,0.5872,Medium Risk
14687,2010-06-06 10:36:00,2011-08-25 11:59:00,40,3,850,21.25,1402.06,35.0515,34,0.25,1,446,107,148.7,26.75,3,3,4,Loyal Customers,0.5971,Medium Risk
14688,2010-09-09 12:35:00,2011-12-02 12:26:00,489,28,5041,10.30879345603272,7190.42,14.704335378323108,197,0.0429447852760736,0,449,8,16.0,0.28,5,5,5,Champions,0.1325,Low Risk
14689,2011-05-15 11:22:00,2011-05-15 11:22:00,13,1,76,5.846153846153846,112.8,8.676923076923076,13,1.0,1,1,209,1.0,104.5,2,1,1,Lost / Inactive,0.8902,High Risk
14690,2010-10-25 12:20:00,2011-10-26 15:39:00,103,4,341,3.3106796116504853,777.6800000000001,7.550291262135923,69,0.0,0,367,44,91.8,8.8,4,3,3,Loyal Customers,0.4712,Medium Risk
14691,2011-05-11 09:55:00,2011-11-09 12:30:00,71,5,707,9.95774647887324,2114.33,29.779295774647885,50,0.4084507042253521,0,183,31,36.6,5.17,4,4,4,Champions,0.5277,Medium Risk
14692,2010-04-01 14:04:00,2011-07-25 15:08:00,159,12,890,5.59748427672956,1715.14,10.787044025157233,101,0.0754716981132075,1,481,137,40.1,10.54,3,5,4,Loyal Customers,0.3923,Medium Risk
14693,2010-07-02 08:28:00,2011-03-20 12:50:00,75,7,388,5.173333333333333,1165.36,15.538133333333334,43,0.56,1,262,265,37.4,33.12,2,4,3,At Risk,0.636,Medium Risk
14694,2010-04-01 19:46:00,2010-04-01 19:46:00,15,1,193,12.866666666666667,244.31,16.287333333333333,15,0.0,1,1,617,1.0,308.5,1,1,1,Lost / Inactive,0.7157,High Risk
14695,2009-12-07 11:05:00,2010-07-08 14:18:00,82,3,661,8.060975609756097,1534.22,18.71,76,0.0,1,214,519,71.3,129.75,1,3,4,At Risk,0.6412,Medium Risk
14696,2010-10-14 11:43:00,2011-12-05 13:43:00,154,8,1867,12.123376623376624,2473.28,16.060259740259742,137,0.1038961038961039,0,418,4,52.2,0.44,5,4,4,Champions,0.278,Low Risk
14697,2011-05-05 15:29:00,2011-05-05 15:39:00,22,2,181,8.227272727272727,188.61,8.57318181818182,22,0.0,1,1,218,0.5,72.67,2,2,1,Lost / Inactive,0.7145,High Risk
14698,2011-10-19 12:54:00,2011-12-08 12:26:00,200,5,602,3.01,1217.27,6.08635,148,0.39,0,50,2,10.0,0.33,5,4,3,Champions,0.2674,Low Risk
14699,2010-07-02 12:04:00,2011-05-09 14:54:00,50,4,484,9.68,702.6,14.052,45,0.0,1,312,214,78.0,42.8,2,3,3,At Risk,0.6825,Medium Risk
14700,2010-08-11 12:19:00,2011-11-07 14:40:00,167,5,1606,9.616766467065869,3076.06,18.419520958083837,111,0.0,0,454,32,90.8,5.33,4,4,5,Champions,0.4135,Medium Risk
14701,2010-01-24 12:15:00,2011-11-29 12:38:00,595,15,1744,2.9310924369747897,4487.11,7.5413613445378145,455,0.1915966386554622,0,675,11,45.0,0.69,5,5,5,Champions,0.0118,Low Risk
14702,2009-12-10 20:22:00,2011-12-08 19:29:00,679,29,2878,4.238586156111929,6368.78,9.379646539027982,338,0.1458026509572901,0,728,1,25.1,0.03,5,5,5,Champions,0.012,Low Risk
14703,2011-11-25 09:23:00,2011-11-25 09:23:00,22,1,183,8.318181818181818,318.17,14.462272727272728,22,0.0,0,1,15,1.0,7.5,5,1,2,Promising / New,0.6873,Medium Risk
14704,2010-03-25 17:21:00,2011-11-28 12:51:00,455,11,1164,2.558241758241758,1752.92,3.8525714285714288,319,0.2681318681318681,0,613,11,55.7,0.92,5,5,4,Champions,0.0824,Low Risk
14705,2011-05-25 12:39:00,2011-05-25 12:39:00,1,1,100,100.0,179.0,179.0,1,0.0,1,1,199,1.0,99.5,2,1,1,Lost / Inactive,0.8119,High Risk
14706,2010-03-31 11:09:00,2010-03-31 11:09:00,25,1,246,9.84,367.54,14.7016,25,0.0,1,1,619,1.0,309.5,1,1,2,Lost / Inactive,0.7004,High Risk
14707,2010-05-12 11:07:00,2010-09-30 11:37:00,2,2,96,48.0,139.2,69.6,1,0.0,1,142,436,71.0,145.33,1,2,1,Lost / Inactive,0.7814,High Risk
14708,2010-09-10 10:26:00,2011-12-07 08:21:00,41,5,1159,28.26829268292683,1793.22,43.737073170731705,27,0.0,0,453,3,90.6,0.5,5,4,4,Champions,0.5192,Medium Risk
14709,2009-12-05 15:26:00,2011-11-24 15:41:00,357,25,4141,11.599439775910364,8886.33,24.891680672268908,105,0.2212885154061624,0,720,15,28.8,0.58,5,5,5,Champions,0.0117,Low Risk
14710,2009-12-03 17:12:00,2011-11-25 14:53:00,432,13,1135,2.627314814814815,1899.79,4.397662037037037,310,0.2083333333333333,0,722,14,55.5,1.0,5,5,4,Champions,0.0283,Low Risk
14711,2011-03-22 13:32:00,2011-11-29 14:58:00,345,11,966,2.8,2839.62,8.230782608695652,221,0.1014492753623188,0,253,10,23.0,0.83,5,5,4,Champions,0.3392,Low Risk
14712,2010-10-17 14:49:00,2011-11-10 12:59:00,32,4,411,12.84375,1328.07,41.5021875,24,0.625,0,389,29,97.2,5.8,4,3,4,Loyal Customers,0.579,Medium Risk
14713,2009-12-03 19:22:00,2011-11-30 16:26:00,676,21,3329,4.924556213017752,5115.76,7.567692307692308,222,0.0,0,727,9,34.6,0.41,5,5,5,Champions,0.0133,Low Risk
14714,2010-01-21 11:51:00,2011-11-15 13:07:00,93,4,642,6.903225806451613,906.24,9.744516129032258,64,0.0,0,664,24,166.0,4.8,4,3,3,Loyal Customers,0.0499,Low Risk
14715,2010-01-19 12:18:00,2011-11-15 12:10:00,137,8,1030,7.518248175182482,1825.45,13.324452554744528,102,0.0,0,665,25,83.1,2.78,4,4,4,Champions,0.0623,Low Risk
14716,2010-09-21 12:07:00,2011-10-27 17:29:00,96,3,643,6.697916666666667,543.28,5.659166666666667,85,0.0,0,402,43,134.0,10.75,4,3,2,Loyal Customers,0.323,Low Risk
14717,2009-12-06 13:05:00,2009-12-06 13:05:00,11,1,32,2.909090909090909,81.3,7.390909090909091,11,1.0,1,1,733,1.0,366.5,1,1,1,Lost / Inactive,0.9158,High Risk
14718,2010-10-25 13:07:00,2010-10-25 13:07:00,11,1,202,18.363636363636363,226.42,20.58363636363636,11,0.0,1,1,410,1.0,205.0,2,1,1,Lost / Inactive,0.7071,High Risk
14719,2011-04-04 14:17:00,2011-12-08 12:43:00,235,5,1025,4.361702127659575,1581.84,6.731234042553191,177,0.0,0,248,2,49.6,0.33,5,4,4,Champions,0.4524,Medium Risk
14720,2011-08-05 12:06:00,2011-12-04 12:02:00,37,3,219,5.918918918918919,663.81,17.94081081081081,34,0.7567567567567568,0,121,6,40.3,1.5,5,3,3,Loyal Customers,0.6846,Medium Risk
14721,2010-11-25 13:08:00,2010-11-25 13:08:00,25,1,57,2.28,109.07,4.3628,24,0.0,1,1,379,1.0,189.5,2,1,1,Lost / Inactive,0.8582,High Risk
14722,2010-08-10 13:28:00,2011-07-15 14:58:00,87,3,214,2.4597701149425286,489.52,5.626666666666666,72,0.0,1,340,147,113.3,36.75,3,3,2,Loyal Customers,0.7011,High Risk
14723,2009-12-04 11:22:00,2011-11-29 15:23:00,416,11,1168,2.8076923076923075,1803.06,4.334278846153846,287,0.25,0,726,10,66.0,0.83,5,5,4,Champions,0.0275,Low Risk
14724,2010-04-28 13:26:00,2010-04-28 13:26:00,41,1,184,4.487804878048781,341.9,8.339024390243901,40,0.0,1,1,590,1.0,295.0,1,1,2,Lost / Inactive,0.7522,High Risk
14725,2010-06-23 11:34:00,2011-11-15 12:42:00,100,4,1335,13.35,1252.74,12.5274,85,0.0,0,511,25,127.8,5.0,4,3,4,Loyal Customers,0.2769,Low Risk
14726,2010-02-23 12:35:00,2010-02-23 12:35:00,15,1,82,5.466666666666667,116.5,7.766666666666667,15,0.0,1,1,655,1.0,327.5,1,1,1,Lost / Inactive,0.8929,High Risk
14727,2010-06-11 13:23:00,2011-03-10 14:45:00,46,3,458,9.956521739130435,463.73,10.08108695652174,43,0.0,1,273,274,91.0,68.5,2,3,2,At Risk,0.6732,Medium Risk
14728,2010-10-22 15:57:00,2010-10-22 15:57:00,14,1,68,4.857142857142857,190.58,13.61285714285714,14,0.0,1,1,413,1.0,206.5,1,1,1,Lost / Inactive,0.8902,High Risk
14729,2010-03-24 13:30:00,2010-12-01 12:43:00,132,3,372,2.8181818181818183,586.24,4.441212121212121,126,0.0,1,252,374,84.0,93.5,2,3,2,At Risk,0.6415,Medium Risk
14730,2011-03-08 12:49:00,2011-12-08 14:39:00,462,8,1078,2.333333333333333,1897.57,4.107294372294372,317,0.0,0,276,1,34.5,0.11,5,4,4,Champions,0.3106,Low Risk
14731,2011-05-11 13:06:00,2011-10-23 15:54:00,45,3,256,5.688888888888889,380.02,8.444888888888888,38,0.3333333333333333,0,166,47,55.3,11.75,4,3,2,Loyal Customers,0.6503,Medium Risk
14732,2009-12-09 10:48:00,2011-12-01 14:34:00,277,19,2273,8.205776173285198,5517.07,19.9172202166065,162,0.0,0,723,8,38.1,0.4,5,5,5,Champions,0.0076,Low Risk
14733,2010-11-02 15:42:00,2011-11-23 15:39:00,319,15,5799,18.178683385579937,14335.15,44.937774294670845,140,0.0219435736677116,0,386,16,25.7,1.0,5,5,5,Champions,0.3011,Low Risk
14734,2010-06-06 15:15:00,2010-10-10 12:04:00,63,4,378,6.0,1056.42,16.76857142857143,48,0.4126984126984127,1,126,426,31.5,85.2,1,3,3,At Risk,0.6332,Medium Risk
14735,2009-12-04 11:32:00,2011-12-06 12:09:00,366,56,4513,12.330601092896174,12240.16,33.44306010928962,198,0.1366120218579235,0,733,4,13.1,0.07,5,5,5,Champions,0.0067,Low Risk
14736,2010-08-11 15:13:00,2010-08-11 15:21:00,88,2,148,1.681818181818182,374.05,4.250568181818182,70,0.0,1,1,485,0.5,161.67,1,2,2,Lost / Inactive,0.7734,High Risk
14737,2010-11-04 11:29:00,2011-12-06 10:16:00,45,4,1071,23.8,3554.17,78.98155555555556,28,0.0,0,397,4,99.2,0.8,5,3,5,Loyal Customers,0.4802,Medium Risk
14738,2009-12-07 10:21:00,2011-10-28 08:56:00,80,9,757,9.4625,1821.9,22.77375,58,0.0,0,690,43,76.7,4.3,4,5,4,Champions,0.0401,Low Risk
14739,2009-12-02 13:23:00,2011-12-05 16:54:00,244,25,9696,39.73770491803279,11573.62,47.432868852459016,129,0.0737704918032786,0,734,4,29.4,0.15,5,5,5,Champions,0.0106,Low Risk
14740,2010-02-25 11:40:00,2011-05-26 18:17:00,231,11,2081,9.008658008658008,4161.06,18.013246753246754,173,0.0865800865800865,1,456,197,41.5,16.42,2,5,5,At Risk,0.3368,Low Risk
14741,2010-10-18 09:33:00,2011-11-28 08:48:00,76,7,1006,13.236842105263158,1713.09,22.54065789473684,48,0.1710526315789473,0,406,12,58.0,1.5,5,4,4,Champions,0.4334,Medium Risk
14742,2010-09-30 14:07:00,2010-09-30 14:07:00,34,1,374,11.0,579.85,17.054411764705883,34,0.0,1,1,435,1.0,217.5,1,1,2,Lost / Inactive,0.6721,Medium Risk
14743,2010-04-26 10:26:00,2010-04-26 10:26:00,3,1,40,13.333333333333334,50.48,16.826666666666668,3,0.0,1,1,593,1.0,296.5,1,1,1,Lost / Inactive,0.8419,High Risk
14744,2010-05-18 14:06:00,2011-11-23 12:51:00,118,14,2399,20.33050847457627,3660.08,31.017627118644068,57,0.0,0,554,16,39.6,1.07,5,5,5,Champions,0.1747,Low Risk
14745,2010-03-12 10:33:00,2011-08-19 10:05:00,140,12,1969,14.064285714285717,2551.41,18.22435714285714,74,0.05,1,525,113,43.8,8.69,3,5,4,Loyal Customers,0.3116,Low Risk
14746,2010-10-12 11:06:00,2010-10-29 14:44:00,9,4,398,44.22222222222222,593.5,65.94444444444444,7,0.0,1,18,406,4.5,81.2,2,3,2,At Risk,0.6216,Medium Risk
14747,2011-04-04 14:09:00,2011-04-04 14:09:00,18,1,84,4.666666666666667,328.2,18.23333333333333,18,0.0,1,1,249,1.0,124.5,2,1,2,Lost / Inactive,0.8305,High Risk
14748,2010-03-04 17:08:00,2011-11-10 18:33:00,159,10,2422,15.232704402515724,2681.9,16.867295597484276,129,0.0,0,617,29,61.7,2.64,4,5,4,Champions,0.0454,Low Risk
14749,2010-08-17 12:36:00,2010-08-17 12:36:00,18,1,403,22.38888888888889,310.15,17.230555555555554,18,0.0,1,1,480,1.0,240.0,1,1,2,Lost / Inactive,0.6885,Medium Risk
14750,2009-12-03 17:57:00,2009-12-03 17:57:00,32,1,65,2.03125,112.03,3.5009375,32,0.0,1,1,736,1.0,368.0,1,1,1,Lost / Inactive,0.8334,High Risk
14751,2009-12-13 14:08:00,2010-01-24 13:37:00,7,2,65,9.285714285714286,126.45,18.064285714285717,7,1.0,1,42,684,21.0,228.0,1,2,1,Lost / Inactive,0.7309,High Risk
14752,2011-10-27 11:55:00,2011-10-27 11:55:00,5,1,260,52.0,389.64,77.928,5,0.0,0,1,44,1.0,22.0,4,1,2,Promising / New,0.7334,High Risk
14753,2010-09-05 11:04:00,2011-09-13 14:50:00,48,2,412,8.583333333333334,869.51,18.114791666666665,45,0.375,0,374,87,187.0,29.0,3,2,3,Needs Attention,0.3157,Low Risk
14754,2010-01-18 11:04:00,2011-10-26 12:01:00,136,6,1010,7.426470588235294,1547.93,11.38183823529412,110,0.213235294117647,0,647,45,107.8,6.43,4,4,4,Champions,0.0721,Low Risk
14755,2009-12-03 16:51:00,2011-11-30 11:24:00,475,25,4401,9.265263157894736,9972.55,20.99484210526316,219,0.1852631578947368,0,727,10,29.1,0.38,5,5,5,Champions,0.0149,Low Risk
14756,2010-10-11 11:50:00,2011-11-24 18:13:00,119,3,1423,11.957983193277313,2653.76,22.300504201680678,102,0.0,0,410,15,136.7,3.75,5,3,4,Loyal Customers,0.3981,Medium Risk
14757,2011-09-25 14:36:00,2011-09-25 14:36:00,19,1,160,8.421052631578947,420.5,22.13157894736842,19,1.0,0,1,75,1.0,37.5,3,1,2,Needs Attention,0.751,High Risk
14758,2010-04-08 08:27:00,2011-07-18 08:21:00,136,7,840,6.176470588235294,2864.97,21.065955882352934,91,0.0,1,466,145,66.6,18.12,3,4,4,Loyal Customers,0.5352,Medium Risk
14759,2011-04-21 10:55:00,2011-12-05 12:03:00,102,3,569,5.578431372549019,1625.97,15.940882352941175,92,0.0,0,229,5,76.3,1.25,5,3,4,Loyal Customers,0.6306,Medium Risk
14760,2011-02-15 16:27:00,2011-02-15 16:27:00,5,1,40,8.0,89.2,17.84,5,0.0,1,1,297,1.0,148.5,2,1,1,Lost / Inactive,0.805,High Risk
14761,2010-09-21 14:22:00,2011-10-12 12:10:00,24,3,206,8.583333333333334,447.92,18.66333333333333,21,0.2916666666666667,0,386,59,128.7,14.75,4,3,2,Loyal Customers,0.4155,Medium Risk
14762,2010-03-23 15:36:00,2011-03-21 08:20:00,30,2,428,14.266666666666667,417.57,13.919,28,0.0,1,363,264,181.5,88.0,2,2,2,Lost / Inactive,0.3963,Medium Risk
14764,2011-10-24 11:54:00,2011-10-24 11:54:00,6,1,190,31.666666666666668,278.3,46.38333333333333,6,0.0,0,1,47,1.0,23.5,4,1,1,Promising / New,0.7347,High Risk
14765,2011-06-16 19:49:00,2011-11-10 19:53:00,39,3,135,3.4615384615384617,254.11,6.515641025641026,38,0.0,0,148,29,49.3,7.25,4,3,1,Loyal Customers,0.7847,High Risk
14766,2010-06-06 11:11:00,2011-12-01 16:05:00,334,11,3999,11.97305389221557,6375.73,19.089011976047903,251,0.2065868263473053,0,544,8,49.5,0.67,5,5,5,Champions,0.1763,Low Risk
14767,2010-08-22 14:54:00,2010-08-22 14:54:00,18,1,117,6.5,382.81,21.267222222222223,18,1.0,1,1,474,1.0,237.0,1,1,2,Lost / Inactive,0.8071,High Risk
14768,2011-08-04 13:25:00,2011-11-22 12:54:00,5,2,52,10.4,192.6,38.52,4,0.0,0,110,17,55.0,5.67,5,2,1,Promising / New,0.71,High Risk
14769,2009-12-16 09:17:00,2011-12-07 10:24:00,1398,17,11058,7.909871244635193,15514.11,11.09736051502146,834,0.7138769670958512,0,722,3,42.5,0.17,5,5,5,Champions,0.0099,Low Risk
14770,2010-02-25 18:58:00,2011-04-21 14:21:00,197,8,1598,8.111675126903553,3637.64,18.465177664974615,152,0.0913705583756345,1,420,232,52.5,25.78,2,4,5,At Risk,0.3764,Medium Risk
14771,2009-12-03 09:44:00,2010-03-28 12:52:00,47,2,622,13.23404255319149,594.62,12.651489361702128,46,0.5957446808510638,1,116,621,58.0,207.0,1,2,2,Lost / Inactive,0.6519,Medium Risk
14772,2011-08-19 15:04:00,2011-08-19 15:04:00,9,1,82,9.11111111111111,139.26,15.473333333333333,9,0.0,1,1,112,1.0,56.0,3,1,1,Needs Attention,0.8023,High Risk
14773,2010-04-26 10:29:00,2010-04-26 10:29:00,10,1,53,5.3,140.55,14.055,10,0.0,1,1,593,1.0,296.5,1,1,1,Lost / Inactive,0.8843,High Risk
14774,2010-06-29 12:26:00,2010-06-29 12:26:00,13,1,99,7.615384615384615,241.45,18.57307692307692,13,0.0,1,1,529,1.0,264.5,1,1,1,Lost / Inactive,0.7994,High Risk
14775,2010-12-02 16:38:00,2011-10-12 15:27:00,60,3,1174,19.566666666666663,1011.9,16.865,57,0.0,0,314,58,104.7,14.5,4,3,3,Loyal Customers,0.564,Medium Risk
14776,2010-09-19 14:12:00,2011-10-19 15:34:00,190,15,4658,24.51578947368421,3708.3,19.51736842105263,68,0.1052631578947368,0,396,51,26.4,3.19,4,5,5,Champions,0.1328,Low Risk
14777,2010-11-01 12:50:00,2010-11-01 12:50:00,16,1,212,13.25,307.56,19.2225,16,0.0,1,1,404,1.0,202.0,2,1,2,Lost / Inactive,0.7287,High Risk
14778,2011-02-04 11:43:00,2011-08-04 15:23:00,35,2,306,8.742857142857142,730.86,20.881714285714285,34,0.0,1,182,127,91.0,42.33,3,2,3,Needs Attention,0.7345,High Risk
14779,2011-01-20 12:04:00,2011-03-04 12:42:00,41,3,84,2.048780487804878,386.15,9.418292682926827,40,0.0,1,44,281,14.7,70.25,2,3,2,At Risk,0.7219,High Risk
14780,2011-09-21 15:15:00,2011-10-16 12:46:00,27,2,310,11.48148148148148,447.68,16.58074074074074,26,0.2962962962962963,0,25,55,12.5,18.33,4,2,2,Promising / New,0.578,Medium Risk
14782,2011-01-24 11:12:00,2011-01-24 11:12:00,6,1,114,19.0,200.1,33.35,6,0.0,1,1,320,1.0,160.0,2,1,1,Lost / Inactive,0.7484,High Risk
14783,2010-02-18 16:16:00,2010-02-18 16:16:00,17,1,262,15.411764705882351,307.3,18.076470588235296,17,0.0,1,1,659,1.0,329.5,1,1,2,Lost / Inactive,0.7327,High Risk
14784,2010-11-15 09:49:00,2011-11-13 13:30:00,27,3,363,13.444444444444445,449.93,16.664074074074076,25,0.4074074074074074,0,364,26,121.3,6.5,4,3,2,Loyal Customers,0.4829,Medium Risk
14785,2011-11-24 13:40:00,2011-11-29 13:21:00,3,2,84,28.0,77.4,25.8,2,0.0,0,5,10,2.5,3.33,5,2,1,Promising / New,0.6521,Medium Risk
14786,2010-06-07 13:42:00,2010-06-07 13:42:00,7,1,112,16.0,90.96,12.994285714285713,7,0.0,1,1,550,1.0,275.0,1,1,1,Lost / Inactive,0.7654,High Risk
14787,2010-08-25 14:38:00,2010-08-25 14:38:00,15,1,59,3.933333333333333,110.65,7.376666666666666,14,0.0,1,1,471,1.0,235.5,1,1,1,Lost / Inactive,0.9023,High Risk
14788,2010-04-22 18:16:00,2011-12-02 17:06:00,58,3,719,12.39655172413793,1156.32,19.93655172413793,53,0.2586206896551724,0,589,7,196.3,1.75,5,3,3,Loyal Customers,0.1756,Low Risk
14789,2011-11-11 08:59:00,2011-11-11 08:59:00,6,1,116,19.33333333333333,197.64,32.94,6,0.0,0,1,29,1.0,14.5,4,1,1,Promising / New,0.7273,High Risk
14790,2009-12-11 14:37:00,2011-11-23 09:28:00,145,10,2642,18.22068965517241,2526.62,17.42496551724138,65,0.096551724137931,0,712,17,71.2,1.55,5,5,4,Champions,0.0197,Low Risk
14791,2010-04-12 10:24:00,2010-04-12 10:24:00,19,1,127,6.684210526315789,303.63,15.980526315789474,19,0.0,1,1,607,1.0,303.5,1,1,2,Lost / Inactive,0.8033,High Risk
14792,2011-10-07 09:19:00,2011-10-07 09:19:00,2,1,2,1.0,6.2,3.1,2,0.0,0,1,64,1.0,32.0,3,1,1,Needs Attention,0.6613,Medium Risk
14793,2010-06-22 16:54:00,2011-11-18 14:50:00,39,2,361,9.256410256410255,625.9,16.048717948717947,39,0.0,0,514,21,257.0,7.0,4,2,3,Promising / New,0.278,Low Risk
14794,2010-08-09 15:44:00,2011-12-07 10:11:00,104,10,783,7.528846153846154,1953.9,18.7875,85,0.0865384615384615,0,485,3,48.5,0.27,5,5,4,Champions,0.3657,Medium Risk
14795,2011-06-26 13:04:00,2011-06-26 13:04:00,6,1,17,2.833333333333333,131.45000000000002,21.90833333333333,6,1.0,1,1,166,1.0,83.0,3,1,1,Needs Attention,0.9149,High Risk
14796,2009-12-14 15:06:00,2011-12-08 15:31:00,1493,27,7188,4.814467515070328,10169.33,6.811339584728734,487,0.0,0,725,1,26.9,0.04,5,5,5,Champions,0.0099,Low Risk
14797,2010-07-20 14:07:00,2010-07-20 14:07:00,16,1,99,6.1875,300.31,18.769375,16,0.0,1,1,507,1.0,253.5,1,1,2,Lost / Inactive,0.8352,High Risk
14798,2010-03-01 08:38:00,2011-10-18 10:58:00,49,8,601,12.26530612244898,724.31,14.781836734693876,30,0.0,0,597,53,74.6,5.89,4,4,3,Champions,0.2716,Low Risk
14799,2009-12-02 11:18:00,2011-10-19 16:16:00,23,2,495,21.52173913043478,338.15,14.702173913043476,20,0.0,0,687,51,343.5,17.0,4,2,2,Promising / New,0.1056,Low Risk
14800,2010-09-30 14:38:00,2011-10-23 12:46:00,600,17,6501,10.835,7191.33,11.98555,337,0.8366666666666667,0,388,48,22.8,2.67,4,5,5,Champions,0.1737,Low Risk
14801,2011-10-09 15:24:00,2011-10-09 15:24:00,57,1,173,3.0350877192982457,189.34,3.3217543859649123,56,1.0,0,1,61,1.0,30.5,3,1,1,Needs Attention,0.5341,Medium Risk
14802,2010-09-27 16:32:00,2010-09-27 16:34:00,2,2,2,1.0,1502.98,751.49,1,0.0,1,1,438,0.5,146.0,1,2,4,Lost / Inactive,0.7406,High Risk
14803,2011-02-20 13:21:00,2011-06-30 13:58:00,44,3,370,8.409090909090908,845.5500000000001,19.217045454545456,35,0.3181818181818182,1,131,162,43.7,40.5,3,3,3,Loyal Customers,0.6697,Medium Risk
14804,2011-12-01 11:20:00,2011-12-01 11:20:00,12,1,121,10.083333333333334,353.27,29.439166666666665,12,0.0,0,1,9,1.0,4.5,5,1,2,Promising / New,0.7322,High Risk
14805,2010-03-28 12:34:00,2011-11-24 16:20:00,127,7,416,3.2755905511811023,1082.55,8.524015748031495,88,0.8582677165354331,0,607,15,86.7,1.88,5,4,3,Champions,0.1475,Low Risk
14806,2010-09-26 15:50:00,2011-09-25 15:32:00,20,2,423,21.15,303.43,15.1715,17,1.0,0,364,75,182.0,25.0,3,2,2,Needs Attention,0.3106,Low Risk
14807,2010-02-28 11:33:00,2010-11-14 12:47:00,38,2,234,6.157894736842105,504.14,13.266842105263157,37,1.0,1,260,391,130.0,130.33,2,2,2,Lost / Inactive,0.7937,High Risk
14808,2011-06-20 12:53:00,2011-10-31 12:21:00,231,8,2120,9.177489177489177,2718.6,11.768831168831168,176,0.2251082251082251,0,133,40,16.6,4.44,4,4,4,Champions,0.2866,Low Risk
14809,2010-03-28 15:42:00,2010-03-28 15:44:00,18,2,232,12.88888888888889,686.76,38.153333333333336,18,1.0,1,1,621,0.5,207.0,1,2,3,Lost / Inactive,0.7812,High Risk
14810,2010-10-06 13:12:00,2011-10-30 11:19:00,301,13,1162,3.86046511627907,2354.03,7.820697674418605,125,0.6877076411960132,0,389,41,29.9,2.93,4,5,4,Champions,0.3066,Low Risk
14811,2010-11-17 13:09:00,2010-11-17 13:09:00,28,1,74,2.642857142857143,170.5,6.089285714285714,28,0.0,1,1,387,1.0,193.5,2,1,1,Lost / Inactive,0.8426,High Risk
14812,2010-04-20 12:13:00,2010-04-20 12:13:00,36,1,135,3.75,178.85,4.968055555555555,36,0.0,1,1,599,1.0,299.5,1,1,1,Lost / Inactive,0.7479,High Risk
14813,2010-04-08 11:49:00,2010-12-05 11:57:00,138,4,392,2.840579710144928,888.91,6.4413768115942025,110,0.2101449275362318,1,242,370,60.5,74.0,2,3,3,At Risk,0.612,Medium Risk
14814,2010-05-07 14:10:00,2010-05-07 14:10:00,30,1,93,3.1,154.21,5.140333333333333,28,0.0,1,1,581,1.0,290.5,1,1,1,Lost / Inactive,0.8124,High Risk
14815,2011-10-03 11:36:00,2011-11-03 11:36:00,53,2,744,14.037735849056604,778.5,14.68867924528302,53,0.0,0,32,37,16.0,12.33,4,2,3,Promising / New,0.482,Medium Risk
14816,2011-05-26 13:16:00,2011-05-26 13:16:00,4,1,5,1.25,271.85,67.9625,4,0.0,1,1,197,1.0,98.5,2,1,1,Lost / Inactive,0.9081,High Risk
14817,2010-03-22 12:10:00,2011-05-23 13:35:00,230,7,2462,10.704347826086956,3959.86,17.216782608695652,142,0.1,1,428,200,61.1,25.0,2,4,5,At Risk,0.2847,Low Risk
14818,2010-03-02 12:48:00,2011-09-27 11:01:00,104,6,543,5.221153846153846,1153.56,11.091923076923075,87,0.0,0,574,74,95.7,10.57,3,4,3,Loyal Customers,0.2294,Low Risk
14819,2009-12-21 15:54:00,2011-10-06 13:41:00,54,4,170,3.1481481481481484,456.41,8.452037037037037,52,0.0,0,654,64,163.5,12.8,3,3,2,Loyal Customers,0.0615,Low Risk
14820,2010-01-31 12:49:00,2011-11-18 15:41:00,64,9,724,11.3125,1274.76,19.918125,51,0.703125,0,657,21,73.0,2.1,4,5,4,Champions,0.0964,Low Risk
14821,2010-02-01 13:33:00,2010-12-08 08:43:00,69,7,459,6.652173913043479,1230.15,17.82826086956522,65,0.0,1,310,367,44.3,45.88,2,4,4,At Risk,0.6115,Medium Risk
14822,2010-08-11 12:52:00,2010-08-11 12:52:00,9,1,94,10.444444444444445,157.7,17.522222222222222,9,0.0,1,1,485,1.0,242.5,1,1,1,Lost / Inactive,0.7629,High Risk
14823,2011-05-29 12:48:00,2011-06-12 13:12:00,70,3,88,1.2571428571428571,321.43,4.591857142857143,56,1.0,1,15,180,5.0,45.0,3,3,2,Loyal Customers,0.7152,High Risk
14824,2010-03-12 13:07:00,2011-11-29 14:20:00,158,10,1954,12.367088607594935,4022.91,25.46145569620253,84,0.0126582278481012,0,628,10,62.8,0.91,5,5,5,Champions,0.0528,Low Risk
14825,2010-04-06 14:14:00,2011-12-06 11:38:00,299,24,2774,9.277591973244148,4735.08,15.83638795986622,187,0.0234113712374581,0,609,4,25.4,0.16,5,5,5,Champions,0.0558,Low Risk
14826,2010-01-13 13:08:00,2010-05-07 09:00:00,10,2,152,15.2,385.2,38.52,10,0.0,1,114,582,57.0,194.0,1,2,2,Lost / Inactive,0.786,High Risk
14828,2009-12-07 11:19:00,2011-05-27 10:16:00,101,13,9718,96.21782178217822,9839.46,97.42039603960396,72,0.0792079207920792,1,536,197,41.2,14.07,2,5,5,At Risk,0.2925,Low Risk
14829,2010-09-29 13:14:00,2011-11-10 16:16:00,91,7,957,10.516483516483516,1455.87,15.998571428571427,77,0.0,0,408,29,58.3,3.62,4,4,4,Champions,0.4991,Medium Risk
14830,2011-10-17 14:29:00,2011-10-17 14:29:00,39,1,164,4.205128205128205,188.88,4.843076923076923,39,0.0,0,1,53,1.0,26.5,4,1,1,Promising / New,0.7099,High Risk
14831,2009-12-02 09:21:00,2010-01-28 14:31:00,82,3,885,10.792682926829269,1676.57,20.445975609756097,67,0.0,1,58,680,19.3,170.0,1,3,4,At Risk,0.4216,Medium Risk
14832,2010-03-19 15:14:00,2010-03-19 15:14:00,1,1,1,1.0,322.69,322.69,1,0.0,1,1,630,1.0,315.0,1,1,2,Lost / Inactive,0.9279,High Risk
14833,2010-07-29 10:06:00,2010-07-29 10:06:00,7,1,58,8.285714285714286,94.8,13.542857142857144,7,0.0,1,1,499,1.0,249.5,1,1,1,Lost / Inactive,0.8258,High Risk
14834,2010-10-28 17:37:00,2011-11-22 10:30:00,87,7,872,10.022988505747126,2206.16,25.35816091954023,55,0.0,0,390,18,55.7,2.25,5,4,4,Champions,0.4571,Medium Risk
14835,2010-04-01 19:34:00,2010-06-29 10:08:00,2,2,180,90.0,297.0,148.5,1,0.0,1,89,529,44.5,176.33,1,2,2,Lost / Inactive,0.7598,High Risk
14836,2011-11-09 13:26:00,2011-11-29 16:45:00,6,3,45,7.5,102.45,17.075,5,0.0,0,21,10,7.0,2.5,5,3,1,Loyal Customers,0.6371,Medium Risk
14837,2010-01-24 10:20:00,2011-09-11 10:58:00,209,9,3030,14.497607655502392,3460.32,16.556555023923444,171,0.5741626794258373,0,596,90,66.2,9.0,3,5,5,Loyal Customers,0.1531,Low Risk
14838,2009-12-03 09:52:00,2010-10-12 15:46:00,70,2,361,5.1571428571428575,769.9200000000001,10.998857142857144,69,0.0,1,314,423,157.0,141.0,1,2,3,Lost / Inactive,0.699,Medium Risk
14839,2010-01-04 16:29:00,2010-10-17 13:01:00,74,3,927,12.527027027027026,915.28,12.368648648648648,61,0.4594594594594595,1,286,418,95.3,104.5,1,3,3,At Risk,0.665,Medium Risk
14840,2010-06-18 15:42:00,2011-03-17 12:00:00,22,2,179,8.136363636363637,362.71,16.48681818181818,20,0.0,1,272,268,136.0,89.33,2,2,2,Lost / Inactive,0.7351,High Risk
14841,2009-12-02 16:49:00,2011-10-17 15:03:00,300,14,4164,13.88,7163.0,23.876666666666665,196,0.0,0,684,53,48.9,3.53,4,5,5,Champions,0.0069,Low Risk
14842,2011-02-04 15:32:00,2011-10-27 12:37:00,145,4,1166,8.041379310344828,2824.69,19.48062068965517,128,0.0,0,265,44,66.2,8.8,4,3,4,Loyal Customers,0.48,Medium Risk
14843,2010-09-29 12:39:00,2010-09-29 12:39:00,9,1,132,14.666666666666666,211.8,23.53333333333333,9,0.0,1,1,437,1.0,218.5,1,1,1,Lost / Inactive,0.7258,High Risk
14844,2010-04-12 12:50:00,2011-10-07 10:41:00,277,10,4369,15.772563176895307,6702.43,24.19649819494585,158,0.0,0,543,64,54.3,5.82,3,5,5,Loyal Customers,0.1418,Low Risk
14845,2010-04-19 10:19:00,2010-04-19 10:19:00,1,1,600,600.0,150.0,150.0,1,0.0,1,1,600,1.0,300.0,1,1,1,Lost / Inactive,0.769,High Risk
14846,2010-10-08 17:07:00,2010-10-08 17:07:00,12,1,193,16.083333333333332,437.4,36.45,12,0.0,1,1,427,1.0,213.5,1,1,2,Lost / Inactive,0.7259,High Risk
14847,2010-05-24 12:29:00,2011-07-14 10:52:00,62,3,533,8.596774193548388,1348.95,21.75725806451613,56,0.0,1,416,149,138.7,37.25,3,3,4,Loyal Customers,0.5858,Medium Risk
14848,2010-10-31 12:22:00,2010-10-31 12:22:00,11,1,260,23.63636363636364,310.56,28.232727272727274,11,1.0,1,1,405,1.0,202.5,2,1,2,Lost / Inactive,0.7492,High Risk
14849,2010-01-10 11:40:00,2011-11-18 10:58:00,738,43,11838,16.040650406504064,15407.61,20.877520325203253,279,0.1531165311653116,0,677,22,15.7,0.5,4,5,5,Champions,0.0057,Low Risk
14850,2010-05-20 13:28:00,2011-02-01 11:21:00,195,7,1393,7.143589743589744,1770.96,9.081846153846154,129,0.4615384615384615,1,257,312,36.7,39.0,2,4,4,At Risk,0.5075,Medium Risk
14851,2010-03-19 11:52:00,2011-11-16 14:20:00,42,3,631,15.023809523809524,829.41,19.747857142857143,38,0.0,0,608,23,202.7,5.75,4,3,3,Loyal Customers,0.1099,Low Risk
14852,2010-03-05 14:51:00,2011-10-12 13:20:00,309,18,4366,14.129449838187702,6132.43,19.84605177993528,152,0.0938511326860841,0,586,58,32.6,3.05,4,5,5,Champions,0.0672,Low Risk
14853,2010-04-13 09:26:00,2011-11-15 16:56:00,31,5,345,11.129032258064516,1376.87,44.41516129032258,26,0.0,0,582,24,116.4,4.0,4,4,4,Champions,0.2518,Low Risk
14854,2010-01-22 09:48:00,2011-09-22 17:00:00,214,11,2987,13.957943925233645,4303.06,20.1077570093458,170,0.0514018691588785,0,609,78,55.4,6.5,3,5,5,Loyal Customers,0.0297,Low Risk
14855,2010-04-08 10:30:00,2011-08-12 14:02:00,207,7,3510,16.956521739130434,6520.3,31.49903381642512,168,0.3140096618357488,1,492,119,70.3,14.88,3,4,5,Loyal Customers,0.4492,Medium Risk
14856,2011-10-14 09:35:00,2011-11-03 14:53:00,65,3,711,10.93846153846154,1290.53,19.85430769230769,65,0.0,0,21,36,7.0,9.0,4,3,4,Loyal Customers,0.3711,Medium Risk
14857,2010-03-15 11:00:00,2011-10-11 09:23:00,213,7,2081,9.769953051643192,3651.85,17.144835680751175,170,0.0,0,575,60,82.1,7.5,3,4,5,Loyal Customers,0.1878,Low Risk
14858,2010-07-22 10:51:00,2010-07-22 10:51:00,11,1,105,9.545454545454543,180.75,16.431818181818183,11,0.0,1,1,506,1.0,253.0,1,1,1,Lost / Inactive,0.7705,High Risk
14859,2010-06-03 10:26:00,2011-11-27 11:18:00,66,5,888,13.454545454545457,1705.64,25.843030303030304,51,0.2272727272727272,0,543,13,108.6,2.17,5,4,4,Champions,0.3534,Medium Risk
14860,2011-11-20 14:17:00,2011-11-20 14:17:00,11,1,232,21.09090909090909,170.32,15.483636363636364,11,1.0,0,1,19,1.0,9.5,5,1,1,Promising / New,0.6246,Medium Risk
14861,2009-12-08 12:12:00,2011-10-18 12:54:00,86,10,1076,12.511627906976743,1380.73,16.055,62,0.1511627906976744,0,680,52,68.0,4.73,4,5,4,Champions,0.0433,Low Risk
14862,2011-07-14 11:20:00,2011-11-14 10:01:00,48,2,772,16.083333333333332,841.2,17.525000000000002,47,0.0,0,123,26,61.5,8.67,4,2,3,Promising / New,0.6362,Medium Risk
14863,2011-11-10 15:04:00,2011-11-10 15:04:00,11,1,132,12.0,266.76,24.25090909090909,11,0.0,0,1,29,1.0,14.5,4,1,1,Promising / New,0.7244,High Risk
14865,2009-12-01 16:05:00,2011-12-02 16:25:00,6,4,204,34.0,92.52,15.42,4,0.0,0,732,7,183.0,1.4,5,3,1,Loyal Customers,0.0496,Low Risk
14866,2010-08-26 11:54:00,2011-11-29 11:45:00,136,19,9089,66.83088235294117,20746.54,152.54808823529413,40,0.0294117647058823,0,460,11,24.2,0.55,5,5,5,Champions,0.2439,Low Risk
14867,2009-12-05 15:47:00,2011-06-07 11:39:00,137,16,996,7.2700729927007295,2952.06,21.547883211678837,67,0.1021897810218978,1,549,186,34.3,10.94,3,5,5,Loyal Customers,0.2356,Low Risk
14868,2010-10-15 14:52:00,2011-12-06 14:49:00,211,12,2230,10.56872037914692,4184.01,19.829431279620856,132,0.1279620853080568,0,417,3,34.8,0.23,5,5,5,Champions,0.2051,Low Risk
14869,2009-12-16 11:43:00,2011-12-01 12:36:00,244,6,2130,8.729508196721312,2778.14,11.385819672131149,187,0.7090163934426229,0,716,9,119.3,1.29,5,4,4,Champions,0.039,Low Risk
14870,2010-01-25 09:05:00,2011-03-23 10:51:00,65,6,483,7.430769230769231,1838.95,28.29153846153846,43,0.0,1,423,262,70.5,37.43,2,4,4,At Risk,0.5896,Medium Risk
14871,2009-12-01 11:57:00,2011-12-06 13:42:00,194,9,446,2.2989690721649483,1228.17,6.330773195876289,123,0.0,0,736,3,81.8,0.3,5,5,4,Champions,0.039,Low Risk
14872,2010-03-16 14:41:00,2010-08-13 12:34:00,43,3,662,15.395348837209305,816.6,18.990697674418605,34,0.0,1,150,484,50.0,121.0,1,3,3,At Risk,0.6611,Medium Risk
14873,2010-03-16 10:51:00,2011-05-13 13:52:00,49,2,311,6.346938775510204,854.13,17.43122448979592,48,0.0,1,424,210,212.0,70.0,2,2,3,Lost / Inactive,0.4789,Medium Risk
14874,2010-06-22 14:58:00,2010-06-22 14:58:00,6,1,148,24.666666666666668,116.18,19.363333333333333,6,0.0,1,1,535,1.0,267.5,1,1,1,Lost / Inactive,0.6993,Medium Risk
14875,2010-09-24 10:28:00,2011-08-24 12:20:00,89,3,1332,14.96629213483146,2862.4,32.16179775280899,88,0.0,1,335,108,111.7,27.0,3,3,4,Loyal Customers,0.6137,Medium Risk
14876,2010-05-27 13:49:00,2010-07-06 14:57:00,13,2,162,12.461538461538462,256.7,19.746153846153845,12,0.0,1,41,521,20.5,173.67,1,2,1,Lost / Inactive,0.6762,Medium Risk
14877,2010-03-07 12:25:00,2010-10-17 13:09:00,63,2,168,2.6666666666666665,425.85,6.7595238095238095,57,1.0,1,225,418,112.5,139.33,1,2,2,Lost / Inactive,0.7895,High Risk
14878,2010-02-21 11:14:00,2011-11-27 11:15:00,369,25,2416,6.547425474254743,4076.5,11.047425474254744,159,0.7235772357723578,0,645,13,25.8,0.5,5,5,5,Champions,0.017,Low Risk
14879,2010-01-24 11:35:00,2010-01-24 11:35:00,27,1,104,3.851851851851852,185.06,6.854074074074074,27,1.0,1,1,685,1.0,342.5,1,1,1,Lost / Inactive,0.853,High Risk
14880,2011-02-24 12:27:00,2011-09-23 13:42:00,46,3,365,7.934782608695652,690.59,15.012826086956522,45,0.0,0,212,77,70.7,19.25,3,3,3,Loyal Customers,0.6709,Medium Risk
14881,2011-11-20 11:06:00,2011-11-20 11:06:00,17,1,316,18.58823529411765,255.4,15.023529411764706,17,1.0,0,1,20,1.0,10.0,4,1,1,Promising / New,0.6574,Medium Risk
14882,2010-03-30 15:02:00,2011-11-13 12:47:00,65,14,1614,24.83076923076923,3546.65,54.56384615384616,32,0.3692307692307692,0,593,27,42.4,1.8,4,5,5,Champions,0.2558,Low Risk
14883,2011-05-12 09:49:00,2011-11-21 10:23:00,53,6,790,14.90566037735849,761.59,14.369622641509434,39,0.0,0,194,19,32.3,2.71,5,4,3,Champions,0.5404,Medium Risk
14884,2010-02-08 12:56:00,2010-02-08 12:56:00,8,1,72,9.0,120.6,15.075,8,0.0,1,1,669,1.0,334.5,1,1,1,Lost / Inactive,0.8089,High Risk
14885,2010-08-31 10:11:00,2011-07-31 12:05:00,31,3,1308,42.193548387096776,1598.12,51.55225806451613,24,0.4838709677419355,1,335,132,111.7,33.0,3,3,4,Loyal Customers,0.6982,Medium Risk
14886,2011-04-01 08:56:00,2011-04-01 08:56:00,18,1,160,8.88888888888889,364.8,20.266666666666666,18,0.0,1,1,253,1.0,126.5,2,1,2,Lost / Inactive,0.721,High Risk
14887,2011-09-21 15:32:00,2011-09-21 15:32:00,6,1,1100,183.33333333333331,1862.0,310.3333333333333,6,0.0,0,1,79,1.0,39.5,3,1,4,Needs Attention,0.6834,Medium Risk
14888,2011-05-16 14:58:00,2011-05-16 14:58:00,20,1,184,9.2,369.2,18.46,20,0.0,1,1,207,1.0,103.5,2,1,2,Lost / Inactive,0.7158,High Risk
14889,2011-01-07 15:19:00,2011-01-07 15:19:00,10,1,90,9.0,135.9,13.59,10,0.0,1,1,336,1.0,168.0,2,1,1,Lost / Inactive,0.8064,High Risk
14890,2010-02-18 09:00:00,2011-03-31 11:57:00,57,3,636,11.157894736842104,817.25,14.337719298245617,55,0.0,1,407,254,135.7,63.5,2,3,3,At Risk,0.4566,Medium Risk
14891,2010-09-29 12:41:00,2011-07-14 18:08:00,63,4,788,12.507936507936508,1106.73,17.56714285714286,55,0.4285714285714285,1,289,148,72.2,29.6,3,3,3,Loyal Customers,0.6414,Medium Risk
14892,2010-01-18 08:58:00,2010-01-18 08:58:00,13,1,79,6.076923076923077,202.35,15.565384615384614,13,0.0,1,1,691,1.0,345.5,1,1,1,Lost / Inactive,0.867,High Risk
14893,2010-04-01 09:03:00,2011-11-30 12:31:00,106,3,1047,9.87735849056604,1809.61,17.071792452830188,98,0.0,0,609,10,203.0,2.5,5,3,4,Loyal Customers,0.1045,Low Risk
14894,2009-12-02 10:42:00,2011-09-15 13:51:00,46,3,603,13.108695652173912,1492.81,32.45239130434783,39,0.0,0,653,85,217.7,21.25,3,3,4,Loyal Customers,0.1126,Low Risk
14895,2009-12-10 14:22:00,2011-12-02 09:23:00,900,38,10714,11.904444444444444,25119.54,27.9106,441,0.1977777777777777,0,722,8,19.0,0.21,5,5,5,Champions,0.0147,Low Risk
14896,2009-12-06 12:42:00,2011-05-19 10:20:00,253,8,931,3.6798418972332017,1826.0,7.217391304347826,150,0.5019762845849802,1,529,205,66.1,22.78,2,4,4,At Risk,0.5186,Medium Risk
14897,2009-12-15 17:05:00,2011-12-02 10:32:00,127,8,1162,9.149606299212598,3140.54,24.728661417322837,94,0.0,0,717,8,89.6,0.89,5,4,5,Champions,0.0281,Low Risk
14898,2009-12-03 16:40:00,2011-11-16 14:54:00,291,14,2207,7.584192439862543,3365.95,11.566838487972507,185,0.2164948453608247,0,713,23,50.9,1.53,4,5,5,Champions,0.0131,Low Risk
14899,2010-11-09 15:20:00,2010-11-09 15:20:00,129,1,570,4.418604651162791,1331.38,10.32077519379845,126,0.0,1,1,395,1.0,197.5,2,1,4,Lost / Inactive,0.6816,Medium Risk
14900,2010-07-05 15:09:00,2010-07-05 15:09:00,1,1,48,48.0,13.92,13.92,1,0.0,1,1,522,1.0,261.0,1,1,1,Lost / Inactive,0.8153,High Risk
14901,2010-07-29 11:11:00,2011-11-28 17:09:00,134,12,880,6.567164179104478,1919.0,14.32089552238806,103,0.0,0,488,11,40.7,0.85,5,5,4,Champions,0.3385,Low Risk
14902,2010-06-04 12:35:00,2011-11-14 10:34:00,59,3,716,12.135593220338984,1035.62,17.5528813559322,51,0.0,0,528,26,176.0,6.5,4,3,3,Loyal Customers,0.2195,Low Risk
14903,2011-03-06 11:50:00,2011-11-18 16:07:00,350,5,1531,4.3742857142857146,2795.33,7.986657142857142,227,0.4057142857142857,0,258,21,51.6,3.5,4,4,4,Champions,0.4461,Medium Risk
14904,2010-10-08 12:48:00,2011-12-07 12:55:00,141,4,2522,17.886524822695037,1630.49,11.563758865248229,127,0.0,0,426,2,106.5,0.4,5,3,4,Loyal Customers,0.3263,Low Risk
14905,2009-12-03 14:36:00,2011-07-05 12:41:00,78,8,1009,12.935897435897436,1971.39,25.27423076923077,45,0.0,1,579,158,72.4,17.56,3,4,4,Loyal Customers,0.4492,Medium Risk
14906,2010-09-20 16:30:00,2010-09-20 16:30:00,1,1,1,1.0,68.44,68.44,1,0.0,1,1,445,1.0,222.5,1,1,1,Lost / Inactive,0.9557,High Risk
14907,2010-04-16 13:40:00,2011-12-06 14:14:00,268,16,2583,9.638059701492535,5547.72,20.70044776119403,153,0.0746268656716417,0,600,3,37.5,0.18,5,5,5,Champions,0.0379,Low Risk
14908,2010-09-02 16:39:00,2011-09-26 12:56:00,14,2,182,13.0,381.9,27.27857142857143,14,0.0,0,389,74,194.5,24.67,3,2,2,Needs Attention,0.4174,Medium Risk
14909,2010-02-14 15:47:00,2010-09-28 16:56:00,80,3,888,11.1,1404.68,17.558500000000002,61,0.2625,1,227,437,75.7,109.25,1,3,4,At Risk,0.6134,Medium Risk
14910,2011-10-16 11:06:00,2011-12-07 10:06:00,30,4,238,7.933333333333334,434.35,14.478333333333332,25,0.5,0,52,3,13.0,0.6,5,3,2,Loyal Customers,0.5972,Medium Risk
14911,2009-12-01 11:41:00,2011-12-08 15:54:00,11077,398,147972,13.358490566037736,291420.81,26.308640426108152,2550,0.0837771959916945,0,738,1,1.9,0.0,5,5,5,Champions,0.0089,Low Risk
14912,2010-01-26 16:29:00,2011-11-23 09:20:00,63,6,1819,28.873015873015877,1889.25,29.98809523809524,44,0.0,0,666,17,111.0,2.43,5,4,4,Champions,0.0758,Low Risk
14913,2010-08-11 08:40:00,2011-11-04 08:29:00,247,8,3955,16.012145748987855,4073.13,16.490404858299595,176,0.0,0,450,36,56.2,4.0,4,4,5,Champions,0.2408,Low Risk
14915,2009-12-03 10:17:00,2011-09-09 13:34:00,90,11,707,7.855555555555555,1811.25,20.125,65,0.0,1,646,91,58.7,7.58,3,5,4,Loyal Customers,0.454,Medium Risk
14916,2010-04-01 10:57:00,2011-09-30 09:20:00,134,8,2415,18.02238805970149,3042.95,22.70858208955224,113,0.0522388059701492,0,547,71,68.4,7.89,3,4,5,Loyal Customers,0.2202,Low Risk
14917,2010-04-22 09:44:00,2010-04-22 11:28:00,29,2,891,30.724137931034484,1123.75,38.75,29,0.0,1,1,597,0.5,199.0,1,2,3,Lost / Inactive,0.7023,High Risk
14918,2010-04-08 11:18:00,2011-08-16 11:50:00,141,9,2551,18.09219858156028,5955.81,42.23978723404256,79,0.1773049645390071,1,496,116,55.1,11.6,3,5,5,Loyal Customers,0.4553,Medium Risk
14919,2010-06-18 13:06:00,2010-06-18 13:06:00,13,1,129,9.923076923076923,359.35,27.642307692307693,13,0.0,1,1,539,1.0,269.5,1,1,2,Lost / Inactive,0.7514,High Risk
14920,2010-05-23 15:25:00,2011-05-11 10:32:00,97,3,886,9.1340206185567,1607.17,16.568762886597938,90,0.4123711340206185,1,353,213,117.7,53.25,2,3,4,At Risk,0.596,Medium Risk
14921,2011-05-22 12:51:00,2011-11-09 13:17:00,78,2,953,12.217948717948715,1316.07,16.872692307692308,78,0.6794871794871795,0,172,30,86.0,10.0,4,2,4,Promising / New,0.5572,Medium Risk
14922,2010-07-20 09:45:00,2010-11-11 11:14:00,50,2,376,7.52,843.74,16.8748,49,0.0,1,115,394,57.5,131.33,2,2,3,Lost / Inactive,0.6911,Medium Risk
14923,2011-10-20 11:51:00,2011-10-20 11:51:00,44,1,418,9.5,749.1,17.025000000000002,44,0.0,0,1,51,1.0,25.5,4,1,3,Promising / New,0.6515,Medium Risk
14924,2010-03-10 12:51:00,2011-04-08 09:25:00,31,3,312,10.064516129032258,931.01,30.03258064516129,30,0.0,1,394,246,131.3,61.5,2,3,3,At Risk,0.5829,Medium Risk
14926,2010-04-20 09:59:00,2010-11-23 07:13:00,3,2,204,68.0,359.4,119.8,2,0.0,1,217,382,108.5,127.33,2,2,2,Lost / Inactive,0.7442,High Risk
14927,2010-11-08 12:30:00,2010-11-08 12:30:00,20,1,196,9.8,308.2,15.41,20,0.0,1,1,397,1.0,198.5,2,1,2,Lost / Inactive,0.7173,High Risk
14928,2010-03-22 09:14:00,2010-03-22 09:14:00,21,1,268,12.761904761904765,223.91,10.662380952380952,21,0.0,1,1,628,1.0,314.0,1,1,1,Lost / Inactive,0.6811,Medium Risk
14929,2010-10-14 12:22:00,2011-11-07 17:21:00,34,2,487,14.323529411764708,836.6899999999999,24.608529411764703,34,0.0,0,390,32,195.0,10.67,4,2,3,Promising / New,0.4087,Medium Risk
14930,2010-04-12 11:22:00,2011-08-23 10:31:00,278,6,2193,7.888489208633094,5236.73,18.83715827338129,213,0.0,1,498,109,83.0,15.57,3,4,5,Loyal Customers,0.4506,Medium Risk
14931,2011-04-13 09:32:00,2011-12-05 10:19:00,41,5,417,10.170731707317072,1257.68,30.675121951219516,30,0.0,0,237,5,47.4,0.83,5,4,4,Champions,0.5775,Medium Risk
14932,2010-11-19 09:16:00,2010-12-09 11:48:00,32,2,257,8.03125,666.13,20.8165625,29,0.0,1,21,366,10.5,122.0,2,2,3,Lost / Inactive,0.666,Medium Risk
14933,2010-09-21 17:29:00,2010-09-22 10:47:00,4,4,600,150.0,1770.0,442.5,1,0.0,1,1,444,0.2,88.8,1,3,4,At Risk,0.7595,High Risk
14934,2010-09-24 12:08:00,2011-09-19 10:10:00,185,5,2100,11.35135135135135,3503.5,18.93783783783784,115,0.0,0,360,82,72.0,13.67,3,4,5,Loyal Customers,0.4201,Medium Risk
14935,2010-03-30 11:48:00,2011-02-15 14:44:00,26,2,1931,74.26923076923077,2849.83,109.60884615384614,25,0.0,1,323,297,161.5,99.0,2,2,4,Lost / Inactive,0.692,Medium Risk
14936,2010-05-05 12:26:00,2011-11-06 10:30:00,527,12,6274,11.905123339658443,12410.81,23.549924098671728,267,0.206831119544592,0,550,34,45.8,2.62,4,5,5,Champions,0.1811,Low Risk
14937,2011-08-01 14:16:00,2011-10-14 12:29:00,34,3,484,14.235294117647058,1621.88,47.70235294117647,33,0.0,0,74,57,24.7,14.25,4,3,4,Loyal Customers,0.5107,Medium Risk
14938,2010-05-26 13:35:00,2010-05-26 13:38:00,71,2,1369,19.281690140845072,2322.43,32.710281690140846,71,0.0,1,1,562,0.5,187.33,1,2,4,Lost / Inactive,0.6992,Medium Risk
14940,2009-12-06 15:46:00,2010-10-18 10:47:00,32,2,384,12.0,531.49,16.6090625,32,0.3125,1,316,418,158.0,139.33,1,2,2,Lost / Inactive,0.7044,High Risk
14941,2010-05-10 11:30:00,2010-05-10 11:30:00,7,1,80,11.428571428571429,182.1,26.014285714285712,7,0.0,1,1,579,1.0,289.5,1,1,1,Lost / Inactive,0.7509,High Risk
14942,2009-12-10 10:32:00,2010-11-03 10:51:00,19,4,354,18.63157894736842,746.56,39.292631578947365,12,0.0,1,329,402,82.2,80.4,2,3,3,At Risk,0.7523,High Risk
14943,2010-02-14 16:04:00,2010-02-14 16:04:00,5,1,46,9.2,107.62,21.524,5,1.0,1,1,663,1.0,331.5,1,1,1,Lost / Inactive,0.8031,High Risk
14944,2010-02-17 08:47:00,2011-11-10 09:10:00,303,19,4864,16.05280528052805,9784.67,32.2926402640264,184,0.0,0,632,30,33.3,1.5,4,5,5,Champions,0.0334,Low Risk
14945,2010-10-22 11:26:00,2010-10-22 11:26:00,11,1,156,14.181818181818182,179.39999999999998,16.30909090909091,11,0.0,1,1,414,1.0,207.0,1,1,1,Lost / Inactive,0.6952,Medium Risk
14946,2011-11-25 13:33:00,2011-11-25 13:33:00,3,1,22,7.333333333333333,100.9,33.63333333333333,3,0.0,0,1,14,1.0,7.0,5,1,1,Promising / New,0.7862,High Risk
14947,2010-03-25 11:29:00,2011-09-28 15:48:00,54,6,416,7.703703703703703,1049.79,19.440555555555555,47,0.0,0,553,72,92.2,10.29,3,4,3,Loyal Customers,0.3163,Low Risk
14948,2011-05-04 14:52:00,2011-11-16 17:16:00,63,6,673,10.682539682539682,1101.97,17.491587301587302,56,0.0,0,197,23,32.8,3.29,4,4,3,Champions,0.5238,Medium Risk
14949,2009-12-18 15:28:00,2010-08-27 15:38:00,27,4,250,9.25925925925926,515.0,19.074074074074076,16,0.0,1,253,469,63.2,93.8,1,3,2,At Risk,0.7013,High Risk
14950,2011-11-20 13:48:00,2011-11-20 13:48:00,19,1,136,7.157894736842105,371.2,19.53684210526316,19,1.0,0,1,19,1.0,9.5,5,1,2,Promising / New,0.7284,High Risk
14951,2011-09-21 15:15:00,2011-09-21 15:15:00,20,1,311,15.55,311.69,15.5845,20,0.0,0,1,79,1.0,39.5,3,1,2,Needs Attention,0.6879,Medium Risk
14952,2009-12-03 15:34:00,2011-10-11 10:33:00,307,32,6977,22.72638436482085,17629.35,57.42459283387622,240,0.0521172638436482,0,677,60,21.2,1.82,3,5,5,Loyal Customers,0.0133,Low Risk
14953,2010-09-30 12:16:00,2011-11-14 14:59:00,245,4,1014,4.1387755102040815,971.32,3.964571428571429,202,0.5142857142857142,0,411,25,102.8,5.0,4,3,3,Loyal Customers,0.3509,Medium Risk
14954,2010-01-05 16:38:00,2011-11-27 14:30:00,118,2,209,1.771186440677966,462.12,3.916271186440678,111,0.652542372881356,0,691,12,345.5,4.0,5,2,2,Promising / New,0.0871,Low Risk
14955,2009-12-07 11:35:00,2009-12-07 11:35:00,31,1,74,2.3870967741935485,163.77,5.282903225806452,30,0.0,1,1,733,1.0,366.5,1,1,1,Lost / Inactive,0.7979,High Risk
14956,2010-10-14 16:40:00,2010-10-14 16:40:00,4,1,2500,625.0,1325.0,331.25,4,0.0,1,1,421,1.0,210.5,1,1,4,Lost / Inactive,0.7753,High Risk
14957,2010-03-05 10:50:00,2011-03-31 17:59:00,28,2,97,3.4642857142857144,261.69,9.34607142857143,27,0.0,1,392,253,196.0,84.33,2,2,1,Lost / Inactive,0.695,Medium Risk
14958,2009-12-03 16:02:00,2011-07-15 14:20:00,71,6,248,3.492957746478873,941.99,13.267464788732395,52,0.0,1,589,147,98.2,21.0,3,4,3,Loyal Customers,0.4253,Medium Risk
14959,2011-02-16 13:00:00,2011-10-06 18:23:00,59,4,494,8.372881355932204,695.42,11.786779661016949,37,0.3898305084745763,0,233,64,58.2,12.8,3,3,3,Loyal Customers,0.6288,Medium Risk
14960,2011-06-21 13:38:00,2011-12-01 12:54:00,27,2,221,8.185185185185185,221.27,8.195185185185185,23,0.0,0,163,8,81.5,2.67,5,2,1,Promising / New,0.6637,Medium Risk
14961,2009-12-04 11:32:00,2011-11-29 09:42:00,670,22,8372,12.4955223880597,16410.15,24.492761194029853,328,0.0208955223880597,0,725,11,33.0,0.48,5,5,5,Champions,0.0035,Low Risk
14962,2010-05-04 14:57:00,2011-03-14 09:42:00,14,4,123,8.785714285714286,366.91,26.207857142857144,14,0.0,1,314,271,78.5,54.2,2,3,2,At Risk,0.7391,High Risk
14963,2010-07-02 12:43:00,2011-11-30 12:16:00,476,12,2287,4.804621848739496,3123.57,6.562121848739496,304,0.1302521008403361,0,516,10,43.0,0.77,5,5,5,Champions,0.2231,Low Risk
14964,2011-04-06 14:13:00,2011-04-06 14:13:00,13,1,143,11.0,206.21,15.862307692307692,13,0.0,1,1,247,1.0,123.5,2,1,1,Lost / Inactive,0.7153,High Risk
14965,2011-09-04 13:15:00,2011-09-04 13:20:00,81,2,363,4.481481481481482,596.09,7.359135802469136,80,1.0,1,1,96,0.5,32.0,3,2,2,Needs Attention,0.6226,Medium Risk
14966,2009-12-15 13:48:00,2011-11-25 12:20:00,151,6,1060,7.0198675496688745,1064.26,7.048079470198675,125,0.0,0,710,15,118.3,2.14,5,4,3,Champions,0.0674,Low Risk
14967,2009-12-03 14:07:00,2011-10-21 11:06:00,29,6,652,22.48275862068965,1982.61,68.36586206896551,22,0.0,0,687,50,114.5,7.14,4,4,4,Champions,0.0505,Low Risk
14968,2010-09-07 13:28:00,2011-11-09 13:58:00,84,2,257,3.0595238095238093,501.24,5.967142857142857,83,0.0,0,429,30,214.5,10.0,4,2,2,Promising / New,0.3128,Low Risk
14969,2010-01-05 12:43:00,2010-01-05 12:43:00,13,1,665,51.15384615384615,906.23,69.71000000000001,13,0.0,1,1,704,1.0,352.0,1,1,3,Lost / Inactive,0.7314,High Risk
14970,2010-02-14 13:37:00,2011-10-02 13:44:00,113,12,982,8.690265486725664,4919.35,43.53407079646018,71,0.7522123893805309,0,596,68,49.7,5.23,3,5,5,Loyal Customers,0.1298,Low Risk
14971,2011-10-27 13:33:00,2011-11-04 17:07:00,155,3,639,4.122580645161291,1097.98,7.083741935483871,144,0.0,0,9,35,3.0,8.75,4,3,3,Loyal Customers,0.2729,Low Risk
14972,2010-11-23 16:17:00,2011-08-03 14:54:00,20,2,40,2.0,145.07,7.2535,20,0.0,1,253,128,126.5,42.67,3,2,1,Needs Attention,0.8287,High Risk
14973,2011-04-28 12:22:00,2011-08-24 15:51:00,32,3,369,11.53125,1314.45,41.0765625,29,0.0,1,119,107,39.7,26.75,3,3,4,Loyal Customers,0.6991,Medium Risk
14974,2011-11-02 13:01:00,2011-11-02 13:01:00,17,1,37,2.176470588235294,89.94,5.290588235294117,17,0.0,0,1,37,1.0,18.5,4,1,1,Promising / New,0.8405,High Risk
14975,2010-10-14 14:11:00,2011-10-13 14:08:00,26,2,507,19.5,472.39,18.168846153846157,25,0.0,0,364,57,182.0,19.0,4,2,2,Promising / New,0.3065,Low Risk
14976,2011-01-17 11:09:00,2011-10-13 16:37:00,72,7,234,3.25,790.86,10.984166666666669,47,0.0,0,270,57,38.6,7.12,4,4,3,Champions,0.5582,Medium Risk
14977,2009-12-14 10:37:00,2009-12-14 10:37:00,4,1,17,4.25,31.93,7.9825,4,0.0,1,1,726,1.0,363.0,1,1,1,Lost / Inactive,0.9185,High Risk
14978,2010-04-28 10:50:00,2011-09-28 13:07:00,290,10,736,2.537931034482759,3112.19,10.731689655172412,175,0.0,0,519,72,51.9,6.55,3,5,5,Loyal Customers,0.274,Low Risk
14979,2009-12-04 12:54:00,2009-12-04 12:54:00,49,1,209,4.26530612244898,429.66,8.768571428571429,42,0.0,1,1,735,1.0,367.5,1,1,2,Lost / Inactive,0.7326,High Risk
14980,2009-12-02 14:09:00,2009-12-02 14:09:00,24,1,79,3.2916666666666665,150.68,6.278333333333333,24,0.0,1,1,737,1.0,368.5,1,1,1,Lost / Inactive,0.8545,High Risk
14981,2010-10-12 11:04:00,2011-04-07 13:45:00,22,2,241,10.954545454545457,372.92,16.950909090909093,20,0.0,1,178,246,89.0,82.0,2,2,2,Lost / Inactive,0.6965,Medium Risk
14982,2010-05-16 15:52:00,2010-05-16 15:52:00,39,1,125,3.2051282051282053,237.78,6.096923076923077,39,1.0,1,1,572,1.0,286.0,1,1,1,Lost / Inactive,0.8158,High Risk
14983,2010-01-19 17:32:00,2010-01-19 17:32:00,30,1,90,3.0,183.2,6.1066666666666665,30,0.0,1,1,689,1.0,344.5,1,1,1,Lost / Inactive,0.8172,High Risk
14984,2010-01-11 13:22:00,2011-11-20 14:28:00,54,6,348,6.444444444444445,1260.51,23.342777777777776,48,0.925925925925926,0,679,19,113.2,2.71,5,4,4,Champions,0.0637,Low Risk
14985,2010-12-16 19:51:00,2011-05-25 14:29:00,83,2,256,3.0843373493975905,292.01,3.5181927710843373,78,0.0,1,160,198,80.0,66.0,2,2,2,Lost / Inactive,0.7269,High Risk
14986,2010-01-24 15:54:00,2010-11-28 15:25:00,98,2,338,3.4489795918367347,563.1,5.745918367346939,87,1.0,1,308,376,154.0,125.33,2,2,2,Lost / Inactive,0.7067,High Risk
14987,2009-12-02 14:56:00,2011-11-24 09:59:00,15,8,607,40.46666666666667,1550.65,103.37666666666664,4,0.2,0,722,16,90.2,1.78,5,4,4,Champions,0.0517,Low Risk
14988,2010-04-16 13:34:00,2011-05-12 12:05:00,235,7,1260,5.361702127659575,2038.65,8.675106382978724,171,0.0,1,391,212,55.9,26.5,2,4,4,At Risk,0.397,Medium Risk
14989,2010-02-16 10:40:00,2010-02-16 10:40:00,18,1,200,11.11111111111111,342.4,19.022222222222226,18,0.0,1,1,662,1.0,331.0,1,1,2,Lost / Inactive,0.7118,High Risk
14990,2009-12-09 13:31:00,2010-04-06 13:54:00,42,2,129,3.071428571428572,304.17,7.242142857142857,41,0.0,1,119,612,59.5,204.0,1,2,2,Lost / Inactive,0.8357,High Risk
14991,2010-10-05 13:01:00,2010-10-05 13:01:00,21,1,191,9.095238095238097,314.67,14.984285714285717,21,0.0,1,1,430,1.0,215.0,1,1,2,Lost / Inactive,0.7124,High Risk
14992,2010-09-23 17:48:00,2010-09-23 17:48:00,27,1,145,5.37037037037037,210.5,7.796296296296297,27,0.0,1,1,442,1.0,221.0,1,1,1,Lost / Inactive,0.7922,High Risk
14993,2010-05-25 12:47:00,2010-05-25 12:47:00,10,1,21,2.1,36.13,3.613,9,0.0,1,1,564,1.0,282.0,1,1,1,Lost / Inactive,0.8767,High Risk
14994,2010-03-26 14:16:00,2010-11-22 12:59:00,302,5,568,1.880794701986755,946.72,3.1348344370860928,233,0.0,1,241,382,48.2,63.67,2,4,3,At Risk,0.5943,Medium Risk
14995,2011-03-04 13:14:00,2011-11-01 11:39:00,60,2,102,1.7,231.98,3.866333333333333,53,0.0,0,242,39,121.0,13.0,4,2,1,Promising / New,0.6484,Medium Risk
14996,2010-08-15 13:41:00,2010-08-15 13:44:00,41,2,404,9.853658536585366,442.29,10.787560975609756,37,1.0,1,1,481,0.5,160.33,1,2,2,Lost / Inactive,0.6517,Medium Risk
14997,2010-02-22 12:11:00,2011-10-24 13:28:00,38,4,1408,37.05263157894737,776.6,20.43684210526316,36,0.0,0,610,46,152.5,9.2,4,3,3,Loyal Customers,0.2502,Low Risk
14998,2010-04-13 16:07:00,2011-06-22 17:30:00,125,4,352,2.816,753.18,6.02544,111,0.0,1,436,170,109.0,34.0,3,3,3,Loyal Customers,0.4626,Medium Risk
14999,2010-04-26 10:47:00,2010-04-26 10:47:00,9,1,88,9.77777777777778,129.48,14.386666666666663,9,0.0,1,1,593,1.0,296.5,1,1,1,Lost / Inactive,0.8109,High Risk
15000,2011-10-23 11:42:00,2011-10-23 11:42:00,77,1,218,2.831168831168831,490.52,6.37038961038961,76,1.0,0,1,48,1.0,24.0,4,1,2,Promising / New,0.7108,High Risk
15001,2010-11-10 13:31:00,2010-11-10 13:51:00,46,2,70,1.5217391304347827,199.11,4.328478260869565,44,0.0,1,1,394,0.5,131.33,2,2,1,Lost / Inactive,0.8082,High Risk
15002,2010-01-12 11:40:00,2011-08-16 10:44:00,337,9,2214,6.56973293768546,4138.08,12.279169139465877,220,0.0,1,581,116,64.6,11.6,3,5,5,Loyal Customers,0.3606,Medium Risk
15003,2010-01-26 13:04:00,2010-08-23 15:44:00,329,6,525,1.5957446808510638,1027.03,3.1216717325227963,253,0.0,1,210,473,35.0,67.57,1,4,3,At Risk,0.5636,Medium Risk
15004,2011-07-15 14:05:00,2011-07-15 14:05:00,154,1,623,4.045454545454546,1220.77,7.927077922077922,154,0.0,1,1,147,1.0,73.5,3,1,3,Needs Attention,0.6828,Medium Risk
15005,2009-12-01 14:19:00,2011-11-24 12:25:00,2387,56,8666,3.63049853372434,13754.58,5.762287390029326,591,0.1043150397989107,0,723,16,12.9,0.28,5,5,5,Champions,0.0206,Low Risk
15006,2010-09-12 13:03:00,2011-10-19 15:08:00,182,2,387,2.1263736263736264,757.78,4.163626373626373,165,0.2747252747252747,0,403,51,201.5,17.0,4,2,3,Promising / New,0.296,Low Risk
15007,2011-07-03 16:00:00,2011-07-03 16:00:00,12,1,69,5.75,156.91,13.075833333333334,12,1.0,1,1,159,1.0,79.5,3,1,1,Needs Attention,0.8941,High Risk
15008,2010-03-12 11:13:00,2010-08-16 13:09:00,12,2,1500,125.0,360.0,30.0,6,0.0,1,158,480,79.0,160.0,1,2,2,Lost / Inactive,0.7504,High Risk
15009,2011-11-14 17:40:00,2011-11-27 13:35:00,180,3,639,3.55,1259.43,6.996833333333334,148,0.5222222222222223,0,13,12,4.3,3.0,5,3,4,Loyal Customers,0.2309,Low Risk
15010,2011-11-04 12:42:00,2011-11-04 12:42:00,20,1,184,9.2,308.94,15.447,20,0.0,0,1,36,1.0,18.0,4,1,2,Promising / New,0.7002,High Risk
15011,2010-10-19 12:05:00,2010-11-09 11:10:00,20,2,289,14.45,416.6,20.83,17,0.0,1,21,396,10.5,132.0,2,2,2,Lost / Inactive,0.6248,Medium Risk
15012,2010-05-12 11:49:00,2011-10-17 12:22:00,191,3,383,2.005235602094241,646.26,3.3835602094240835,165,0.0,0,524,54,174.7,13.5,4,3,3,Loyal Customers,0.2417,Low Risk
15013,2010-01-31 12:15:00,2010-08-09 12:05:00,340,10,1715,5.044117647058823,1610.82,4.737705882352941,177,0.3147058823529411,1,190,488,19.0,44.36,1,5,4,At Risk,0.2849,Low Risk
15014,2011-06-16 19:40:00,2011-10-27 20:07:00,33,2,149,4.515151515151516,257.67,7.808181818181819,29,0.0,0,134,43,67.0,14.33,4,2,1,Promising / New,0.7703,High Risk
15015,2009-12-14 14:46:00,2010-07-26 13:50:00,294,13,1584,5.387755102040816,2354.97,8.010102040816326,158,0.064625850340136,1,224,501,17.2,35.79,1,5,4,At Risk,0.2925,Low Risk
15016,2010-06-14 13:06:00,2011-06-20 12:06:00,105,5,243,2.3142857142857145,620.89,5.913238095238095,93,0.0,1,371,173,74.2,28.83,3,4,3,Loyal Customers,0.674,Medium Risk
15017,2011-11-06 10:33:00,2011-11-06 10:33:00,20,1,63,3.15,125.58,6.279,20,1.0,0,1,34,1.0,17.0,4,1,1,Promising / New,0.8397,High Risk
15018,2010-12-07 10:47:00,2011-11-01 12:47:00,31,3,189,6.096774193548387,496.21,16.006774193548388,30,0.0,0,330,39,110.0,9.75,4,3,2,Loyal Customers,0.6691,Medium Risk
15019,2011-03-18 12:35:00,2011-03-18 12:35:00,66,1,150,2.272727272727273,252.81,3.8304545454545456,64,0.0,1,1,267,1.0,133.5,2,1,1,Lost / Inactive,0.7948,High Risk
15020,2010-11-25 13:29:00,2010-11-25 13:29:00,27,1,111,4.111111111111111,198.47,7.350740740740741,27,0.0,1,1,379,1.0,189.5,2,1,1,Lost / Inactive,0.8621,High Risk
15021,2010-07-29 16:35:00,2011-12-01 11:53:00,623,12,1079,1.7319422150882826,2500.59,4.01378812199037,355,0.0930979133226324,0,490,9,40.8,0.69,5,5,4,Champions,0.1849,Low Risk
15022,2010-01-31 16:02:00,2011-11-28 12:35:00,140,5,640,4.571428571428571,1133.44,8.096,115,0.6642857142857143,0,666,12,133.2,2.0,5,4,3,Champions,0.0565,Low Risk
15023,2010-02-03 15:45:00,2011-12-06 17:23:00,958,20,4758,4.966597077244259,11578.65,12.086273486430064,486,0.0511482254697286,0,672,3,33.6,0.14,5,5,5,Champions,0.0104,Low Risk
15024,2010-10-11 16:14:00,2011-11-30 12:06:00,320,16,1924,6.0125,3559.39,11.12309375,168,0.0,0,415,10,25.9,0.59,5,5,5,Champions,0.2364,Low Risk
15025,2010-05-20 13:28:00,2011-11-06 15:20:00,139,2,503,3.618705035971223,979.79,7.048848920863309,132,0.4820143884892086,0,536,33,268.0,11.0,4,2,3,Promising / New,0.1574,Low Risk
15026,2010-09-17 13:52:00,2011-09-20 13:52:00,138,5,655,4.746376811594203,1048.89,7.600652173913044,109,0.0,0,369,80,73.8,13.33,3,4,3,Loyal Customers,0.4144,Medium Risk
15027,2010-03-25 14:39:00,2011-11-09 10:16:00,91,10,2782,30.571428571428573,3195.6,35.11648351648351,69,0.0,0,594,31,59.4,2.82,4,5,5,Champions,0.1693,Low Risk
15028,2010-11-10 14:32:00,2011-12-01 14:06:00,102,6,673,6.598039215686274,962.94,9.440588235294117,65,0.0,0,386,8,64.3,1.14,5,4,3,Champions,0.5006,Medium Risk
15029,2010-03-30 12:16:00,2010-03-30 12:16:00,10,1,234,23.4,365.1,36.510000000000005,10,0.0,1,1,620,1.0,310.0,1,1,2,Lost / Inactive,0.7273,High Risk
15030,2010-03-04 17:10:00,2011-09-29 10:50:00,33,8,1225,37.121212121212125,1979.91,59.99727272727273,25,0.2424242424242424,0,574,72,71.8,8.0,3,4,4,Loyal Customers,0.4361,Medium Risk
15031,2009-12-08 13:38:00,2011-12-05 14:19:00,395,14,1576,3.989873417721519,3102.94,7.855544303797468,237,0.1291139240506329,0,728,4,52.0,0.27,5,5,5,Champions,0.0184,Low Risk
15032,2009-12-10 15:27:00,2011-03-28 15:03:00,95,8,6601,69.48421052631579,11010.05,115.89526315789472,39,0.0,1,473,256,59.1,28.44,2,4,5,At Risk,0.5504,Medium Risk
15033,2011-01-14 13:28:00,2011-12-05 12:40:00,501,10,1672,3.337325349301397,2557.18,5.104151696606786,315,0.2594810379241516,0,325,5,32.5,0.45,5,5,4,Champions,0.2831,Low Risk
15034,2010-05-11 13:30:00,2011-11-24 12:11:00,752,14,4748,6.3138297872340425,8231.2,10.945744680851066,416,0.0425531914893617,0,562,16,40.1,1.07,5,5,5,Champions,0.1443,Low Risk
15035,2011-09-11 11:08:00,2011-09-11 11:08:00,27,1,245,9.074074074074074,252.73,9.36037037037037,26,1.0,0,1,90,1.0,45.0,3,1,1,Needs Attention,0.639,Medium Risk
15036,2011-06-13 12:19:00,2011-09-28 15:42:00,119,3,316,2.655462184873949,429.56,3.609747899159664,107,0.0,0,108,72,36.0,18.0,3,3,2,Loyal Customers,0.5349,Medium Risk
15037,2010-11-28 12:14:00,2010-11-28 13:05:00,45,2,298,6.622222222222222,397.76,8.83911111111111,40,1.0,1,1,376,0.5,125.33,2,2,2,Lost / Inactive,0.7514,High Risk
15038,2010-10-10 14:35:00,2011-10-12 11:33:00,235,9,381,1.6212765957446809,1146.53,4.878851063829787,190,0.9957446808510638,0,367,59,40.8,5.9,4,5,3,Champions,0.3279,Low Risk
15039,2009-12-10 11:39:00,2011-11-30 11:31:00,2695,93,17780,6.597402597402597,39141.48,14.52374025974026,562,0.0111317254174397,0,720,10,7.7,0.11,5,5,5,Champions,0.0125,Low Risk
15040,2010-06-16 11:40:00,2010-06-16 11:40:00,1,1,1,1.0,7.49,7.49,1,0.0,1,1,542,1.0,271.0,1,1,1,Lost / Inactive,0.9182,High Risk
15041,2010-09-21 13:16:00,2011-06-22 16:16:00,104,2,194,1.8653846153846156,289.4,2.782692307692308,98,0.0,1,275,170,137.5,56.67,3,2,2,Needs Attention,0.7118,High Risk
15042,2010-04-23 14:01:00,2011-05-24 16:25:00,9,2,238,26.444444444444443,315.45,35.05,9,0.0,1,397,199,198.5,66.33,2,2,2,Lost / Inactive,0.6129,Medium Risk
15043,2010-06-24 15:50:00,2011-11-08 14:26:00,51,6,1019,19.980392156862745,2870.32,56.28078431372549,39,0.0,0,502,31,83.7,4.43,4,4,4,Champions,0.3776,Medium Risk
15044,2009-12-16 15:13:00,2011-11-20 13:20:00,896,35,5241,5.849330357142857,16024.15,17.884095982142856,344,0.2366071428571428,0,704,19,20.1,0.53,5,5,5,Champions,0.0103,Low Risk
15045,2011-03-27 11:44:00,2011-07-11 11:33:00,12,2,114,9.5,735.66,61.305,11,0.3333333333333333,1,106,152,53.0,50.67,3,2,3,Needs Attention,0.7509,High Risk
15046,2010-01-14 14:29:00,2011-11-30 15:50:00,394,25,4585,11.637055837563452,7623.79,19.349720812182746,248,0.3274111675126903,0,686,9,27.4,0.35,5,5,5,Champions,0.0112,Low Risk
15047,2011-03-15 10:49:00,2011-03-15 10:49:00,22,1,222,10.090909090909092,343.62,15.61909090909091,22,0.0,1,1,270,1.0,135.0,2,1,2,Lost / Inactive,0.6991,Medium Risk
15048,2010-12-06 12:15:00,2011-10-05 14:55:00,94,4,192,2.042553191489361,381.0,4.053191489361702,86,0.0,0,304,65,76.0,13.0,3,3,2,Loyal Customers,0.6375,Medium Risk
15049,2011-03-11 12:13:00,2011-03-11 12:13:00,3,1,63,21.0,121.17000000000002,40.39000000000001,3,0.0,1,1,274,1.0,137.0,2,1,1,Lost / Inactive,0.7761,High Risk
15050,2010-08-16 12:00:00,2011-11-14 16:17:00,149,5,2600,17.449664429530202,4087.19,27.43080536912752,116,0.0,0,456,25,91.2,4.17,4,4,5,Champions,0.4328,Medium Risk
15051,2009-12-01 13:29:00,2011-11-16 15:38:00,289,9,3052,10.560553633217992,3926.91,13.587923875432525,226,0.0,0,716,23,79.6,2.3,4,5,5,Champions,0.0109,Low Risk
15052,2011-01-24 15:52:00,2011-01-24 15:52:00,28,1,79,2.821428571428572,207.73,7.418928571428572,27,0.0,1,1,319,1.0,159.5,2,1,1,Lost / Inactive,0.8661,High Risk
15053,2011-03-03 12:06:00,2011-12-05 12:08:00,69,3,984,14.26086956521739,693.95,10.057246376811596,49,0.0,0,278,5,92.7,1.25,5,3,3,Loyal Customers,0.5712,Medium Risk
15054,2011-10-30 14:33:00,2011-11-27 15:02:00,114,2,198,1.736842105263158,302.1,2.6500000000000004,105,1.0,0,29,12,14.5,4.0,5,2,2,Promising / New,0.5647,Medium Risk
15055,2009-12-16 15:48:00,2010-08-22 11:06:00,81,3,225,2.7777777777777777,549.12,6.779259259259259,77,0.3580246913580246,1,249,475,83.0,118.75,1,3,2,At Risk,0.7213,High Risk
15056,2010-07-07 15:58:00,2010-07-07 15:58:00,6,1,69,11.5,113.65,18.941666666666663,6,0.0,1,1,520,1.0,260.0,1,1,1,Lost / Inactive,0.756,High Risk
15057,2009-12-05 15:27:00,2011-03-09 15:17:00,70,5,1394,19.914285714285715,3255.96,46.513714285714286,62,0.1571428571428571,1,459,275,91.8,45.83,2,4,5,At Risk,0.5384,Medium Risk
15058,2010-02-24 14:07:00,2011-11-14 14:57:00,347,16,1645,4.740634005763689,3387.58,9.762478386167146,232,0.4380403458213256,0,629,25,39.3,1.47,4,5,5,Champions,0.032,Low Risk
15059,2009-12-06 12:17:00,2011-10-30 11:35:00,589,19,1599,2.7147707979626485,3491.2,5.927334465195246,308,0.7062818336162988,0,693,41,36.5,2.05,4,5,5,Champions,0.0201,Low Risk
15060,2011-11-30 14:03:00,2011-12-01 13:47:00,115,4,257,2.234782608695652,294.25,2.5586956521739133,81,0.0,0,1,8,0.2,1.6,5,3,2,Loyal Customers,0.4293,Medium Risk
15061,2009-12-01 12:18:00,2011-12-06 12:06:00,898,127,74280,82.71714922048997,126389.02,140.74501113585745,131,0.0278396436525612,0,735,4,5.8,0.03,5,5,5,Champions,0.0071,Low Risk
15062,2010-04-08 15:41:00,2011-09-29 16:51:00,159,8,1872,11.773584905660377,2585.62,16.26176100628931,98,0.0,0,540,71,67.5,7.89,3,4,4,Loyal Customers,0.2795,Low Risk
15063,2011-05-10 13:25:00,2011-05-10 13:25:00,5,1,56,11.2,370.8,74.16,5,0.0,1,1,213,1.0,106.5,2,1,2,Lost / Inactive,0.7448,High Risk
15064,2009-12-22 16:17:00,2010-10-25 14:32:00,81,4,810,10.0,1254.41,15.486543209876544,75,0.0,1,307,410,76.8,82.0,2,3,4,At Risk,0.6214,Medium Risk
15065,2010-10-25 09:13:00,2011-11-02 09:45:00,166,5,1446,8.710843373493976,3326.86,20.04132530120482,156,0.0,0,374,38,74.8,6.33,4,4,5,Champions,0.3936,Medium Risk
15066,2011-10-17 13:25:00,2011-10-17 13:25:00,42,1,317,7.547619047619047,893.59,21.275952380952383,42,0.0,0,1,53,1.0,26.5,4,1,3,Promising / New,0.6498,Medium Risk
15067,2010-04-11 15:54:00,2011-09-22 13:20:00,177,5,2151,12.152542372881356,3862.88,21.82418079096045,170,0.2146892655367231,0,529,78,105.8,13.0,3,4,5,Loyal Customers,0.2824,Low Risk
15068,2010-03-28 13:18:00,2011-10-24 14:47:00,218,4,832,3.81651376146789,1174.9,5.389449541284404,178,0.5229357798165137,0,576,46,144.0,9.2,4,3,3,Loyal Customers,0.1987,Low Risk
15069,2011-06-13 14:16:00,2011-06-13 14:16:00,70,1,520,7.428571428571429,1109.53,15.850428571428573,70,0.0,1,1,179,1.0,89.5,3,1,3,Needs Attention,0.672,Medium Risk
15070,2009-12-15 13:49:00,2010-12-02 11:23:00,32,3,339,10.59375,737.05,23.0328125,26,0.0,1,352,373,117.3,93.25,2,3,3,At Risk,0.6041,Medium Risk
15071,2010-05-18 12:45:00,2011-09-07 11:43:00,54,4,416,7.703703703703703,1455.56,26.954814814814814,41,0.0,1,477,94,119.2,18.8,3,3,4,Loyal Customers,0.621,Medium Risk
15072,2010-08-17 15:46:00,2010-08-17 15:46:00,13,1,164,12.615384615384617,187.52,14.424615384615382,13,0.0,1,1,479,1.0,239.5,1,1,1,Lost / Inactive,0.6919,Medium Risk
15073,2010-01-27 08:48:00,2011-11-30 10:44:00,159,8,1410,8.867924528301886,2788.02,17.534716981132075,115,0.0,0,673,10,84.1,1.11,5,4,4,Champions,0.0257,Low Risk
15074,2010-08-29 11:47:00,2011-08-26 14:45:00,72,3,1039,14.430555555555555,1553.13,21.571250000000003,63,0.3055555555555556,1,363,105,121.0,26.25,3,3,4,Loyal Customers,0.5395,Medium Risk
15075,2011-09-23 12:27:00,2011-09-23 12:27:00,27,1,447,16.555555555555557,773.03,28.63074074074074,27,0.0,0,1,78,1.0,39.0,3,1,3,Needs Attention,0.6418,Medium Risk
15076,2010-07-05 14:11:00,2011-06-20 08:23:00,80,3,866,10.825,1447.74,18.09675,68,0.0,1,350,173,116.7,43.25,3,3,4,Loyal Customers,0.561,Medium Risk
15077,2009-12-09 17:10:00,2010-08-02 11:13:00,32,2,528,16.5,2428.08,75.8775,28,0.0,1,236,495,118.0,165.0,1,2,4,Lost / Inactive,0.7235,High Risk
15078,2009-12-04 12:03:00,2011-12-02 15:41:00,771,53,8777,11.383916990920882,17286.73,22.42118028534371,118,0.0311284046692607,0,729,7,13.8,0.13,5,5,5,Champions,0.0073,Low Risk
15079,2009-12-08 11:22:00,2011-05-11 12:45:00,141,11,1459,10.347517730496454,3625.4,25.712056737588654,119,0.0,1,520,213,47.3,17.75,2,5,5,At Risk,0.3964,Medium Risk
15080,2010-07-26 10:03:00,2010-10-08 11:52:00,31,2,287,9.258064516129032,546.25,17.620967741935484,31,0.0,1,75,428,37.5,142.67,1,2,2,Lost / Inactive,0.7194,High Risk
15081,2010-06-22 10:25:00,2011-11-17 17:08:00,101,12,749,7.415841584158416,1854.57,18.362079207920797,75,0.0891089108910891,0,514,22,42.8,1.69,4,5,4,Champions,0.329,Low Risk
15082,2010-02-09 10:23:00,2010-02-09 10:23:00,6,1,43,7.166666666666667,93.35,15.558333333333332,6,0.0,1,1,669,1.0,334.5,1,1,1,Lost / Inactive,0.8183,High Risk
15083,2011-03-28 12:18:00,2011-03-28 12:18:00,5,1,38,7.6,88.2,17.64,5,0.0,1,1,257,1.0,128.5,2,1,1,Lost / Inactive,0.8044,High Risk
15084,2010-03-04 10:45:00,2010-11-25 11:58:00,31,2,600,19.35483870967742,965.2,31.13548387096774,31,0.0,1,267,380,133.5,126.67,2,2,3,Lost / Inactive,0.7056,High Risk
15085,2009-12-10 11:47:00,2009-12-10 11:47:00,9,1,169,18.77777777777778,347.54,38.61555555555556,9,0.0,1,1,730,1.0,365.0,1,1,2,Lost / Inactive,0.7331,High Risk
15086,2010-03-24 13:56:00,2010-05-24 12:27:00,11,2,95,8.636363636363637,218.53,19.86636363636364,10,0.0,1,61,565,30.5,188.33,1,2,1,Lost / Inactive,0.7409,High Risk
15087,2011-03-03 10:34:00,2011-03-03 10:34:00,15,1,470,31.33333333333333,306.94,20.462666666666667,15,0.0,1,1,282,1.0,141.0,2,1,2,Lost / Inactive,0.6934,Medium Risk
15088,2011-10-03 14:05:00,2011-11-18 13:14:00,57,2,460,8.070175438596491,1160.07,20.352105263157892,53,0.0,0,46,21,23.0,7.0,4,2,3,Promising / New,0.4518,Medium Risk
15089,2011-08-03 14:14:00,2011-11-29 16:31:00,145,6,1359,9.372413793103448,2420.84,16.69544827586207,139,0.0,0,119,10,19.8,1.43,5,4,4,Champions,0.293,Low Risk
15090,2011-02-04 14:03:00,2011-02-04 14:03:00,23,1,208,9.043478260869565,381.32,16.57913043478261,23,0.0,1,1,308,1.0,154.0,2,1,2,Lost / Inactive,0.7145,High Risk
15091,2010-02-03 11:46:00,2011-10-03 12:47:00,57,3,582,10.210526315789474,1046.61,18.361578947368415,55,0.0,0,608,68,202.7,17.0,3,3,3,Loyal Customers,0.1143,Low Risk
15092,2010-09-03 12:33:00,2011-05-08 14:10:00,45,3,230,5.111111111111111,776.46,17.25466666666667,39,0.1555555555555555,1,248,215,82.7,53.75,2,3,3,At Risk,0.7065,High Risk
15093,2009-12-08 12:46:00,2011-11-21 13:09:00,316,23,10778,34.107594936708864,13702.38,43.36196202531645,104,0.0664556962025316,0,714,18,31.0,0.75,5,5,5,Champions,0.0138,Low Risk
15094,2010-03-05 12:56:00,2010-09-02 16:55:00,5,2,28,5.6,83.0,16.6,4,0.0,1,182,463,91.0,154.33,1,2,1,Lost / Inactive,0.8163,High Risk
15095,2010-01-21 09:37:00,2011-08-28 12:01:00,124,10,2233,18.008064516129032,3141.64,25.335806451612903,90,0.2016129032258064,1,585,104,58.5,9.45,3,5,5,Loyal Customers,0.3692,Medium Risk
15096,2011-10-28 10:27:00,2011-10-28 10:27:00,11,1,120,10.909090909090908,219.39,19.94454545454545,11,0.0,0,1,43,1.0,21.5,4,1,1,Promising / New,0.7114,High Risk
15097,2010-05-05 14:22:00,2011-12-05 14:03:00,66,3,424,6.424242424242424,908.35,13.762878787878789,59,0.0,0,579,4,193.0,1.0,5,3,3,Loyal Customers,0.1946,Low Risk
15098,2011-06-10 15:22:00,2011-06-10 15:33:00,3,3,121,40.333333333333336,39916.5,13305.5,1,0.0,1,1,182,0.3,45.5,3,3,5,Loyal Customers,0.7524,High Risk
15099,2011-09-16 13:13:00,2011-09-16 13:13:00,23,1,343,14.91304347826087,410.48,17.84695652173913,23,0.0,0,1,84,1.0,42.0,3,1,2,Needs Attention,0.646,Medium Risk
15100,2010-01-07 14:33:00,2011-01-10 10:35:00,16,7,270,16.875,2193.9,137.11874999999998,11,0.0,1,368,334,52.6,41.75,2,4,4,At Risk,0.6403,Medium Risk
15101,2010-04-28 15:00:00,2011-12-01 10:18:00,58,6,676,11.655172413793103,1477.94,25.481724137931035,52,0.0,0,582,9,97.0,1.29,5,4,4,Champions,0.2879,Low Risk
15102,2010-06-11 10:16:00,2010-06-27 12:16:00,27,2,339,12.555555555555555,554.67,20.543333333333333,26,0.2592592592592592,1,17,531,8.5,177.0,1,2,2,Lost / Inactive,0.5751,Medium Risk
15103,2011-09-14 13:54:00,2011-11-08 14:53:00,35,2,329,9.4,703.36,20.096,35,0.0,0,56,31,28.0,10.33,4,2,3,Promising / New,0.5613,Medium Risk
15104,2011-03-02 14:16:00,2011-05-27 12:29:00,67,2,635,9.477611940298509,993.54,14.828955223880596,66,0.0,1,86,197,43.0,65.67,2,2,3,Lost / Inactive,0.6478,Medium Risk
15105,2010-03-23 12:18:00,2011-11-21 16:54:00,151,9,1747,11.56953642384106,3094.91,20.496092715231786,129,0.0,0,609,18,67.7,1.8,5,5,5,Champions,0.0303,Low Risk
15106,2011-03-15 12:52:00,2011-11-22 09:16:00,100,5,1181,11.81,1422.52,14.2252,90,0.0,0,252,18,50.4,3.0,5,4,4,Champions,0.4501,Medium Risk
15107,2010-09-14 10:47:00,2011-02-01 14:46:00,42,9,330,7.857142857142857,824.35,19.627380952380957,32,0.119047619047619,1,141,311,15.7,31.1,2,5,3,At Risk,0.595,Medium Risk
15108,2011-04-26 10:54:00,2011-07-21 10:24:00,60,4,499,8.316666666666666,1300.25,21.67083333333333,50,0.3166666666666666,1,86,142,21.5,28.4,3,3,4,Loyal Customers,0.4808,Medium Risk
15109,2009-12-04 12:33:00,2011-04-08 09:58:00,48,3,258,5.375,983.1,20.48125,46,0.25,1,490,246,163.3,61.5,2,3,3,At Risk,0.5252,Medium Risk
15110,2010-08-11 15:49:00,2011-11-16 11:16:00,53,6,337,6.358490566037736,1505.85,28.412264150943397,23,0.0,0,462,24,77.0,3.43,4,4,4,Champions,0.5456,Medium Risk
15111,2010-04-26 13:12:00,2011-11-10 16:58:00,135,5,1058,7.837037037037037,2442.37,18.09162962962963,109,0.0,0,564,29,112.8,4.83,4,4,4,Champions,0.263,Low Risk
15112,2010-04-07 14:17:00,2010-04-07 14:17:00,7,1,72,10.285714285714286,209.4,29.914285714285715,7,0.0,1,1,611,1.0,305.5,1,1,1,Lost / Inactive,0.7457,High Risk
15113,2011-10-16 15:27:00,2011-11-30 08:23:00,97,3,2344,24.164948453608247,3509.43,36.179690721649486,77,0.7422680412371134,0,45,10,15.0,2.5,5,3,5,Loyal Customers,0.5578,Medium Risk
15114,2010-10-14 16:44:00,2011-11-09 15:05:00,231,12,3532,15.29004329004329,3400.12,14.7191341991342,151,0.0562770562770562,0,391,30,32.6,2.31,4,5,5,Champions,0.1419,Low Risk
15115,2009-12-07 11:20:00,2011-11-21 14:59:00,35,2,245,7.0,531.85,15.195714285714288,35,0.0,0,715,18,357.5,6.0,5,2,2,Promising / New,0.089,Low Risk
15116,2011-05-19 08:50:00,2011-11-22 12:25:00,45,4,648,14.4,1352.75,30.06111111111111,37,0.0,0,188,18,47.0,3.6,5,3,4,Loyal Customers,0.5971,Medium Risk
15117,2010-03-15 13:39:00,2011-11-25 08:12:00,131,8,3093,23.610687022900763,2485.97,18.97687022900763,89,0.0610687022900763,0,620,15,77.5,1.67,5,4,4,Champions,0.1244,Low Risk
15118,2011-07-28 14:54:00,2011-07-28 14:54:00,1,1,1440,1440.0,244.8,244.8,1,0.0,1,1,134,1.0,67.0,3,1,1,Needs Attention,0.7667,High Risk
15119,2011-04-08 09:08:00,2011-04-08 09:08:00,14,1,88,6.285714285714286,266.4,19.02857142857143,14,0.0,1,1,246,1.0,123.0,2,1,1,Lost / Inactive,0.8289,High Risk
15120,2011-07-29 09:48:00,2011-07-29 09:48:00,21,1,296,14.095238095238097,358.82,17.086666666666666,21,0.0,1,1,134,1.0,67.0,3,1,2,Needs Attention,0.7228,High Risk
15121,2011-02-24 12:41:00,2011-10-20 14:51:00,28,2,199,7.107142857142857,457.72,16.34714285714286,28,0.0,0,239,50,119.5,16.67,4,2,2,Promising / New,0.6994,Medium Risk
15122,2010-03-30 14:05:00,2011-08-17 16:48:00,227,11,2033,8.955947136563877,4487.27,19.76770925110132,155,0.0,1,506,114,46.0,9.5,3,5,5,Loyal Customers,0.2887,Low Risk
15123,2010-03-16 09:49:00,2011-12-02 13:12:00,183,5,2524,13.792349726775956,4656.17,25.443551912568307,149,0.0,0,627,7,125.4,1.17,5,4,5,Champions,0.0677,Low Risk
15124,2010-02-26 10:49:00,2011-11-17 10:09:00,31,4,462,14.903225806451612,450.82,14.54258064516129,30,0.0,0,629,23,157.2,4.6,4,3,2,Loyal Customers,0.1175,Low Risk
15125,2010-03-31 13:29:00,2011-11-14 13:57:00,240,24,8433,35.1375,17024.87,70.93695833333332,151,0.0,0,594,25,24.8,1.0,4,5,5,Champions,0.1978,Low Risk
15126,2010-01-21 17:09:00,2010-06-21 12:31:00,25,2,273,10.92,449.49,17.9796,25,0.0,1,151,537,75.5,179.0,1,2,2,Lost / Inactive,0.719,High Risk
15127,2010-07-08 10:07:00,2011-10-05 10:30:00,28,2,464,16.571428571428573,711.5,25.410714285714285,27,0.0,0,455,66,227.5,22.0,3,2,3,Needs Attention,0.4496,Medium Risk
15128,2010-10-05 16:46:00,2011-10-10 13:54:00,123,5,1583,12.869918699186991,1783.68,14.501463414634149,87,0.0,0,370,60,74.0,10.0,3,4,4,Loyal Customers,0.4189,Medium Risk
15129,2010-04-08 17:15:00,2011-10-20 14:40:00,207,23,4002,19.33333333333333,6860.18,33.14096618357488,86,0.0,0,560,50,24.3,2.08,4,5,5,Champions,0.1352,Low Risk
15130,2011-06-23 10:15:00,2011-06-23 10:15:00,22,1,197,8.954545454545455,330.11,15.005,22,0.0,1,1,170,1.0,85.0,3,1,2,Needs Attention,0.6977,Medium Risk
15131,2010-11-10 12:07:00,2010-11-10 12:07:00,7,1,88,12.571428571428571,80.28,11.468571428571428,7,0.0,1,1,395,1.0,197.5,2,1,1,Lost / Inactive,0.8113,High Risk
15132,2011-03-22 12:02:00,2011-11-21 17:10:00,52,5,679,13.057692307692308,977.93,18.80634615384616,49,0.0,0,245,18,49.0,3.0,5,4,3,Champions,0.5341,Medium Risk
15133,2010-07-07 12:31:00,2011-08-04 10:44:00,49,5,960,19.59183673469388,1806.9,36.87551020408164,45,0.1428571428571428,1,393,128,78.6,21.33,3,4,4,Loyal Customers,0.5347,Medium Risk
15134,2010-10-13 12:44:00,2011-11-25 08:55:00,85,10,1057,12.43529411764706,1596.29,18.779882352941176,47,0.0,0,408,15,40.8,1.36,5,5,4,Champions,0.4,Medium Risk
15135,2010-06-01 13:33:00,2011-04-14 19:16:00,20,2,84,4.2,305.68,15.284,17,0.0,1,318,239,159.0,79.67,2,2,2,Lost / Inactive,0.7891,High Risk
15136,2011-09-04 16:05:00,2011-12-07 12:26:00,68,4,776,11.411764705882351,1286.7,18.92205882352941,61,0.4264705882352941,0,94,3,23.5,0.6,5,3,4,Loyal Customers,0.4315,Medium Risk
15137,2010-01-28 15:45:00,2010-07-07 09:41:00,34,2,596,17.529411764705884,823.4,24.21764705882353,34,0.0,1,160,521,80.0,173.67,1,2,3,Lost / Inactive,0.719,High Risk
15138,2010-11-11 09:16:00,2010-11-11 09:16:00,31,1,300,9.67741935483871,502.52,16.210322580645162,31,0.0,1,1,394,1.0,197.0,2,1,2,Lost / Inactive,0.7318,High Risk
15139,2011-01-07 12:44:00,2011-04-14 11:39:00,13,2,208,16.0,178.95999999999998,13.766153846153845,13,0.0,1,97,240,48.5,80.0,2,2,1,Lost / Inactive,0.692,Medium Risk
15140,2010-09-23 13:07:00,2011-10-18 14:07:00,112,8,2010,17.946428571428573,3243.69,28.96151785714286,103,0.1517857142857142,0,391,52,48.9,5.78,4,4,5,Champions,0.3513,Medium Risk
15141,2010-03-28 15:58:00,2010-09-08 11:33:00,80,7,1197,14.9625,1388.47,17.355875,44,0.2,1,164,458,23.4,57.25,1,4,4,At Risk,0.4099,Medium Risk
15142,2010-07-27 09:05:00,2011-10-24 12:51:00,142,6,2155,15.17605633802817,2619.92,18.450140845070425,115,0.0,0,455,46,75.8,6.57,4,4,4,Champions,0.3174,Low Risk
15143,2010-10-03 13:58:00,2011-04-28 12:03:00,31,2,320,10.32258064516129,563.63,18.181612903225805,27,0.5483870967741935,1,207,226,103.5,75.33,2,2,2,Lost / Inactive,0.7194,High Risk
15144,2009-12-13 11:35:00,2011-12-01 15:12:00,349,29,5251,15.045845272206304,12160.31,34.84329512893983,199,0.0487106017191977,0,719,8,24.8,0.27,5,5,5,Champions,0.007,Low Risk
15145,2011-04-05 15:20:00,2011-12-05 17:21:00,67,4,756,11.28358208955224,1194.73,17.83179104477612,54,0.0,0,245,4,61.2,0.8,5,3,3,Loyal Customers,0.6072,Medium Risk
15146,2011-02-21 13:07:00,2011-06-28 12:09:00,91,2,1473,16.186813186813186,1327.16,14.584175824175825,90,0.0,1,127,165,63.5,55.0,3,2,4,Needs Attention,0.5421,Medium Risk
15147,2011-04-13 15:57:00,2011-04-13 15:57:00,28,1,366,13.071428571428571,623.5,22.267857142857142,28,0.0,1,1,240,1.0,120.0,2,1,3,Lost / Inactive,0.6613,Medium Risk
15148,2011-11-29 08:21:00,2011-11-29 08:21:00,20,1,187,9.35,301.29,15.0645,20,0.0,0,1,11,1.0,5.5,5,1,2,Promising / New,0.7086,High Risk
15149,2010-02-28 11:13:00,2011-07-29 10:58:00,69,5,380,5.507246376811594,1554.61,22.530579710144927,62,0.2898550724637681,1,516,134,103.2,22.33,3,4,4,Loyal Customers,0.4064,Medium Risk
15150,2010-06-14 12:01:00,2011-11-22 12:52:00,573,13,6167,10.762652705061084,8977.94,15.668307155322864,495,0.0907504363001745,0,527,17,40.5,1.21,5,5,5,Champions,0.1369,Low Risk
15151,2010-07-18 12:19:00,2010-10-12 16:37:00,57,2,795,13.947368421052632,2085.61,36.58964912280702,56,0.3508771929824561,1,87,423,43.5,141.0,1,2,4,Lost / Inactive,0.6566,Medium Risk
15152,2010-01-07 15:15:00,2011-11-30 12:32:00,300,14,2994,9.98,5263.83,17.5461,214,0.2433333333333333,0,692,10,49.4,0.67,5,5,5,Champions,0.0131,Low Risk
15153,2011-11-08 17:09:00,2011-11-08 17:09:00,22,1,198,9.0,329.25,14.965909090909092,22,0.0,0,1,31,1.0,15.5,4,1,2,Promising / New,0.694,Medium Risk
15154,2010-08-18 17:41:00,2011-09-25 16:05:00,173,3,333,1.92485549132948,1343.72,7.767167630057804,166,0.4104046242774566,0,403,75,134.3,18.75,3,3,4,Loyal Customers,0.3046,Low Risk
15155,2010-11-21 12:59:00,2010-11-21 12:59:00,24,1,192,8.0,383.97,15.99875,24,1.0,1,1,383,1.0,191.5,2,1,2,Lost / Inactive,0.7356,High Risk
15156,2011-11-06 12:41:00,2011-12-08 18:22:00,55,3,597,10.854545454545455,961.49,17.481636363636365,51,0.3636363636363636,0,33,1,11.0,0.25,5,3,3,Loyal Customers,0.388,Medium Risk
15157,2009-12-10 14:44:00,2011-12-06 11:28:00,152,5,3466,22.80263157894737,2654.11,17.46125,152,0.0,0,726,4,145.2,0.67,5,4,4,Champions,0.0407,Low Risk
15158,2010-11-03 13:46:00,2011-10-25 13:53:00,11,2,219,19.90909090909091,606.02,55.09272727272728,11,0.0,0,357,45,178.5,15.0,4,2,2,Promising / New,0.4218,Medium Risk
15159,2010-10-04 09:31:00,2011-12-08 12:05:00,810,34,13512,16.68148148148148,22116.73,27.30460493827161,413,0.0358024691358024,0,431,2,12.7,0.06,5,5,5,Champions,0.1326,Low Risk
15160,2010-10-14 15:26:00,2010-12-17 14:15:00,23,4,307,13.347826086956522,589.27,25.62043478260869,17,0.0,1,64,357,16.0,71.4,2,3,2,At Risk,0.5383,Medium Risk
15161,2010-11-16 16:08:00,2010-11-16 16:08:00,33,1,144,4.363636363636363,119.92,3.633939393939394,33,0.0,1,1,388,1.0,194.0,2,1,1,Lost / Inactive,0.6488,Medium Risk
15162,2009-12-08 13:14:00,2009-12-08 13:14:00,12,1,74,6.166666666666667,312.9,26.075,12,0.0,1,1,731,1.0,365.5,1,1,2,Lost / Inactive,0.823,High Risk
15163,2011-05-31 15:22:00,2011-11-21 13:10:00,29,2,186,6.413793103448276,304.47,10.49896551724138,29,0.0,0,174,18,87.0,6.0,5,2,2,Promising / New,0.7236,High Risk
15164,2010-01-18 13:34:00,2011-10-02 12:05:00,352,9,912,2.590909090909091,2028.11,5.761676136363636,243,0.4602272727272727,0,622,69,69.1,6.9,3,5,4,Loyal Customers,0.0521,Low Risk
15165,2010-12-01 14:03:00,2010-12-01 14:03:00,27,1,160,5.925925925925926,487.75,18.064814814814813,27,0.0,1,1,373,1.0,186.5,2,1,2,Lost / Inactive,0.7563,High Risk
15166,2010-08-29 12:31:00,2010-08-29 12:31:00,12,1,140,11.666666666666666,167.16,13.93,12,1.0,1,1,468,1.0,234.0,1,1,1,Lost / Inactive,0.7055,High Risk
15167,2010-02-04 14:13:00,2011-01-23 12:41:00,304,5,863,2.838815789473684,1627.62,5.3540131578947365,262,0.1282894736842105,1,353,321,70.6,53.5,2,4,4,At Risk,0.5493,Medium Risk
15168,2011-11-14 11:26:00,2011-11-14 11:26:00,5,1,52,10.4,106.56,21.312,5,0.0,0,1,26,1.0,13.0,4,1,1,Promising / New,0.7593,High Risk
15169,2009-12-13 11:16:00,2010-11-22 13:04:00,59,2,356,6.033898305084746,569.22,9.647796610169491,58,0.8305084745762712,1,345,382,172.5,127.33,2,2,2,Lost / Inactive,0.5506,Medium Risk
15170,2010-10-29 10:34:00,2010-10-29 10:34:00,4,1,33,8.25,81.15,20.2875,4,0.0,1,1,407,1.0,203.5,2,1,1,Lost / Inactive,0.8017,High Risk
15171,2011-01-12 15:36:00,2011-01-12 15:36:00,5,1,290,58.0,1289.5,257.9,5,0.0,1,1,331,1.0,165.5,2,1,4,Lost / Inactive,0.766,High Risk
15172,2011-04-17 11:56:00,2011-12-01 11:51:00,110,5,1611,14.645454545454545,1624.05,14.764090909090909,106,0.2272727272727272,0,228,9,45.6,1.5,5,4,4,Champions,0.4437,Medium Risk
15173,2010-04-01 12:26:00,2010-11-24 10:21:00,86,7,840,9.767441860465116,1494.6,17.37906976744186,68,0.0697674418604651,1,237,381,33.9,47.62,2,4,4,At Risk,0.5138,Medium Risk
15174,2010-10-25 09:40:00,2011-01-21 09:06:00,34,2,382,11.235294117647058,481.46,14.160588235294115,34,0.0,1,88,323,44.0,107.67,2,2,2,Lost / Inactive,0.6646,Medium Risk
15175,2011-09-29 11:31:00,2011-09-29 11:31:00,23,1,454,19.73913043478261,224.14,9.745217391304347,23,0.0,0,1,72,1.0,36.0,3,1,1,Needs Attention,0.6063,Medium Risk
15176,2010-02-10 10:36:00,2010-02-10 10:36:00,52,1,448,8.615384615384615,988.04,19.00076923076923,52,0.0,1,1,668,1.0,334.0,1,1,3,Lost / Inactive,0.6703,Medium Risk
15177,2010-10-10 12:48:00,2010-10-10 12:48:00,26,1,485,18.653846153846157,948.93,36.49730769230769,26,1.0,1,1,426,1.0,213.0,1,1,3,Lost / Inactive,0.6992,Medium Risk
15178,2011-03-24 15:12:00,2011-03-24 15:12:00,3,1,30,10.0,40.5,13.5,3,0.0,1,1,260,1.0,130.0,2,1,1,Lost / Inactive,0.8508,High Risk
15179,2009-12-03 12:27:00,2011-11-21 12:53:00,314,13,5416,17.248407643312103,7491.92,23.859617834394903,225,0.1050955414012738,0,719,18,55.3,1.29,5,5,5,Champions,0.0082,Low Risk
15180,2010-04-29 15:27:00,2010-12-07 14:57:00,52,3,654,12.576923076923077,816.93,15.710192307692306,46,0.0,1,222,367,74.0,91.75,2,3,3,At Risk,0.6434,Medium Risk
15181,2009-12-08 19:02:00,2011-10-04 13:58:00,20,5,688,34.4,1200.2,60.010000000000005,15,0.0,0,665,66,133.0,11.0,3,4,3,Loyal Customers,0.0962,Low Risk
15182,2010-02-21 12:03:00,2011-07-08 13:37:00,125,11,1186,9.488,2998.95,23.9916,78,0.152,1,503,154,45.7,12.83,3,5,5,Loyal Customers,0.3586,Medium Risk
15183,2010-05-04 11:31:00,2010-06-10 10:43:00,38,3,297,7.815789473684211,639.93,16.840263157894736,33,0.0,1,37,548,12.3,137.0,1,3,3,At Risk,0.5309,Medium Risk
15184,2009-12-16 12:06:00,2011-11-10 13:41:00,84,4,462,5.5,685.39,8.159404761904762,72,0.0,0,695,29,173.8,5.8,4,3,3,Loyal Customers,0.0458,Low Risk
15185,2011-09-30 14:06:00,2011-09-30 14:06:00,21,1,666,31.714285714285715,310.62,14.791428571428572,21,0.0,0,1,70,1.0,35.0,3,1,2,Needs Attention,0.6558,Medium Risk
15186,2010-01-12 10:14:00,2011-11-25 14:58:00,52,5,716,13.76923076923077,1403.2,26.984615384615385,29,0.3076923076923077,0,683,14,136.6,2.33,5,4,4,Champions,0.0683,Low Risk
15187,2011-05-11 13:49:00,2011-12-08 11:56:00,91,16,1887,20.736263736263737,4777.18,52.49648351648352,61,0.0989010989010989,0,211,2,13.2,0.12,5,5,5,Champions,0.224,Low Risk
15188,2009-12-14 13:30:00,2009-12-14 13:30:00,23,1,233,10.130434782608695,310.43,13.496956521739133,23,0.0,1,1,725,1.0,362.5,1,1,2,Lost / Inactive,0.698,Medium Risk
15189,2010-07-18 13:37:00,2011-12-08 13:22:00,241,46,6902,28.639004149377595,17524.38,72.71526970954358,90,0.0497925311203319,0,508,1,11.0,0.02,5,5,5,Champions,0.1835,Low Risk
15190,2010-10-01 13:09:00,2010-10-01 13:09:00,40,1,790,19.75,834.4399999999999,20.861,40,0.0,1,1,434,1.0,217.0,1,1,3,Lost / Inactive,0.6679,Medium Risk
15191,2010-01-20 12:35:00,2010-09-02 15:37:00,35,3,287,8.2,588.05,16.80142857142857,33,0.0,1,226,463,75.3,115.75,1,3,2,At Risk,0.709,High Risk
15192,2010-01-29 10:13:00,2011-08-12 11:41:00,91,5,1448,15.912087912087912,1666.39,18.311978021978025,56,0.0,1,561,120,112.2,20.0,3,4,4,Loyal Customers,0.3937,Medium Risk
15193,2011-10-10 08:23:00,2011-10-10 08:23:00,19,1,144,7.578947368421052,499.32,26.28,19,0.0,0,1,61,1.0,30.5,3,1,2,Needs Attention,0.7123,High Risk
15194,2009-12-03 10:37:00,2011-12-06 15:10:00,476,28,8922,18.7436974789916,12021.53,25.255315126050423,274,0.0210084033613445,0,734,3,26.2,0.1,5,5,5,Champions,0.0051,Low Risk
15195,2011-12-07 12:20:00,2011-12-07 12:20:00,1,1,1404,1404.0,3861.0,3861.0,1,0.0,0,1,3,1.0,1.5,5,1,5,Promising / New,0.5765,Medium Risk
15196,2009-12-13 11:14:00,2010-10-03 10:50:00,42,2,130,3.095238095238096,313.7,7.469047619047619,34,1.0,1,294,433,147.0,144.33,1,2,2,Lost / Inactive,0.8392,High Risk
15197,2009-12-11 12:56:00,2011-11-29 10:00:00,59,6,1058,17.93220338983051,1877.51,31.82220338983051,44,0.0,0,718,11,119.7,1.57,5,4,4,Champions,0.0657,Low Risk
15198,2010-01-19 10:01:00,2011-09-08 14:42:00,31,5,327,10.548387096774194,571.35,18.43064516129032,28,0.1612903225806451,1,598,92,119.6,15.33,3,4,2,Loyal Customers,0.4349,Medium Risk
15199,2010-05-13 10:14:00,2011-10-11 15:12:00,51,10,894,17.529411764705884,3122.4,61.22352941176471,17,0.0,0,517,59,51.7,5.36,4,5,5,Champions,0.2879,Low Risk
15200,2010-08-02 09:38:00,2010-08-02 09:38:00,30,1,195,6.5,549.05,18.301666666666662,30,0.0,1,1,495,1.0,247.5,1,1,2,Lost / Inactive,0.7393,High Risk
15201,2010-04-07 14:50:00,2011-09-13 14:53:00,100,7,1660,16.6,1842.95,18.4295,44,0.16,0,525,87,75.0,10.88,3,4,4,Loyal Customers,0.4042,Medium Risk
15202,2010-10-15 12:39:00,2010-10-15 13:05:00,3,3,3,1.0,6001.49,2000.496666666667,1,0.0,1,1,420,0.3,105.0,1,3,5,At Risk,0.7999,High Risk
15203,2009-12-08 18:06:00,2011-11-14 08:16:00,343,15,4182,12.192419825072886,4400.18,12.828513119533527,150,0.0612244897959183,0,706,26,47.1,1.62,4,5,5,Champions,0.0063,Low Risk
15204,2010-12-17 13:49:00,2010-12-17 13:49:00,9,1,258,28.666666666666668,316.58,35.175555555555555,9,0.0,1,1,357,1.0,178.5,2,1,2,Lost / Inactive,0.7484,High Risk
15205,2011-08-04 16:07:00,2011-09-15 19:36:00,37,2,378,10.216216216216216,653.24,17.655135135135136,37,0.0,0,43,85,21.5,28.33,3,2,3,Needs Attention,0.5187,Medium Risk
15206,2011-03-09 08:59:00,2011-11-29 13:41:00,9,4,162,18.0,420.3,46.7,3,0.2222222222222222,0,266,10,66.5,2.0,5,3,2,Loyal Customers,0.7455,High Risk
15207,2010-06-10 17:29:00,2010-10-19 13:29:00,24,3,428,17.833333333333332,683.92,28.496666666666663,19,0.0,1,131,416,43.7,104.0,1,3,3,At Risk,0.7227,High Risk
15208,2010-10-12 12:17:00,2011-12-08 17:24:00,48,6,356,7.416666666666667,970.52,20.219166666666663,27,0.0,0,423,1,70.5,0.14,5,4,3,Champions,0.4905,Medium Risk
15209,2009-12-09 17:26:00,2009-12-09 17:26:00,13,1,94,7.230769230769231,178.98,13.767692307692307,13,0.0,1,1,730,1.0,365.0,1,1,1,Lost / Inactive,0.8177,High Risk
15210,2010-05-13 14:42:00,2011-04-28 16:11:00,67,3,841,12.552238805970148,1176.19,17.55507462686567,66,0.0,1,351,225,117.0,56.25,2,3,3,At Risk,0.5294,Medium Risk
15211,2010-12-09 16:08:00,2011-10-10 13:31:00,52,2,240,4.615384615384615,894.41,17.20019230769231,52,0.0,0,305,60,152.5,20.0,3,2,3,Needs Attention,0.6094,Medium Risk
15212,2010-11-28 10:45:00,2011-04-12 13:45:00,10,2,84,8.4,208.28,20.828,7,0.5,1,136,241,68.0,80.33,2,2,1,Lost / Inactive,0.7378,High Risk
15213,2011-01-14 11:05:00,2011-01-25 12:21:00,24,2,272,11.333333333333334,328.35,13.68125,22,0.0,1,12,319,6.0,106.33,2,2,2,Lost / Inactive,0.6535,Medium Risk
15214,2011-04-11 09:46:00,2011-12-08 12:07:00,110,8,1254,11.4,1661.44,15.104,109,0.1636363636363636,0,242,2,30.2,0.22,5,4,4,Champions,0.3988,Medium Risk
15215,2010-04-06 11:21:00,2011-10-24 11:41:00,113,7,776,6.867256637168142,2422.43,21.437433628318583,85,0.4778761061946903,0,567,47,81.0,5.88,4,4,4,Champions,0.2778,Low Risk
15216,2010-03-31 09:52:00,2011-09-13 11:41:00,24,2,217,9.041666666666666,486.09,20.25375,24,0.0,0,532,88,266.0,29.33,3,2,2,Needs Attention,0.2563,Low Risk
15217,2010-05-25 13:51:00,2010-05-25 13:51:00,28,1,190,6.785714285714286,426.24,15.222857142857142,28,0.0,1,1,563,1.0,281.5,1,1,2,Lost / Inactive,0.7305,High Risk
15218,2010-01-26 11:33:00,2011-11-29 11:48:00,396,22,6530,16.48989898989899,11468.83,28.96169191919192,139,0.005050505050505,0,673,11,30.6,0.48,5,5,5,Champions,0.0072,Low Risk
15219,2010-03-01 11:33:00,2011-06-16 16:57:00,26,2,271,10.423076923076923,685.45,26.36346153846154,26,0.0,1,473,176,236.5,58.67,3,2,3,Needs Attention,0.6203,Medium Risk
15220,2011-03-04 10:24:00,2011-10-19 12:39:00,117,6,1393,11.905982905982906,1778.96,15.204786324786324,110,0.0,0,230,52,38.3,7.43,4,4,4,Champions,0.4106,Medium Risk
15221,2010-03-12 10:40:00,2010-12-08 13:08:00,29,4,244,8.413793103448276,2062.2,71.1103448275862,21,0.2068965517241379,1,272,366,68.0,73.2,2,3,4,At Risk,0.7383,High Risk
15222,2009-12-16 13:49:00,2011-01-25 08:03:00,138,11,4458,32.30434782608695,3550.91,25.73123188405797,98,0.0,1,405,319,36.8,26.58,2,5,5,At Risk,0.4203,Medium Risk
15223,2009-12-05 11:19:00,2011-04-28 11:31:00,34,5,385,11.323529411764708,1417.95,41.70441176470588,26,0.2352941176470588,1,510,226,102.0,37.67,2,4,4,At Risk,0.4356,Medium Risk
15224,2010-01-15 16:14:00,2010-12-16 15:02:00,35,5,443,12.657142857142857,871.36,24.896,24,0.0571428571428571,1,335,358,67.0,59.67,2,4,3,At Risk,0.6705,Medium Risk
15225,2011-04-19 14:51:00,2011-04-19 14:51:00,23,1,226,9.826086956521738,409.4,17.8,23,0.0,1,1,234,1.0,117.0,2,1,2,Lost / Inactive,0.7063,High Risk
15226,2011-02-02 11:41:00,2011-02-02 11:41:00,8,1,71,8.875,154.41,19.30125,8,0.0,1,1,311,1.0,155.5,2,1,1,Lost / Inactive,0.7765,High Risk
15227,2010-03-16 08:23:00,2011-11-03 11:59:00,120,9,1217,10.141666666666667,2488.49,20.737416666666668,86,0.1083333333333333,0,598,37,66.4,3.7,4,5,4,Champions,0.0788,Low Risk
15228,2010-07-28 10:21:00,2011-10-04 13:56:00,234,6,3375,14.423076923076923,5580.27,23.84730769230769,184,0.0,0,434,66,72.3,9.43,3,4,5,Loyal Customers,0.3114,Low Risk
15229,2010-05-02 13:50:00,2010-05-02 13:50:00,9,1,114,12.666666666666666,160.5,17.833333333333332,9,1.0,1,1,586,1.0,293.0,1,1,1,Lost / Inactive,0.7706,High Risk
15230,2011-04-13 11:04:00,2011-04-14 14:39:00,23,2,351,15.26086956521739,429.6,18.678260869565214,23,0.0,1,2,239,1.0,79.67,2,2,2,Lost / Inactive,0.6529,Medium Risk
15231,2010-03-28 15:12:00,2010-03-28 15:12:00,14,1,190,13.571428571428571,250.26,17.875714285714285,14,1.0,1,1,621,1.0,310.5,1,1,1,Lost / Inactive,0.7279,High Risk
15232,2011-07-22 12:21:00,2011-08-18 16:27:00,31,2,686,22.12903225806452,612.06,19.74387096774193,26,0.0,1,28,113,14.0,37.67,3,2,3,Needs Attention,0.5751,Medium Risk
15233,2010-11-03 13:36:00,2010-11-03 13:36:00,1,1,12,12.0,59.4,59.4,1,0.0,1,1,401,1.0,200.5,2,1,1,Lost / Inactive,0.8753,High Risk
15234,2011-03-08 08:53:00,2011-03-08 08:53:00,14,1,196,14.0,197.0,14.071428571428571,14,0.0,1,1,277,1.0,138.5,2,1,1,Lost / Inactive,0.6802,Medium Risk
15235,2010-11-16 12:48:00,2011-05-06 09:44:00,178,16,1676,9.415730337078651,2772.76,15.577303370786517,161,0.0224719101123595,1,171,218,10.7,12.82,2,5,4,At Risk,0.2638,Low Risk
15236,2011-02-14 10:52:00,2011-02-14 10:52:00,15,1,269,17.933333333333334,321.05,21.40333333333333,15,0.0,1,1,299,1.0,149.5,2,1,2,Lost / Inactive,0.7365,High Risk
15237,2011-04-26 15:04:00,2011-12-08 09:46:00,99,4,1071,10.818181818181818,1412.32,14.265858585858584,94,0.0,0,226,2,56.5,0.4,5,3,4,Loyal Customers,0.5134,Medium Risk
15238,2011-06-08 16:00:00,2011-11-10 14:28:00,50,3,692,13.84,1071.99,21.4398,49,0.0,0,155,29,51.7,7.25,4,3,3,Loyal Customers,0.5905,Medium Risk
15239,2011-09-22 09:53:00,2011-11-29 14:14:00,49,2,594,12.122448979591836,780.59,15.930408163265309,48,0.0,0,69,10,34.5,3.33,5,2,3,Promising / New,0.5854,Medium Risk
15240,2009-12-05 14:57:00,2011-10-26 09:50:00,224,12,3214,14.348214285714286,4459.98,19.910625,134,0.1473214285714285,0,690,45,57.5,3.46,4,5,5,Champions,0.0091,Low Risk
15241,2010-02-23 13:59:00,2011-10-04 09:05:00,184,11,3328,18.08695652173913,3050.16,16.57695652173913,120,0.0,0,588,67,53.5,5.58,3,5,5,Loyal Customers,0.1676,Low Risk
15242,2010-10-13 15:33:00,2010-10-13 15:33:00,4,1,196,49.0,302.04,75.50999999999999,4,0.0,1,1,422,1.0,211.0,1,1,2,Lost / Inactive,0.741,High Risk
15243,2010-09-30 17:28:00,2011-09-26 14:12:00,61,2,543,8.901639344262295,927.28,15.201311475409836,56,0.0,0,361,74,180.5,24.67,3,2,3,Needs Attention,0.325,Low Risk
15244,2010-02-11 14:48:00,2011-10-05 13:19:00,48,3,472,9.833333333333334,912.08,19.00166666666667,44,0.0,0,601,65,200.3,16.25,3,3,3,Loyal Customers,0.1297,Low Risk
15245,2010-04-23 14:23:00,2011-07-28 18:56:00,148,8,3021,20.41216216216216,4610.84,31.154324324324325,72,0.1081081081081081,1,462,134,57.8,14.89,3,4,5,Loyal Customers,0.4195,Medium Risk
15246,2010-06-02 11:28:00,2011-04-15 14:45:00,51,3,359,7.03921568627451,780.4,15.301960784313724,45,0.0,1,318,238,106.0,59.5,2,3,3,At Risk,0.6784,Medium Risk
15247,2010-06-20 14:08:00,2011-08-09 12:52:00,17,3,514,30.235294117647054,976.06,57.41529411764706,13,0.4117647058823529,1,415,122,138.3,30.5,3,3,3,Loyal Customers,0.6465,Medium Risk
15248,2010-06-23 14:34:00,2010-10-24 13:09:00,106,3,1065,10.047169811320757,1893.93,17.867264150943395,103,0.0660377358490566,1,123,411,41.0,102.75,1,3,4,At Risk,0.5389,Medium Risk
15249,2010-03-26 14:51:00,2011-11-08 11:45:00,502,18,4980,9.920318725099602,9266.0,18.45816733067729,304,0.0,0,592,32,32.9,1.68,4,5,5,Champions,0.0736,Low Risk
15250,2010-03-09 07:35:00,2010-03-09 07:35:00,3,1,48,16.0,60.0,20.0,3,0.0,1,1,641,1.0,320.5,1,1,1,Lost / Inactive,0.8227,High Risk
15251,2010-01-29 12:42:00,2011-11-30 15:02:00,230,21,12108,52.64347826086957,20324.54,88.3675652173913,183,0.1565217391304348,0,671,9,32.0,0.41,5,5,5,Champions,0.0083,Low Risk
15252,2010-04-07 10:24:00,2011-11-03 13:30:00,118,5,1430,12.11864406779661,2103.41,17.82550847457627,106,0.0,0,576,36,115.2,6.0,4,4,4,Champions,0.2629,Low Risk
15253,2010-05-02 11:17:00,2011-11-23 16:22:00,116,8,1588,13.689655172413794,2055.09,17.716293103448276,102,0.2068965517241379,0,571,16,71.4,1.78,5,4,4,Champions,0.2915,Low Risk
15254,2010-05-28 10:08:00,2011-08-04 15:04:00,67,3,711,10.611940298507465,1088.35,16.244029850746266,64,0.0,1,434,127,144.7,31.75,3,3,3,Loyal Customers,0.4663,Medium Risk
15255,2009-12-03 09:10:00,2011-10-04 12:43:00,188,9,2214,11.77659574468085,3706.02,19.71287234042553,137,0.175531914893617,0,671,67,74.6,6.7,3,5,5,Loyal Customers,0.0174,Low Risk
15256,2010-05-27 11:41:00,2011-07-14 11:47:00,10,2,92,9.2,170.4,17.04,6,0.0,1,414,149,207.0,49.67,3,2,1,Needs Attention,0.7197,High Risk
15257,2010-10-21 14:03:00,2011-03-01 12:58:00,12,2,71,5.916666666666667,685.9,57.15833333333333,11,0.0,1,131,283,65.5,94.33,2,2,3,Lost / Inactive,0.7659,High Risk
15258,2011-05-06 14:16:00,2011-06-24 12:30:00,34,2,142,4.176470588235294,623.16,18.328235294117647,32,0.0,1,49,169,24.5,56.33,3,2,3,Needs Attention,0.7128,High Risk
15259,2010-01-26 09:41:00,2010-07-15 08:47:00,57,4,631,11.070175438596491,1182.38,20.74350877192982,50,0.0,1,170,513,42.5,102.6,1,3,3,At Risk,0.6303,Medium Risk
15260,2009-12-06 11:45:00,2011-08-31 13:55:00,381,25,4468,11.727034120734908,8767.73,23.01241469816273,186,0.2440944881889764,1,634,100,25.4,3.85,3,5,5,Loyal Customers,0.0234,Low Risk
15261,2010-10-01 11:59:00,2011-07-27 15:20:00,92,4,806,8.76086956521739,1508.0,16.391304347826086,87,0.0,1,300,135,75.0,27.0,3,3,4,Loyal Customers,0.6236,Medium Risk
15262,2010-08-08 15:55:00,2011-01-20 12:16:00,26,3,218,8.384615384615385,418.82,16.108461538461537,22,0.3461538461538461,1,165,324,55.0,81.0,2,3,2,At Risk,0.6957,Medium Risk
15263,2011-08-25 10:26:00,2011-08-25 10:26:00,12,1,89,7.416666666666667,156.51,13.0425,12,0.0,1,1,107,1.0,53.5,3,1,1,Needs Attention,0.8145,High Risk
15264,2010-06-27 13:29:00,2011-10-06 13:49:00,55,2,443,8.054545454545455,848.4,15.425454545454546,52,0.5818181818181818,0,467,64,233.5,21.33,3,2,3,Needs Attention,0.3642,Medium Risk
15265,2009-12-01 17:08:00,2011-07-11 14:46:00,193,4,1570,8.134715025906736,3345.64,17.334922279792746,179,0.0,1,587,151,146.8,30.2,3,3,5,Loyal Customers,0.3817,Medium Risk
15266,2010-01-07 12:19:00,2011-01-05 13:40:00,45,5,236,5.2444444444444445,852.21,18.938,38,0.3777777777777777,1,364,338,72.8,56.33,2,4,3,At Risk,0.627,Medium Risk
15267,2011-06-10 10:24:00,2011-11-17 15:59:00,11,5,944,85.81818181818181,1717.36,156.12363636363636,8,0.0,0,161,22,32.2,3.67,4,4,4,Champions,0.5373,Medium Risk
15268,2010-04-13 11:27:00,2010-08-18 10:33:00,22,3,428,19.454545454545453,961.9,43.72272727272727,21,0.0,1,127,479,42.3,119.75,1,3,3,At Risk,0.7488,High Risk
15269,2010-11-14 12:58:00,2011-11-16 09:32:00,35,3,372,10.628571428571428,1225.36,35.010285714285715,33,0.5142857142857142,0,367,24,122.3,6.0,4,3,4,Loyal Customers,0.5085,Medium Risk
15270,2009-12-17 15:02:00,2011-11-24 09:24:00,168,21,4010,23.86904761904762,8524.86,50.74321428571429,66,0.0714285714285714,0,707,16,33.7,0.73,5,5,5,Champions,0.0104,Low Risk
15271,2010-08-05 14:57:00,2011-12-02 14:11:00,570,24,2412,4.231578947368421,4528.54,7.94480701754386,369,0.0473684210526315,0,484,7,20.2,0.28,5,5,5,Champions,0.1781,Low Risk
15272,2010-02-14 13:39:00,2011-10-13 12:59:00,286,6,665,2.325174825174825,2030.95,7.101223776223776,257,0.5769230769230769,0,606,57,101.0,8.14,4,4,4,Champions,0.0664,Low Risk
15273,2010-04-19 11:31:00,2010-04-19 11:31:00,1,1,216,216.0,228.96,228.96,1,0.0,1,1,600,1.0,300.0,1,1,1,Lost / Inactive,0.7548,High Risk
15274,2011-11-21 14:17:00,2011-12-05 16:57:00,47,2,619,13.170212765957446,716.5699999999999,15.246170212765955,44,0.0,0,15,4,7.5,1.33,5,2,3,Promising / New,0.4803,Medium Risk
15275,2011-11-02 11:20:00,2011-11-02 11:20:00,41,1,498,12.146341463414634,615.14,15.003414634146342,41,0.0,0,1,38,1.0,19.0,4,1,3,Promising / New,0.6085,Medium Risk
15276,2010-10-01 12:24:00,2011-10-04 16:39:00,178,4,317,1.7808988764044944,619.8,3.482022471910112,160,0.0,0,369,66,92.2,13.2,3,3,3,Loyal Customers,0.3564,Medium Risk
15277,2010-10-10 16:02:00,2011-10-24 10:08:00,26,2,373,14.346153846153848,476.34,18.320769230769237,23,0.5384615384615384,0,379,47,189.5,15.67,4,2,2,Promising / New,0.2811,Low Risk
15278,2010-02-12 14:53:00,2010-05-27 10:03:00,29,4,458,15.79310344827586,496.16,17.10896551724138,29,0.0,1,104,562,26.0,112.4,1,3,2,At Risk,0.5946,Medium Risk
15279,2010-02-02 10:15:00,2010-12-20 10:48:00,94,5,802,8.53191489361702,1580.54,16.814255319148934,74,0.0,1,322,355,64.4,59.17,2,4,4,At Risk,0.5861,Medium Risk
15280,2010-05-17 14:17:00,2011-06-20 17:14:00,60,3,507,8.45,397.52,6.625333333333333,48,0.3833333333333333,1,400,172,133.3,43.0,3,3,2,Loyal Customers,0.4431,Medium Risk
15281,2010-10-08 12:14:00,2011-10-12 09:10:00,522,16,5233,10.024904214559388,8543.57,16.36699233716475,427,0.0996168582375478,0,369,59,23.1,3.47,4,5,5,Champions,0.1411,Low Risk
15282,2010-05-18 16:27:00,2010-05-18 16:27:00,27,1,395,14.62962962962963,348.59,12.91074074074074,27,0.0,1,1,570,1.0,285.0,1,1,2,Lost / Inactive,0.6336,Medium Risk
15283,2010-07-09 15:46:00,2010-11-14 14:54:00,9,3,27,3.0,148.32999999999998,16.481111111111108,9,0.1111111111111111,1,128,390,42.7,97.5,2,3,1,At Risk,0.8051,High Risk
15284,2010-07-27 13:25:00,2010-07-27 13:25:00,1,1,5,5.0,24.75,24.75,1,0.0,1,1,500,1.0,250.0,1,1,1,Lost / Inactive,0.8869,High Risk
15285,2010-10-28 09:46:00,2010-10-28 09:46:00,6,1,120,20.0,94.92,15.82,6,0.0,1,1,408,1.0,204.0,2,1,1,Lost / Inactive,0.7102,High Risk
15286,2011-10-21 11:08:00,2011-10-21 11:08:00,3,1,55,18.33333333333333,240.55,80.18333333333334,3,0.0,0,1,50,1.0,25.0,4,1,1,Promising / New,0.7576,High Risk
15287,2009-12-02 12:13:00,2011-11-17 15:34:00,36,5,1010,28.05555555555556,856.03,23.77861111111111,23,0.0,0,716,22,143.2,3.67,4,4,3,Champions,0.0716,Low Risk
15288,2010-02-12 15:27:00,2011-10-27 16:58:00,153,10,1336,8.732026143790849,3715.38,24.283529411764707,128,0.2679738562091503,0,623,43,62.3,3.91,4,5,5,Champions,0.0278,Low Risk
15289,2010-03-28 11:45:00,2011-11-10 13:49:00,97,5,1627,16.77319587628866,1593.09,16.42360824742268,67,0.2886597938144329,0,593,29,118.6,4.83,4,4,4,Champions,0.3502,Medium Risk
15290,2010-02-24 10:15:00,2011-12-05 11:39:00,292,26,6567,22.48972602739726,10496.28,35.946164383561644,106,0.0547945205479452,0,650,5,25.0,0.19,5,5,5,Champions,0.0085,Low Risk
15291,2009-12-03 11:09:00,2011-11-14 11:02:00,244,40,4905,20.102459016393443,13517.76,55.40065573770492,116,0.1229508196721311,0,711,26,17.8,0.63,4,5,5,Champions,0.009,Low Risk
15292,2011-05-22 15:00:00,2011-05-22 15:00:00,24,1,55,2.2916666666666665,178.39,7.432916666666666,24,1.0,1,1,201,1.0,100.5,2,1,1,Lost / Inactive,0.8927,High Risk
15293,2010-02-12 11:54:00,2010-02-12 11:54:00,19,1,178,9.36842105263158,247.5,13.026315789473683,19,0.0,1,1,666,1.0,333.0,1,1,1,Lost / Inactive,0.7143,High Risk
15294,2010-10-25 11:45:00,2010-10-25 11:45:00,15,1,97,6.466666666666667,233.35,15.556666666666668,15,0.0,1,1,411,1.0,205.5,1,1,1,Lost / Inactive,0.8625,High Risk
15295,2010-02-23 13:03:00,2010-02-23 13:03:00,52,1,139,2.673076923076923,207.04,3.981538461538461,50,0.0,1,1,654,1.0,327.0,1,1,1,Lost / Inactive,0.7264,High Risk
15296,2010-01-21 13:48:00,2011-10-20 11:47:00,534,12,5452,10.209737827715356,10323.03,19.331516853932584,342,0.0,0,637,51,53.1,3.92,4,5,5,Champions,0.0281,Low Risk
15297,2011-10-07 09:42:00,2011-11-29 16:32:00,39,3,292,7.487179487179487,641.94,16.46,30,0.0,0,54,10,18.0,2.5,5,3,3,Loyal Customers,0.5304,Medium Risk
15298,2009-12-08 17:04:00,2011-12-07 17:17:00,425,23,6000,14.117647058823527,9061.77,21.321811764705885,199,0.1388235294117647,0,730,2,31.7,0.08,5,5,5,Champions,0.0038,Low Risk
15299,2010-01-12 11:34:00,2011-10-03 14:19:00,10,10,3356,335.6,6156.53,615.653,9,0.0,0,630,67,63.0,6.09,3,5,5,Loyal Customers,0.136,Low Risk
15300,2011-10-06 17:08:00,2011-10-06 17:08:00,28,1,292,10.428571428571429,496.44,17.73,28,0.0,0,1,64,1.0,32.0,3,1,2,Needs Attention,0.7157,High Risk
15301,2010-09-15 15:41:00,2011-10-20 09:57:00,345,17,3763,10.907246376811594,6909.67,20.028028985507248,231,0.0956521739130434,0,400,51,23.5,2.83,4,5,5,Champions,0.1134,Low Risk
15302,2009-12-09 13:11:00,2009-12-09 13:11:00,15,1,102,6.8,308.0,20.53333333333333,15,0.0,1,1,730,1.0,365.0,1,1,2,Lost / Inactive,0.8325,High Risk
15303,2010-01-25 09:42:00,2011-02-22 13:59:00,69,3,514,7.449275362318841,1224.18,17.741739130434784,63,0.3043478260869565,1,394,290,131.3,72.5,2,3,4,At Risk,0.5563,Medium Risk
15304,2010-10-14 10:24:00,2011-10-10 10:23:00,24,9,112,4.666666666666667,796.4,33.18333333333333,8,0.0,0,361,61,40.1,6.1,3,5,3,Loyal Customers,0.3691,Medium Risk
15305,2010-06-02 13:50:00,2010-06-02 13:50:00,5,1,40,8.0,93.6,18.72,5,0.0,1,1,555,1.0,277.5,1,1,1,Lost / Inactive,0.8018,High Risk
15306,2010-02-18 17:12:00,2011-10-06 12:56:00,162,9,3074,18.97530864197531,3484.73,21.51067901234568,123,0.1728395061728395,0,595,64,66.1,6.4,3,5,5,Loyal Customers,0.0773,Low Risk
15307,2011-09-05 11:38:00,2011-09-05 11:38:00,12,1,37,3.083333333333333,205.3,17.108333333333334,12,0.0,1,1,96,1.0,48.0,3,1,1,Needs Attention,0.9016,High Risk
15308,2011-03-10 13:08:00,2011-03-10 13:08:00,19,1,175,9.210526315789474,310.47,16.34052631578947,19,0.0,1,1,274,1.0,137.0,2,1,2,Lost / Inactive,0.7359,High Risk
15309,2009-12-04 13:01:00,2010-04-08 11:11:00,54,4,440,8.148148148148149,797.96,14.777037037037038,49,0.0,1,125,611,31.2,122.2,1,3,3,At Risk,0.6398,Medium Risk
15310,2010-08-18 11:38:00,2010-08-18 11:38:00,45,1,1476,32.8,1634.64,36.32533333333333,45,0.0,1,1,479,1.0,239.5,1,1,4,Lost / Inactive,0.7315,High Risk
15311,2009-12-01 11:21:00,2011-12-09 12:00:00,4306,208,70149,16.29098931723177,114966.42,26.69912215513237,864,0.0380863910822108,0,739,1,3.6,0.0,5,5,5,Champions,0.006,Low Risk
15312,2009-12-16 09:23:00,2011-09-25 13:10:00,163,12,1693,10.386503067484664,2930.19,17.976625766871166,118,0.2576687116564417,0,649,75,54.1,5.77,3,5,5,Loyal Customers,0.0137,Low Risk
15313,2011-08-21 16:02:00,2011-08-21 16:02:00,1,1,25,25.0,52.0,52.0,1,1.0,1,1,110,1.0,55.0,3,1,1,Needs Attention,0.8612,High Risk
15314,2010-10-07 15:41:00,2011-05-24 14:39:00,50,3,750,15.0,820.45,16.409000000000002,49,0.0,1,229,199,76.3,49.75,2,3,3,At Risk,0.6341,Medium Risk
15315,2011-08-15 15:17:00,2011-10-06 12:51:00,37,2,862,23.2972972972973,570.5,15.41891891891892,35,0.0,0,52,64,26.0,21.33,3,2,2,Needs Attention,0.4985,Medium Risk
15316,2011-01-17 11:34:00,2011-01-17 11:34:00,1,1,100,100.0,165.0,165.0,1,0.0,1,1,327,1.0,163.5,2,1,1,Lost / Inactive,0.82,High Risk
15317,2010-01-31 15:55:00,2010-01-31 15:55:00,5,1,45,9.0,129.75,25.95,5,1.0,1,1,677,1.0,338.5,1,1,1,Lost / Inactive,0.8085,High Risk
15318,2011-12-06 11:30:00,2011-12-06 11:30:00,33,1,642,19.454545454545453,312.62,9.473333333333333,33,0.0,0,1,4,1.0,2.0,5,1,2,Promising / New,0.57,Medium Risk
15319,2011-03-01 12:48:00,2011-03-01 12:48:00,16,1,175,10.9375,204.5,12.78125,16,0.0,1,1,284,1.0,142.0,2,1,1,Lost / Inactive,0.7073,High Risk
15320,2011-10-26 13:27:00,2011-10-26 13:27:00,36,1,326,9.055555555555555,267.13,7.420277777777778,36,0.0,0,1,44,1.0,22.0,4,1,1,Promising / New,0.6054,Medium Risk
15321,2010-02-03 09:47:00,2011-09-30 09:40:00,309,12,3653,11.822006472491909,6709.73,21.714336569579288,242,0.0,0,604,71,50.3,5.46,3,5,5,Loyal Customers,0.0402,Low Risk
15322,2010-08-20 13:10:00,2011-09-15 09:34:00,83,2,971,11.698795180722891,1390.86,16.75734939759036,76,0.0,0,391,86,195.5,28.67,3,2,4,Needs Attention,0.3371,Low Risk
15323,2010-02-16 09:21:00,2010-05-26 10:01:00,29,3,188,6.482758620689655,434.6,14.986206896551725,29,0.0,1,100,563,33.3,140.75,1,3,2,At Risk,0.7038,High Risk
15324,2010-01-07 14:37:00,2010-01-07 14:37:00,8,1,74,9.25,140.22,17.5275,8,0.0,1,1,701,1.0,350.5,1,1,1,Lost / Inactive,0.779,High Risk
15325,2010-02-16 13:30:00,2011-08-28 11:55:00,224,8,1382,6.169642857142857,1601.46,7.149375,164,0.2142857142857142,1,558,104,69.8,11.56,3,4,4,Loyal Customers,0.5008,Medium Risk
15326,2009-12-01 13:19:00,2011-01-10 11:38:00,129,5,1351,10.472868217054264,1700.52,13.182325581395348,94,0.0,1,405,334,81.0,55.67,2,4,4,At Risk,0.4694,Medium Risk
15327,2011-10-18 11:55:00,2011-10-18 11:55:00,10,1,116,11.6,208.75,20.875,10,0.0,0,1,53,1.0,26.5,4,1,1,Promising / New,0.7124,High Risk
15328,2010-10-28 09:05:00,2010-10-28 09:05:00,8,1,88,11.0,107.24,13.405,8,0.0,1,1,408,1.0,204.0,2,1,1,Lost / Inactive,0.8018,High Risk
15329,2009-12-14 12:18:00,2011-10-31 15:36:00,154,11,1217,7.902597402597403,2958.83,19.213181818181816,98,0.0,0,687,39,62.5,3.25,4,5,5,Champions,0.0244,Low Risk
15330,2011-10-10 12:30:00,2011-11-07 17:50:00,13,2,1312,100.92307692307692,714.9599999999999,54.99692307692307,10,0.0,0,29,32,14.5,10.67,4,2,3,Promising / New,0.559,Medium Risk
15331,2010-04-09 14:26:00,2010-07-28 09:42:00,44,3,701,15.931818181818182,767.91,17.4525,41,0.0,1,110,500,36.7,125.0,1,3,3,At Risk,0.6405,Medium Risk
15332,2010-07-14 13:01:00,2010-12-08 14:43:00,154,6,2306,14.974025974025974,4892.68,31.770649350649357,113,0.2207792207792207,1,148,366,24.7,52.29,2,4,5,At Risk,0.4373,Medium Risk
15333,2011-05-15 13:27:00,2011-05-15 13:27:00,16,1,344,21.5,1028.56,64.285,16,1.0,1,1,208,1.0,104.0,2,1,3,Lost / Inactive,0.6985,Medium Risk
15334,2011-06-19 13:51:00,2011-07-06 11:22:00,98,3,273,2.7857142857142856,350.82,3.579795918367347,67,0.2959183673469387,1,17,157,5.7,39.25,3,3,2,Loyal Customers,0.6391,Medium Risk
15335,2011-10-17 12:50:00,2011-10-17 12:50:00,35,1,79,2.257142857142857,170.22,4.863428571428571,34,0.0,0,1,54,1.0,27.0,4,1,1,Promising / New,0.8007,High Risk
15336,2010-11-03 12:39:00,2010-11-03 12:39:00,15,1,84,5.6,240.5,16.033333333333335,15,0.0,1,1,402,1.0,201.0,2,1,1,Lost / Inactive,0.8517,High Risk
15337,2010-10-24 15:29:00,2010-10-24 15:29:00,21,1,200,9.523809523809524,373.02,17.762857142857143,21,1.0,1,1,411,1.0,205.5,1,1,2,Lost / Inactive,0.7552,High Risk
15338,2010-01-31 14:25:00,2010-01-31 14:25:00,58,1,148,2.5517241379310347,277.93,4.791896551724138,56,1.0,1,1,677,1.0,338.5,1,1,1,Lost / Inactive,0.747,High Risk
15339,2010-02-08 13:38:00,2011-10-04 12:51:00,220,7,1138,5.172727272727273,1821.02,8.277363636363637,162,0.0,0,603,66,86.1,8.25,3,4,4,Loyal Customers,0.0831,Low Risk
15340,2010-05-27 10:27:00,2010-05-27 10:27:00,7,1,76,10.857142857142858,105.5,15.071428571428571,7,0.0,1,1,562,1.0,281.0,1,1,1,Lost / Inactive,0.7912,High Risk
15341,2010-09-16 16:41:00,2011-09-20 09:40:00,24,2,1008,42.0,2402.72,100.11333333333332,22,0.0,0,369,81,184.5,27.0,3,2,4,Needs Attention,0.3576,Medium Risk
15342,2011-08-02 10:19:00,2011-08-02 10:19:00,24,1,283,11.791666666666666,406.09,16.920416666666664,24,0.0,1,1,130,1.0,65.0,3,1,2,Needs Attention,0.7131,High Risk
15343,2011-09-13 13:55:00,2011-09-13 13:55:00,21,1,84,4.0,364.5,17.357142857142858,21,0.0,0,1,87,1.0,43.5,3,1,2,Needs Attention,0.7174,High Risk
15344,2011-09-26 14:48:00,2011-12-09 10:45:00,26,3,116,4.461538461538462,563.94,21.69,21,0.0,0,74,1,24.7,0.25,5,3,2,Loyal Customers,0.5633,Medium Risk
15345,2011-10-25 11:28:00,2011-10-25 11:28:00,20,1,81,4.05,393.54,19.677,20,0.0,0,1,46,1.0,23.0,4,1,2,Promising / New,0.676,Medium Risk
15346,2010-10-04 15:11:00,2011-01-11 11:18:00,37,3,260,7.027027027027027,596.12,16.111351351351352,36,0.1351351351351351,1,99,333,33.0,83.25,2,3,2,At Risk,0.6806,Medium Risk
15347,2010-09-28 12:50:00,2010-12-08 15:25:00,36,4,542,15.055555555555555,1162.0,32.27777777777778,29,0.0,1,72,366,18.0,73.2,2,3,3,At Risk,0.5451,Medium Risk
15348,2011-09-28 13:17:00,2011-09-28 13:17:00,9,1,84,9.333333333333334,158.04,17.56,9,0.0,0,1,72,1.0,36.0,3,1,1,Needs Attention,0.767,High Risk
15349,2011-06-05 15:46:00,2011-07-04 16:06:00,71,2,321,4.52112676056338,463.91,6.533943661971831,65,0.8309859154929577,1,30,158,15.0,52.67,3,2,2,Needs Attention,0.5463,Medium Risk
15350,2010-11-21 15:14:00,2010-12-01 13:33:00,30,2,272,9.066666666666666,547.6,18.25333333333333,26,0.8333333333333334,1,10,373,5.0,124.33,2,2,2,Lost / Inactive,0.7152,High Risk
15351,2010-10-03 12:18:00,2011-11-27 12:52:00,314,10,1350,4.2993630573248405,3430.22,10.924267515923566,201,0.732484076433121,0,421,12,42.1,1.09,5,5,5,Champions,0.3133,Low Risk
15352,2010-06-09 11:28:00,2010-06-09 11:28:00,34,1,40,1.1764705882352942,111.15,3.269117647058824,34,0.0,1,1,549,1.0,274.5,1,1,1,Lost / Inactive,0.8713,High Risk
15353,2009-12-02 11:33:00,2011-03-30 12:15:00,360,7,1391,3.863888888888889,2794.47,7.762416666666666,274,0.0,1,484,255,69.1,31.88,2,4,4,At Risk,0.3736,Medium Risk
15354,2010-04-15 16:17:00,2010-04-15 16:24:00,3,3,3,1.0,284.4,94.8,1,0.0,1,1,603,0.3,150.75,1,3,1,At Risk,0.8235,High Risk
15355,2011-10-17 15:22:00,2011-11-10 13:44:00,14,2,45,3.2142857142857144,277.05,19.789285714285715,9,0.0,0,24,29,12.0,9.67,4,2,1,Promising / New,0.724,High Risk
15356,2010-10-13 13:12:00,2011-11-08 13:11:00,669,13,1892,2.828101644245142,3239.57,4.842406576980569,290,0.0717488789237668,0,391,31,30.1,2.21,4,5,5,Champions,0.1965,Low Risk
15358,2009-12-07 12:19:00,2011-12-05 09:04:00,1089,42,14902,13.684113865932048,16425.86,15.083434343434345,359,0.0266299357208448,0,728,5,17.3,0.12,5,5,5,Champions,0.0058,Low Risk
15359,2010-01-15 11:30:00,2010-02-15 10:47:00,16,8,145,9.0625,181.35,11.334375,10,0.0,1,31,663,3.9,73.67,1,4,1,At Risk,0.7512,High Risk
15360,2011-10-31 09:35:00,2011-10-31 09:35:00,13,1,223,17.153846153846153,427.93,32.917692307692306,13,0.0,0,1,40,1.0,20.0,4,1,2,Promising / New,0.7077,High Risk
15361,2010-06-14 13:27:00,2010-12-13 09:52:00,10,4,373,37.3,689.07,68.90700000000001,10,0.0,1,182,362,45.5,72.4,2,3,3,At Risk,0.7231,High Risk
15362,2009-12-01 09:08:00,2010-09-17 10:37:00,40,2,368,9.2,613.08,15.327000000000002,38,0.0,1,291,449,145.5,149.67,1,2,3,Lost / Inactive,0.731,High Risk
15363,2010-08-04 08:41:00,2010-12-02 12:28:00,35,2,383,10.942857142857145,678.11,19.37457142857143,32,0.0,1,121,373,60.5,124.33,2,2,3,Lost / Inactive,0.6753,Medium Risk
15364,2011-03-30 13:39:00,2011-09-05 09:46:00,29,2,493,17.0,913.19,31.489310344827587,29,0.0,1,159,96,79.5,32.0,3,2,3,Needs Attention,0.7339,High Risk
15365,2010-02-04 16:43:00,2011-11-14 08:29:00,218,13,2131,9.775229357798166,4557.13,20.904266055045877,126,0.1605504587155963,0,648,26,49.8,1.86,4,5,5,Champions,0.0119,Low Risk
15366,2010-02-26 10:10:00,2011-09-25 15:01:00,138,7,2447,17.731884057971016,2389.08,17.312173913043477,86,0.2608695652173913,0,577,75,82.4,9.38,3,4,4,Loyal Customers,0.2231,Low Risk
15367,2009-12-10 14:20:00,2011-10-13 14:13:00,279,11,2944,10.551971326164876,5081.33,18.212652329749105,214,0.1182795698924731,0,672,57,61.1,4.75,4,5,5,Champions,0.008,Low Risk
15368,2010-11-10 15:52:00,2011-11-18 14:42:00,8,2,406,50.75,722.74,90.3425,8,0.0,0,373,21,186.5,7.0,4,2,3,Promising / New,0.3147,Low Risk
15369,2009-12-08 07:43:00,2010-08-04 13:54:00,59,11,3288,55.72881355932204,6251.26,105.9535593220339,44,0.6271186440677966,1,240,492,21.8,41.0,1,5,5,At Risk,0.522,Medium Risk
15370,2010-10-25 12:08:00,2011-10-30 10:58:00,144,8,1397,9.70138888888889,3739.01,25.965347222222224,90,0.0138888888888888,0,370,41,46.2,4.56,4,4,5,Champions,0.3807,Medium Risk
15371,2010-02-15 13:14:00,2010-02-15 13:14:00,1,1,12,12.0,59.4,59.4,1,0.0,1,1,662,1.0,331.0,1,1,1,Lost / Inactive,0.8753,High Risk
15372,2010-02-14 11:24:00,2011-07-25 16:39:00,57,8,6410,112.4561403508772,6017.06,105.56245614035087,45,0.0701754385964912,1,527,137,65.9,15.22,3,4,5,Loyal Customers,0.5791,Medium Risk
15373,2010-05-02 11:57:00,2011-12-01 15:05:00,189,17,726,3.8412698412698414,3084.54,16.32031746031746,107,0.238095238095238,0,579,8,34.1,0.44,5,5,5,Champions,0.2812,Low Risk
15374,2010-03-25 12:03:00,2011-08-03 09:59:00,10,2,290,29.0,307.32,30.732,8,0.0,1,496,129,248.0,43.0,3,2,2,Needs Attention,0.6261,Medium Risk
15375,2010-01-18 15:38:00,2010-01-18 15:38:00,6,1,84,14.0,60.96,10.16,6,0.0,1,1,690,1.0,345.0,1,1,1,Lost / Inactive,0.8365,High Risk
15376,2011-05-01 13:45:00,2011-10-30 15:04:00,116,3,615,5.301724137931035,1221.56,10.530689655172411,100,1.0,0,183,40,61.0,10.0,4,3,4,Loyal Customers,0.5428,Medium Risk
15377,2010-10-20 11:42:00,2010-11-22 08:55:00,21,4,253,12.047619047619047,1211.75,57.70238095238095,15,0.0,1,33,383,8.2,76.6,2,3,3,At Risk,0.5675,Medium Risk
15378,2010-07-26 08:47:00,2010-09-03 11:30:00,12,2,130,10.833333333333334,246.5,20.541666666666668,8,0.0,1,40,463,20.0,154.33,1,2,1,Lost / Inactive,0.6905,Medium Risk
15379,2010-11-04 11:59:00,2011-06-23 13:13:00,263,8,3000,11.40684410646388,4877.84,18.546920152091257,177,0.0380228136882129,1,232,169,29.0,18.78,3,4,5,Loyal Customers,0.3419,Low Risk
15380,2009-12-01 13:50:00,2011-12-01 12:13:00,52,11,954,18.346153846153847,3248.96,62.48,27,0.0,0,730,9,66.4,0.75,5,5,5,Champions,0.03,Low Risk
15381,2010-05-05 14:35:00,2011-05-10 11:55:00,24,5,802,33.416666666666664,1890.57,78.77374999999999,20,0.0,1,370,214,74.0,35.67,2,4,4,At Risk,0.5429,Medium Risk
15382,2009-12-04 14:13:00,2011-11-25 10:58:00,632,12,9178,14.522151898734178,13733.55,21.73030063291139,315,0.0,0,721,15,60.1,1.15,5,5,5,Champions,0.0083,Low Risk
15384,2010-04-26 12:38:00,2011-06-23 10:57:00,118,4,1767,14.97457627118644,2027.79,17.184661016949153,83,0.0,1,423,170,105.8,34.0,3,3,4,Loyal Customers,0.469,Medium Risk
15385,2010-01-31 13:02:00,2011-10-30 15:11:00,21,3,428,20.38095238095238,942.08,44.860952380952384,18,0.8095238095238095,0,638,40,212.7,10.0,4,3,3,Loyal Customers,0.1102,Low Risk
15386,2011-06-06 13:47:00,2011-06-06 13:47:00,31,1,446,14.387096774193548,394.14,12.714193548387096,31,0.0,1,1,186,1.0,93.0,3,1,2,Needs Attention,0.62,Medium Risk
15387,2010-08-04 16:05:00,2010-08-04 16:05:00,20,1,335,16.75,468.65,23.4325,20,0.0,1,1,492,1.0,246.0,1,1,2,Lost / Inactive,0.7066,High Risk
15388,2011-03-14 13:53:00,2011-03-14 13:53:00,10,1,88,8.8,140.54,14.053999999999998,10,0.0,1,1,270,1.0,135.0,2,1,1,Lost / Inactive,0.7979,High Risk
15389,2010-01-27 12:44:00,2011-06-20 16:18:00,6,5,3940,656.6666666666666,2733.8,455.6333333333334,2,0.0,1,510,172,102.0,28.67,3,4,4,Loyal Customers,0.6738,Medium Risk
15390,2010-10-26 17:23:00,2010-11-08 15:19:00,77,2,894,11.61038961038961,1216.66,15.80077922077922,77,0.0,1,13,396,6.5,132.0,2,2,3,Lost / Inactive,0.4364,Medium Risk
15391,2010-05-04 15:04:00,2010-05-04 15:04:00,12,1,109,9.083333333333334,289.87,24.155833333333334,12,0.0,1,1,584,1.0,292.0,1,1,2,Lost / Inactive,0.7833,High Risk
15392,2010-10-04 12:50:00,2011-12-05 11:01:00,144,7,2144,14.88888888888889,2911.62,20.219583333333333,100,0.0,0,427,5,61.0,0.62,5,4,5,Champions,0.2927,Low Risk
15393,2009-12-15 17:56:00,2011-11-23 16:48:00,44,5,378,8.590909090909092,891.34,20.257727272727276,37,0.0,0,708,16,141.6,2.67,5,4,3,Champions,0.0813,Low Risk
15394,2009-12-15 19:05:00,2011-11-30 11:49:00,227,11,2372,10.44933920704846,5286.8,23.28986784140969,129,0.2466960352422907,0,715,10,65.0,0.83,5,5,5,Champions,0.0145,Low Risk
15395,2011-01-18 12:40:00,2011-01-18 12:40:00,7,1,17,2.4285714285714284,107.45,15.35,7,0.0,1,1,326,1.0,163.0,2,1,1,Lost / Inactive,0.9268,High Risk
15396,2010-05-05 09:04:00,2011-08-19 10:56:00,16,2,278,17.375,796.38,49.77375,16,0.0,1,472,113,236.0,37.67,3,2,3,Needs Attention,0.601,Medium Risk
15397,2011-02-23 09:25:00,2011-02-23 09:25:00,6,1,20,3.333333333333333,94.0,15.666666666666666,6,0.0,1,1,290,1.0,145.0,2,1,1,Lost / Inactive,0.9256,High Risk
15398,2011-09-22 14:56:00,2011-11-23 16:47:00,73,2,769,10.534246575342468,1345.53,18.43191780821918,60,0.0,0,63,16,31.5,5.33,5,2,4,Promising / New,0.5236,Medium Risk
15399,2011-09-21 15:57:00,2011-12-08 13:04:00,50,3,611,12.22,815.77,16.3154,45,0.0,0,78,1,26.0,0.25,5,3,3,Loyal Customers,0.5025,Medium Risk
15400,2010-05-28 08:33:00,2011-09-08 13:57:00,27,8,662,24.51851851851852,1302.3,48.23333333333333,16,0.1851851851851851,1,469,92,58.6,10.22,3,4,4,Loyal Customers,0.6373,Medium Risk
15401,2010-05-20 10:56:00,2010-09-13 13:42:00,14,2,93,6.642857142857143,216.95,15.49642857142857,14,0.0,1,117,452,58.5,150.67,1,2,1,Lost / Inactive,0.768,High Risk
15402,2010-04-27 12:12:00,2011-07-14 12:17:00,131,6,2034,15.526717557251908,1830.54,13.97358778625954,79,0.0,1,444,149,74.0,21.29,3,4,4,Loyal Customers,0.4844,Medium Risk
15403,2009-12-09 12:45:00,2010-08-05 12:21:00,8,2,492,61.5,170.88,21.36,6,0.0,1,239,492,119.5,164.0,1,2,1,Lost / Inactive,0.6841,Medium Risk
15404,2010-11-29 11:03:00,2010-11-29 11:03:00,16,1,334,20.875,257.06,16.06625,16,0.0,1,1,376,1.0,188.0,2,1,1,Lost / Inactive,0.6831,Medium Risk
15405,2010-05-12 15:56:00,2011-06-03 14:44:00,30,2,348,11.6,659.84,21.994666666666667,29,0.0,1,387,189,193.5,63.0,3,2,3,Needs Attention,0.486,Medium Risk
15406,2010-09-12 13:06:00,2011-11-08 13:22:00,122,4,547,4.483606557377049,975.87,7.998934426229508,108,0.5655737704918032,0,423,31,105.8,6.2,4,3,3,Loyal Customers,0.4304,Medium Risk
15407,2011-02-07 13:18:00,2011-11-06 11:55:00,148,4,552,3.72972972972973,1046.74,7.072567567567567,142,0.8378378378378378,0,272,34,68.0,6.8,4,3,3,Loyal Customers,0.4897,Medium Risk
15408,2011-03-20 15:02:00,2011-03-20 15:02:00,34,1,106,3.117647058823529,267.18,7.858235294117647,34,1.0,1,1,264,1.0,132.0,2,1,1,Lost / Inactive,0.8333,High Risk
15409,2009-12-18 15:35:00,2009-12-18 15:35:00,9,1,59,6.555555555555555,131.25,14.583333333333334,9,0.0,1,1,721,1.0,360.5,1,1,1,Lost / Inactive,0.8738,High Risk
15410,2010-04-19 08:57:00,2011-09-16 14:47:00,162,10,1902,11.74074074074074,4685.72,28.9241975308642,80,0.1358024691358024,0,516,84,51.6,7.64,3,5,5,Loyal Customers,0.2575,Low Risk
15411,2011-06-10 12:30:00,2011-11-13 15:19:00,98,4,529,5.3979591836734695,1348.93,13.764591836734697,86,0.5612244897959183,0,157,26,39.2,5.2,4,3,4,Loyal Customers,0.5606,Medium Risk
15412,2011-06-21 15:24:00,2011-06-21 15:24:00,10,1,108,10.8,190.53,19.053,10,0.0,1,1,171,1.0,85.5,3,1,1,Needs Attention,0.7464,High Risk
15413,2009-12-01 10:18:00,2010-01-17 11:33:00,25,5,2694,107.76,6798.72,271.9488,20,0.36,1,48,692,9.6,115.33,1,4,5,At Risk,0.6311,Medium Risk
15414,2011-04-11 13:45:00,2011-11-30 09:50:00,39,3,443,11.35897435897436,774.9,19.869230769230768,37,0.0,0,233,10,77.7,2.5,5,3,3,Loyal Customers,0.6518,Medium Risk
15415,2011-01-30 14:13:00,2011-01-30 14:13:00,47,1,551,11.72340425531915,559.61,11.906595744680851,46,1.0,1,1,313,1.0,156.5,2,1,2,Lost / Inactive,0.6266,Medium Risk
15416,2010-02-01 11:55:00,2011-10-06 09:38:00,228,7,2420,10.614035087719298,4572.82,20.05622807017544,189,0.0,0,612,65,87.4,8.12,3,4,5,Loyal Customers,0.0466,Low Risk
15417,2011-09-15 15:26:00,2011-09-15 15:26:00,28,1,284,10.142857142857142,508.8,18.17142857142857,28,0.0,0,1,85,1.0,42.5,3,1,2,Needs Attention,0.7216,High Risk
15418,2010-05-02 11:31:00,2010-10-10 13:38:00,68,2,264,3.882352941176471,449.42,6.609117647058824,64,1.0,1,162,425,81.0,141.67,1,2,2,Lost / Inactive,0.7922,High Risk
15419,2011-11-15 09:23:00,2011-11-15 09:23:00,8,1,230,28.75,135.86,16.9825,8,0.0,0,1,25,1.0,12.5,4,1,1,Promising / New,0.6799,Medium Risk
15420,2009-12-05 13:29:00,2010-10-01 15:46:00,56,6,844,15.071428571428571,743.0,13.267857142857142,52,0.5,1,301,434,50.2,62.0,1,4,3,At Risk,0.6769,Medium Risk
15421,2009-12-07 15:10:00,2011-10-12 09:20:00,316,10,1927,6.098101265822785,3805.34,12.04221518987342,170,0.3765822784810126,0,674,59,67.4,5.36,4,5,5,Champions,0.0133,Low Risk
15422,2010-02-07 11:52:00,2011-01-20 16:17:00,120,7,710,5.916666666666667,1619.97,13.49975,80,0.4833333333333333,1,348,323,49.7,40.38,2,4,4,At Risk,0.6247,Medium Risk
15423,2010-03-28 13:42:00,2011-11-01 14:01:00,14,3,198,14.142857142857142,266.89,19.06357142857143,13,0.6428571428571429,0,584,38,194.7,9.5,4,3,1,Loyal Customers,0.2259,Low Risk
15424,2010-09-02 17:17:00,2011-03-30 13:02:00,33,3,873,26.454545454545453,597.78,18.114545454545453,33,0.0,1,209,254,69.7,63.5,2,3,2,At Risk,0.6607,Medium Risk
15425,2010-02-14 12:36:00,2010-11-04 18:13:00,143,4,1041,7.27972027972028,1941.12,13.574265734265731,114,0.8811188811188811,1,264,400,66.0,80.0,2,3,4,At Risk,0.6162,Medium Risk
15426,2010-05-02 15:10:00,2011-11-20 15:36:00,429,9,1041,2.4265734265734267,2156.35,5.026456876456876,327,0.9627039627039627,0,568,19,63.1,1.9,5,5,4,Champions,0.3387,Low Risk
15427,2011-10-23 14:47:00,2011-11-06 14:29:00,292,3,967,3.3116438356164384,1430.54,4.899109589041096,233,1.0,0,14,33,4.7,8.25,4,3,4,Loyal Customers,0.2131,Low Risk
15428,2009-12-17 17:46:00,2011-11-24 16:54:00,44,4,347,7.886363636363637,762.75,17.335227272727273,39,0.0,0,707,15,176.8,3.0,5,3,3,Loyal Customers,0.0669,Low Risk
15429,2011-09-25 13:42:00,2011-11-13 12:28:00,82,2,380,4.634146341463414,397.35,4.845731707317073,77,1.0,0,49,27,24.5,9.0,4,2,2,Promising / New,0.3844,Medium Risk
15430,2010-06-29 15:04:00,2010-08-29 10:42:00,36,2,309,8.583333333333334,954.75,26.52083333333333,36,0.0833333333333333,1,61,468,30.5,156.0,1,2,3,Lost / Inactive,0.661,Medium Risk
15431,2010-07-25 12:44:00,2010-07-25 12:44:00,2,1,84,42.0,153.24,76.62,2,1.0,1,1,503,1.0,251.5,1,1,1,Lost / Inactive,0.8186,High Risk
15432,2010-06-16 14:34:00,2011-11-16 16:30:00,16,2,92,5.75,320.76,20.0475,16,0.0,0,519,23,259.5,7.67,4,2,2,Promising / New,0.3266,Low Risk
15433,2011-03-17 14:12:00,2011-05-10 10:45:00,41,2,534,13.024390243902438,533.3,13.00731707317073,40,0.0,1,54,214,27.0,71.33,2,2,2,Lost / Inactive,0.5462,Medium Risk
15434,2010-01-24 15:35:00,2011-12-01 13:33:00,134,11,1423,10.619402985074627,2567.06,19.15716417910448,82,0.1417910447761194,0,676,8,61.5,0.67,5,5,4,Champions,0.0187,Low Risk
15435,2011-11-17 16:39:00,2011-11-17 16:39:00,29,1,54,1.862068965517241,149.29,5.147931034482759,29,0.0,0,1,22,1.0,11.0,4,1,1,Promising / New,0.8219,High Risk
15436,2011-04-19 16:52:00,2011-11-27 16:05:00,291,3,574,1.972508591065292,1067.75,3.669243986254296,243,0.570446735395189,0,222,12,74.0,3.0,5,3,3,Loyal Customers,0.4891,Medium Risk
15437,2010-03-09 10:45:00,2011-03-22 13:11:00,57,2,177,3.1052631578947367,393.45,6.902631578947368,56,0.0,1,379,262,189.5,87.33,2,2,2,Lost / Inactive,0.478,Medium Risk
15438,2011-07-31 14:19:00,2011-07-31 14:19:00,25,1,59,2.36,156.57999999999998,6.263199999999999,25,1.0,1,1,131,1.0,65.5,3,1,1,Needs Attention,0.8641,High Risk
15439,2010-02-24 12:05:00,2010-10-31 10:38:00,57,4,572,10.035087719298245,1269.05,22.264035087719297,49,0.2456140350877192,1,249,405,62.2,81.0,2,3,4,At Risk,0.6579,Medium Risk
15440,2011-05-15 11:30:00,2011-10-16 12:16:00,62,3,197,3.177419354838709,383.68,6.188387096774194,50,0.8064516129032258,0,155,55,51.7,13.75,4,3,2,Loyal Customers,0.7196,High Risk
15441,2009-12-09 14:55:00,2010-11-08 15:50:00,57,3,587,10.298245614035087,1254.21,22.00368421052632,45,0.0,1,335,396,111.7,99.0,2,3,4,At Risk,0.6662,Medium Risk
15442,2011-04-05 12:24:00,2011-04-05 12:24:00,2,1,120,60.0,594.0,297.0,2,0.0,1,1,249,1.0,124.5,2,1,2,Lost / Inactive,0.763,High Risk
15443,2010-03-07 12:10:00,2011-12-08 10:40:00,625,14,2699,4.3184,5114.23,8.182768,408,0.5648,0,641,2,45.8,0.13,5,5,5,Champions,0.025,Low Risk
15444,2011-10-30 16:12:00,2011-11-30 17:37:00,214,2,759,3.546728971962617,1411.21,6.594439252336449,191,0.3130841121495327,0,32,9,16.0,3.0,5,2,4,Promising / New,0.2804,Low Risk
15445,2010-04-28 15:00:00,2011-03-20 15:06:00,14,2,118,8.428571428571429,284.5,20.321428571428573,12,0.3571428571428571,1,327,264,163.5,88.0,2,2,1,Lost / Inactive,0.7033,High Risk
15446,2009-12-13 13:53:00,2010-11-28 11:59:00,112,3,265,2.3660714285714284,399.75,3.5691964285714284,90,1.0,1,350,377,116.7,94.25,2,3,2,At Risk,0.5506,Medium Risk
15447,2010-03-24 14:40:00,2011-01-13 11:26:00,29,5,228,7.862068965517241,492.88,16.99586206896552,27,0.0,1,295,331,59.0,55.17,2,4,2,At Risk,0.7454,High Risk
15448,2010-02-03 13:29:00,2011-01-31 10:42:00,49,2,487,9.93877551020408,788.81,16.09816326530612,49,0.0,1,362,313,181.0,104.33,2,2,3,Lost / Inactive,0.3091,Low Risk
15449,2011-03-23 10:43:00,2011-11-13 15:02:00,60,3,812,13.533333333333331,974.52,16.242,47,0.3333333333333333,0,236,26,78.7,6.5,4,3,3,Loyal Customers,0.5968,Medium Risk
15450,2011-11-09 17:11:00,2011-11-09 17:11:00,30,1,376,12.533333333333331,429.84,14.328,30,0.0,0,1,30,1.0,15.0,4,1,2,Promising / New,0.611,Medium Risk
15451,2010-04-19 14:08:00,2010-10-01 13:40:00,60,2,76,1.2666666666666666,226.86,3.781,56,0.0,1,165,434,82.5,144.67,1,2,1,Lost / Inactive,0.7896,High Risk
15452,2010-07-16 14:23:00,2011-11-10 12:13:00,199,6,1087,5.4623115577889445,1785.11,8.97040201005025,158,0.2562814070351759,0,482,30,80.3,4.29,4,4,4,Champions,0.4011,Medium Risk
15453,2011-06-05 12:37:00,2011-12-08 10:59:00,279,7,837,3.0,1371.77,4.91673835125448,169,0.2544802867383512,0,186,2,26.6,0.25,5,4,4,Champions,0.3324,Low Risk
15454,2010-03-31 13:15:00,2010-12-12 14:21:00,40,2,146,3.65,305.99,7.64975,35,0.625,1,257,362,128.5,120.67,2,2,2,Lost / Inactive,0.8146,High Risk
15455,2010-04-21 12:43:00,2010-04-21 12:43:00,2,1,3,1.5,38.25,19.125,2,0.0,1,1,598,1.0,299.0,1,1,1,Lost / Inactive,0.9195,High Risk
15456,2009-12-08 12:54:00,2011-03-01 13:51:00,227,10,2727,12.013215859030836,2091.52,9.21374449339207,128,0.079295154185022,1,449,283,44.9,25.73,2,5,4,At Risk,0.3346,Low Risk
15457,2011-03-22 15:31:00,2011-03-22 15:31:00,58,1,132,2.2758620689655173,237.07,4.087413793103448,56,0.0,1,1,262,1.0,131.0,2,1,1,Lost / Inactive,0.8013,High Risk
15458,2010-11-02 19:50:00,2011-11-14 13:08:00,13,2,300,23.07692307692308,370.44,28.495384615384616,13,0.0,0,377,25,188.5,8.33,4,2,2,Promising / New,0.4277,Medium Risk
15459,2010-07-30 14:31:00,2010-10-18 15:25:00,7,2,121,17.285714285714285,202.83,28.97571428571428,6,0.0,1,81,417,40.5,139.0,1,2,1,Lost / Inactive,0.7407,High Risk
15460,2010-12-20 16:08:00,2010-12-20 16:08:00,56,1,107,1.9107142857142856,214.26,3.826071428571428,53,0.0,1,1,354,1.0,177.0,2,1,1,Lost / Inactive,0.7986,High Risk
15461,2010-03-18 12:40:00,2010-09-05 12:31:00,2,2,230,115.0,429.7,214.85,1,0.5,1,171,461,85.5,153.67,1,2,2,Lost / Inactive,0.7719,High Risk
15462,2010-09-20 10:23:00,2011-09-06 13:11:00,41,4,495,12.073170731707316,737.05,17.976829268292683,32,0.1219512195121951,1,352,94,88.0,18.8,3,3,3,Loyal Customers,0.5803,Medium Risk
15463,2011-11-10 12:57:00,2011-11-10 12:57:00,7,1,106,15.142857142857142,126.14,18.02,7,0.0,0,1,29,1.0,14.5,4,1,1,Promising / New,0.7452,High Risk
15464,2011-01-05 15:56:00,2011-01-05 15:56:00,155,1,348,2.2451612903225806,1044.65,6.739677419354839,155,0.0,1,1,338,1.0,169.0,2,1,3,Lost / Inactive,0.6288,Medium Risk
15465,2009-12-10 09:42:00,2011-11-20 10:11:00,255,32,2638,10.345098039215689,12100.4,47.45254901960784,94,0.596078431372549,0,711,20,22.2,0.61,4,5,5,Champions,0.017,Low Risk
15466,2009-12-03 12:28:00,2011-09-15 14:08:00,262,4,941,3.5916030534351147,1560.46,5.955954198473282,211,0.0,0,652,85,163.0,17.0,3,3,4,Loyal Customers,0.0861,Low Risk
15467,2011-07-10 14:42:00,2011-11-30 14:17:00,52,3,310,5.961538461538462,524.88,10.093846153846156,41,0.75,0,143,9,47.7,2.25,5,3,2,Loyal Customers,0.6592,Medium Risk
15468,2010-11-12 09:39:00,2011-10-19 13:49:00,80,3,1400,17.5,1430.48,17.881,80,0.0,0,342,51,114.0,12.75,4,3,4,Loyal Customers,0.5113,Medium Risk
15469,2010-09-27 10:09:00,2011-10-20 16:21:00,43,3,287,6.674418604651163,874.25,20.33139534883721,38,0.0,0,389,50,129.7,12.5,4,3,3,Loyal Customers,0.5139,Medium Risk
15470,2010-05-13 09:35:00,2010-05-13 09:35:00,4,1,232,58.0,63.42,15.855,4,0.0,1,1,576,1.0,288.0,1,1,1,Lost / Inactive,0.6582,Medium Risk
15471,2010-06-07 12:17:00,2011-12-07 14:12:00,155,3,670,4.32258064516129,1292.01,8.335548387096773,122,0.0,0,549,2,183.0,0.5,5,3,4,Loyal Customers,0.1831,Low Risk
15472,2011-08-18 15:17:00,2011-08-18 15:17:00,76,1,251,3.3026315789473686,371.56,4.888947368421053,76,0.0,1,1,113,1.0,56.5,3,1,2,Needs Attention,0.7218,High Risk
15473,2010-09-21 09:14:00,2011-11-25 15:15:00,14,8,776,55.42857142857143,2046.0,146.14285714285714,5,0.0,0,431,14,53.9,1.56,5,4,4,Champions,0.5825,Medium Risk
15474,2010-04-23 11:14:00,2010-04-23 11:14:00,19,1,55,2.8947368421052637,150.35,7.913157894736842,19,0.0,1,1,596,1.0,298.0,1,1,1,Lost / Inactive,0.8902,High Risk
15475,2011-09-23 15:20:00,2011-09-23 15:20:00,29,1,319,11.0,454.11,15.65896551724138,29,0.0,0,1,77,1.0,38.5,3,1,2,Needs Attention,0.6671,Medium Risk
15476,2010-09-23 14:00:00,2010-11-24 15:17:00,79,4,1174,14.860759493670884,2209.98,27.974430379746835,67,0.0,1,63,380,15.8,76.0,2,3,4,At Risk,0.4375,Medium Risk
15477,2010-02-28 10:37:00,2010-02-28 10:37:00,2,1,216,108.0,368.4,184.2,2,1.0,1,1,650,1.0,325.0,1,1,2,Lost / Inactive,0.766,High Risk
15478,2010-05-13 18:49:00,2011-10-30 14:19:00,69,3,894,12.956521739130435,1983.48,28.74608695652174,53,0.2898550724637681,0,535,40,178.3,10.0,4,3,4,Loyal Customers,0.207,Low Risk
15479,2009-12-06 15:08:00,2009-12-06 15:08:00,9,1,38,4.222222222222222,147.4,16.37777777777778,9,1.0,1,1,733,1.0,366.5,1,1,1,Lost / Inactive,0.9126,High Risk
15480,2010-02-01 14:52:00,2011-08-15 14:32:00,215,5,1852,8.613953488372093,6279.0,29.204651162790697,199,0.0,1,560,116,112.0,19.33,3,4,5,Loyal Customers,0.4561,Medium Risk
15481,2010-11-03 14:52:00,2010-11-03 14:52:00,38,1,1450,38.1578947368421,1993.34,52.456315789473685,38,0.0,1,1,401,1.0,200.5,2,1,4,Lost / Inactive,0.7521,High Risk
15482,2009-12-02 16:59:00,2011-11-24 10:46:00,148,19,6516,44.02702702702703,14417.36,97.4145945945946,74,0.1756756756756756,0,722,16,38.0,0.8,5,5,5,Champions,0.0293,Low Risk
15483,2010-01-24 15:42:00,2011-07-01 13:07:00,269,10,905,3.3643122676579926,817.8199999999999,3.040223048327137,216,0.3568773234200743,1,523,161,52.3,14.64,3,5,3,Loyal Customers,0.5819,Medium Risk
15484,2009-12-05 15:18:00,2011-12-08 15:03:00,240,6,4074,16.975,4652.1,19.383750000000003,180,0.1375,0,733,1,122.2,0.14,5,4,5,Champions,0.0166,Low Risk
15485,2009-12-01 17:31:00,2011-11-09 14:31:00,137,7,2153,15.715328467153284,4810.92,35.11620437956204,80,0.0,0,708,30,101.1,3.75,4,4,5,Champions,0.0391,Low Risk
15486,2010-06-30 13:15:00,2010-06-30 13:15:00,1,1,40,40.0,102.0,102.0,1,0.0,1,1,527,1.0,263.5,1,1,1,Lost / Inactive,0.8489,High Risk
15487,2010-01-29 12:07:00,2010-01-29 12:07:00,14,1,144,10.285714285714286,231.32,16.52285714285714,14,0.0,1,1,680,1.0,340.0,1,1,1,Lost / Inactive,0.7298,High Risk
15488,2010-05-05 13:03:00,2011-09-08 10:11:00,11,5,251,22.818181818181817,431.92,39.26545454545455,10,0.0,1,491,93,98.2,15.5,3,4,2,Loyal Customers,0.5655,Medium Risk
15489,2010-01-15 16:58:00,2011-11-17 08:53:00,114,8,1264,11.087719298245617,2419.61,21.22464912280702,75,0.0614035087719298,0,671,23,83.9,2.56,4,4,4,Champions,0.0453,Low Risk
15490,2010-10-05 13:11:00,2010-10-05 13:11:00,25,1,82,3.28,210.85,8.434,22,0.0,1,1,430,1.0,215.0,1,1,1,Lost / Inactive,0.8749,High Risk
15491,2011-04-18 10:04:00,2011-09-05 15:56:00,154,6,1646,10.688311688311687,3100.09,20.130454545454548,108,0.0,1,141,95,23.5,13.57,3,4,5,Loyal Customers,0.3553,Medium Risk
15492,2011-09-26 14:02:00,2011-11-11 14:53:00,35,2,483,13.8,659.46,18.84171428571429,32,0.0,0,47,28,23.5,9.33,4,2,3,Promising / New,0.5175,Medium Risk
15493,2010-02-23 11:14:00,2011-11-07 12:04:00,612,9,1206,1.9705882352941175,4121.68,6.734771241830066,289,0.0,0,623,33,69.2,3.3,4,5,5,Champions,0.0669,Low Risk
15494,2009-12-10 20:16:00,2011-11-18 14:51:00,368,5,3052,8.293478260869565,3702.6,10.06141304347826,307,0.0,0,708,21,141.6,3.5,4,4,5,Champions,0.0979,Low Risk
15495,2010-11-25 13:46:00,2010-11-25 13:46:00,20,1,194,9.7,246.5,12.325,20,0.0,1,1,379,1.0,189.5,2,1,1,Lost / Inactive,0.6954,Medium Risk
15496,2010-03-18 13:16:00,2010-03-18 13:16:00,22,1,98,4.454545454545454,146.14,6.642727272727272,22,0.0,1,1,631,1.0,315.5,1,1,1,Lost / Inactive,0.8857,High Risk
15497,2009-12-18 15:08:00,2011-11-22 11:51:00,121,9,2937,24.272727272727277,8657.39,71.54867768595041,66,0.0,0,704,18,78.2,1.8,5,5,5,Champions,0.0297,Low Risk
15498,2009-12-16 17:27:00,2011-12-07 12:48:00,941,44,12134,12.894792773645058,24972.86,26.538639744952174,597,0.0584484590860786,0,721,3,16.4,0.07,5,5,5,Champions,0.0054,Low Risk
15499,2009-12-16 12:17:00,2009-12-16 12:17:00,41,1,59,1.4390243902439024,158.65,3.8695121951219513,40,0.0,1,1,724,1.0,362.0,1,1,1,Lost / Inactive,0.8486,High Risk
15500,2011-09-19 13:47:00,2011-12-01 13:47:00,68,4,572,8.411764705882353,1131.56,16.640588235294118,64,0.3235294117647059,0,74,8,18.5,1.6,5,3,3,Loyal Customers,0.4151,Medium Risk
15501,2010-10-20 12:47:00,2010-10-31 11:15:00,69,2,205,2.971014492753623,399.95,5.796376811594203,64,0.3043478260869565,1,11,405,5.5,135.0,2,2,2,Lost / Inactive,0.6625,Medium Risk
15502,2010-06-03 11:12:00,2011-11-24 12:48:00,330,14,5559,16.845454545454544,13003.87,39.40566666666666,231,0.1424242424242424,0,540,16,38.6,1.07,5,5,5,Champions,0.201,Low Risk
15503,2009-12-13 11:34:00,2010-12-12 10:57:00,117,2,130,1.1111111111111112,257.3,2.1991452991452998,112,1.0,1,364,363,182.0,121.0,2,2,1,Lost / Inactive,0.6769,Medium Risk
15504,2010-02-12 12:34:00,2011-09-19 13:45:00,64,4,141,2.203125,402.7,6.2921875,42,0.0,0,585,81,146.2,16.2,3,3,2,Loyal Customers,0.2735,Low Risk
15505,2011-07-07 13:33:00,2011-10-18 07:56:00,97,5,2390,24.63917525773196,3610.96,37.22639175257732,90,0.0,0,103,53,20.6,8.83,4,4,5,Champions,0.4321,Medium Risk
15506,2010-08-19 12:38:00,2011-11-17 12:11:00,273,6,1637,5.996336996336996,2030.33,7.437106227106227,180,0.3882783882783883,0,455,23,75.8,3.29,4,4,4,Champions,0.3823,Medium Risk
15507,2011-06-21 11:19:00,2011-06-21 11:19:00,45,1,160,3.555555555555556,475.86,10.574666666666667,41,0.0,1,1,172,1.0,86.0,3,1,2,Needs Attention,0.7685,High Risk
15508,2011-04-18 15:31:00,2011-06-03 15:43:00,92,6,440,4.782608695652174,1000.27,10.8725,78,0.0,1,47,189,7.8,27.0,3,4,3,Loyal Customers,0.4105,Medium Risk
15509,2010-11-24 14:48:00,2010-11-24 14:48:00,26,1,58,2.230769230769231,152.41,5.861923076923077,26,0.0,1,1,380,1.0,190.0,2,1,1,Lost / Inactive,0.8711,High Risk
15510,2011-01-13 12:10:00,2011-01-13 12:10:00,1,1,2,2.0,250.0,250.0,1,0.0,1,1,331,1.0,165.5,2,1,1,Lost / Inactive,0.9304,High Risk
15511,2011-09-15 15:05:00,2011-11-28 09:43:00,158,5,269,1.7025316455696202,900.53,5.699556962025317,117,0.0,0,74,12,14.8,2.0,5,4,3,Champions,0.4052,Medium Risk
15512,2010-02-01 13:23:00,2011-07-07 10:20:00,32,4,235,7.34375,331.58,10.361875,29,0.75,1,521,156,130.2,31.2,3,3,2,Loyal Customers,0.522,Medium Risk
15513,2010-01-13 14:59:00,2011-11-06 14:36:00,547,35,10477,19.153564899451556,26437.05,48.33098720292504,278,0.1828153564899451,0,662,33,18.9,0.92,4,5,5,Champions,0.0204,Low Risk
15514,2009-12-04 16:37:00,2011-11-27 14:40:00,317,18,4087,12.892744479495269,6392.06,20.164227129337537,171,0.1230283911671924,0,723,12,40.2,0.63,5,5,5,Champions,0.0055,Low Risk
15515,2010-11-17 13:39:00,2010-11-17 13:39:00,7,1,131,18.714285714285715,171.81,24.544285714285717,7,0.0,1,1,387,1.0,193.5,2,1,1,Lost / Inactive,0.7271,High Risk
15516,2011-10-24 11:33:00,2011-10-26 10:51:00,15,3,27,1.8,62.43,4.162,15,0.0,0,2,45,0.7,11.25,4,3,1,Loyal Customers,0.532,Medium Risk
15517,2011-04-20 14:02:00,2011-04-20 14:02:00,27,1,293,10.851851851851851,267.03,9.89,27,0.0,1,1,233,1.0,116.5,2,1,1,Lost / Inactive,0.6934,Medium Risk
15518,2009-12-20 12:21:00,2011-10-06 13:05:00,448,15,2810,6.272321428571429,4189.99,9.35265625,250,0.3125,0,656,64,43.7,4.0,3,5,5,Loyal Customers,0.0119,Low Risk
15519,2010-09-19 13:57:00,2010-11-21 14:35:00,37,2,116,3.135135135135135,344.61,9.313783783783784,34,1.0,1,64,383,32.0,127.67,2,2,2,Lost / Inactive,0.8282,High Risk
15520,2011-12-08 10:58:00,2011-12-08 10:58:00,18,1,314,17.444444444444443,343.5,19.08333333333333,18,0.0,0,1,2,1.0,1.0,5,1,2,Promising / New,0.6921,Medium Risk
15521,2010-01-05 10:19:00,2011-10-30 13:42:00,403,16,4507,11.183622828784118,7098.24,17.61349875930521,186,0.1439205955334987,0,664,40,41.5,2.35,4,5,5,Champions,0.0055,Low Risk
15522,2011-09-13 12:26:00,2011-11-07 11:26:00,56,2,572,10.214285714285714,397.99,7.106964285714286,47,0.0,0,55,33,27.5,11.0,4,2,2,Promising / New,0.4199,Medium Risk
15523,2009-12-02 15:16:00,2011-09-16 16:29:00,212,16,15633,73.74056603773585,17259.19,81.41127358490566,65,0.0943396226415094,0,654,84,40.9,4.94,3,5,5,Loyal Customers,0.0118,Low Risk
15524,2010-04-12 09:19:00,2011-11-15 12:09:00,9,2,28,3.111111111111111,591.4,65.71111111111111,9,0.0,0,583,25,291.5,8.33,4,2,2,Promising / New,0.1734,Low Risk
15525,2010-11-22 12:10:00,2011-12-07 14:43:00,180,4,527,2.9277777777777776,890.22,4.945666666666667,152,0.0,0,381,2,95.2,0.4,5,3,3,Loyal Customers,0.3653,Medium Risk
15526,2011-11-06 15:01:00,2011-11-06 15:04:00,4,2,24,6.0,148.44,37.11,4,1.0,0,1,33,0.5,11.0,4,2,1,Promising / New,0.7007,High Risk
15527,2009-12-15 17:31:00,2011-11-21 12:17:00,329,23,2211,6.720364741641338,5554.89,16.884164133738604,226,0.1458966565349544,0,706,19,30.7,0.79,5,5,5,Champions,0.0155,Low Risk
15528,2011-03-30 16:14:00,2011-03-30 16:14:00,26,1,123,4.730769230769231,229.33,8.820384615384615,26,0.0,1,1,254,1.0,127.0,2,1,1,Lost / Inactive,0.8601,High Risk
15529,2010-11-10 14:26:00,2011-11-17 11:29:00,785,12,4271,5.440764331210191,4783.66,6.093834394904459,451,0.0,0,372,23,31.0,1.77,4,5,5,Champions,0.1443,Low Risk
15530,2010-07-15 11:10:00,2011-11-18 12:25:00,142,5,1328,9.352112676056338,1808.68,12.737183098591547,111,0.0,0,492,22,98.4,3.67,4,4,4,Champions,0.3889,Medium Risk
15531,2011-11-09 17:47:00,2011-12-01 18:43:00,219,2,1085,4.954337899543379,1972.39,9.00634703196347,196,0.0,0,23,8,11.5,2.67,5,2,4,Promising / New,0.3462,Low Risk
15532,2010-06-08 14:52:00,2011-11-14 14:51:00,617,10,1337,2.166936790923825,3738.85,6.059724473257698,417,0.4959481361426256,0,524,25,52.4,2.27,4,5,5,Champions,0.2665,Low Risk
15533,2011-09-11 15:41:00,2011-11-20 15:35:00,83,3,289,3.4819277108433737,807.57,9.729759036144578,73,1.0,0,70,19,23.3,4.75,5,3,3,Loyal Customers,0.428,Medium Risk
15534,2009-12-14 12:48:00,2009-12-14 12:48:00,8,1,63,7.875,162.25,20.28125,8,0.0,1,1,726,1.0,363.0,1,1,1,Lost / Inactive,0.7825,High Risk
15535,2010-09-16 20:04:00,2011-06-19 16:02:00,130,6,314,2.4153846153846152,1044.37,8.033615384615384,88,0.7923076923076923,1,276,173,46.0,24.71,3,4,3,Loyal Customers,0.5799,Medium Risk
15536,2010-10-26 16:31:00,2010-10-26 16:31:00,16,1,242,15.125,259.09,16.193125,16,0.0,1,1,409,1.0,204.5,2,1,1,Lost / Inactive,0.7009,High Risk
15537,2011-06-29 13:10:00,2011-06-29 13:10:00,24,1,29,1.2083333333333333,110.92,4.621666666666667,24,0.0,1,1,163,1.0,81.5,3,1,1,Needs Attention,0.8908,High Risk
15538,2010-02-14 12:38:00,2010-06-20 10:49:00,14,6,1016,72.57142857142857,3358.4,239.8857142857143,3,0.2857142857142857,1,126,538,21.0,76.86,1,4,5,At Risk,0.6797,Medium Risk
15539,2011-12-02 13:36:00,2011-12-02 13:36:00,41,1,410,10.0,538.46,13.13317073170732,41,0.0,0,1,7,1.0,3.5,5,1,2,Promising / New,0.6507,Medium Risk
15540,2010-11-29 11:10:00,2011-11-28 13:51:00,31,2,444,14.32258064516129,460.68,14.860645161290323,31,0.0,0,365,11,182.5,3.67,5,2,2,Promising / New,0.302,Low Risk
15541,2011-08-17 14:58:00,2011-08-17 14:58:00,29,1,49,1.6896551724137931,85.13,2.9355172413793102,29,0.0,1,1,114,1.0,57.0,3,1,1,Needs Attention,0.8573,High Risk
15542,2009-12-02 11:53:00,2010-07-15 13:32:00,226,3,418,1.8495575221238936,855.71,3.786327433628319,212,0.0,1,226,512,75.3,128.0,1,3,3,At Risk,0.5917,Medium Risk
15543,2010-09-06 11:28:00,2011-02-24 15:26:00,56,2,167,2.982142857142857,242.26,4.326071428571429,50,0.0,1,172,288,86.0,96.0,2,2,1,Lost / Inactive,0.8135,High Risk
15544,2010-01-28 14:39:00,2011-11-30 16:43:00,531,20,6745,12.702448210922787,7807.89,14.704124293785313,175,0.0847457627118644,0,672,9,33.6,0.43,5,5,5,Champions,0.0048,Low Risk
15545,2010-12-03 17:28:00,2011-10-16 13:24:00,80,2,162,2.025,288.97,3.612125,78,0.6125,0,317,54,158.5,18.0,4,2,2,Promising / New,0.559,Medium Risk
15546,2010-04-12 11:45:00,2010-04-12 11:51:00,12,2,198,16.5,1079.1,89.92500000000001,6,0.0,1,1,607,0.5,202.33,1,2,3,Lost / Inactive,0.7067,High Risk
15547,2009-12-06 13:40:00,2011-12-02 12:52:00,1332,26,7278,5.463963963963964,10057.05,7.550337837837837,652,0.7537537537537538,0,726,7,27.9,0.26,5,5,5,Champions,0.0121,Low Risk
15548,2010-04-23 12:20:00,2010-04-23 12:20:00,23,1,64,2.782608695652174,158.09,6.8734782608695655,23,0.0,1,1,596,1.0,298.0,1,1,1,Lost / Inactive,0.8838,High Risk
15549,2010-01-11 13:16:00,2011-09-23 16:22:00,161,8,936,5.813664596273292,2334.16,14.497888198757764,139,0.0,0,621,77,77.6,8.56,3,4,4,Loyal Customers,0.0878,Low Risk
15550,2009-12-03 15:15:00,2011-12-05 15:38:00,235,12,1139,4.846808510638298,2211.05,9.40872340425532,166,0.0,0,733,4,61.1,0.31,5,5,4,Champions,0.017,Low Risk
15551,2010-06-07 15:05:00,2011-11-03 12:37:00,143,7,796,5.566433566433567,1679.81,11.746923076923077,117,0.0139860139860139,0,514,37,73.4,4.62,4,4,4,Champions,0.4173,Medium Risk
15552,2010-03-26 16:17:00,2011-05-06 14:47:00,30,2,166,5.533333333333333,252.52,8.417333333333334,29,0.0,1,406,217,203.0,72.33,2,2,1,Lost / Inactive,0.7103,High Risk
15553,2011-10-10 14:02:00,2011-10-10 14:02:00,55,1,449,8.163636363636364,428.93,7.798727272727273,51,0.0,0,1,60,1.0,30.0,3,1,2,Needs Attention,0.5198,Medium Risk
15554,2011-03-07 09:00:00,2011-03-07 09:00:00,14,1,74,5.285714285714286,217.2,15.514285714285714,14,0.0,1,1,278,1.0,139.0,2,1,1,Lost / Inactive,0.8755,High Risk
15555,2009-12-06 11:58:00,2011-11-27 16:19:00,1591,36,8511,5.349465744814582,11243.91,7.067196731615336,667,0.6348208673790069,0,722,12,20.1,0.32,5,5,5,Champions,0.0115,Low Risk
15556,2011-11-15 16:08:00,2011-11-15 16:08:00,31,1,236,7.612903225806452,279.77,9.024838709677418,31,0.0,0,1,24,1.0,12.0,4,1,1,Promising / New,0.6644,Medium Risk
15557,2011-11-11 12:46:00,2011-11-11 12:46:00,19,1,213,11.210526315789474,468.91,24.679473684210524,16,0.0,0,1,29,1.0,14.5,4,1,2,Promising / New,0.7152,High Risk
15558,2010-03-10 15:25:00,2010-03-10 15:25:00,23,1,73,3.1739130434782608,202.68,8.812173913043477,23,0.0,1,1,639,1.0,319.5,1,1,1,Lost / Inactive,0.8789,High Risk
15559,2010-05-20 14:06:00,2010-05-20 14:06:00,62,1,526,8.483870967741936,1109.4,17.893548387096775,62,0.0,1,1,568,1.0,284.0,1,1,3,Lost / Inactive,0.6845,Medium Risk
15560,2010-11-07 10:14:00,2010-11-07 10:15:00,10,2,72,7.2,153.52,15.352,10,1.0,1,1,398,0.5,132.67,2,2,1,Lost / Inactive,0.8282,High Risk
15561,2010-02-14 12:22:00,2011-11-28 11:07:00,92,8,1334,14.5,1934.39,21.025978260869564,65,0.6521739130434783,0,652,12,81.5,1.33,5,4,4,Champions,0.069,Low Risk
15562,2009-12-13 15:17:00,2010-12-23 09:55:00,33,3,560,16.96969696969697,671.4300000000001,20.34636363636364,32,0.8181818181818182,1,375,352,125.0,88.0,2,3,3,At Risk,0.5895,Medium Risk
15563,2010-01-28 11:36:00,2011-11-17 14:50:00,257,7,3005,11.69260700389105,2859.46,11.126303501945523,179,0.0,0,659,22,94.1,2.75,4,4,4,Champions,0.0432,Low Risk
15564,2010-02-01 15:58:00,2010-09-02 15:52:00,4,2,42,10.5,70.74000000000001,17.685000000000002,4,0.0,1,213,463,106.5,154.33,1,2,1,Lost / Inactive,0.7607,High Risk
15565,2011-09-30 10:44:00,2011-10-20 14:33:00,8,2,60,7.5,173.16,21.645,8,0.0,0,21,50,10.5,16.67,4,2,1,Promising / New,0.7308,High Risk
15566,2009-12-15 14:53:00,2010-11-12 12:11:00,12,2,153,12.75,227.87,18.989166666666662,9,0.0,1,332,393,166.0,131.0,2,2,1,Lost / Inactive,0.6958,Medium Risk
15567,2011-11-21 10:48:00,2011-11-21 10:48:00,7,1,223,31.857142857142858,186.01,26.572857142857146,7,0.0,0,1,19,1.0,9.5,5,1,1,Promising / New,0.6783,Medium Risk
15568,2011-09-27 14:37:00,2011-12-07 11:27:00,53,3,461,8.69811320754717,758.29,14.307358490566036,27,0.0,0,71,3,23.7,0.75,5,3,3,Loyal Customers,0.4871,Medium Risk
15569,2010-02-28 10:55:00,2011-08-28 10:15:00,140,10,1734,12.385714285714286,3583.45,25.596071428571427,123,0.9428571428571428,1,546,104,54.6,9.45,3,5,5,Loyal Customers,0.5294,Medium Risk
15570,2010-03-28 14:04:00,2011-12-02 14:47:00,730,25,4079,5.587671232876712,8736.49,11.967794520547946,442,0.2301369863013698,0,615,7,24.6,0.27,5,5,5,Champions,0.125,Low Risk
15571,2009-12-06 12:10:00,2011-11-28 10:02:00,600,14,2411,4.0183333333333335,3892.35,6.48725,442,0.4366666666666666,0,722,12,51.6,0.8,5,5,5,Champions,0.0155,Low Risk
15572,2010-04-14 14:38:00,2011-12-05 10:09:00,343,10,2089,6.090379008746356,3965.2,11.560349854227404,259,0.1166180758017492,0,600,5,60.0,0.45,5,5,5,Champions,0.0677,Low Risk
15573,2009-12-10 14:19:00,2011-11-08 11:38:00,211,5,770,3.6492890995260665,1188.42,5.632322274881517,181,0.0,0,698,32,139.6,5.33,4,4,3,Champions,0.0666,Low Risk
15574,2010-09-01 14:37:00,2011-06-15 12:01:00,230,6,750,3.260869565217391,1101.44,4.788869565217391,191,0.0,1,287,178,47.8,25.43,3,4,3,Loyal Customers,0.5078,Medium Risk
15575,2010-03-30 12:50:00,2010-03-30 12:50:00,3,1,6,2.0,30.1,10.033333333333331,3,0.0,1,1,620,1.0,310.0,1,1,1,Lost / Inactive,0.9216,High Risk
15576,2011-11-02 12:03:00,2011-11-02 12:03:00,43,1,394,9.16279069767442,921.37,21.427209302325583,43,0.0,0,1,38,1.0,19.0,4,1,3,Promising / New,0.6439,Medium Risk
15577,2009-12-13 16:17:00,2011-07-11 17:03:00,59,5,120,2.0338983050847457,396.03,6.712372881355932,58,0.3050847457627119,1,576,151,115.2,25.17,3,4,2,Loyal Customers,0.604,Medium Risk
15578,2011-06-30 13:03:00,2011-06-30 13:03:00,13,1,52,4.0,127.1,9.776923076923076,13,0.0,1,1,162,1.0,81.0,3,1,1,Needs Attention,0.9009,High Risk
15579,2010-10-03 14:37:00,2011-10-02 12:45:00,161,5,713,4.428571428571429,1250.63,7.767888198757765,140,0.8509316770186336,0,364,69,72.8,11.5,3,4,4,Loyal Customers,0.4331,Medium Risk
15580,2010-02-07 11:21:00,2010-11-28 11:00:00,225,8,955,4.2444444444444445,1375.39,6.112844444444445,150,0.4933333333333333,1,294,377,36.8,41.89,2,4,4,At Risk,0.5333,Medium Risk
15581,2009-12-02 12:19:00,2011-08-11 09:38:00,684,38,3028,4.426900584795321,7480.4,10.93625730994152,542,0.1008771929824561,1,617,121,16.2,3.1,3,5,5,Loyal Customers,0.432,Medium Risk
15582,2011-05-03 13:36:00,2011-11-15 09:55:00,44,3,453,10.295454545454543,682.91,15.520681818181815,39,0.0,0,196,25,65.3,6.25,4,3,3,Loyal Customers,0.6535,Medium Risk
15583,2010-11-28 15:04:00,2010-11-28 15:04:00,39,1,56,1.435897435897436,95.96,2.460512820512821,37,1.0,1,1,376,1.0,188.0,2,1,1,Lost / Inactive,0.6729,Medium Risk
15584,2010-02-07 12:16:00,2011-11-16 10:55:00,220,6,483,2.1954545454545453,1268.2,5.764545454545455,174,0.4409090909090909,0,647,24,107.8,3.43,4,4,4,Champions,0.0514,Low Risk
15585,2011-06-16 08:38:00,2011-06-16 08:38:00,31,1,320,10.32258064516129,455.3,14.687096774193549,31,0.0,1,1,177,1.0,88.5,3,1,2,Needs Attention,0.6725,Medium Risk
15586,2010-01-08 10:02:00,2010-04-26 11:00:00,38,3,1338,35.21052631578947,1139.1,29.97631578947368,30,0.0,1,109,593,36.3,148.25,1,3,3,At Risk,0.6574,Medium Risk
15587,2010-08-05 08:44:00,2011-10-20 13:37:00,14,7,528,37.71428571428572,1522.08,108.72,3,0.1428571428571428,0,442,50,63.1,6.25,4,4,4,Champions,0.6594,Medium Risk
15588,2010-01-31 12:19:00,2010-01-31 12:19:00,4,1,96,24.0,579.6,144.9,4,1.0,1,1,678,1.0,339.0,1,1,2,Lost / Inactive,0.7954,High Risk
15589,2011-02-02 10:46:00,2011-03-29 09:54:00,29,3,243,8.379310344827585,478.53,16.50103448275862,28,0.0,1,55,256,18.3,64.0,2,3,2,At Risk,0.6009,Medium Risk
15590,2010-04-12 10:09:00,2010-11-22 14:49:00,87,5,832,9.563218390804598,1496.6,17.20229885057471,75,0.4482758620689655,1,225,382,45.0,63.67,2,4,4,At Risk,0.5804,Medium Risk
15591,2010-02-04 09:20:00,2010-05-06 09:23:00,7,3,58,8.285714285714286,217.9,31.12857142857143,6,0.0,1,92,583,30.7,145.75,1,3,1,At Risk,0.6816,Medium Risk
15592,2011-10-24 08:59:00,2011-10-24 08:59:00,24,1,354,14.75,388.58,16.190833333333334,24,0.0,0,1,47,1.0,23.5,4,1,2,Promising / New,0.6313,Medium Risk
15593,2011-09-30 11:46:00,2011-09-30 11:46:00,5,1,60,12.0,199.8,39.96,5,0.0,0,1,71,1.0,35.5,3,1,1,Needs Attention,0.7363,High Risk
15594,2011-04-19 10:08:00,2011-11-24 08:53:00,103,5,983,9.54368932038835,1771.78,17.201747572815535,85,0.0,0,219,16,43.8,2.67,5,4,4,Champions,0.5109,Medium Risk
15595,2010-08-09 12:27:00,2010-08-09 12:27:00,4,1,144,36.0,357.6,89.39999999999999,4,0.0,1,1,488,1.0,244.0,1,1,2,Lost / Inactive,0.7421,High Risk
15596,2010-07-28 11:46:00,2011-08-31 10:55:00,155,9,1208,7.7935483870967746,2727.72,17.598193548387094,82,0.0,1,399,101,44.3,10.1,3,5,4,Loyal Customers,0.3414,Low Risk
15597,2010-05-13 13:10:00,2011-11-04 13:26:00,37,2,393,10.62162162162162,563.37,15.226216216216216,35,0.0,0,541,35,270.5,11.67,4,2,2,Promising / New,0.1807,Low Risk
15598,2010-10-08 09:20:00,2011-10-17 16:04:00,36,2,404,11.22222222222222,548.02,15.222777777777775,32,0.0,0,375,53,187.5,17.67,4,2,2,Promising / New,0.2928,Low Risk
15599,2010-09-20 10:15:00,2011-11-13 11:44:00,83,3,1098,13.228915662650602,1250.06,15.060963855421686,77,0.2771084337349397,0,420,27,140.0,6.75,4,3,4,Loyal Customers,0.435,Medium Risk
15600,2010-04-25 11:50:00,2010-10-07 14:30:00,71,4,657,9.253521126760564,1199.31,16.89169014084507,55,0.2816901408450704,1,166,428,41.5,85.6,1,3,3,At Risk,0.6245,Medium Risk
15601,2009-12-01 14:53:00,2011-11-28 15:15:00,824,30,10395,12.615291262135925,14191.74,17.222985436893204,310,0.0898058252427184,0,728,11,24.3,0.35,5,5,5,Champions,0.0046,Low Risk
15602,2009-12-02 09:35:00,2011-12-01 14:14:00,125,16,2292,18.336,3137.96,25.10368,62,0.0,0,730,8,45.6,0.47,5,5,5,Champions,0.0107,Low Risk
15603,2010-03-01 16:02:00,2011-09-22 10:04:00,4,2,128,32.0,88.48,22.12,4,0.0,0,570,79,285.0,26.33,3,2,1,Needs Attention,0.201,Low Risk
15604,2011-10-18 14:47:00,2011-10-18 14:47:00,17,1,159,9.352941176470589,216.39,12.728823529411764,17,0.0,0,1,52,1.0,26.0,4,1,1,Promising / New,0.7179,High Risk
15605,2010-01-14 14:03:00,2011-11-03 14:17:00,99,9,641,6.474747474747475,1741.95,17.595454545454547,80,0.1111111111111111,0,659,36,73.2,3.6,4,5,4,Champions,0.0293,Low Risk
15606,2010-03-02 14:48:00,2011-10-09 15:47:00,145,17,1615,11.137931034482758,5230.99,36.07579310344828,84,0.2689655172413793,0,587,61,34.5,3.39,3,5,5,Loyal Customers,0.2251,Low Risk
15607,2010-01-08 12:16:00,2011-01-07 12:44:00,109,9,1470,13.486238532110091,1708.97,15.67862385321101,95,0.0,1,365,337,40.6,33.7,2,5,4,At Risk,0.422,Medium Risk
15608,2010-10-20 10:10:00,2011-11-11 13:20:00,105,5,1262,12.01904761904762,1785.98,17.009333333333334,93,0.0,0,388,28,77.6,4.67,4,4,4,Champions,0.4363,Medium Risk
15609,2011-06-08 13:00:00,2011-06-08 13:00:00,16,1,148,9.25,298.48,18.655,16,0.0,1,1,184,1.0,92.0,3,1,2,Needs Attention,0.7557,High Risk
15610,2011-10-19 10:36:00,2011-10-19 10:36:00,6,1,66,11.0,112.46,18.743333333333336,6,0.0,0,1,52,1.0,26.0,4,1,1,Promising / New,0.7546,High Risk
15611,2010-01-25 14:50:00,2011-11-30 12:36:00,94,26,747,7.946808510638298,2997.28,31.88595744680851,43,0.202127659574468,0,674,10,25.9,0.37,5,5,5,Champions,0.0634,Low Risk
15612,2011-10-09 12:49:00,2011-11-03 14:52:00,6,2,52,8.666666666666666,195.15,32.525,4,0.5,0,26,36,13.0,12.0,4,2,1,Promising / New,0.7076,High Risk
15613,2010-04-08 12:51:00,2010-04-08 12:51:00,27,1,700,25.925925925925927,433.72,16.063703703703702,27,0.0,1,1,610,1.0,305.0,1,1,2,Lost / Inactive,0.6366,Medium Risk
15614,2010-03-23 11:13:00,2010-09-28 10:46:00,81,4,1632,20.14814814814815,3147.36,38.8562962962963,73,0.0,1,189,438,47.2,87.6,1,3,5,At Risk,0.6482,Medium Risk
15615,2009-12-02 15:28:00,2011-11-29 14:42:00,901,47,12090,13.41842397336293,21373.97,23.72249722530522,292,0.027746947835738,0,727,10,15.5,0.21,5,5,5,Champions,0.0047,Low Risk
15616,2010-09-27 13:10:00,2010-09-27 13:10:00,13,1,137,10.538461538461538,317.11,24.39307692307693,13,0.0,1,1,438,1.0,219.0,1,1,2,Lost / Inactive,0.7504,High Risk
15617,2010-07-20 13:16:00,2010-11-08 16:07:00,42,3,485,11.547619047619047,828.55,19.72738095238095,41,0.0,1,112,396,37.3,99.0,2,3,3,At Risk,0.6535,Medium Risk
15618,2011-07-26 10:13:00,2011-11-07 08:34:00,45,4,454,10.088888888888889,776.85,17.263333333333335,39,0.0,0,104,33,26.0,6.6,4,3,3,Loyal Customers,0.5398,Medium Risk
15619,2011-11-29 08:14:00,2011-11-29 08:14:00,3,1,136,45.333333333333336,336.4,112.13333333333333,3,0.0,0,1,11,1.0,5.5,5,1,2,Promising / New,0.7493,High Risk
15620,2010-10-26 11:32:00,2011-10-14 12:41:00,129,4,1249,9.682170542635658,1942.36,15.05705426356589,114,0.0,0,354,57,88.5,11.4,4,3,4,Loyal Customers,0.3997,Medium Risk
15621,2011-11-18 11:49:00,2011-12-05 14:01:00,16,4,501,31.3125,1293.03,80.814375,11,0.0,0,18,4,4.5,0.8,5,3,4,Loyal Customers,0.4861,Medium Risk
15622,2010-03-04 10:29:00,2011-10-27 16:44:00,426,17,4091,9.603286384976526,7852.61,18.433356807511736,331,0.0,0,603,43,35.5,2.39,4,5,5,Champions,0.0469,Low Risk
15623,2009-12-10 14:46:00,2011-07-21 17:26:00,108,8,1087,10.064814814814817,2437.05,22.56527777777778,91,0.1759259259259259,1,589,141,73.6,15.67,3,4,4,Loyal Customers,0.4089,Medium Risk
15624,2011-03-28 13:32:00,2011-08-15 11:38:00,34,4,357,10.5,588.13,17.297941176470587,26,0.0,1,140,117,35.0,23.4,3,3,2,Loyal Customers,0.6681,Medium Risk
15625,2010-06-15 15:23:00,2011-08-28 10:21:00,171,9,3020,17.660818713450293,3236.4,18.926315789473684,106,0.2339181286549707,1,439,104,48.8,10.4,3,5,5,Loyal Customers,0.3687,Medium Risk
15626,2010-10-14 17:16:00,2011-09-26 10:03:00,80,3,1138,14.225,1067.52,13.344,73,0.0,0,347,75,115.7,18.75,3,3,3,Loyal Customers,0.4452,Medium Risk
15627,2010-07-05 11:56:00,2010-09-08 14:14:00,24,2,344,14.333333333333334,566.9,23.620833333333334,23,0.0,1,66,457,33.0,152.33,1,2,2,Lost / Inactive,0.6828,Medium Risk
15628,2009-12-13 13:39:00,2011-12-05 10:24:00,299,17,3569,11.936454849498327,5333.08,17.83638795986622,136,0.060200668896321,0,722,5,42.5,0.28,5,5,5,Champions,0.0158,Low Risk
15629,2010-06-25 11:39:00,2010-09-15 13:46:00,77,4,1518,19.714285714285715,2240.9,29.102597402597404,39,0.0,1,83,450,20.8,90.0,1,3,4,At Risk,0.5348,Medium Risk
15630,2010-03-05 14:30:00,2011-10-25 15:36:00,80,3,987,12.3375,1481.4,18.5175,76,0.0,0,600,45,200.0,11.25,4,3,4,Loyal Customers,0.09,Low Risk
15631,2010-03-07 14:52:00,2010-03-07 14:52:00,39,1,525,13.461538461538462,596.67,15.299230769230768,39,1.0,1,1,642,1.0,321.0,1,1,2,Lost / Inactive,0.6262,Medium Risk
15632,2011-03-10 08:29:00,2011-11-24 09:51:00,167,8,2109,12.62874251497006,3285.31,19.67251497005988,107,0.0,0,260,16,32.5,1.78,5,4,5,Champions,0.3214,Low Risk
15633,2009-12-08 17:51:00,2010-07-18 13:54:00,176,13,2048,11.636363636363637,4335.96,24.636136363636364,77,0.1931818181818181,1,222,509,17.1,36.36,1,5,5,At Risk,0.2812,Low Risk
15634,2010-11-21 15:30:00,2011-11-22 16:28:00,34,2,227,6.676470588235294,554.65,16.313235294117646,34,0.5588235294117647,0,367,17,183.5,5.67,5,2,2,Promising / New,0.3354,Low Risk
15635,2010-11-09 08:58:00,2010-11-09 08:58:00,2,1,5,2.5,100.35,50.175,2,0.0,1,1,396,1.0,198.0,2,1,1,Lost / Inactive,0.9146,High Risk
15636,2010-05-19 11:37:00,2011-09-11 11:17:00,57,4,560,9.824561403508772,1444.58,25.343508771929823,39,0.2982456140350877,0,480,90,120.0,18.0,3,3,4,Loyal Customers,0.5724,Medium Risk
15637,2009-12-15 17:54:00,2011-10-18 08:28:00,41,5,651,15.878048780487806,797.59,19.45341463414634,37,0.0,0,672,53,134.4,8.83,4,4,3,Champions,0.0632,Low Risk
15638,2010-04-08 14:37:00,2010-11-26 11:52:00,25,6,1134,45.36,2265.2,90.608,20,0.2,1,232,379,38.7,54.14,2,4,4,At Risk,0.597,Medium Risk
15639,2010-04-13 13:11:00,2011-07-28 14:30:00,69,3,849,12.304347826086955,1065.08,15.435942028985506,61,0.0,1,472,134,157.3,33.5,3,3,3,Loyal Customers,0.5289,Medium Risk
15640,2009-12-14 16:36:00,2011-12-05 14:35:00,748,29,12140,16.22994652406417,23494.31,31.409505347593583,303,0.2954545454545454,0,721,4,24.9,0.13,5,5,5,Champions,0.0112,Low Risk
15641,2009-12-06 15:31:00,2011-08-26 14:04:00,311,12,4422,14.218649517684888,5345.55,17.188263665594857,249,0.1897106109324758,1,628,105,52.3,8.08,3,5,5,Loyal Customers,0.2105,Low Risk
15642,2009-12-10 11:51:00,2009-12-10 11:51:00,6,1,270,45.0,105.78,17.63,6,0.0,1,1,730,1.0,365.0,1,1,1,Lost / Inactive,0.6947,Medium Risk
15643,2011-03-02 14:34:00,2011-06-01 07:38:00,33,3,246,7.454545454545454,664.0,20.12121212121212,31,0.0,1,91,192,30.3,48.0,2,3,3,At Risk,0.6764,Medium Risk
15644,2011-03-23 15:37:00,2011-06-26 14:54:00,232,4,550,2.3706896551724137,803.54,3.4635344827586207,166,0.5172413793103449,1,95,166,23.8,33.2,3,3,3,Loyal Customers,0.4713,Medium Risk
15645,2010-10-10 12:51:00,2011-11-21 11:55:00,68,3,396,5.823529411764706,1055.17,15.517205882352942,59,0.2205882352941176,0,407,19,135.7,4.75,5,3,3,Loyal Customers,0.4395,Medium Risk
15646,2010-10-25 13:06:00,2011-07-05 09:53:00,68,5,821,12.073529411764708,784.81,11.541323529411764,65,0.0,1,253,158,50.6,26.33,3,4,3,Loyal Customers,0.5974,Medium Risk
15647,2010-10-20 15:09:00,2010-10-20 15:09:00,11,1,124,11.272727272727272,169.0,15.363636363636363,11,0.0,1,1,415,1.0,207.5,1,1,1,Lost / Inactive,0.7466,High Risk
15648,2011-03-17 18:59:00,2011-05-19 15:53:00,24,2,218,9.083333333333334,639.5,26.64583333333333,23,0.0,1,63,204,31.5,68.0,2,2,3,Lost / Inactive,0.731,High Risk
15649,2010-11-17 16:22:00,2011-01-07 13:34:00,11,4,365,33.18181818181818,1660.35,150.9409090909091,8,0.0,1,51,336,12.8,67.2,2,3,4,At Risk,0.5725,Medium Risk
15650,2010-03-21 11:46:00,2010-07-06 10:41:00,36,2,210,5.833333333333333,553.88,15.385555555555555,33,0.6944444444444444,1,107,522,53.5,174.0,1,2,2,Lost / Inactive,0.7692,High Risk
15651,2010-04-22 13:26:00,2011-11-03 08:41:00,60,5,871,14.516666666666667,1259.06,20.98433333333333,52,0.0,0,560,37,112.0,6.17,4,4,4,Champions,0.308,Low Risk
15652,2010-08-11 16:58:00,2011-09-09 14:22:00,102,5,657,6.441176470588236,1405.94,13.78372549019608,93,0.0,1,394,91,78.8,15.17,3,4,4,Loyal Customers,0.5682,Medium Risk
15653,2011-08-16 09:50:00,2011-09-08 10:49:00,6,2,1200,200.0,877.44,146.24,4,0.0,1,24,93,12.0,31.0,3,2,3,Needs Attention,0.6695,Medium Risk
15654,2011-11-13 15:15:00,2011-11-30 13:08:00,21,2,475,22.61904761904762,922.53,43.93,15,0.4285714285714285,0,17,9,8.5,3.0,5,2,3,Promising / New,0.556,Medium Risk
15655,2011-04-10 15:25:00,2011-04-10 15:25:00,34,1,324,9.529411764705882,560.67,16.490294117647057,34,1.0,1,1,243,1.0,121.5,2,1,2,Lost / Inactive,0.7382,High Risk
15656,2011-02-28 15:32:00,2011-10-25 14:56:00,47,4,343,7.297872340425532,748.5,15.925531914893616,46,0.0,0,239,45,59.8,9.0,4,3,3,Loyal Customers,0.6567,Medium Risk
15657,2011-11-17 12:19:00,2011-11-17 12:19:00,1,1,24,24.0,30.0,30.0,1,0.0,0,1,23,1.0,11.5,4,1,1,Promising / New,0.7278,High Risk
15658,2009-12-03 11:19:00,2011-06-02 15:22:00,102,8,627,6.147058823529412,2117.27,20.757549019607843,79,0.0,1,547,190,68.4,21.11,2,4,4,At Risk,0.5862,Medium Risk
15659,2010-02-24 13:32:00,2011-10-27 09:23:00,21,3,161,7.666666666666667,532.49,25.356666666666666,14,0.0,0,610,44,203.3,11.0,4,3,2,Loyal Customers,0.103,Low Risk
15660,2010-02-05 16:01:00,2011-11-14 16:58:00,151,15,1783,11.80794701986755,2603.69,17.24298013245033,73,0.0,0,648,25,43.2,1.56,4,5,4,Champions,0.024,Low Risk
15661,2010-05-10 07:59:00,2011-01-26 13:56:00,44,8,779,17.704545454545453,1215.95,27.635227272727278,27,0.0681818181818181,1,262,317,32.8,35.22,2,4,3,At Risk,0.5245,Medium Risk
15662,2009-12-01 13:49:00,2010-02-16 16:47:00,12,2,145,12.083333333333334,283.73,23.644166666666667,12,0.0,1,78,661,39.0,220.33,1,2,1,Lost / Inactive,0.7227,High Risk
15663,2011-08-25 15:50:00,2011-08-25 15:50:00,9,1,106,11.77777777777778,138.14,15.348888888888888,9,0.0,1,1,106,1.0,53.0,3,1,1,Needs Attention,0.7848,High Risk
15664,2010-02-28 12:50:00,2011-10-20 10:57:00,70,4,530,7.571428571428571,1254.03,17.914714285714286,54,0.3857142857142857,0,599,51,149.8,10.2,4,3,4,Loyal Customers,0.1955,Low Risk
15665,2010-03-14 15:07:00,2011-06-24 14:57:00,286,5,2777,9.70979020979021,3987.07,13.940804195804196,163,0.8636363636363636,1,467,168,93.4,28.0,3,4,5,Loyal Customers,0.5392,Medium Risk
15666,2010-08-01 15:41:00,2010-08-24 16:14:00,67,2,469,7.0,632.9399999999999,9.44686567164179,62,0.5522388059701493,1,24,472,12.0,157.33,1,2,3,Lost / Inactive,0.5053,Medium Risk
15667,2011-10-31 10:56:00,2011-10-31 10:56:00,13,1,240,18.46153846153846,301.32,23.178461538461537,13,0.0,0,1,40,1.0,20.0,4,1,2,Promising / New,0.718,High Risk
15668,2011-05-06 10:39:00,2011-05-06 10:39:00,1,1,72,72.0,76.32,76.32,1,0.0,1,1,218,1.0,109.0,2,1,1,Lost / Inactive,0.8675,High Risk
15669,2011-03-21 09:13:00,2011-10-30 16:03:00,33,4,342,10.363636363636363,684.34,20.73757575757576,31,0.2424242424242424,0,224,40,56.0,8.0,4,3,3,Loyal Customers,0.6603,Medium Risk
15670,2010-06-01 15:34:00,2011-02-16 10:50:00,19,2,132,6.947368421052632,325.2,17.11578947368421,19,0.0,1,260,297,130.0,99.0,2,2,2,Lost / Inactive,0.7674,High Risk
15671,2011-03-14 09:37:00,2011-11-21 12:43:00,78,7,1699,21.78205128205128,2657.13,34.065769230769234,52,0.0,0,253,19,36.1,2.38,5,4,4,Champions,0.3861,Medium Risk
15672,2009-12-14 16:52:00,2009-12-14 16:52:00,3,1,10,3.333333333333333,45.3,15.1,3,0.0,1,1,725,1.0,362.5,1,1,1,Lost / Inactive,0.9271,High Risk
15673,2010-02-22 14:28:00,2011-09-12 16:12:00,268,9,3274,12.21641791044776,6204.32,23.15044776119403,177,0.1492537313432835,0,568,88,63.1,8.8,3,5,5,Loyal Customers,0.1114,Low Risk
15674,2009-12-08 17:08:00,2011-09-27 15:17:00,351,13,3648,10.393162393162394,6948.23,19.795527065527065,262,0.0598290598290598,0,658,73,50.6,5.21,3,5,5,Loyal Customers,0.0087,Low Risk
15675,2010-10-31 14:14:00,2011-09-19 13:48:00,35,4,624,17.82857142857143,542.04,15.486857142857142,32,0.4,0,323,81,80.8,16.2,3,3,2,Loyal Customers,0.6273,Medium Risk
15676,2011-03-01 10:19:00,2011-11-21 12:40:00,202,3,2252,11.148514851485148,3435.76,17.008712871287127,191,0.0,0,266,19,88.7,4.75,5,3,5,Loyal Customers,0.4378,Medium Risk
15677,2010-09-02 12:08:00,2011-10-21 15:36:00,72,3,675,9.375,1305.63,18.13375,63,0.0,0,415,49,138.3,12.25,4,3,4,Loyal Customers,0.4927,Medium Risk
15678,2010-07-05 12:49:00,2011-10-18 09:25:00,92,3,1022,11.108695652173912,1825.94,19.84717391304348,77,0.0,0,470,53,156.7,13.25,4,3,4,Loyal Customers,0.4756,Medium Risk
15679,2011-06-10 08:24:00,2011-11-15 16:19:00,110,4,1170,10.636363636363637,781.28,7.102545454545455,98,0.0,0,159,24,39.8,4.8,4,3,3,Loyal Customers,0.4623,Medium Risk
15680,2009-12-02 12:15:00,2011-11-30 13:46:00,236,10,2743,11.622881355932204,4028.69,17.07072033898305,155,0.2415254237288135,0,729,9,72.9,0.82,5,5,5,Champions,0.011,Low Risk
15681,2010-05-24 14:18:00,2011-11-14 16:30:00,88,14,1392,15.818181818181818,2989.7,33.97386363636363,48,0.0,0,540,25,38.6,1.67,4,5,5,Champions,0.1991,Low Risk
15682,2010-01-21 14:37:00,2010-04-19 15:30:00,25,2,222,8.88,318.24,12.7296,25,0.0,1,89,599,44.5,199.67,1,2,2,Lost / Inactive,0.7133,High Risk
15683,2010-08-23 12:01:00,2011-08-14 12:56:00,26,2,332,12.76923076923077,524.54,20.174615384615382,25,0.3846153846153846,1,357,117,178.5,39.0,3,2,2,Needs Attention,0.5149,Medium Risk
15684,2009-12-04 16:13:00,2010-06-10 18:51:00,11,3,77,7.0,173.95,15.813636363636364,9,0.0,1,189,547,63.0,136.75,1,3,1,At Risk,0.7045,High Risk
15685,2010-09-15 13:43:00,2010-09-15 13:43:00,17,1,36,2.117647058823529,55.98,3.2929411764705883,17,0.0,1,1,450,1.0,225.0,1,1,1,Lost / Inactive,0.8618,High Risk
15686,2010-10-15 13:50:00,2010-10-15 13:50:00,1,1,72,72.0,90.0,90.0,1,0.0,1,1,420,1.0,210.0,1,1,1,Lost / Inactive,0.8451,High Risk
15687,2011-01-13 15:13:00,2011-12-01 08:33:00,166,9,1310,7.891566265060241,2993.1,18.030722891566263,119,0.0,0,322,9,35.8,0.9,5,5,5,Champions,0.3916,Medium Risk
15688,2010-10-17 12:06:00,2010-10-17 12:06:00,27,1,95,3.5185185185185186,190.57,7.058148148148148,26,1.0,1,1,419,1.0,209.5,1,1,1,Lost / Inactive,0.8683,High Risk
15689,2010-04-01 09:53:00,2011-08-12 09:37:00,24,3,207,8.625,521.03,21.70958333333333,20,0.0,1,498,120,166.0,30.0,3,3,2,Loyal Customers,0.4698,Medium Risk
15690,2011-08-31 11:40:00,2011-12-05 15:59:00,19,2,408,21.473684210526315,239.76,12.618947368421052,19,0.0,0,97,4,48.5,1.33,5,2,1,Promising / New,0.6648,Medium Risk
15691,2009-12-06 16:01:00,2011-04-01 15:13:00,14,4,212,15.142857142857142,571.3,40.80714285714286,12,0.3571428571428571,1,481,252,120.2,50.4,2,3,2,At Risk,0.5561,Medium Risk
15692,2011-11-11 14:12:00,2011-11-11 14:12:00,12,1,138,11.5,191.04,15.92,12,0.0,0,1,28,1.0,14.0,4,1,1,Promising / New,0.6912,Medium Risk
15693,2010-02-18 14:37:00,2010-02-18 14:37:00,1,1,30,30.0,37.5,37.5,1,0.0,1,1,659,1.0,329.5,1,1,1,Lost / Inactive,0.8487,High Risk
15694,2009-12-07 15:43:00,2011-12-09 09:44:00,143,24,2467,17.251748251748253,9978.48,69.77958041958041,55,0.0209790209790209,0,732,1,30.5,0.04,5,5,5,Champions,0.0135,Low Risk
15695,2010-01-27 10:56:00,2011-03-18 08:32:00,59,4,484,8.203389830508474,1131.04,19.170169491525424,55,0.0,1,415,267,103.8,53.4,2,3,3,At Risk,0.5556,Medium Risk
15696,2010-01-24 14:36:00,2011-11-06 14:02:00,221,13,1386,6.271493212669683,3881.22,17.5620814479638,163,0.3438914027149321,0,651,33,50.1,2.36,4,5,5,Champions,0.0289,Low Risk
15697,2010-01-19 09:10:00,2010-01-19 09:10:00,14,1,127,9.071428571428571,246.75,17.625,14,0.0,1,1,690,1.0,345.0,1,1,1,Lost / Inactive,0.7369,High Risk
15698,2010-03-25 17:38:00,2010-03-25 17:38:00,2,1,60,30.0,46.2,23.1,2,0.0,1,1,624,1.0,312.0,1,1,1,Lost / Inactive,0.8169,High Risk
15699,2011-11-22 08:26:00,2011-11-22 08:26:00,18,1,113,6.277777777777778,309.65,17.202777777777776,18,0.0,0,1,18,1.0,9.0,5,1,2,Promising / New,0.8418,High Risk
15700,2011-06-19 15:36:00,2011-06-20 16:53:00,86,2,357,4.151162790697675,696.68,8.10093023255814,85,0.9883720930232558,1,2,172,1.0,57.33,3,2,3,Needs Attention,0.6582,Medium Risk
15701,2011-08-21 12:36:00,2011-12-07 14:39:00,230,4,912,3.965217391304348,1529.0,6.647826086956521,193,0.8391304347826087,0,109,2,27.2,0.4,5,3,4,Loyal Customers,0.4038,Medium Risk
15702,2010-01-26 17:23:00,2010-08-20 14:50:00,30,2,103,3.433333333333333,140.39,4.679666666666666,30,0.0,1,206,476,103.0,158.67,1,2,1,Lost / Inactive,0.8192,High Risk
15703,2011-03-20 10:51:00,2011-03-20 10:51:00,5,1,66,13.2,211.5,42.3,5,1.0,1,1,265,1.0,132.5,2,1,1,Lost / Inactive,0.7843,High Risk
15704,2010-05-05 14:51:00,2011-07-22 13:35:00,204,6,1709,8.377450980392156,3734.66,18.307156862745096,129,0.5294117647058824,1,443,140,73.8,20.0,3,4,5,Loyal Customers,0.5408,Medium Risk
15705,2011-05-22 15:37:00,2011-05-22 15:37:00,6,1,62,10.333333333333334,143.1,23.85,6,1.0,1,1,201,1.0,100.5,2,1,1,Lost / Inactive,0.7954,High Risk
15706,2011-08-15 14:32:00,2011-10-07 10:09:00,55,4,321,5.836363636363636,1060.56,19.28290909090909,50,0.4181818181818181,0,53,64,13.2,12.8,3,3,3,Loyal Customers,0.3714,Medium Risk
15707,2011-09-14 14:19:00,2011-11-04 14:35:00,205,4,594,2.897560975609756,916.98,4.473073170731707,126,0.0,0,52,35,13.0,7.0,4,3,3,Loyal Customers,0.3001,Low Risk
15708,2010-10-10 11:33:00,2011-10-30 10:54:00,337,9,1465,4.347181008902077,3887.15,11.534569732937683,135,1.0,0,385,41,42.8,4.1,4,5,5,Champions,0.3378,Low Risk
15709,2010-04-29 18:31:00,2011-03-01 10:38:00,27,2,169,6.25925925925926,327.85,12.142592592592594,26,0.0,1,306,284,153.0,94.67,2,2,2,Lost / Inactive,0.7607,High Risk
15710,2010-10-18 17:05:00,2010-10-18 17:05:00,110,1,641,5.827272727272727,898.87,8.171545454545454,110,0.0,1,1,417,1.0,208.5,1,1,3,Lost / Inactive,0.6737,Medium Risk
15711,2010-01-24 12:13:00,2010-06-01 12:14:00,25,2,199,7.96,420.25,16.81,25,0.28,1,129,557,64.5,185.67,1,2,2,Lost / Inactive,0.7355,High Risk
15712,2009-12-01 11:17:00,2011-11-30 14:09:00,166,12,1277,7.692771084337349,3472.41,20.91813253012048,86,0.216867469879518,0,730,9,60.8,0.69,5,5,5,Champions,0.017,Low Risk
15713,2009-12-16 09:41:00,2011-07-19 13:34:00,52,4,451,8.673076923076923,839.64,16.146923076923077,48,0.0,1,581,143,145.2,28.6,3,3,3,Loyal Customers,0.3635,Medium Risk
15714,2010-06-02 12:08:00,2011-11-28 11:26:00,48,5,361,7.520833333333333,783.96,16.3325,45,0.2083333333333333,0,544,12,108.8,2.0,5,4,3,Champions,0.2979,Low Risk
15715,2010-03-30 12:17:00,2010-06-02 09:56:00,38,5,246,6.473684210526316,658.02,17.316315789473684,33,0.0,1,64,556,12.8,92.67,1,4,3,At Risk,0.6332,Medium Risk
15716,2009-12-07 12:42:00,2011-07-17 11:59:00,286,11,1379,4.821678321678322,2485.26,8.68972027972028,188,0.6678321678321678,1,587,146,53.4,12.17,3,5,4,Loyal Customers,0.4492,Medium Risk
15717,2010-04-26 10:41:00,2011-04-19 13:21:00,24,5,224,9.333333333333334,607.0,25.291666666666668,17,0.0,1,359,234,71.8,39.0,2,4,2,At Risk,0.6604,Medium Risk
15718,2010-06-17 16:20:00,2010-06-17 16:20:00,18,1,95,5.277777777777778,293.79,16.32166666666667,18,0.0,1,1,540,1.0,270.0,1,1,2,Lost / Inactive,0.8512,High Risk
15719,2009-12-01 12:47:00,2011-11-07 12:29:00,1770,31,5356,3.025988700564972,10195.97,5.760435028248587,449,0.0288135593220339,0,706,33,22.8,1.03,4,5,5,Champions,0.0103,Low Risk
15720,2010-06-07 15:40:00,2011-11-15 14:48:00,153,2,327,2.1372549019607843,739.22,4.831503267973856,152,0.0,0,526,24,263.0,8.0,4,2,3,Promising / New,0.2591,Low Risk
15721,2011-11-28 12:14:00,2011-11-28 12:14:00,84,1,388,4.619047619047619,471.4,5.6119047619047615,80,0.0,0,1,12,1.0,6.0,5,1,2,Promising / New,0.5519,Medium Risk
15722,2010-03-09 15:05:00,2011-11-04 11:43:00,178,11,2279,12.803370786516854,5234.0,29.40449438202247,91,0.2865168539325842,0,605,36,55.0,3.0,4,5,5,Champions,0.0753,Low Risk
15723,2010-05-14 12:55:00,2010-12-10 11:12:00,123,4,427,3.4715447154471546,930.7,7.566666666666667,108,0.1626016260162601,1,210,365,52.5,73.0,2,3,3,At Risk,0.6324,Medium Risk
15724,2010-11-04 10:22:00,2011-05-22 14:40:00,17,3,117,6.882352941176471,310.85,18.28529411764706,17,0.3529411764705882,1,200,201,66.7,50.25,2,3,2,At Risk,0.7482,High Risk
15725,2011-11-24 14:51:00,2011-11-24 14:51:00,32,1,221,6.90625,415.25,12.9765625,32,0.0,0,1,15,1.0,7.5,5,1,2,Promising / New,0.7036,High Risk
15726,2010-11-14 16:12:00,2010-11-14 16:12:00,23,1,123,5.3478260869565215,321.91,13.99608695652174,23,1.0,1,1,390,1.0,195.0,2,1,2,Lost / Inactive,0.8502,High Risk
15727,2010-01-24 12:12:00,2011-11-23 12:36:00,685,15,5908,8.624817518248175,9371.71,13.681328467153284,426,0.3138686131386861,0,669,17,44.6,1.06,5,5,5,Champions,0.0096,Low Risk
15728,2010-09-21 14:46:00,2010-11-25 10:39:00,12,2,132,11.0,544.6,45.38333333333333,10,0.0,1,65,380,32.5,126.67,2,2,2,Lost / Inactive,0.7643,High Risk
15729,2010-11-01 13:44:00,2011-05-11 12:36:00,11,3,47,4.2727272727272725,192.55,17.504545454545454,10,0.0,1,191,213,63.7,53.25,2,3,1,At Risk,0.7401,High Risk
15730,2010-10-04 14:15:00,2011-10-05 12:31:00,111,5,1061,9.55855855855856,1726.58,15.554774774774774,102,0.0,0,366,66,73.2,11.0,3,4,4,Loyal Customers,0.454,Medium Risk
15731,2010-06-04 10:10:00,2010-06-04 10:10:00,8,1,122,15.25,125.3,15.6625,8,0.0,1,1,554,1.0,277.0,1,1,1,Lost / Inactive,0.7641,High Risk
15732,2010-02-04 10:10:00,2011-05-11 14:24:00,99,10,1264,12.767676767676768,1543.97,15.595656565656563,53,0.0707070707070707,1,462,212,46.2,19.27,2,5,4,At Risk,0.469,Medium Risk
15733,2011-03-02 09:05:00,2011-03-02 09:05:00,10,1,62,6.2,162.3,16.23,10,0.0,1,1,283,1.0,141.5,2,1,1,Lost / Inactive,0.8511,High Risk
15734,2010-06-10 14:25:00,2011-08-17 10:50:00,43,4,516,12.0,2263.3,52.63488372093024,36,0.0,1,433,115,108.2,23.0,3,3,4,Loyal Customers,0.662,Medium Risk
15735,2010-10-14 13:38:00,2010-10-14 13:38:00,19,1,206,10.842105263157896,327.68,17.246315789473684,19,0.0,1,1,421,1.0,210.5,1,1,2,Lost / Inactive,0.7256,High Risk
15736,2010-09-30 14:19:00,2010-09-30 14:20:00,100,2,1208,12.08,1767.12,17.6712,95,0.0,1,1,435,0.5,145.0,1,2,4,Lost / Inactive,0.5941,Medium Risk
15737,2011-04-11 10:01:00,2011-11-25 11:21:00,71,8,597,8.408450704225352,1188.12,16.73408450704225,60,0.0,0,229,15,28.6,1.67,5,4,3,Champions,0.5334,Medium Risk
15738,2009-12-10 15:52:00,2011-11-21 08:26:00,482,41,9030,18.734439834024897,13043.32,27.06082987551867,70,0.1307053941908713,0,711,19,17.3,0.45,5,5,5,Champions,0.0067,Low Risk
15739,2011-10-04 13:42:00,2011-10-04 13:42:00,8,1,472,59.0,449.12,56.14,8,0.0,0,1,66,1.0,33.0,3,1,2,Needs Attention,0.6909,Medium Risk
15740,2011-10-21 14:29:00,2011-10-21 14:29:00,9,1,152,16.88888888888889,154.88,17.20888888888889,9,0.0,0,1,49,1.0,24.5,4,1,1,Promising / New,0.6689,Medium Risk
15741,2010-03-31 11:55:00,2010-09-07 16:21:00,12,2,70,5.833333333333333,208.62,17.385,11,0.0,1,161,458,80.5,152.67,1,2,1,Lost / Inactive,0.7371,High Risk
15742,2010-03-30 15:25:00,2010-03-30 15:25:00,41,1,51,1.2439024390243902,156.87,3.82609756097561,41,0.0,1,1,619,1.0,309.5,1,1,1,Lost / Inactive,0.8671,High Risk
15743,2011-06-08 10:14:00,2011-11-23 17:19:00,86,4,214,2.488372093023256,775.96,9.022790697674418,59,0.0,0,169,16,42.2,3.2,5,3,3,Loyal Customers,0.6428,Medium Risk
15744,2011-09-23 09:52:00,2011-09-23 09:52:00,3,1,120,40.0,34.8,11.6,3,0.0,0,1,78,1.0,39.0,3,1,1,Needs Attention,0.6516,Medium Risk
15745,2011-04-17 13:04:00,2011-11-20 13:45:00,62,4,421,6.790322580645161,1094.59,17.654677419354837,57,0.7096774193548387,0,218,19,54.5,3.8,5,3,3,Loyal Customers,0.6053,Medium Risk
15746,2011-07-28 15:21:00,2011-07-28 15:21:00,28,1,178,6.357142857142857,196.88,7.031428571428571,28,0.0,1,1,134,1.0,67.0,3,1,1,Needs Attention,0.7169,High Risk
15747,2010-01-18 11:21:00,2011-11-27 12:26:00,216,9,1344,6.222222222222222,2499.81,11.573194444444445,116,0.2916666666666667,0,679,13,75.4,1.3,5,5,4,Champions,0.0171,Low Risk
15748,2010-09-16 16:52:00,2011-10-30 12:51:00,36,3,261,7.25,609.81,16.939166666666665,34,0.5555555555555556,0,409,40,136.3,10.0,4,3,3,Loyal Customers,0.4418,Medium Risk
15749,2011-01-11 12:55:00,2011-04-18 13:20:00,10,3,18028,1802.8,44534.3,4453.43,5,0.0,1,98,235,32.7,58.75,2,3,5,At Risk,0.6651,Medium Risk
15750,2009-12-01 17:19:00,2011-12-07 12:34:00,628,18,4281,6.81687898089172,6452.99,10.27546178343949,389,0.0,0,736,3,40.9,0.16,5,5,5,Champions,0.0093,Low Risk
15751,2009-12-06 13:08:00,2010-09-05 12:44:00,130,11,443,3.407692307692308,1380.44,10.618769230769232,90,1.0,1,273,461,24.8,38.42,1,5,4,At Risk,0.479,Medium Risk
15752,2010-09-08 11:56:00,2011-10-31 11:37:00,586,9,2792,4.764505119453925,3924.91,6.697798634812287,359,0.0,0,418,40,46.4,4.0,4,5,5,Champions,0.2448,Low Risk
15753,2011-02-08 12:41:00,2011-02-08 12:41:00,1,1,144,144.0,79.2,79.2,1,0.0,1,1,305,1.0,152.5,2,1,1,Lost / Inactive,0.7138,High Risk
15754,2010-02-22 13:31:00,2011-10-19 14:40:00,131,9,1762,13.450381679389311,3037.61,23.187862595419848,114,0.0,0,605,51,67.2,5.1,4,5,5,Champions,0.0311,Low Risk
15755,2009-12-04 08:24:00,2011-11-29 14:57:00,371,17,4034,10.8733153638814,5993.12,16.153962264150945,281,0.045822102425876,0,726,10,42.7,0.56,5,5,5,Champions,0.0073,Low Risk
15756,2011-04-04 14:00:00,2011-10-09 13:30:00,191,4,241,1.2617801047120418,528.01,2.764450261780105,160,0.5497382198952879,0,188,61,47.0,12.2,3,3,2,Loyal Customers,0.4603,Medium Risk
15757,2010-06-10 13:47:00,2011-10-05 12:14:00,193,6,1757,9.103626943005182,2940.36,15.235025906735752,162,0.0,0,482,66,80.3,9.43,3,4,5,Loyal Customers,0.3614,Medium Risk
15758,2011-11-15 10:48:00,2011-11-15 10:48:00,9,1,47,5.222222222222222,205.25,22.80555555555556,9,0.0,0,1,25,1.0,12.5,4,1,1,Promising / New,0.8159,High Risk
15759,2009-12-02 10:08:00,2011-05-05 15:13:00,17,7,523,30.764705882352946,830.93,48.87823529411765,10,0.0,1,520,218,74.3,27.25,2,4,3,At Risk,0.6278,Medium Risk
15760,2010-03-19 11:35:00,2010-03-19 11:45:00,2,2,2,1.0,13916.34,6958.17,1,0.0,1,1,631,0.5,210.33,1,2,5,Lost / Inactive,0.8161,High Risk
15761,2010-09-23 09:33:00,2010-09-23 09:33:00,5,1,31,6.2,143.05,28.610000000000003,5,0.0,1,1,443,1.0,221.5,1,1,1,Lost / Inactive,0.8473,High Risk
15762,2011-09-23 15:17:00,2011-10-05 16:15:00,37,2,251,6.783783783783784,583.75,15.777027027027026,37,0.0,0,13,65,6.5,21.67,3,2,2,Needs Attention,0.6002,Medium Risk
15763,2011-09-23 12:10:00,2011-11-08 09:44:00,61,2,271,4.442622950819672,1086.92,17.818360655737706,58,0.0,0,46,32,23.0,10.67,4,2,3,Promising / New,0.4788,Medium Risk
15764,2010-08-18 13:58:00,2011-09-12 17:58:00,249,8,2945,11.82730923694779,4503.08,18.08465863453815,187,0.0,0,391,88,48.9,9.78,3,4,5,Loyal Customers,0.2647,Low Risk
15765,2010-02-11 10:25:00,2010-02-11 10:25:00,25,1,335,13.4,370.63,14.8252,25,0.0,1,1,667,1.0,333.5,1,1,2,Lost / Inactive,0.656,Medium Risk
15766,2010-01-26 15:55:00,2011-10-06 17:03:00,26,3,334,12.846153846153848,831.0600000000001,31.96384615384616,21,0.0,0,619,64,206.3,16.0,3,3,3,Loyal Customers,0.1301,Low Risk
15768,2009-12-03 12:10:00,2011-08-16 10:48:00,1208,34,4215,3.4892384105960264,15308.89,12.672922185430464,437,0.0447019867549668,1,621,116,18.3,3.31,3,5,5,Loyal Customers,0.4531,Medium Risk
15769,2009-12-11 09:58:00,2011-12-02 13:52:00,223,46,49068,220.03587443946188,88612.52,397.3655605381166,26,0.0224215246636771,0,722,7,15.7,0.15,5,5,5,Champions,0.0234,Low Risk
15770,2010-04-06 11:47:00,2010-04-06 11:47:00,18,1,67,3.7222222222222223,321.45,17.858333333333334,18,0.0,1,1,613,1.0,306.5,1,1,2,Lost / Inactive,0.8346,High Risk
15771,2010-01-15 12:14:00,2010-04-14 13:56:00,28,3,512,18.285714285714285,1006.54,35.94785714285714,26,0.0,1,90,604,30.0,151.0,1,3,3,At Risk,0.6975,Medium Risk
15772,2010-10-17 13:33:00,2010-10-17 13:33:00,16,1,110,6.875,280.88,17.555,16,1.0,1,1,418,1.0,209.0,1,1,1,Lost / Inactive,0.8378,High Risk
15773,2010-10-26 15:27:00,2011-12-04 12:48:00,47,2,410,8.72340425531915,774.52,16.479148936170212,46,0.2127659574468085,0,404,6,202.0,2.0,5,2,3,Promising / New,0.312,Low Risk
15774,2010-02-21 12:57:00,2011-10-02 12:04:00,110,6,465,4.227272727272728,1288.34,11.712181818181817,88,0.9090909090909092,0,588,69,98.0,9.86,3,4,4,Loyal Customers,0.2041,Low Risk
15775,2010-03-18 07:32:00,2011-04-08 12:56:00,9,2,260,28.88888888888889,150.5,16.72222222222222,9,0.0,1,387,245,193.5,81.67,2,2,1,Lost / Inactive,0.577,Medium Risk
15776,2011-07-29 13:46:00,2011-07-29 13:46:00,18,1,138,7.666666666666667,241.62,13.423333333333334,18,0.0,1,1,133,1.0,66.5,3,1,1,Needs Attention,0.7481,High Risk
15777,2010-05-20 10:37:00,2011-04-12 16:43:00,39,7,599,15.35897435897436,1762.61,45.1951282051282,29,0.0,1,328,241,46.9,30.12,2,4,4,At Risk,0.6381,Medium Risk
15778,2010-10-04 15:10:00,2010-10-04 15:10:00,17,1,101,5.941176470588236,307.95,18.11470588235294,17,0.0,1,1,431,1.0,215.5,1,1,2,Lost / Inactive,0.8367,High Risk
15779,2010-06-25 15:55:00,2010-09-02 16:40:00,8,2,20,2.5,124.08,15.51,8,0.0,1,70,463,35.0,154.33,1,2,1,Lost / Inactive,0.8388,High Risk
15780,2010-12-17 11:43:00,2011-06-09 12:01:00,29,3,220,7.586206896551724,475.28,16.38896551724138,26,0.0,1,175,184,58.3,46.0,3,3,2,Loyal Customers,0.7166,High Risk
15781,2011-02-07 09:15:00,2011-11-14 14:57:00,20,3,180,9.0,345.46,17.273,20,0.0,0,281,25,93.7,6.25,4,3,2,Loyal Customers,0.6463,Medium Risk
15782,2010-10-05 15:43:00,2011-11-30 10:49:00,61,4,1844,30.229508196721312,4014.1,65.80491803278689,51,0.3442622950819672,0,421,10,105.2,2.0,5,3,5,Loyal Customers,0.456,Medium Risk
15783,2011-11-29 09:50:00,2011-11-29 09:50:00,14,1,212,15.142857142857142,246.3,17.592857142857145,14,0.0,0,1,11,1.0,5.5,5,1,1,Promising / New,0.708,High Risk
15784,2010-02-05 14:42:00,2010-08-29 10:38:00,43,2,381,8.86046511627907,848.33,19.72860465116279,33,0.3488372093023256,1,205,468,102.5,156.0,1,2,3,Lost / Inactive,0.6987,Medium Risk
15785,2009-12-15 16:28:00,2011-11-07 11:33:00,225,16,4479,19.906666666666663,5969.93,26.533022222222225,102,0.0888888888888888,0,692,33,43.2,1.94,4,5,5,Champions,0.0091,Low Risk
15786,2010-06-21 10:13:00,2011-10-24 14:13:00,465,5,5957,12.810752688172045,8501.62,18.28305376344086,358,0.0,0,491,46,98.2,7.67,4,4,5,Champions,0.388,Medium Risk
15787,2011-10-09 13:11:00,2011-11-13 14:55:00,200,3,534,2.67,933.26,4.6663,156,1.0,0,36,26,12.0,6.5,4,3,3,Loyal Customers,0.2778,Low Risk
15788,2010-07-19 12:48:00,2010-07-19 12:48:00,14,1,115,8.214285714285714,221.83,15.845,14,0.0,1,1,509,1.0,254.5,1,1,1,Lost / Inactive,0.777,High Risk
15789,2010-03-26 11:21:00,2010-12-16 14:35:00,138,6,2499,18.108695652173918,1962.01,14.217463768115945,110,0.2608695652173913,1,266,358,44.3,51.14,2,4,4,At Risk,0.4812,Medium Risk
15790,2011-11-29 14:53:00,2011-11-29 14:53:00,34,1,113,3.323529411764706,218.75,6.4338235294117645,34,0.0,0,1,10,1.0,5.0,5,1,1,Promising / New,0.828,High Risk
15791,2010-03-08 09:41:00,2011-10-27 10:14:00,167,5,1970,11.796407185628745,3608.34,21.60682634730539,121,0.0,0,599,44,119.8,7.33,4,4,5,Champions,0.0944,Low Risk
15792,2010-03-31 09:42:00,2010-11-05 08:21:00,57,2,606,10.63157894736842,933.84,16.383157894736843,57,0.0,1,219,400,109.5,133.33,2,2,3,Lost / Inactive,0.6851,Medium Risk
15793,2009-12-01 12:54:00,2011-11-25 09:31:00,30,8,1685,56.16666666666666,2399.57,79.98566666666667,12,0.0,0,724,15,90.5,1.67,5,4,4,Champions,0.1126,Low Risk
15794,2009-12-02 15:10:00,2009-12-03 13:04:00,15,2,288,19.2,777.0,51.8,15,0.0,1,1,736,0.5,245.33,1,2,3,Lost / Inactive,0.7452,High Risk
15795,2010-01-18 11:31:00,2011-07-13 10:43:00,131,8,1411,10.770992366412214,1979.87,15.11351145038168,111,0.3282442748091603,1,541,150,67.6,16.67,3,4,4,Loyal Customers,0.4677,Medium Risk
15796,2010-03-31 13:10:00,2011-12-08 19:55:00,293,17,1733,5.914675767918089,5171.63,17.65061433447099,138,0.5324232081911263,0,618,1,36.4,0.06,5,5,5,Champions,0.0802,Low Risk
15797,2010-01-27 13:12:00,2011-08-18 17:04:00,12,6,1281,106.75,2821.08,235.09,12,0.0,1,569,113,94.8,16.14,3,4,4,Loyal Customers,0.6541,Medium Risk
15798,2010-01-27 11:55:00,2010-08-04 09:13:00,83,3,915,11.024096385542167,1535.37,18.49843373493976,73,0.0,1,189,493,63.0,123.25,1,3,4,At Risk,0.6286,Medium Risk
15799,2010-10-17 14:26:00,2011-09-25 12:46:00,154,4,1341,8.707792207792208,1421.34,9.22948051948052,143,0.9025974025974026,0,343,76,85.8,15.2,3,3,4,Loyal Customers,0.4444,Medium Risk
15800,2010-03-31 13:17:00,2011-08-24 14:23:00,232,7,575,2.478448275862069,1227.07,5.289094827586206,198,0.2198275862068965,1,512,107,73.1,13.38,3,4,4,Loyal Customers,0.522,Medium Risk
15801,2011-08-22 09:53:00,2011-10-24 13:52:00,64,3,570,8.90625,1063.95,16.62421875,61,0.0,0,64,46,21.3,11.5,4,3,3,Loyal Customers,0.3907,Medium Risk
15802,2011-07-20 11:38:00,2011-07-20 11:38:00,1,1,1,1.0,451.42,451.42,1,0.0,1,1,143,1.0,71.5,3,1,2,Needs Attention,0.8955,High Risk
15803,2010-02-01 16:29:00,2011-10-19 14:56:00,51,4,1030,20.19607843137255,1929.66,37.836470588235294,48,0.0,0,625,51,156.2,10.2,4,3,4,Loyal Customers,0.1447,Low Risk
15804,2011-05-25 10:12:00,2011-12-09 12:31:00,262,13,2565,9.790076335877863,4206.39,16.05492366412214,170,0.1183206106870229,0,199,1,15.3,0.07,5,5,5,Champions,0.2176,Low Risk
15805,2009-12-10 12:57:00,2011-11-16 16:32:00,529,30,6205,11.7296786389414,10148.93,19.185122873345936,337,0.0831758034026465,0,707,23,23.6,0.74,4,5,5,Champions,0.0044,Low Risk
15806,2011-03-08 09:24:00,2011-10-24 14:35:00,31,3,602,19.41935483870968,784.58,25.30903225806452,24,0.0,0,231,46,77.0,11.5,4,3,3,Loyal Customers,0.6911,Medium Risk
15807,2010-02-11 15:32:00,2011-10-20 14:10:00,88,5,1532,17.40909090909091,1817.52,20.65363636363636,85,0.0,0,616,50,123.2,8.33,4,4,4,Champions,0.2064,Low Risk
15808,2009-12-01 16:30:00,2011-02-06 14:33:00,772,21,6753,8.74740932642487,17180.25,22.254209844559583,348,0.1748704663212435,1,432,306,20.6,13.91,2,5,5,At Risk,0.3367,Low Risk
15809,2010-06-22 14:23:00,2011-11-03 16:40:00,58,7,700,12.06896551724138,1274.44,21.973103448275864,51,0.0,0,500,36,71.4,4.5,4,4,4,Champions,0.4511,Medium Risk
15810,2010-02-04 18:18:00,2011-09-22 09:38:00,166,8,1653,9.957831325301203,2999.04,18.066506024096384,89,0.0,0,595,79,74.4,8.78,3,4,5,Loyal Customers,0.1652,Low Risk
15811,2010-11-16 16:46:00,2011-11-17 15:31:00,273,7,1781,6.523809523809524,3486.15,12.76978021978022,205,0.0,0,366,22,52.3,2.75,4,4,5,Champions,0.3411,Low Risk
15812,2009-12-15 13:40:00,2011-08-24 14:19:00,125,12,3450,27.6,5201.47,41.61176,87,0.0,1,618,107,51.5,8.23,3,5,5,Loyal Customers,0.309,Low Risk
15813,2011-04-14 09:09:00,2011-05-16 08:13:00,40,2,603,15.075,1303.91,32.59775,40,0.0,1,32,208,16.0,69.33,2,2,4,Lost / Inactive,0.5468,Medium Risk
15814,2010-04-15 14:31:00,2011-11-23 08:17:00,98,6,1728,17.632653061224488,2634.44,26.88204081632653,83,0.0,0,587,17,97.8,2.43,5,4,4,Champions,0.2341,Low Risk
15815,2011-03-25 08:43:00,2011-10-07 12:42:00,49,5,1856,37.87755102040816,2100.6,42.86938775510204,33,0.0,0,197,64,39.4,10.67,3,4,4,Loyal Customers,0.5574,Medium Risk
15816,2010-06-15 12:54:00,2010-06-15 13:36:00,11,2,54,4.909090909090909,144.15,13.104545454545455,11,0.0,1,1,542,0.5,180.67,1,2,1,Lost / Inactive,0.8682,High Risk
15817,2010-06-14 13:31:00,2010-10-15 11:07:00,152,3,1596,10.5,2766.4,18.2,133,0.0,1,123,421,41.0,105.25,1,3,4,At Risk,0.4434,Medium Risk
15818,2010-04-30 12:58:00,2010-04-30 12:58:00,11,1,284,25.818181818181817,340.5,30.954545454545453,11,0.0,1,1,588,1.0,294.0,1,1,2,Lost / Inactive,0.7413,High Risk
15819,2010-03-18 11:08:00,2011-10-21 14:50:00,260,10,2928,11.261538461538462,3934.79,15.133807692307691,182,0.0923076923076923,0,583,49,58.3,4.45,4,5,5,Champions,0.1256,Low Risk
15820,2011-01-24 12:00:00,2011-01-24 12:00:00,17,1,128,7.529411764705882,206.98,12.175294117647056,17,0.0,1,1,320,1.0,160.0,2,1,1,Lost / Inactive,0.7794,High Risk
15821,2011-10-09 13:28:00,2011-10-26 15:48:00,62,2,202,3.2580645161290325,570.96,9.209032258064516,57,0.5483870967741935,0,18,44,9.0,14.67,4,2,2,Promising / New,0.6264,Medium Risk
15822,2009-12-06 15:12:00,2011-12-06 14:50:00,65,6,950,14.615384615384617,1840.06,28.308615384615383,46,0.3384615384615385,0,730,3,121.7,0.43,5,4,4,Champions,0.037,Low Risk
15823,2009-12-08 15:12:00,2010-12-02 15:08:00,155,3,1774,11.44516129032258,3882.17,25.04625806451613,155,0.0,1,359,372,119.7,93.0,2,3,5,At Risk,0.4172,Medium Risk
15824,2010-06-25 15:10:00,2010-09-12 13:20:00,26,2,478,18.384615384615383,890.94,34.26692307692308,24,0.6153846153846154,1,79,453,39.5,151.0,1,2,3,Lost / Inactive,0.7255,High Risk
15825,2011-06-20 13:27:00,2011-06-20 13:27:00,20,1,220,11.0,532.94,26.647,20,0.0,1,1,172,1.0,86.0,3,1,2,Needs Attention,0.7252,High Risk
15826,2010-05-20 17:00:00,2011-10-14 16:05:00,119,4,1824,15.327731092436975,2598.28,21.83428571428572,100,0.0,0,512,56,128.0,11.2,4,3,4,Loyal Customers,0.2888,Low Risk
15827,2010-01-08 11:25:00,2011-09-27 15:35:00,217,28,1715,7.903225806451613,3603.14,16.604331797235023,124,0.0506912442396313,0,628,73,22.4,2.52,3,5,5,Loyal Customers,0.0858,Low Risk
15828,2010-11-29 16:41:00,2010-11-29 16:41:00,74,1,367,4.95945945945946,1108.82,14.984054054054052,74,0.0,1,1,375,1.0,187.5,2,1,3,Lost / Inactive,0.673,Medium Risk
15829,2011-07-22 10:23:00,2011-09-01 16:45:00,51,2,996,19.529411764705884,636.14,12.473333333333333,44,0.0,1,42,99,21.0,33.0,3,2,3,Needs Attention,0.508,Medium Risk
15830,2011-11-02 10:40:00,2011-11-02 10:40:00,39,1,415,10.64102564102564,576.0,14.76923076923077,39,0.0,0,1,38,1.0,19.0,4,1,2,Promising / New,0.6472,Medium Risk
15831,2011-01-19 14:52:00,2011-10-12 13:14:00,66,3,1092,16.545454545454547,794.64,12.04,63,0.0909090909090909,0,266,58,88.7,14.5,4,3,3,Loyal Customers,0.5458,Medium Risk
15832,2011-03-30 15:29:00,2011-03-30 15:29:00,54,1,465,8.61111111111111,836.79,15.49611111111111,54,0.0,1,1,254,1.0,127.0,2,1,3,Lost / Inactive,0.6599,Medium Risk
15833,2009-12-02 11:59:00,2009-12-02 11:59:00,5,1,24,4.8,80.4,16.080000000000002,5,0.0,1,1,738,1.0,369.0,1,1,1,Lost / Inactive,0.915,High Risk
15834,2010-10-11 14:05:00,2011-09-30 14:41:00,374,7,1815,4.852941176470588,3764.39,10.065213903743317,333,0.0802139037433155,0,355,70,50.7,8.75,3,4,5,Loyal Customers,0.3713,Medium Risk
15835,2011-01-13 10:35:00,2011-10-26 15:47:00,50,4,439,8.78,954.09,19.0818,47,0.0,0,287,44,71.8,8.8,4,3,3,Loyal Customers,0.6393,Medium Risk
15836,2011-10-20 17:13:00,2011-10-20 17:13:00,10,1,26,2.6,137.37,13.737,10,0.0,0,1,50,1.0,25.0,4,1,1,Promising / New,0.8818,High Risk
15837,2010-08-11 10:16:00,2011-10-06 09:01:00,52,2,405,7.788461538461538,777.01,14.9425,52,0.0,0,421,65,210.5,21.67,3,2,3,Needs Attention,0.3133,Low Risk
15838,2009-12-15 09:51:00,2011-11-28 14:00:00,206,34,64114,311.2330097087379,73205.5,355.36650485436894,61,0.029126213592233,0,714,11,21.0,0.31,5,5,5,Champions,0.027,Low Risk
15839,2011-07-14 16:35:00,2011-11-06 13:54:00,62,3,675,10.887096774193548,1048.49,16.911129032258064,56,0.2096774193548387,0,115,33,38.3,8.25,4,3,3,Loyal Customers,0.5702,Medium Risk
15840,2011-06-20 11:42:00,2011-10-12 09:08:00,27,2,396,14.666666666666666,355.56,13.168888888888889,26,0.0,0,114,59,57.0,19.67,4,2,2,Promising / New,0.6611,Medium Risk
15841,2009-12-10 08:29:00,2011-09-28 12:15:00,92,9,2391,25.98913043478261,2742.41,29.808804347826086,60,0.0543478260869565,0,658,73,73.1,7.3,3,5,4,Loyal Customers,0.0308,Low Risk
15842,2010-06-30 09:06:00,2010-11-11 14:08:00,25,2,296,11.84,548.8,21.952,24,0.0,1,135,393,67.5,131.0,2,2,2,Lost / Inactive,0.7455,High Risk
15843,2011-02-09 10:19:00,2011-02-09 10:19:00,8,1,27,3.375,118.95,14.86875,8,0.0,1,1,304,1.0,152.0,2,1,1,Lost / Inactive,0.9209,High Risk
15844,2011-10-24 15:19:00,2011-10-24 15:19:00,11,1,134,12.181818181818182,130.74,11.885454545454548,11,0.0,0,1,46,1.0,23.0,4,1,1,Promising / New,0.6876,Medium Risk
15845,2010-01-26 14:44:00,2011-11-22 09:42:00,174,11,2128,12.229885057471265,4426.28,25.4383908045977,129,0.0,0,665,18,60.5,1.5,5,5,5,Champions,0.0305,Low Risk
15846,2010-11-19 14:40:00,2010-11-19 14:40:00,29,1,79,2.7241379310344827,107.01,3.69,27,0.0,1,1,385,1.0,192.5,2,1,1,Lost / Inactive,0.8149,High Risk
15847,2010-03-08 08:47:00,2011-11-01 14:41:00,48,5,643,13.395833333333334,822.5699999999999,17.136875,39,0.0,0,604,38,120.8,6.33,4,4,3,Champions,0.1702,Low Risk
15848,2010-03-28 10:54:00,2010-03-28 10:54:00,34,1,45,1.3235294117647058,137.99,4.058529411764706,34,1.0,1,1,622,1.0,311.0,1,1,1,Lost / Inactive,0.8696,High Risk
15850,2009-12-13 13:27:00,2011-11-20 14:14:00,311,6,1334,4.289389067524116,1006.75,3.237138263665595,269,0.382636655948553,0,708,19,118.0,2.71,5,4,3,Champions,0.0597,Low Risk
15851,2010-07-01 12:34:00,2010-07-01 12:34:00,8,1,67,8.375,109.73,13.71625,8,0.0,1,1,527,1.0,263.5,1,1,1,Lost / Inactive,0.8187,High Risk
15852,2010-07-01 10:16:00,2011-06-06 11:22:00,33,3,60,1.818181818181818,257.26,7.795757575757576,31,0.0,1,341,187,113.7,46.75,3,3,1,Loyal Customers,0.7226,High Risk
15853,2011-10-19 10:38:00,2011-10-19 10:38:00,30,1,135,4.5,110.8,3.693333333333333,29,0.0,0,1,52,1.0,26.0,4,1,1,Promising / New,0.6376,Medium Risk
15854,2009-12-10 12:08:00,2011-12-05 13:39:00,256,21,1691,6.60546875,5578.28,21.79015625,168,0.28125,0,726,4,34.6,0.18,5,5,5,Champions,0.0136,Low Risk
15855,2010-08-20 17:15:00,2011-07-26 10:20:00,95,6,712,7.494736842105263,1052.72,11.081263157894735,72,0.0,1,340,137,56.7,19.57,3,4,3,Loyal Customers,0.6009,Medium Risk
15856,2009-12-03 14:02:00,2011-12-05 17:09:00,1102,52,19550,17.740471869328495,32275.95,29.288520871143376,384,0.0617059891107078,0,733,4,14.1,0.08,5,5,5,Champions,0.0125,Low Risk
15857,2010-10-05 16:43:00,2011-11-21 12:18:00,24,2,584,24.33333333333333,570.48,23.77,21,0.0,0,412,19,206.0,6.33,5,2,2,Promising / New,0.3359,Low Risk
15858,2009-12-10 11:42:00,2011-11-24 12:48:00,435,13,2715,6.241379310344827,3552.41,8.166459770114942,273,0.0,0,715,16,55.0,1.14,5,5,5,Champions,0.0125,Low Risk
15859,2010-10-03 12:52:00,2010-10-03 12:52:00,22,1,174,7.909090909090909,438.46,19.93,22,1.0,1,1,432,1.0,216.0,1,1,2,Lost / Inactive,0.7584,High Risk
15860,2009-12-06 12:31:00,2011-10-30 11:25:00,343,17,1259,3.6705539358600574,2361.3,6.884256559766764,249,0.5189504373177842,0,693,41,40.8,2.28,4,5,4,Champions,0.0264,Low Risk
15861,2010-01-28 19:41:00,2011-11-27 15:59:00,788,12,3837,4.869289340101523,4369.2,5.544670050761421,452,0.2956852791878173,0,668,12,55.7,0.92,5,5,5,Champions,0.0126,Low Risk
15862,2009-12-17 11:33:00,2011-12-01 13:28:00,498,13,1520,3.0522088353413657,2512.29,5.044759036144578,417,0.0,0,715,8,55.0,0.57,5,5,4,Champions,0.0151,Low Risk
15863,2009-12-17 10:20:00,2011-11-14 12:49:00,77,5,162,2.103896103896104,355.1,4.611688311688312,74,0.0,0,698,26,139.6,4.33,4,4,2,Champions,0.0708,Low Risk
15864,2010-11-23 15:02:00,2011-11-17 13:32:00,23,7,1486,64.6086956521739,2180.76,94.81565217391304,18,0.0869565217391304,0,359,22,51.3,2.75,4,4,4,Champions,0.515,Medium Risk
15865,2010-01-05 13:58:00,2011-10-30 12:43:00,126,5,1141,9.055555555555555,2241.42,17.78904761904762,119,0.0714285714285714,0,663,41,132.6,6.83,4,4,4,Champions,0.05,Low Risk
15866,2011-08-30 14:09:00,2011-08-30 14:09:00,43,1,124,2.883720930232558,211.89,4.927674418604651,43,0.0,1,1,101,1.0,50.5,3,1,1,Needs Attention,0.8085,High Risk
15867,2009-12-14 15:16:00,2011-12-04 13:32:00,1020,31,5067,4.9676470588235295,8923.3,8.748333333333333,547,0.0990196078431372,0,720,5,23.2,0.16,5,5,5,Champions,0.0107,Low Risk
15868,2010-05-05 14:11:00,2010-05-05 14:11:00,4,1,57,14.25,94.53,23.6325,4,0.0,1,1,583,1.0,291.5,1,1,1,Lost / Inactive,0.7703,High Risk
15869,2010-03-23 16:50:00,2011-03-07 17:23:00,34,3,273,8.029411764705882,321.11,9.444411764705883,29,0.0,1,350,277,116.7,69.25,2,3,2,At Risk,0.6299,Medium Risk
15870,2010-09-19 16:22:00,2011-11-07 10:58:00,143,4,504,3.5244755244755246,857.46,5.996223776223776,127,0.3916083916083916,0,414,33,103.5,6.6,4,3,3,Loyal Customers,0.3709,Medium Risk
15871,2010-09-28 14:16:00,2010-09-28 14:16:00,5,1,5,1.0,33.099999999999994,6.619999999999999,5,0.0,1,1,437,1.0,218.5,1,1,1,Lost / Inactive,0.9181,High Risk
15872,2010-06-07 14:53:00,2011-11-25 11:55:00,188,4,467,2.484042553191489,729.25,3.878989361702128,164,0.0,0,536,15,134.0,3.0,5,3,3,Loyal Customers,0.2473,Low Risk
15873,2010-07-27 11:58:00,2010-07-28 12:41:00,6,4,1152,192.0,313.92,52.31999999999999,3,0.0,1,2,500,0.5,100.0,1,3,2,At Risk,0.7705,High Risk
15874,2010-01-07 13:56:00,2011-10-07 12:31:00,342,21,5102,14.91812865497076,11284.76,32.99637426900585,262,0.0,0,638,64,30.4,2.91,3,5,5,Loyal Customers,0.0273,Low Risk
15875,2010-03-03 16:51:00,2010-03-03 16:51:00,23,1,74,3.217391304347826,108.52,4.718260869565217,18,0.0,1,1,646,1.0,323.0,1,1,1,Lost / Inactive,0.83,High Risk
15876,2010-09-17 15:26:00,2010-10-26 18:58:00,11,2,886,80.54545454545455,1449.14,131.74,11,0.0,1,40,409,20.0,136.33,2,2,4,Lost / Inactive,0.6341,Medium Risk
15877,2011-11-22 11:18:00,2011-12-08 11:53:00,126,2,368,2.9206349206349205,490.33,3.891507936507936,122,0.0,0,17,2,8.5,0.67,5,2,2,Promising / New,0.4124,Medium Risk
15878,2009-12-06 12:28:00,2010-05-27 12:17:00,51,2,243,4.764705882352941,330.77,6.485686274509804,47,0.5686274509803921,1,172,562,86.0,187.33,1,2,2,Lost / Inactive,0.7872,High Risk
15879,2009-12-17 19:54:00,2010-10-31 16:21:00,179,4,639,3.569832402234637,1137.8,6.356424581005586,171,0.4189944134078212,1,318,404,79.5,80.8,2,3,3,At Risk,0.6178,Medium Risk
15880,2010-12-05 13:00:00,2010-12-05 13:00:00,96,1,202,2.1041666666666665,329.03,3.427395833333333,95,1.0,1,1,369,1.0,184.5,2,1,2,Lost / Inactive,0.6474,Medium Risk
15881,2010-12-10 13:32:00,2011-01-31 16:59:00,29,5,260,8.96551724137931,501.39,17.289310344827587,26,0.0,1,53,312,10.6,52.0,2,4,2,At Risk,0.7093,High Risk
15882,2009-12-10 15:33:00,2011-05-25 11:35:00,59,8,650,11.016949152542374,1124.66,19.062033898305085,49,0.0,1,531,199,66.4,22.11,2,4,3,At Risk,0.5359,Medium Risk
15883,2011-11-06 14:50:00,2011-12-07 17:05:00,49,2,223,4.551020408163265,396.48,8.091428571428573,42,0.4081632653061224,0,32,2,16.0,0.67,5,2,2,Promising / New,0.6133,Medium Risk
15884,2009-12-03 18:23:00,2010-10-03 15:55:00,14,2,152,10.857142857142858,244.6,17.47142857142857,14,0.0714285714285714,1,304,432,152.0,144.0,1,2,1,Lost / Inactive,0.7127,High Risk
15885,2010-01-21 12:47:00,2011-09-08 10:43:00,115,15,622,5.408695652173913,1951.82,16.972347826086956,83,0.008695652173913,1,595,93,39.7,5.81,3,5,4,Loyal Customers,0.4985,Medium Risk
15886,2010-04-20 15:03:00,2011-10-10 14:25:00,62,4,667,10.758064516129032,1052.87,16.981774193548386,58,0.0,0,538,60,134.5,12.0,3,3,3,Loyal Customers,0.3185,Low Risk
15887,2010-06-02 11:53:00,2010-10-29 08:36:00,37,3,605,16.35135135135135,1027.15,27.760810810810813,27,0.1351351351351351,1,149,407,49.7,101.75,2,3,3,At Risk,0.7039,High Risk
15888,2010-07-01 11:51:00,2011-09-20 12:30:00,39,3,139,3.5641025641025643,429.16,11.004102564102563,33,0.0,0,447,81,149.0,20.25,3,3,2,Loyal Customers,0.4206,Medium Risk
15889,2009-12-10 12:21:00,2011-07-06 11:10:00,301,8,800,2.6578073089701,1427.6,4.742857142857143,256,0.1960132890365448,1,573,157,71.6,17.44,3,4,4,Loyal Customers,0.408,Medium Risk
15890,2010-04-14 08:43:00,2010-11-10 12:46:00,10,5,119,11.9,535.65,53.565,10,0.0,1,211,395,42.2,65.83,2,4,2,At Risk,0.7795,High Risk
15891,2011-04-27 12:35:00,2011-04-27 12:35:00,60,1,418,6.966666666666667,511.68,8.528,60,0.0,1,1,227,1.0,113.5,2,1,2,Lost / Inactive,0.6419,Medium Risk
15892,2010-02-08 16:23:00,2010-02-08 16:23:00,38,1,46,1.2105263157894737,128.2,3.3736842105263154,38,0.0,1,1,669,1.0,334.5,1,1,1,Lost / Inactive,0.8642,High Risk
15893,2010-08-15 11:12:00,2010-08-15 11:12:00,1,1,288,288.0,305.28,305.28,1,1.0,1,1,482,1.0,241.0,1,1,2,Lost / Inactive,0.7684,High Risk
15894,2010-12-05 14:06:00,2011-03-31 13:50:00,37,2,164,4.4324324324324325,258.25,6.97972972972973,35,0.918918918918919,1,116,253,58.0,84.33,2,2,1,Lost / Inactive,0.8246,High Risk
15895,2011-07-13 10:27:00,2011-07-13 10:27:00,11,1,94,8.545454545454545,179.17,16.288181818181815,11,0.0,1,1,150,1.0,75.0,3,1,1,Needs Attention,0.7882,High Risk
15897,2011-05-29 13:32:00,2011-05-29 13:50:00,22,2,223,10.136363636363637,208.59,9.481363636363636,17,1.0,1,1,194,0.5,64.67,2,2,1,Lost / Inactive,0.6971,Medium Risk
15898,2009-12-11 16:11:00,2011-12-08 15:23:00,619,25,2160,3.489499192245557,4996.45,8.071809369951534,281,0.0953150242326332,0,727,1,29.1,0.04,5,5,5,Champions,0.0159,Low Risk
15899,2010-12-06 10:36:00,2010-12-06 10:36:00,4,1,39,9.75,56.25,14.0625,4,0.0,1,1,369,1.0,184.5,2,1,1,Lost / Inactive,0.8682,High Risk
15900,2010-05-26 11:27:00,2011-11-16 12:19:00,126,4,656,5.206349206349207,886.57,7.036269841269841,100,0.0,0,540,24,135.0,4.8,4,3,3,Loyal Customers,0.2832,Low Risk
15901,2010-06-14 12:39:00,2011-11-23 12:43:00,164,7,695,4.237804878048781,687.72,4.193414634146341,145,0.0,0,528,17,75.4,2.12,5,4,3,Champions,0.5253,Medium Risk
15902,2010-11-24 16:57:00,2010-11-24 16:57:00,18,1,124,6.888888888888889,145.01,8.056111111111111,18,0.0,1,1,380,1.0,190.0,2,1,1,Lost / Inactive,0.8507,High Risk
15903,2010-01-14 10:57:00,2011-11-30 08:08:00,116,12,3926,33.8448275862069,8939.84,77.06758620689655,58,0.0517241379310344,0,685,10,57.1,0.77,5,5,5,Champions,0.0183,Low Risk
15904,2011-12-01 14:50:00,2011-12-01 14:50:00,30,1,84,2.8,164.68,5.489333333333334,30,0.0,0,1,8,1.0,4.0,5,1,1,Promising / New,0.7872,High Risk
15905,2010-06-14 16:00:00,2010-06-14 16:00:00,22,1,82,3.727272727272727,114.69,5.213181818181818,22,0.0,1,1,543,1.0,271.5,1,1,1,Lost / Inactive,0.8103,High Risk
15906,2010-09-15 12:17:00,2011-11-20 12:24:00,201,10,749,3.72636815920398,2530.19,12.588009950248756,143,0.3980099502487562,0,432,20,43.2,1.82,4,5,4,Champions,0.3083,Low Risk
15907,2011-05-13 13:01:00,2011-12-06 12:21:00,226,3,478,2.1150442477876106,882.72,3.905840707964602,175,0.0,0,207,4,69.0,1.0,5,3,3,Loyal Customers,0.522,Medium Risk
15908,2010-07-15 19:21:00,2010-08-06 11:56:00,40,2,173,4.325,758.62,18.9655,37,0.0,1,22,491,11.0,163.67,1,2,3,Lost / Inactive,0.6787,Medium Risk
15909,2011-06-19 10:38:00,2011-06-19 10:38:00,7,1,98,14.0,191.94,27.42,7,1.0,1,1,174,1.0,87.0,3,1,1,Needs Attention,0.789,High Risk
15910,2010-01-21 11:51:00,2011-12-09 10:51:00,620,15,2158,3.4806451612903224,2661.17,4.292209677419355,394,0.0,0,687,1,45.8,0.06,5,5,4,Champions,0.0131,Low Risk
15911,2009-12-09 13:26:00,2010-03-26 12:06:00,258,8,810,3.13953488372093,1700.24,6.590077519379845,162,0.0,1,107,624,13.4,69.33,1,4,4,At Risk,0.3091,Low Risk
15912,2009-12-10 12:58:00,2011-06-14 14:29:00,95,9,759,7.989473684210527,1074.7,11.31263157894737,83,0.0,1,552,178,61.3,17.8,3,5,3,Loyal Customers,0.485,Medium Risk
15913,2010-06-23 16:31:00,2010-06-23 16:31:00,1,1,3,3.0,6.3,6.3,1,0.0,1,1,534,1.0,267.0,1,1,1,Lost / Inactive,0.8532,High Risk
15914,2010-11-26 16:09:00,2010-11-26 16:10:00,13,2,149,11.461538461538462,205.99,15.845384615384615,13,0.0,1,1,378,0.5,126.0,2,2,1,Lost / Inactive,0.7318,High Risk
15915,2010-11-03 11:13:00,2010-11-03 11:13:00,113,1,414,3.663716814159292,364.45,3.225221238938053,105,0.0,1,1,402,1.0,201.0,2,1,2,Lost / Inactive,0.607,Medium Risk
15916,2009-12-10 16:21:00,2011-11-23 13:46:00,306,13,1618,5.287581699346405,3145.24,10.278562091503268,227,0.1078431372549019,0,713,16,54.8,1.14,5,5,5,Champions,0.0198,Low Risk
15917,2009-12-02 14:55:00,2011-04-06 10:40:00,142,5,248,1.7464788732394363,530.17,3.7335915492957743,127,0.0,1,490,248,98.0,41.33,2,4,2,At Risk,0.5726,Medium Risk
15918,2010-03-18 11:40:00,2011-06-02 11:42:00,61,3,240,3.9344262295081966,582.88,9.555409836065571,49,0.360655737704918,1,442,191,147.3,47.75,2,3,2,At Risk,0.52,Medium Risk
15919,2010-12-06 11:26:00,2011-11-20 11:28:00,122,2,385,3.1557377049180326,525.69,4.308934426229508,103,0.680327868852459,0,350,20,175.0,6.67,4,2,2,Promising / New,0.2607,Low Risk
15920,2009-12-14 13:09:00,2011-07-08 15:31:00,107,9,238,2.2242990654205608,569.14,5.319065420560747,93,0.0,1,572,154,63.6,15.4,3,5,2,Loyal Customers,0.6433,Medium Risk
15921,2010-03-09 11:03:00,2011-06-20 11:03:00,79,4,335,4.2405063291139244,775.26,9.813417721518988,69,0.0,1,469,173,117.2,34.6,3,3,3,Loyal Customers,0.5679,Medium Risk
15922,2010-12-01 13:51:00,2010-12-01 13:51:00,11,1,138,12.545454545454543,369.5,33.59090909090909,11,0.0,1,1,373,1.0,186.5,2,1,2,Lost / Inactive,0.7215,High Risk
15923,2010-12-02 12:16:00,2010-12-02 12:16:00,21,1,122,5.809523809523809,127.08,6.051428571428572,21,0.0,1,1,373,1.0,186.5,2,1,1,Lost / Inactive,0.8173,High Risk
15924,2009-12-08 15:00:00,2009-12-08 15:00:00,15,1,103,6.866666666666666,102.82,6.854666666666666,14,0.0,1,1,731,1.0,365.5,1,1,1,Lost / Inactive,0.8633,High Risk
15925,2011-05-29 15:35:00,2011-05-29 15:35:00,12,1,93,7.75,207.15,17.2625,12,1.0,1,1,194,1.0,97.0,2,1,1,Lost / Inactive,0.8268,High Risk
15926,2010-06-15 15:23:00,2010-06-15 15:23:00,7,1,155,22.142857142857142,134.44,19.205714285714286,7,0.0,1,1,542,1.0,271.0,1,1,1,Lost / Inactive,0.7055,High Risk
15927,2010-03-02 13:25:00,2010-03-02 13:25:00,15,1,66,4.4,106.54,7.102666666666666,13,0.0,1,1,647,1.0,323.5,1,1,1,Lost / Inactive,0.8982,High Risk
15928,2010-02-21 15:16:00,2010-02-21 15:16:00,11,1,164,14.909090909090908,293.53,26.684545454545454,11,1.0,1,1,656,1.0,328.0,1,1,2,Lost / Inactive,0.7644,High Risk
15929,2010-03-05 14:56:00,2010-03-05 14:56:00,1,1,120,120.0,594.0,594.0,1,0.0,1,1,644,1.0,322.0,1,1,2,Lost / Inactive,0.779,High Risk
15930,2011-10-03 14:52:00,2011-10-03 14:52:00,21,1,139,6.619047619047619,426.63,20.31571428571429,21,0.0,0,1,67,1.0,33.5,3,1,2,Needs Attention,0.7289,High Risk
15931,2010-10-07 16:46:00,2010-10-07 16:46:00,14,1,118,8.428571428571429,239.9,17.135714285714286,14,0.0,1,1,428,1.0,214.0,1,1,1,Lost / Inactive,0.7701,High Risk
15932,2011-02-23 14:50:00,2011-12-05 17:13:00,115,8,2325,20.217391304347824,2495.87,21.703217391304342,93,0.0,0,286,4,35.8,0.44,5,4,4,Champions,0.3721,Medium Risk
15933,2011-09-14 12:05:00,2011-11-18 13:14:00,74,3,885,11.95945945945946,1107.46,14.965675675675676,63,0.0,0,66,21,22.0,5.25,4,3,3,Loyal Customers,0.3721,Medium Risk
15934,2010-10-06 12:08:00,2010-10-18 10:13:00,29,2,2166,74.6896551724138,2190.66,75.53999999999999,29,0.0,1,12,418,6.0,139.33,1,2,4,Lost / Inactive,0.6654,Medium Risk
15935,2011-04-12 09:35:00,2011-04-14 13:27:00,12,2,115,9.583333333333334,416.86,34.73833333333334,12,0.0,1,3,239,1.5,79.67,2,2,2,Lost / Inactive,0.7649,High Risk
15936,2010-08-29 11:42:00,2010-11-25 16:39:00,19,2,211,11.105263157894736,282.79,14.883684210526315,16,0.5789473684210527,1,89,379,44.5,126.33,2,2,1,Lost / Inactive,0.6969,Medium Risk
15937,2011-10-06 15:48:00,2011-10-06 15:48:00,7,1,73,10.428571428571429,145.35,20.764285714285712,7,0.0,0,1,64,1.0,32.0,3,1,1,Needs Attention,0.7452,High Risk
15938,2010-06-01 09:42:00,2011-08-19 12:56:00,39,9,449,11.512820512820513,734.81,18.84128205128205,27,0.282051282051282,1,445,112,49.4,11.2,3,5,3,Loyal Customers,0.5644,Medium Risk
15939,2010-11-30 12:07:00,2011-09-11 11:30:00,161,16,6260,38.88198757763975,9060.39,56.27571428571428,52,0.0807453416149068,0,285,90,17.8,5.29,3,5,5,Loyal Customers,0.2333,Low Risk
15940,2011-02-01 16:18:00,2011-02-01 16:18:00,1,1,4,4.0,35.8,35.8,1,0.0,1,1,311,1.0,155.5,2,1,1,Lost / Inactive,0.9288,High Risk
15941,2010-03-12 14:45:00,2010-03-12 14:45:00,6,1,60,10.0,405.0,67.5,6,0.0,1,1,637,1.0,318.5,1,1,2,Lost / Inactive,0.7613,High Risk
15942,2011-07-29 09:01:00,2011-07-29 09:01:00,14,1,232,16.571428571428573,337.44,24.102857142857143,14,0.0,1,1,134,1.0,67.0,3,1,2,Needs Attention,0.7261,High Risk
15943,2010-01-31 11:04:00,2010-02-28 12:49:00,12,2,183,15.25,271.29,22.6075,12,1.0,1,29,650,14.5,216.67,1,2,1,Lost / Inactive,0.6963,Medium Risk
15944,2009-12-13 12:57:00,2011-03-08 10:33:00,38,4,859,22.605263157894736,2164.24,56.95368421052631,25,0.2105263157894736,1,450,277,112.5,55.4,2,3,4,At Risk,0.6508,Medium Risk
15945,2009-12-01 13:47:00,2010-12-09 13:14:00,28,4,345,12.321428571428571,646.27,23.081071428571427,24,0.0,1,373,365,93.2,73.0,2,4,3,At Risk,0.542,Medium Risk
15946,2010-03-16 10:49:00,2010-07-25 12:18:00,26,3,1614,62.07692307692308,2304.18,88.62230769230769,25,0.5769230769230769,1,132,503,44.0,125.75,1,3,4,At Risk,0.6995,Medium Risk
15947,2011-09-18 10:46:00,2011-09-18 10:46:00,29,1,898,30.96551724137931,1708.24,58.9048275862069,29,1.0,0,1,83,1.0,41.5,3,1,4,Needs Attention,0.5999,Medium Risk
15948,2010-10-11 12:16:00,2011-12-01 15:32:00,95,3,852,8.968421052631578,1509.09,15.88515789473684,63,0.0,0,417,8,139.0,2.0,5,3,4,Loyal Customers,0.468,Medium Risk
15949,2011-09-29 17:34:00,2011-11-23 09:09:00,19,2,284,14.947368421052632,364.72,19.195789473684208,12,0.0,0,55,17,27.5,5.67,5,2,2,Promising / New,0.6067,Medium Risk
15950,2010-01-26 11:39:00,2011-11-08 11:09:00,393,10,3354,8.534351145038167,7120.91,18.11936386768448,225,0.0,0,651,32,65.1,2.91,4,5,5,Champions,0.0087,Low Risk
15951,2010-11-23 18:20:00,2011-12-01 08:34:00,59,3,420,7.11864406779661,1013.17,17.17237288135593,44,0.3728813559322034,0,373,9,124.3,2.25,5,3,3,Loyal Customers,0.4702,Medium Risk
15952,2011-04-28 12:55:00,2011-11-06 11:18:00,84,4,391,4.654761904761905,781.91,9.30845238095238,65,0.8333333333333334,0,192,34,48.0,6.8,4,4,3,Champions,0.5781,Medium Risk
15953,2009-12-03 14:00:00,2011-11-24 15:32:00,167,18,1741,10.425149700598803,3440.34,20.60083832335329,102,0.2694610778443114,0,722,15,40.1,0.79,5,5,5,Champions,0.0128,Low Risk
15954,2010-04-29 13:35:00,2010-04-29 13:35:00,20,1,119,5.95,190.75,9.5375,20,0.0,1,1,589,1.0,294.5,1,1,1,Lost / Inactive,0.8552,High Risk
15955,2010-02-23 16:36:00,2011-11-15 14:15:00,342,22,3967,11.599415204678362,8085.98,23.64321637426901,222,0.0555555555555555,0,630,24,28.6,1.04,4,5,5,Champions,0.017,Low Risk
15956,2009-12-13 11:16:00,2010-06-06 13:06:00,18,2,278,15.444444444444445,617.6,34.31111111111111,18,1.0,1,176,551,88.0,183.67,1,2,3,Lost / Inactive,0.7974,High Risk
15957,2010-10-15 12:11:00,2011-11-08 12:14:00,146,3,453,3.102739726027397,921.25,6.309931506849315,121,0.0,0,390,32,130.0,8.0,4,3,3,Loyal Customers,0.3021,Low Risk
15958,2010-06-07 10:59:00,2011-09-26 13:41:00,65,4,154,2.3692307692307693,462.12,7.109538461538461,50,0.0,0,477,74,119.2,14.8,3,4,2,Loyal Customers,0.4005,Medium Risk
15959,2010-01-26 16:19:00,2010-01-26 16:38:00,71,3,269,3.788732394366197,542.89,7.646338028169014,58,0.0,1,1,682,0.3,170.5,1,3,2,At Risk,0.6948,Medium Risk
15960,2010-09-30 15:50:00,2010-11-30 15:57:00,26,4,258,9.923076923076923,410.95,15.805769230769233,24,0.0,1,62,374,15.5,74.8,2,4,2,At Risk,0.6635,Medium Risk
15961,2010-11-25 15:59:00,2010-11-25 15:59:00,42,1,154,3.6666666666666665,451.29,10.745,42,0.0,1,1,379,1.0,189.5,2,1,2,Lost / Inactive,0.7624,High Risk
15962,2010-09-16 13:48:00,2010-09-16 13:48:00,55,1,228,4.1454545454545455,289.48,5.263272727272728,43,0.0,1,1,449,1.0,224.5,1,1,2,Lost / Inactive,0.7563,High Risk
15963,2011-10-25 13:05:00,2011-11-20 11:33:00,28,2,298,10.642857142857142,470.76,16.812857142857144,26,0.3571428571428571,0,26,20,13.0,6.67,4,2,2,Promising / New,0.6056,Medium Risk
15964,2010-02-14 15:30:00,2010-02-14 15:30:00,20,1,93,4.65,269.21,13.4605,20,1.0,1,1,663,1.0,331.5,1,1,1,Lost / Inactive,0.8797,High Risk
15965,2009-12-03 11:45:00,2011-11-22 16:44:00,332,13,1313,3.9548192771084336,2771.94,8.34921686746988,202,0.2138554216867469,0,720,17,55.4,1.21,5,5,4,Champions,0.0258,Low Risk
15966,2010-09-15 10:44:00,2010-09-15 10:44:00,27,1,275,10.185185185185183,426.53,15.797407407407407,27,0.0,1,1,451,1.0,225.5,1,1,2,Lost / Inactive,0.7052,High Risk
15967,2009-12-01 13:29:00,2011-11-16 15:41:00,480,12,1183,2.464583333333333,2966.0,6.179166666666666,316,0.1958333333333333,0,716,23,59.7,1.77,4,5,5,Champions,0.0133,Low Risk
15968,2010-11-16 13:04:00,2010-11-16 13:04:00,80,1,247,3.0875,404.55,5.056875,70,0.0,1,1,388,1.0,194.0,2,1,2,Lost / Inactive,0.7375,High Risk
15969,2010-07-05 13:10:00,2011-12-07 11:06:00,35,5,223,6.371428571428571,1127.05,32.20142857142857,31,0.3428571428571428,0,520,3,104.0,0.5,5,4,3,Champions,0.3592,Medium Risk
15970,2010-04-20 11:30:00,2011-02-09 12:08:00,24,2,498,20.75,1017.32,42.38833333333333,19,0.0,1,296,304,148.0,101.33,2,2,3,Lost / Inactive,0.7129,High Risk
15971,2009-12-08 09:46:00,2011-11-22 12:50:00,42,18,2251,53.595238095238095,5902.83,140.54357142857145,12,0.0,0,715,18,39.7,0.95,5,5,5,Champions,0.0289,Low Risk
15972,2010-04-18 14:06:00,2010-09-09 13:20:00,139,5,468,3.366906474820144,1769.33,12.728992805755396,104,0.4100719424460431,1,144,456,28.8,76.0,1,4,4,At Risk,0.5516,Medium Risk
15973,2010-10-06 15:00:00,2010-12-08 11:42:00,11,3,195,17.727272727272727,680.62,61.874545454545455,8,0.0,1,63,367,21.0,91.75,2,3,3,At Risk,0.6415,Medium Risk
15974,2011-02-24 10:10:00,2011-10-31 13:13:00,176,7,2262,12.852272727272728,3442.15,19.557670454545452,141,0.0,0,250,39,35.7,4.88,4,4,5,Champions,0.3113,Low Risk
15975,2011-09-16 13:33:00,2011-09-16 13:33:00,24,1,243,10.125,371.01,15.45875,24,0.0,0,1,84,1.0,42.0,3,1,2,Needs Attention,0.6902,Medium Risk
15976,2010-06-06 14:01:00,2011-06-27 13:00:00,378,6,1053,2.7857142857142856,1694.41,4.482566137566137,265,0.4682539682539682,1,386,165,64.3,23.57,3,4,4,Loyal Customers,0.4363,Medium Risk
15977,2011-10-31 16:24:00,2011-11-22 13:29:00,65,2,1016,15.63076923076923,1054.73,16.226615384615386,48,0.0,0,22,17,11.0,5.67,5,2,3,Promising / New,0.4446,Medium Risk
15978,2010-03-05 14:39:00,2011-09-23 15:21:00,129,3,2444,18.94573643410853,3279.42,25.42186046511628,107,0.3720930232558139,0,568,77,189.3,19.25,3,3,5,Loyal Customers,0.1771,Low Risk
15979,2010-04-16 11:35:00,2010-04-16 11:35:00,22,1,450,20.454545454545453,329.22,14.964545454545451,22,0.0,1,1,603,1.0,301.5,1,1,2,Lost / Inactive,0.6444,Medium Risk
15980,2010-06-01 14:40:00,2011-09-12 09:41:00,115,7,4822,41.93043478260869,6543.68,56.90156521739131,101,0.0,0,468,89,66.9,11.12,3,4,5,Loyal Customers,0.3905,Medium Risk
15981,2010-03-29 10:07:00,2011-11-15 08:00:00,288,21,4827,16.760416666666668,9362.77,32.50961805555556,151,0.0138888888888888,0,596,25,28.4,1.14,4,5,5,Champions,0.0739,Low Risk
15982,2010-04-13 15:47:00,2010-04-13 15:47:00,45,1,131,2.911111111111111,324.51,7.211333333333333,45,0.0,1,1,605,1.0,302.5,1,1,2,Lost / Inactive,0.7909,High Risk
15983,2009-12-06 12:52:00,2011-11-17 17:34:00,258,8,1872,7.255813953488372,3110.37,12.055697674418605,137,0.2480620155038759,0,712,22,89.0,2.44,4,4,5,Champions,0.03,Low Risk
15984,2009-12-01 13:38:00,2011-12-07 12:16:00,700,30,5730,8.185714285714285,8393.02,11.990028571428573,458,0.1671428571428571,0,736,3,24.5,0.1,5,5,5,Champions,0.0065,Low Risk
15985,2010-05-27 15:51:00,2011-08-08 16:31:00,104,7,2750,26.442307692307693,2715.28,26.108461538461537,50,0.2596153846153846,1,439,123,62.7,15.38,3,4,4,Loyal Customers,0.5111,Medium Risk
15986,2010-11-23 10:02:00,2011-11-09 15:17:00,25,2,368,14.72,354.42,14.1768,25,0.0,0,352,30,176.0,10.0,4,2,2,Promising / New,0.376,Medium Risk
15987,2010-11-25 12:56:00,2011-11-27 15:38:00,169,8,1599,9.461538461538462,1535.99,9.08869822485207,143,0.301775147928994,0,368,12,46.0,1.33,5,4,4,Champions,0.3579,Medium Risk
15988,2010-02-21 11:36:00,2011-11-20 13:23:00,120,3,476,3.966666666666667,738.89,6.157416666666666,114,1.0,0,638,19,212.7,4.75,5,3,3,Loyal Customers,0.0306,Low Risk
15989,2009-12-02 15:51:00,2010-11-29 12:03:00,86,2,169,1.9651162790697676,368.31,4.282674418604652,81,0.0,1,362,376,181.0,125.33,2,2,2,Lost / Inactive,0.5006,Medium Risk
15990,2010-02-28 12:30:00,2011-10-26 15:58:00,177,7,1086,6.135593220338983,1997.75,11.286723163841808,117,0.3389830508474576,0,606,44,86.6,5.5,4,4,4,Champions,0.079,Low Risk
15991,2010-06-23 15:50:00,2010-06-23 15:50:00,6,1,41,6.833333333333333,150.55,25.09166666666667,6,0.0,1,1,534,1.0,267.0,1,1,1,Lost / Inactive,0.8337,High Risk
15992,2010-09-12 11:52:00,2011-12-06 11:00:00,54,3,514,9.51851851851852,896.6,16.603703703703705,53,0.3518518518518518,0,450,4,150.0,1.0,5,3,3,Loyal Customers,0.4943,Medium Risk
15993,2011-10-26 16:21:00,2011-12-01 10:45:00,543,7,2037,3.751381215469613,2777.67,5.115414364640884,335,0.1933701657458563,0,36,9,5.1,1.12,5,4,4,Champions,0.196,Low Risk
15994,2010-03-14 11:55:00,2011-10-16 12:28:00,108,3,462,4.277777777777778,1175.68,10.885925925925926,93,1.0,0,582,55,194.0,13.75,4,3,3,Loyal Customers,0.1085,Low Risk
15995,2010-10-21 13:57:00,2010-10-21 13:57:00,110,1,352,3.2,694.54,6.314,108,0.0,1,1,414,1.0,207.0,1,1,3,Lost / Inactive,0.6925,Medium Risk
15996,2010-11-07 15:49:00,2011-09-12 15:14:00,173,7,643,3.7167630057803462,1386.4,8.013872832369943,140,0.4450867052023121,0,309,88,44.1,11.0,3,4,4,Loyal Customers,0.4987,Medium Risk
15998,2009-12-01 11:45:00,2011-11-03 12:45:00,1425,16,5350,3.754385964912281,8274.14,5.806414035087719,682,0.1726315789473684,0,703,37,43.9,2.18,4,5,5,Champions,0.0063,Low Risk
15999,2009-12-04 12:31:00,2009-12-04 12:31:00,1,1,24,24.0,20.4,20.4,1,0.0,1,1,736,1.0,368.0,1,1,1,Lost / Inactive,0.717,High Risk
16000,2011-12-07 12:14:00,2011-12-07 12:17:00,9,3,5110,567.7777777777778,12393.7,1377.0777777777778,9,0.0,0,1,3,0.3,0.75,5,3,5,Loyal Customers,0.533,Medium Risk
16001,2010-11-23 17:10:00,2010-11-23 17:10:00,29,1,337,11.620689655172416,583.39,20.11689655172414,29,0.0,1,1,381,1.0,190.5,2,1,2,Lost / Inactive,0.6993,Medium Risk
16002,2010-03-24 13:08:00,2010-03-24 13:08:00,42,1,70,1.6666666666666667,169.21,4.028809523809524,42,0.0,1,1,625,1.0,312.5,1,1,1,Lost / Inactive,0.8328,High Risk
16003,2009-12-03 18:51:00,2011-11-10 09:57:00,203,10,2210,10.886699507389162,5613.83,27.65433497536946,146,0.2019704433497537,0,707,30,70.7,2.73,4,5,5,Champions,0.0136,Low Risk
16004,2010-01-25 13:56:00,2010-08-22 11:48:00,90,5,1076,11.955555555555556,2146.39,23.848777777777777,63,0.1888888888888888,1,209,475,41.8,79.17,1,4,4,At Risk,0.4846,Medium Risk
16005,2010-09-15 13:21:00,2011-11-27 13:47:00,484,10,1269,2.621900826446281,2365.49,4.88737603305785,315,0.2438016528925619,0,439,12,43.9,1.09,5,5,4,Champions,0.2578,Low Risk
16006,2010-11-17 12:03:00,2011-05-12 13:12:00,78,2,205,2.628205128205128,332.82,4.266923076923077,75,0.0,1,177,211,88.5,70.33,2,2,2,Lost / Inactive,0.7782,High Risk
16007,2010-06-14 13:18:00,2011-10-23 11:05:00,657,7,2631,4.004566210045662,3053.06,4.646971080669711,337,0.893455098934551,0,496,48,70.9,6.0,4,4,5,Champions,0.4191,Medium Risk
16008,2010-03-19 11:07:00,2011-11-16 10:32:00,253,15,3237,12.794466403162057,5339.13,21.103280632411067,63,0.4505928853754941,0,607,24,40.5,1.5,4,5,5,Champions,0.0502,Low Risk
16009,2011-07-03 11:26:00,2011-11-17 16:51:00,82,4,366,4.463414634146342,972.11,11.855,68,0.7073170731707317,0,138,22,34.5,4.4,4,4,3,Champions,0.5487,Medium Risk
16010,2010-10-24 10:54:00,2011-04-08 10:14:00,289,11,919,3.179930795847751,1694.86,5.864567474048442,122,0.6539792387543253,1,166,246,15.1,20.5,2,5,4,At Risk,0.4957,Medium Risk
16011,2009-12-01 12:02:00,2011-12-01 16:31:00,425,29,3323,7.818823529411764,5601.01,13.17884705882353,181,0.1341176470588235,0,731,8,25.2,0.27,5,5,5,Champions,0.0089,Low Risk
16012,2010-06-28 11:39:00,2011-11-04 13:25:00,239,5,1760,7.364016736401673,2978.59,12.462719665271967,207,0.0,0,495,35,99.0,5.83,4,4,5,Champions,0.355,Medium Risk
16013,2009-12-08 10:24:00,2011-12-06 10:36:00,216,84,25520,118.14814814814817,56078.44,259.6224074074074,54,0.0,0,729,4,8.7,0.05,5,5,5,Champions,0.0367,Low Risk
16014,2010-01-31 12:43:00,2011-11-02 12:04:00,275,5,462,1.68,1100.28,4.001018181818182,219,0.5236363636363637,0,640,38,128.0,6.33,4,4,3,Champions,0.0739,Low Risk
16015,2011-10-21 12:56:00,2011-12-06 10:58:00,181,3,907,5.011049723756906,704.55,3.892541436464088,146,0.3259668508287293,0,46,4,15.3,1.0,5,3,3,Loyal Customers,0.227,Low Risk
16016,2010-11-02 13:27:00,2011-12-06 14:35:00,297,11,881,2.9663299663299663,2083.4,7.014814814814815,181,0.0,0,400,3,36.4,0.25,5,5,4,Champions,0.3086,Low Risk
16017,2010-01-05 12:06:00,2011-10-23 12:56:00,130,5,635,4.884615384615385,1545.58,11.889076923076924,99,0.3769230769230769,0,657,47,131.4,7.83,4,4,4,Champions,0.0509,Low Risk
16018,2009-12-07 13:57:00,2011-10-31 14:13:00,56,4,503,8.982142857142858,698.13,12.466607142857145,48,0.2678571428571428,0,694,39,173.5,7.8,4,4,3,Champions,0.0426,Low Risk
16019,2009-12-14 14:12:00,2011-10-24 11:51:00,403,27,6959,17.267990074441688,17329.16,43.00039702233251,256,0.0,0,679,47,25.1,1.68,4,5,5,Champions,0.0071,Low Risk
16020,2011-10-05 13:54:00,2011-11-23 11:18:00,46,3,487,10.58695652173913,851.01,18.500217391304343,42,0.0,0,49,17,16.3,4.25,5,3,3,Loyal Customers,0.4228,Medium Risk
16021,2010-06-13 11:05:00,2010-11-09 14:48:00,126,2,276,2.1904761904761907,487.03,3.86531746031746,117,0.2619047619047619,1,150,395,75.0,131.67,2,2,2,Lost / Inactive,0.7263,High Risk
16022,2011-03-24 13:16:00,2011-03-24 13:16:00,71,1,255,3.591549295774648,602.63,8.48774647887324,68,0.0,1,1,260,1.0,130.0,2,1,2,Lost / Inactive,0.7421,High Risk
16023,2011-03-18 13:32:00,2011-10-24 16:34:00,101,3,358,3.5445544554455446,719.81,7.126831683168317,90,0.0,0,221,46,73.7,11.5,4,3,3,Loyal Customers,0.6131,Medium Risk
16024,2010-10-24 11:40:00,2011-11-27 13:26:00,85,3,504,5.929411764705883,483.99,5.694,78,1.0,0,400,12,133.3,3.0,5,3,2,Loyal Customers,0.3495,Low Risk
16025,2011-11-10 11:45:00,2011-11-10 11:45:00,28,1,338,12.071428571428571,439.66,15.702142857142857,28,0.0,0,1,30,1.0,15.0,4,1,2,Promising / New,0.6463,Medium Risk
16026,2011-10-27 13:53:00,2011-10-27 13:53:00,32,1,243,7.59375,236.09,7.3778125,30,0.0,0,1,43,1.0,21.5,4,1,1,Promising / New,0.6444,Medium Risk
16027,2010-01-08 13:21:00,2011-09-09 10:47:00,35,15,2099,59.97142857142857,2048.36,58.52457142857144,20,0.1142857142857142,1,609,92,40.6,5.75,3,5,4,Loyal Customers,0.2656,Low Risk
16028,2010-04-23 11:45:00,2010-04-23 11:45:00,5,1,18,3.6,82.2,16.44,5,0.0,1,1,596,1.0,298.0,1,1,1,Lost / Inactive,0.9234,High Risk
16029,2009-12-08 11:23:00,2011-11-01 10:27:00,370,107,54450,147.16216216216216,117763.62,318.28005405405406,57,0.0,0,693,39,6.5,0.36,4,5,5,Champions,0.0424,Low Risk
16030,2011-02-03 11:28:00,2011-02-03 11:28:00,29,1,283,9.758620689655173,331.24,11.422068965517242,28,0.0,1,1,310,1.0,155.0,2,1,2,Lost / Inactive,0.7021,High Risk
16031,2011-04-06 14:23:00,2011-09-08 13:07:00,98,2,421,4.295918367346939,547.9,5.590816326530612,91,0.0,1,155,92,77.5,30.67,3,2,2,Needs Attention,0.6959,Medium Risk
16032,2010-07-04 13:31:00,2010-09-09 18:00:00,210,6,1467,6.985714285714286,1965.72,9.36057142857143,130,0.4666666666666667,1,68,456,11.3,65.14,1,4,4,At Risk,0.3558,Medium Risk
16033,2010-08-11 16:44:00,2011-12-04 12:44:00,1359,27,4200,3.0905077262693155,10608.81,7.806335540838852,605,0.3605592347314201,0,480,6,17.8,0.21,5,5,5,Champions,0.1563,Low Risk
16034,2010-10-26 13:00:00,2011-05-27 16:17:00,56,6,585,10.446428571428571,911.32,16.27357142857143,43,0.1607142857142857,1,214,196,35.7,28.0,2,4,3,At Risk,0.6528,Medium Risk
16035,2010-05-28 15:09:00,2010-05-28 15:09:00,21,1,33,1.5714285714285714,217.73,10.368095238095238,21,0.0,1,1,560,1.0,280.0,1,1,1,Lost / Inactive,0.9036,High Risk
16036,2010-03-29 14:47:00,2011-09-13 14:53:00,140,4,1369,9.778571428571428,2556.84,18.263142857142856,120,0.0,0,534,87,133.5,17.4,3,4,4,Loyal Customers,0.3008,Low Risk
16037,2010-03-01 12:31:00,2011-03-15 09:13:00,71,5,766,10.788732394366198,1509.34,21.258309859154927,62,0.2535211267605634,1,379,270,75.8,45.0,2,4,4,At Risk,0.5425,Medium Risk
16038,2011-05-22 11:29:00,2011-12-02 12:40:00,26,3,244,9.384615384615383,471.78,18.14538461538461,24,0.7307692307692307,0,195,8,65.0,2.0,5,3,2,Loyal Customers,0.7136,High Risk
16039,2010-03-21 15:17:00,2010-10-12 10:44:00,32,2,409,12.78125,456.4,14.2625,27,0.34375,1,205,424,102.5,141.33,1,2,2,Lost / Inactive,0.6833,Medium Risk
16040,2010-04-09 10:12:00,2011-10-05 13:47:00,125,7,1185,9.48,2416.9,19.3352,95,0.0,0,545,65,77.9,8.12,3,4,4,Loyal Customers,0.3205,Low Risk
16041,2011-07-21 16:27:00,2011-11-09 12:25:00,6,3,1584,264.0,3166.4,527.7333333333333,6,0.0,0,111,31,37.0,7.75,4,3,5,Loyal Customers,0.6571,Medium Risk
16042,2010-09-12 12:00:00,2011-11-17 17:50:00,129,8,1430,11.085271317829458,2245.32,17.40558139534884,88,0.2868217054263566,0,432,22,54.0,2.44,4,4,4,Champions,0.4273,Medium Risk
16043,2010-08-15 11:26:00,2011-11-02 12:50:00,73,8,1011,13.849315068493151,1856.59,25.4327397260274,56,0.2465753424657534,0,445,38,55.6,4.22,4,4,4,Champions,0.4805,Medium Risk
16044,2010-09-30 18:12:00,2010-09-30 18:12:00,19,1,170,8.947368421052632,340.84,17.93894736842105,19,0.0,1,1,435,1.0,217.5,1,1,2,Lost / Inactive,0.7398,High Risk
16045,2010-07-29 12:50:00,2011-08-12 12:41:00,148,8,2108,14.243243243243244,3434.93,23.208986486486484,111,0.1824324324324324,1,379,120,47.4,13.33,3,4,5,Loyal Customers,0.3362,Low Risk
16046,2010-05-26 13:18:00,2010-05-26 13:18:00,22,1,248,11.272727272727272,235.78,10.717272727272729,22,0.0,1,1,562,1.0,281.0,1,1,1,Lost / Inactive,0.6963,Medium Risk
16047,2010-01-26 16:34:00,2010-01-26 16:34:00,1,1,1,1.0,107.14,107.14,1,0.0,1,1,682,1.0,341.0,1,1,1,Lost / Inactive,0.945,High Risk
16048,2010-06-08 12:36:00,2010-12-01 15:28:00,36,4,425,11.805555555555555,818.79,22.744166666666665,30,0.0,1,177,373,44.2,74.6,2,4,3,At Risk,0.6777,Medium Risk
16049,2010-07-11 13:53:00,2011-10-30 13:19:00,485,6,1132,2.334020618556701,1852.15,3.818865979381444,383,0.6061855670103092,0,476,40,79.3,5.71,4,4,4,Champions,0.3352,Low Risk
16050,2010-11-03 15:55:00,2011-06-19 11:44:00,21,3,388,18.476190476190474,300.7,14.319047619047618,19,0.7142857142857143,1,228,174,76.0,43.5,3,3,2,Loyal Customers,0.6907,Medium Risk
16051,2010-01-27 09:38:00,2010-01-27 09:38:00,12,1,80,6.666666666666667,188.44,15.703333333333331,12,0.0,1,1,682,1.0,341.0,1,1,1,Lost / Inactive,0.8563,High Risk
16052,2011-10-16 15:13:00,2011-10-16 15:13:00,34,1,282,8.294117647058824,362.06,10.648823529411764,34,1.0,0,1,54,1.0,27.0,4,1,2,Promising / New,0.6992,Medium Risk
16053,2010-04-08 11:11:00,2011-11-07 11:21:00,194,6,3067,15.809278350515465,3634.84,18.73628865979381,169,0.2268041237113402,0,579,33,96.5,4.71,4,4,5,Champions,0.1605,Low Risk
16054,2010-04-01 18:37:00,2011-07-17 13:08:00,122,4,791,6.483606557377049,2111.88,17.31049180327869,109,0.7213114754098361,1,472,145,118.0,29.0,3,4,4,Loyal Customers,0.6149,Medium Risk
16055,2011-05-03 09:26:00,2011-05-03 09:26:00,8,1,22,2.75,134.8,16.85,8,0.0,1,1,221,1.0,110.5,2,1,1,Lost / Inactive,0.9108,High Risk
16056,2011-10-25 15:19:00,2011-10-25 15:19:00,66,1,345,5.227272727272728,650.75,9.859848484848484,66,0.0,0,1,45,1.0,22.5,4,1,3,Promising / New,0.6743,Medium Risk
16057,2010-01-07 17:11:00,2011-11-23 15:23:00,218,10,1691,7.756880733944954,3854.85,17.682798165137616,175,0.1055045871559633,0,685,16,68.5,1.45,5,5,5,Champions,0.0118,Low Risk
16058,2010-10-29 16:48:00,2010-10-29 16:48:00,2,1,18,9.0,62.7,31.35,2,0.0,1,1,406,1.0,203.0,2,1,1,Lost / Inactive,0.8523,High Risk
16059,2010-05-19 13:04:00,2011-10-05 09:56:00,391,12,1431,3.659846547314578,3053.57,7.809641943734015,233,0.2455242966751918,0,504,66,42.0,5.08,3,5,5,Loyal Customers,0.2389,Low Risk
16060,2010-08-02 15:26:00,2010-11-04 12:10:00,24,3,243,10.125,541.95,22.58125,22,0.0,1,94,401,31.3,100.25,2,3,2,At Risk,0.6891,Medium Risk
16061,2010-10-04 15:29:00,2010-10-04 15:29:00,3,1,19,6.333333333333333,89.65,29.883333333333336,3,0.0,1,1,431,1.0,215.5,1,1,1,Lost / Inactive,0.852,High Risk
16062,2010-06-21 13:32:00,2011-11-30 12:15:00,185,8,2035,11.0,2863.45,15.478108108108108,134,0.0,0,527,10,65.9,1.11,5,5,4,Champions,0.2738,Low Risk
16063,2011-03-24 14:55:00,2011-03-24 14:56:00,23,1,262,11.391304347826088,335.32,14.57913043478261,23,0.0,1,1,260,1.0,130.0,2,1,2,Lost / Inactive,0.7019,High Risk
16064,2009-12-14 16:11:00,2009-12-14 16:11:00,17,1,55,3.235294117647059,109.31,6.43,17,0.0,1,1,725,1.0,362.5,1,1,1,Lost / Inactive,0.8837,High Risk
16065,2010-09-02 13:27:00,2010-12-09 13:03:00,353,8,1207,3.4192634560906514,1992.13,5.64342776203966,214,0.2266288951841359,1,98,365,12.2,40.56,2,5,4,At Risk,0.3646,Medium Risk
16066,2011-08-07 14:33:00,2011-11-23 11:54:00,101,5,935,9.257425742574258,1521.04,15.05980198019802,77,0.6039603960396039,0,108,17,21.6,2.83,5,4,4,Champions,0.4037,Medium Risk
16067,2010-02-02 18:01:00,2010-05-26 12:33:00,68,3,1236,18.176470588235293,3269.11,48.07514705882353,60,0.1617647058823529,1,113,563,37.7,140.75,1,3,5,At Risk,0.653,Medium Risk
16068,2010-04-25 11:52:00,2010-04-25 11:52:00,35,1,48,1.3714285714285714,115.73,3.3065714285714285,34,1.0,1,1,594,1.0,297.0,1,1,1,Lost / Inactive,0.8622,High Risk
16069,2010-10-18 10:32:00,2010-10-18 10:32:00,25,1,138,5.52,457.7,18.308,25,0.0,1,1,418,1.0,209.0,1,1,2,Lost / Inactive,0.7484,High Risk
16070,2011-11-07 16:36:00,2011-11-17 15:50:00,33,2,457,13.848484848484848,852.15,25.82272727272727,32,0.0,0,10,22,5.0,7.33,4,2,3,Promising / New,0.5632,Medium Risk
16071,2010-02-22 14:48:00,2011-10-26 11:14:00,73,4,697,9.547945205479452,1076.8,14.750684931506848,62,0.0,0,611,45,152.8,9.0,4,4,3,Champions,0.1584,Low Risk
16072,2010-06-08 16:47:00,2011-02-24 14:32:00,531,4,1580,2.975517890772128,4180.09,7.87210922787194,414,0.0,1,261,288,65.2,57.6,2,4,5,At Risk,0.5769,Medium Risk
16073,2011-02-15 15:41:00,2011-02-15 15:41:00,1,1,48,48.0,122.4,122.4,1,0.0,1,1,297,1.0,148.5,2,1,1,Lost / Inactive,0.8283,High Risk
16074,2010-11-14 13:19:00,2010-11-14 13:19:00,25,1,38,1.52,252.5,10.1,23,1.0,1,1,390,1.0,195.0,2,1,1,Lost / Inactive,0.8998,High Risk
16075,2010-05-24 15:57:00,2010-07-25 11:31:00,41,2,271,6.609756097560975,736.93,17.97390243902439,41,0.3902439024390244,1,62,503,31.0,167.67,1,2,3,Lost / Inactive,0.6668,Medium Risk
16076,2011-05-15 12:31:00,2011-12-06 14:59:00,129,10,1435,11.124031007751938,2234.73,17.323488372093024,71,0.1240310077519379,0,206,3,20.6,0.27,5,5,4,Champions,0.2884,Low Risk
16077,2010-03-24 10:42:00,2010-03-24 10:42:00,8,1,840,105.0,2300.4,287.54999999999995,8,0.0,1,1,626,1.0,313.0,1,1,4,Lost / Inactive,0.795,High Risk
16078,2010-02-08 13:29:00,2011-03-01 09:47:00,39,2,200,5.128205128205129,362.99,9.307435897435898,39,0.0,1,386,284,193.0,94.67,2,2,2,Lost / Inactive,0.5086,Medium Risk
16079,2011-10-30 13:06:00,2011-11-23 12:48:00,21,3,864,41.142857142857146,1352.0,64.38095238095238,18,0.5238095238095238,0,24,17,8.0,4.25,5,3,4,Loyal Customers,0.4098,Medium Risk
16080,2010-09-15 14:19:00,2011-09-19 10:42:00,30,4,298,9.933333333333334,602.56,20.08533333333333,29,0.0,0,369,82,92.2,16.4,3,4,2,Loyal Customers,0.546,Medium Risk
16081,2010-02-03 12:46:00,2011-10-14 13:06:00,368,8,2177,5.915760869565218,4278.96,11.627608695652174,235,0.0,0,619,56,77.4,6.22,4,5,5,Champions,0.0927,Low Risk
16082,2010-02-07 15:16:00,2010-02-07 15:16:00,16,1,39,2.4375,106.75,6.671875,16,1.0,1,1,670,1.0,335.0,1,1,1,Lost / Inactive,0.9083,High Risk
16083,2010-11-16 11:53:00,2011-08-31 10:47:00,71,4,1514,21.323943661971832,2351.42,33.11859154929578,61,0.0,1,288,101,72.0,20.2,3,4,4,Loyal Customers,0.5811,Medium Risk
16084,2011-02-13 16:05:00,2011-02-13 16:05:00,38,1,216,5.684210526315789,436.18,11.47842105263158,38,1.0,1,1,299,1.0,149.5,2,1,2,Lost / Inactive,0.762,High Risk
16085,2010-01-20 14:03:00,2011-11-16 13:24:00,375,12,1382,3.685333333333333,2341.03,6.242746666666667,259,0.2746666666666666,0,665,23,55.4,1.77,4,5,4,Champions,0.0167,Low Risk
16086,2009-12-02 13:20:00,2011-10-11 13:09:00,129,10,1450,11.24031007751938,2687.73,20.83511627906977,66,0.0,0,678,59,67.8,5.36,4,5,4,Champions,0.0198,Low Risk
16087,2010-01-19 12:30:00,2010-11-15 16:44:00,10,5,664,66.4,1739.92,173.99200000000002,6,0.0,1,301,389,60.2,64.83,2,4,4,At Risk,0.677,Medium Risk
16088,2010-04-27 10:56:00,2010-05-13 10:16:00,6,2,373,62.16666666666666,1437.43,239.5716666666667,3,0.0,1,16,576,8.0,192.0,1,2,4,Lost / Inactive,0.6434,Medium Risk
16089,2010-07-18 15:51:00,2010-11-18 13:51:00,47,2,119,2.5319148936170213,263.49,5.606170212765957,42,0.574468085106383,1,123,386,61.5,128.67,2,2,1,Lost / Inactive,0.8448,High Risk
16090,2010-03-25 13:05:00,2010-03-25 13:05:00,18,1,58,3.2222222222222223,180.56,10.03111111111111,18,0.0,1,1,624,1.0,312.0,1,1,1,Lost / Inactive,0.8843,High Risk
16091,2011-05-25 09:18:00,2011-07-08 08:45:00,18,2,154,8.555555555555555,315.06,17.503333333333334,16,0.0,1,44,155,22.0,51.67,3,2,2,Needs Attention,0.7348,High Risk
16092,2010-05-09 16:10:00,2011-08-17 10:46:00,90,6,1188,13.2,1587.94,17.64377777777778,60,0.3,1,465,115,77.5,16.43,3,4,4,Loyal Customers,0.5709,Medium Risk
16093,2011-08-25 11:09:00,2011-08-25 11:09:00,1,1,20,20.0,17.0,17.0,1,0.0,1,1,107,1.0,53.5,3,1,1,Needs Attention,0.8217,High Risk
16094,2010-04-16 14:00:00,2011-11-28 12:45:00,196,11,2020,10.306122448979592,3695.56,18.854897959183678,101,0.0,0,591,12,53.7,1.0,5,5,5,Champions,0.2143,Low Risk
16095,2010-09-09 16:54:00,2010-09-09 16:54:00,30,1,265,8.833333333333334,447.05,14.901666666666667,30,0.0,1,1,456,1.0,228.0,1,1,2,Lost / Inactive,0.7121,High Risk
16096,2010-03-04 15:44:00,2011-03-20 13:38:00,66,4,700,10.606060606060606,1584.97,24.01469696969697,58,0.1818181818181818,1,381,264,95.2,52.8,2,4,4,At Risk,0.5677,Medium Risk
16097,2011-04-13 13:47:00,2011-04-13 13:47:00,10,1,87,8.7,185.05,18.505,10,0.0,1,1,240,1.0,120.0,2,1,1,Lost / Inactive,0.7678,High Risk
16098,2009-12-15 09:40:00,2011-09-13 09:59:00,150,14,2008,13.386666666666668,4010.7,26.738,83,0.0,0,638,88,45.6,5.87,3,5,5,Loyal Customers,0.0391,Low Risk
16099,2010-03-03 11:13:00,2011-10-20 13:13:00,69,7,960,13.91304347826087,1573.2,22.8,44,0.0,0,597,50,85.3,6.25,4,4,4,Champions,0.1709,Low Risk
16100,2010-09-03 11:39:00,2010-09-03 11:39:00,37,1,438,11.83783783783784,582.64,15.747027027027029,37,0.0,1,1,463,1.0,231.5,1,1,2,Lost / Inactive,0.6603,Medium Risk
16101,2010-05-27 12:50:00,2011-09-30 10:18:00,192,4,1844,9.604166666666666,3229.16,16.818541666666665,153,0.125,0,491,71,122.8,14.2,3,4,5,Loyal Customers,0.3399,Low Risk
16102,2011-08-03 12:50:00,2011-10-28 13:19:00,57,3,942,16.526315789473685,1842.14,32.318245614035085,41,0.0,0,87,42,29.0,10.5,4,3,4,Loyal Customers,0.593,Medium Risk
16103,2010-01-08 12:08:00,2011-12-02 14:16:00,200,22,2639,13.195,6191.71,30.95855,111,0.0,0,694,7,31.5,0.3,5,5,5,Champions,0.0104,Low Risk
16104,2009-12-06 10:41:00,2011-10-09 10:23:00,232,9,1047,4.512931034482759,2774.46,11.958879310344829,187,1.0,0,672,62,74.7,6.2,3,5,4,Loyal Customers,0.0551,Low Risk
16105,2010-04-14 13:27:00,2011-04-05 10:13:00,110,5,2125,19.318181818181817,2386.19,21.692636363636364,92,0.0,1,356,249,71.2,41.5,2,4,4,At Risk,0.4914,Medium Risk
16106,2011-10-05 10:37:00,2011-10-05 10:37:00,6,1,74,12.333333333333334,108.38,18.063333333333333,6,0.0,0,1,66,1.0,33.0,3,1,1,Needs Attention,0.7384,High Risk
16107,2011-06-09 18:42:00,2011-11-22 09:40:00,31,7,1176,37.935483870967744,3204.16,103.36,16,0.2580645161290322,0,166,18,23.7,2.25,5,4,5,Champions,0.4458,Medium Risk
16108,2010-03-18 14:14:00,2011-09-16 11:48:00,135,4,1473,10.911111111111111,2235.92,16.56237037037037,124,0.0,0,547,85,136.8,17.0,3,4,4,Loyal Customers,0.2941,Low Risk
16109,2010-01-10 10:37:00,2011-05-05 09:17:00,31,3,1092,35.225806451612904,939.48,30.305806451612906,30,0.4193548387096774,1,480,219,160.0,54.75,2,3,3,At Risk,0.6393,Medium Risk
16110,2010-07-05 13:04:00,2011-10-25 14:35:00,430,4,880,2.046511627906977,1781.59,4.143232558139535,343,0.0,0,478,45,119.5,9.0,4,4,4,Champions,0.3737,Medium Risk
16111,2010-10-07 19:51:00,2010-10-07 19:51:00,73,1,233,3.191780821917808,549.33,7.525068493150686,72,0.0,1,1,428,1.0,214.0,1,1,2,Lost / Inactive,0.7439,High Risk
16112,2011-01-05 11:47:00,2011-07-19 14:28:00,16,4,574,35.875,195.74,12.23375,15,0.0,1,196,143,49.0,28.6,3,4,1,Loyal Customers,0.6443,Medium Risk
16113,2011-06-09 16:16:00,2011-06-09 16:16:00,30,1,176,5.866666666666666,161.38,5.379333333333333,30,0.0,1,1,183,1.0,91.5,3,1,1,Needs Attention,0.7193,High Risk
16114,2011-06-22 10:13:00,2011-06-22 10:13:00,8,1,43,5.375,135.75,16.96875,8,0.0,1,1,171,1.0,85.5,3,1,1,Needs Attention,0.8615,High Risk
16115,2010-05-14 11:59:00,2011-11-30 11:32:00,419,12,1589,3.79236276849642,2553.8,6.094988066825776,230,0.5823389021479713,0,565,10,47.1,0.77,5,5,4,Champions,0.2182,Low Risk
16116,2011-05-12 12:01:00,2011-05-12 12:01:00,34,1,248,7.294117647058823,612.78,18.02294117647059,34,0.0,1,1,212,1.0,106.0,2,1,3,Lost / Inactive,0.7092,High Risk
16117,2010-04-27 11:50:00,2011-06-03 11:42:00,89,3,321,3.606741573033708,654.4,7.352808988764044,64,0.0,1,402,190,134.0,47.5,2,3,3,At Risk,0.3559,Medium Risk
16118,2010-02-25 09:40:00,2010-02-25 09:40:00,41,1,2851,69.53658536585365,4376.25,106.73780487804878,41,0.0,1,1,653,1.0,326.5,1,1,5,Lost / Inactive,0.7155,High Risk
16119,2009-12-16 11:56:00,2011-12-01 15:11:00,54,8,811,15.01851851851852,1720.81,31.86685185185185,37,0.1666666666666666,0,716,8,89.5,0.89,5,5,4,Champions,0.0516,Low Risk
16120,2010-10-13 15:07:00,2011-10-11 14:22:00,92,6,2161,23.48913043478261,2967.51,32.25554347826087,84,0.0,0,363,59,60.5,8.43,4,4,5,Champions,0.3455,Low Risk
16121,2010-05-23 10:52:00,2011-10-13 12:59:00,344,5,879,2.5552325581395348,1450.04,4.215232558139535,256,0.6133720930232558,0,509,57,101.8,9.5,4,4,4,Champions,0.2992,Low Risk
16122,2010-10-10 15:26:00,2011-09-27 15:34:00,54,6,1280,23.703703703703702,895.62,16.585555555555555,28,0.1481481481481481,0,353,73,58.8,10.43,3,4,3,Loyal Customers,0.5024,Medium Risk
16123,2011-10-19 09:18:00,2011-10-19 09:18:00,16,1,170,10.625,307.78,19.23625,16,0.0,0,1,52,1.0,26.0,4,1,2,Promising / New,0.7369,High Risk
16124,2009-12-07 10:33:00,2011-01-26 14:45:00,82,4,797,9.71951219512195,1772.49,21.615731707317074,63,0.3170731707317073,1,416,317,104.0,63.4,2,4,4,At Risk,0.5481,Medium Risk
16125,2009-12-14 15:38:00,2010-12-07 15:48:00,287,14,1819,6.337979094076655,4292.35,14.955923344947736,168,0.0,1,359,367,25.6,24.47,2,5,5,At Risk,0.3566,Medium Risk
16126,2009-12-02 13:34:00,2011-11-10 16:03:00,381,15,6140,16.11548556430446,14644.6,38.43727034120735,144,0.0446194225721784,0,709,29,47.3,1.81,4,5,5,Champions,0.0086,Low Risk
16127,2009-12-13 12:19:00,2011-10-31 13:58:00,75,2,391,5.213333333333333,801.3100000000001,10.684133333333332,75,0.4666666666666667,0,688,39,344.0,13.0,4,2,3,Promising / New,0.089,Low Risk
16128,2010-07-16 16:30:00,2011-11-22 11:14:00,182,11,2445,13.434065934065934,3801.05,20.88489010989011,155,0.0,0,494,18,44.9,1.5,5,5,5,Champions,0.2485,Low Risk
16129,2010-07-20 12:32:00,2010-10-28 14:29:00,96,3,1261,13.135416666666666,1396.05,14.5421875,91,0.0,1,101,407,33.7,101.75,2,3,4,At Risk,0.477,Medium Risk
16130,2010-04-01 13:58:00,2010-10-13 15:14:00,55,4,296,5.381818181818182,987.48,17.95418181818182,53,0.0,1,196,422,49.0,84.4,1,4,3,At Risk,0.6649,Medium Risk
16131,2009-12-02 10:09:00,2011-10-19 11:53:00,219,12,4768,21.771689497716896,9957.42,45.46767123287671,131,0.1004566210045662,0,687,52,57.2,4.0,4,5,5,Champions,0.0108,Low Risk
16132,2010-03-22 10:25:00,2010-06-13 13:49:00,17,2,280,16.470588235294116,664.1999999999999,39.07058823529411,14,0.4117647058823529,1,84,544,42.0,181.33,1,2,3,Lost / Inactive,0.7739,High Risk
16133,2010-03-31 12:21:00,2011-12-06 11:24:00,544,56,13653,25.09742647058824,22992.26,42.26518382352941,303,0.0753676470588235,0,615,4,11.0,0.07,5,5,5,Champions,0.119,Low Risk
16134,2010-06-17 09:48:00,2011-11-18 10:05:00,116,5,1637,14.112068965517242,2145.34,18.49431034482759,85,0.0,0,520,22,104.0,3.67,4,4,4,Champions,0.3449,Low Risk
16135,2010-05-05 09:35:00,2011-03-22 12:30:00,39,2,395,10.128205128205128,819.45,21.011538461538464,35,0.0,1,322,263,161.0,87.67,2,2,3,Lost / Inactive,0.7095,High Risk
16136,2010-02-14 12:49:00,2011-10-11 09:10:00,46,4,674,14.652173913043478,946.8,20.582608695652173,44,0.1956521739130435,0,604,60,151.0,12.0,3,4,3,Loyal Customers,0.1909,Low Risk
16137,2010-01-28 15:04:00,2010-01-28 15:04:00,28,1,210,7.5,422.7,15.096428571428572,28,0.0,1,1,680,1.0,340.0,1,1,2,Lost / Inactive,0.7132,High Risk
16138,2010-04-28 09:51:00,2010-11-26 12:13:00,37,3,774,20.91891891891892,910.35,24.604054054054053,35,0.0,1,213,379,71.0,94.75,2,3,3,At Risk,0.6721,Medium Risk
16139,2009-12-03 13:51:00,2011-11-21 08:37:00,57,5,602,10.56140350877193,1111.15,19.493859649122808,47,0.0,0,718,19,143.6,3.17,5,4,3,Champions,0.0726,Low Risk
16140,2010-09-24 12:03:00,2011-10-05 12:15:00,64,3,1272,19.875,1433.46,22.3978125,50,0.0,0,377,66,125.7,16.5,3,3,4,Loyal Customers,0.4331,Medium Risk
16141,2010-10-18 14:12:00,2011-09-12 13:11:00,50,2,410,8.2,955.94,19.1188,47,0.0,0,329,88,164.5,29.33,3,2,3,Needs Attention,0.5207,Medium Risk
16142,2011-04-04 10:16:00,2011-04-04 10:16:00,37,1,422,11.405405405405403,535.34,14.46864864864865,37,0.0,1,1,250,1.0,125.0,2,1,2,Lost / Inactive,0.6528,Medium Risk
16143,2009-12-10 09:44:00,2011-12-06 14:13:00,223,12,1866,8.367713004484305,4555.08,20.426367713004485,107,0.0717488789237668,0,727,3,60.6,0.23,5,5,5,Champions,0.0131,Low Risk
16144,2011-04-07 10:09:00,2011-04-07 10:09:00,1,1,16,16.0,175.2,175.2,1,0.0,1,1,247,1.0,123.5,2,1,1,Lost / Inactive,0.8557,High Risk
16145,2010-05-04 13:31:00,2011-12-01 10:33:00,396,19,5270,13.308080808080808,6805.44,17.185454545454544,217,0.0656565656565656,0,576,9,30.3,0.45,5,5,5,Champions,0.0745,Low Risk
16146,2010-09-17 10:46:00,2011-07-05 14:20:00,41,4,544,13.268292682926829,946.38,23.082439024390244,34,0.0,1,292,157,73.0,31.4,3,4,3,Loyal Customers,0.6802,Medium Risk
16147,2010-02-05 12:26:00,2011-07-29 09:57:00,136,5,1395,10.257352941176473,2398.91,17.639044117647057,113,0.0,1,539,134,107.8,22.33,3,4,4,Loyal Customers,0.3893,Medium Risk
16148,2010-09-29 10:12:00,2011-02-16 14:01:00,9,2,250,27.77777777777778,386.62,42.95777777777778,9,0.0,1,141,296,70.5,98.67,2,2,2,Lost / Inactive,0.783,High Risk
16149,2010-10-06 15:54:00,2011-12-05 11:29:00,30,3,598,19.933333333333334,422.22,14.074,30,0.0,0,425,5,141.7,1.25,5,3,2,Loyal Customers,0.4101,Medium Risk
16150,2009-12-17 15:33:00,2011-10-28 12:39:00,216,10,1990,9.212962962962964,4002.17,18.52856481481481,143,0.0,0,680,43,68.0,3.91,4,5,5,Champions,0.0093,Low Risk
16152,2011-03-16 09:47:00,2011-03-16 09:47:00,29,1,642,22.13793103448276,1829.04,63.07034482758621,29,0.0,1,1,269,1.0,134.5,2,1,4,Lost / Inactive,0.6901,Medium Risk
16153,2010-05-26 12:41:00,2011-10-21 10:50:00,226,11,3693,16.34070796460177,5133.49,22.714557522123894,161,0.0442477876106194,0,513,50,46.6,4.17,4,5,5,Champions,0.1667,Low Risk
16155,2010-06-18 11:23:00,2010-11-23 12:03:00,48,5,495,10.3125,796.9,16.602083333333333,45,0.2291666666666666,1,159,382,31.8,63.67,2,4,3,At Risk,0.6246,Medium Risk
16156,2009-12-02 17:06:00,2011-12-01 12:42:00,261,20,3205,12.279693486590038,6188.18,23.709501915708813,199,0.0,0,729,9,36.4,0.43,5,5,5,Champions,0.0056,Low Risk
16157,2011-09-28 11:48:00,2011-11-24 11:41:00,18,3,347,19.27777777777778,656.6899999999999,36.48277777777778,12,0.0,0,57,16,19.0,4.0,5,3,3,Loyal Customers,0.6046,Medium Risk
16158,2009-12-05 15:00:00,2010-07-05 13:55:00,35,9,182,5.2,628.32,17.952,29,0.4,1,212,522,23.6,52.2,1,5,3,At Risk,0.7311,High Risk
16159,2009-12-03 11:51:00,2011-03-03 12:27:00,52,4,635,12.211538461538462,1232.79,23.7075,31,0.0,1,456,282,114.0,56.4,2,4,4,At Risk,0.5627,Medium Risk
16160,2011-09-15 10:53:00,2011-10-05 14:19:00,20,2,1162,58.1,1025.44,51.272000000000006,20,0.0,0,21,65,10.5,21.67,3,2,3,Needs Attention,0.5138,Medium Risk
16161,2010-02-08 11:06:00,2011-12-08 12:10:00,1134,43,6255,5.515873015873016,12580.06,11.093527336860667,458,0.0537918871252204,0,669,2,15.6,0.05,5,5,5,Champions,0.0087,Low Risk
16162,2011-04-01 15:03:00,2011-04-01 15:03:00,2,1,4,2.0,37.4,18.7,2,0.0,1,1,252,1.0,126.0,2,1,1,Lost / Inactive,0.9233,High Risk
16163,2009-12-02 10:00:00,2011-04-21 15:15:00,68,6,676,9.941176470588236,2407.98,35.4114705882353,59,0.0,1,506,232,84.3,33.14,2,4,4,At Risk,0.5098,Medium Risk
16164,2011-10-28 09:12:00,2011-11-22 15:04:00,34,3,433,12.735294117647058,822.48,24.19058823529412,27,0.0,0,26,17,8.7,4.25,5,3,3,Loyal Customers,0.474,Medium Risk
16165,2010-07-22 14:17:00,2010-07-22 14:17:00,1,1,2,2.0,79.9,79.9,1,0.0,1,1,505,1.0,252.5,1,1,1,Lost / Inactive,0.952,High Risk
16166,2010-01-17 14:16:00,2010-10-07 15:44:00,22,2,173,7.863636363636363,435.83,19.810454545454544,18,0.5454545454545454,1,264,428,132.0,142.67,1,2,2,Lost / Inactive,0.7369,High Risk
16167,2009-12-01 10:46:00,2010-10-21 15:33:00,63,5,1494,23.714285714285715,1386.12,22.00190476190476,51,0.0,1,325,414,65.0,69.0,1,4,4,At Risk,0.5288,Medium Risk
16168,2009-12-03 12:38:00,2011-11-29 12:45:00,306,66,4975,16.258169934640524,10360.67,33.85839869281046,131,0.1437908496732026,0,727,11,11.0,0.16,5,5,5,Champions,0.0082,Low Risk
16169,2011-09-25 11:33:00,2011-12-01 15:28:00,85,4,1325,15.588235294117649,1822.97,21.44670588235294,71,0.3058823529411765,0,68,8,17.0,1.6,5,4,4,Champions,0.3543,Medium Risk
16170,2010-02-18 13:50:00,2011-10-20 08:21:00,440,20,6056,13.763636363636364,6869.0,15.611363636363636,254,0.1159090909090909,0,609,51,30.4,2.43,4,5,5,Champions,0.0486,Low Risk
16171,2011-10-11 14:51:00,2011-10-11 14:51:00,3,1,24,8.0,73.19999999999999,24.399999999999995,3,0.0,0,1,59,1.0,29.5,4,1,1,Promising / New,0.839,High Risk
16172,2010-07-14 15:34:00,2011-09-05 13:22:00,113,8,1419,12.557522123893806,1884.55,16.677433628318585,81,0.0,1,418,95,52.2,10.56,3,5,4,Loyal Customers,0.387,Medium Risk
16173,2011-09-02 15:23:00,2011-11-24 10:53:00,84,6,575,6.845238095238095,1418.32,16.884761904761906,70,0.0,0,83,16,13.8,2.29,5,4,4,Champions,0.3689,Medium Risk
16174,2010-04-15 15:12:00,2011-08-05 13:26:00,65,7,1431,22.015384615384612,2246.75,34.565384615384616,28,0.0,1,477,126,68.1,15.75,3,4,4,Loyal Customers,0.5611,Medium Risk
16175,2010-05-25 12:01:00,2011-09-06 14:32:00,98,7,932,9.510204081632653,1836.44,18.739183673469388,59,0.0,1,470,94,67.1,11.75,3,4,4,Loyal Customers,0.5445,Medium Risk
16176,2010-03-29 14:52:00,2010-10-14 13:54:00,72,4,952,13.22222222222222,2052.69,28.50958333333333,53,0.0,1,199,421,49.8,84.2,1,4,4,At Risk,0.5675,Medium Risk
16177,2010-03-02 14:03:00,2011-10-20 12:57:00,118,8,1021,8.652542372881356,2247.31,19.045,79,0.0,0,597,50,74.6,5.56,4,5,4,Champions,0.1469,Low Risk
16178,2010-11-03 14:46:00,2011-07-24 16:05:00,25,2,304,12.16,612.6,24.504,24,0.32,1,264,138,132.0,46.0,3,2,3,Needs Attention,0.7122,High Risk
16179,2011-10-10 09:41:00,2011-10-10 09:41:00,11,1,99,9.0,215.83,19.62090909090909,11,0.0,0,1,61,1.0,30.5,3,1,1,Needs Attention,0.7606,High Risk
16180,2010-06-23 13:19:00,2011-08-31 16:28:00,327,13,9813,30.009174311926607,16249.87,49.69379204892967,171,0.073394495412844,1,435,100,33.5,7.14,3,5,5,Loyal Customers,0.3972,Medium Risk
16181,2011-09-27 13:38:00,2011-09-27 13:38:00,11,1,152,13.818181818181818,305.54,27.776363636363637,11,0.0,0,1,73,1.0,36.5,3,1,2,Needs Attention,0.7375,High Risk
16182,2010-03-09 09:34:00,2011-09-28 13:23:00,51,9,5887,115.4313725490196,9971.65,195.52254901960785,20,0.0784313725490196,0,569,72,63.2,7.2,3,5,5,Loyal Customers,0.3455,Low Risk
16183,2010-10-28 14:43:00,2011-10-03 14:59:00,41,4,351,8.560975609756097,1077.81,26.2880487804878,32,0.0,0,341,67,85.2,13.4,3,4,3,Loyal Customers,0.5611,Medium Risk
16184,2011-05-12 13:33:00,2011-10-06 17:43:00,45,6,561,12.466666666666669,1158.79,25.750888888888888,26,0.0,0,148,64,24.7,9.14,3,4,3,Loyal Customers,0.4496,Medium Risk
16185,2010-05-24 11:04:00,2011-11-23 09:41:00,40,3,321,8.025,644.72,16.118000000000002,39,0.0,0,548,17,182.7,4.25,5,3,3,Loyal Customers,0.1758,Low Risk
16186,2009-12-09 15:36:00,2011-11-17 12:43:00,505,26,6594,13.057425742574257,8718.43,17.26421782178218,172,0.0376237623762376,0,708,23,27.2,0.85,4,5,5,Champions,0.0058,Low Risk
16187,2011-02-28 13:34:00,2011-11-08 09:50:00,295,15,5048,17.11186440677966,6911.44,23.428610169491524,160,0.1152542372881356,0,253,32,16.9,2.0,4,5,5,Champions,0.1281,Low Risk
16188,2010-10-27 11:50:00,2011-10-26 12:19:00,74,5,838,11.324324324324325,1087.66,14.698108108108109,72,0.0,0,365,45,73.0,7.5,4,4,3,Champions,0.4848,Medium Risk
16189,2011-09-15 15:21:00,2011-11-24 11:47:00,11,2,134,12.181818181818182,215.48,19.58909090909091,9,0.0,0,70,16,35.0,5.33,5,2,1,Promising / New,0.6878,Medium Risk
16190,2009-12-14 11:59:00,2011-10-30 15:59:00,119,8,1231,10.344537815126053,2723.55,22.886974789915964,89,0.0504201680672268,0,686,40,85.8,4.44,4,5,4,Champions,0.0276,Low Risk
16191,2009-12-11 12:24:00,2011-12-07 11:26:00,232,24,9348,40.293103448275865,15677.82,67.57681034482758,113,0.0,0,726,3,30.2,0.12,5,5,5,Champions,0.0122,Low Risk
16192,2009-12-04 12:28:00,2009-12-04 12:28:00,11,1,208,18.90909090909091,351.3,31.93636363636364,11,0.0,1,1,736,1.0,368.0,1,1,2,Lost / Inactive,0.7228,High Risk
16193,2010-10-25 10:25:00,2011-04-17 11:45:00,38,2,379,9.973684210526317,630.43,16.590263157894736,38,0.5,1,175,237,87.5,79.0,2,2,3,Lost / Inactive,0.7257,High Risk
16194,2010-11-29 13:28:00,2010-11-29 13:28:00,8,1,140,17.5,308.6,38.575,8,0.0,1,1,375,1.0,187.5,2,1,2,Lost / Inactive,0.7434,High Risk
16195,2009-12-16 14:09:00,2009-12-16 14:09:00,16,1,123,7.6875,323.25,20.203125,16,0.0,1,1,723,1.0,361.5,1,1,2,Lost / Inactive,0.7805,High Risk
16196,2010-08-08 11:40:00,2010-08-08 11:40:00,4,1,26,6.5,93.3,23.325,4,1.0,1,1,489,1.0,244.5,1,1,1,Lost / Inactive,0.8426,High Risk
16197,2009-12-16 11:44:00,2010-08-27 12:56:00,93,9,1420,15.268817204301076,2016.71,21.68505376344086,52,0.0,1,255,469,28.3,46.9,1,5,4,At Risk,0.3422,Low Risk
16198,2010-09-28 13:59:00,2011-09-25 14:58:00,33,2,384,11.636363636363637,1030.04,31.21333333333333,31,0.4545454545454545,0,363,75,181.5,25.0,3,2,3,Needs Attention,0.345,Low Risk
16199,2010-03-18 18:47:00,2010-11-12 12:55:00,10,7,321,32.1,942.75,94.275,2,0.1,1,239,392,34.1,49.0,2,4,3,At Risk,0.6188,Medium Risk
16200,2009-12-02 15:04:00,2011-12-05 14:40:00,613,12,3068,5.00489396411093,5608.1,9.148613376835238,361,0.1223491027732463,0,733,4,61.1,0.31,5,5,5,Champions,0.0166,Low Risk
16201,2010-10-20 12:00:00,2011-12-06 16:02:00,124,5,1421,11.459677419354838,2112.12,17.03322580645161,86,0.0,0,413,3,82.6,0.5,5,4,4,Champions,0.4322,Medium Risk
16202,2009-12-02 10:48:00,2010-12-14 10:43:00,124,9,1307,10.540322580645162,2501.99,20.177338709677414,105,0.0,1,377,361,41.9,36.1,2,5,4,At Risk,0.3599,Medium Risk
16203,2010-07-23 13:09:00,2011-10-12 12:31:00,66,6,537,8.136363636363637,943.84,14.30060606060606,56,0.0,0,446,59,74.3,8.43,4,4,3,Champions,0.6129,Medium Risk
16204,2009-12-08 17:44:00,2011-11-16 13:40:00,101,3,671,6.643564356435643,918.71,9.096138613861386,86,0.0,0,708,23,236.0,5.75,4,3,3,Loyal Customers,0.0644,Low Risk
16205,2010-06-15 11:58:00,2011-11-09 09:32:00,197,7,1452,7.370558375634518,1820.11,9.239137055837563,147,0.0,0,512,31,73.1,3.88,4,4,4,Champions,0.3728,Medium Risk
16206,2010-01-24 15:25:00,2011-10-16 10:41:00,240,13,1379,5.745833333333334,2589.87,10.791125,187,0.7083333333333334,0,630,55,48.5,3.93,4,5,4,Champions,0.0278,Low Risk
16207,2011-11-14 13:51:00,2011-11-14 13:51:00,19,1,140,7.368421052631579,394.38,20.75684210526316,19,0.0,0,1,25,1.0,12.5,4,1,2,Promising / New,0.6862,Medium Risk
16208,2010-02-24 14:24:00,2011-10-26 11:36:00,253,10,1541,6.090909090909091,3440.45,13.598616600790512,180,0.3241106719367589,0,609,45,60.9,4.09,4,5,5,Champions,0.0435,Low Risk
16209,2010-06-11 11:58:00,2011-09-12 11:58:00,67,9,1895,28.28358208955224,4146.78,61.89223880597015,51,0.0,0,459,89,51.0,8.9,3,5,5,Loyal Customers,0.3489,Low Risk
16210,2009-12-02 12:54:00,2011-12-08 12:36:00,256,35,12397,48.42578125,33750.97,131.8397265625,145,0.0,0,736,2,21.0,0.06,5,5,5,Champions,0.0085,Low Risk
16211,2010-09-27 15:24:00,2011-09-12 12:11:00,36,3,519,14.416666666666666,1090.59,30.294166666666666,35,0.0,0,350,89,116.7,22.25,3,3,3,Loyal Customers,0.5405,Medium Risk
16212,2010-02-07 15:26:00,2011-11-20 13:00:00,78,4,571,7.32051282051282,1293.71,16.586025641025643,71,0.3333333333333333,0,651,19,162.8,3.8,5,4,4,Champions,0.0754,Low Risk
16213,2011-09-22 10:03:00,2011-09-22 10:03:00,6,1,48,8.0,159.0,26.5,6,0.0,0,1,79,1.0,39.5,3,1,1,Needs Attention,0.7719,High Risk
16214,2010-09-30 13:57:00,2011-06-22 11:30:00,98,4,1308,13.346938775510203,2038.25,20.7984693877551,84,0.0,1,265,171,66.2,34.2,3,4,4,Loyal Customers,0.5402,Medium Risk
16215,2011-09-20 10:18:00,2011-09-20 10:18:00,14,1,104,7.428571428571429,242.35,17.310714285714287,14,0.0,0,1,81,1.0,40.5,3,1,1,Needs Attention,0.7751,High Risk
16216,2011-03-17 15:34:00,2011-03-17 15:34:00,37,1,254,6.864864864864865,914.93,24.72783783783784,37,0.0,1,1,267,1.0,133.5,2,1,3,Lost / Inactive,0.6532,Medium Risk
16217,2011-03-02 15:28:00,2011-04-18 13:31:00,15,2,91,6.066666666666666,304.25,20.28333333333333,13,0.0,1,47,235,23.5,78.33,2,2,2,Lost / Inactive,0.756,High Risk
16218,2010-05-27 16:09:00,2011-11-10 09:59:00,136,13,2799,20.580882352941178,3968.67,29.18139705882353,82,0.1470588235294117,0,532,30,40.9,2.14,4,5,5,Champions,0.1595,Low Risk
16219,2010-07-27 11:44:00,2010-07-27 11:44:00,1,1,48,48.0,40.8,40.8,1,0.0,1,1,501,1.0,250.5,1,1,1,Lost / Inactive,0.8498,High Risk
16221,2010-08-10 13:32:00,2011-11-03 11:43:00,239,9,1449,6.062761506276151,2019.92,8.451548117154813,177,0.0585774058577405,0,450,37,50.0,3.7,4,5,4,Champions,0.2979,Low Risk
16222,2009-12-18 14:31:00,2011-01-25 13:38:00,145,2,463,3.193103448275862,1272.05,8.772758620689656,133,0.0,1,403,318,201.5,106.0,2,2,4,Lost / Inactive,0.4135,Medium Risk
16223,2010-11-09 12:07:00,2010-11-30 11:50:00,123,2,643,5.227642276422764,1087.05,8.83780487804878,101,0.0,1,21,375,10.5,125.0,2,2,3,Lost / Inactive,0.4121,Medium Risk
16224,2010-11-17 13:14:00,2011-10-13 17:51:00,116,5,1555,13.405172413793103,1616.54,13.935689655172414,107,0.0,0,331,57,66.2,9.5,4,4,4,Champions,0.4751,Medium Risk
16225,2010-02-07 12:41:00,2011-10-26 08:30:00,300,15,1281,4.27,2859.31,9.531033333333331,189,0.0533333333333333,0,626,45,41.7,2.81,4,5,4,Champions,0.0467,Low Risk
16226,2010-10-22 11:19:00,2011-05-20 14:41:00,31,5,521,16.806451612903224,672.17,21.68290322580645,23,0.0,1,211,203,42.2,33.83,2,4,3,At Risk,0.6701,Medium Risk
16227,2010-06-22 13:28:00,2011-04-28 13:33:00,34,3,436,12.823529411764708,1027.22,30.212352941176476,28,0.0,1,311,225,103.7,56.25,2,3,3,At Risk,0.6996,Medium Risk
16228,2010-11-04 18:54:00,2010-11-19 14:20:00,54,3,555,10.27777777777778,885.71,16.402037037037037,45,0.0,1,15,385,5.0,96.25,2,3,3,At Risk,0.4376,Medium Risk
16229,2010-05-24 12:59:00,2011-09-13 17:16:00,176,6,1292,7.340909090909091,2867.86,16.294659090909093,144,0.0,0,478,87,79.7,12.43,3,4,4,Loyal Customers,0.3837,Medium Risk
16230,2011-05-03 15:12:00,2011-06-03 10:06:00,35,2,365,10.428571428571429,542.03,15.486571428571429,32,0.0,1,31,190,15.5,63.33,2,2,2,Lost / Inactive,0.5593,Medium Risk
16231,2010-04-21 12:06:00,2010-11-25 15:00:00,100,4,563,5.63,1074.47,10.7447,69,0.0,1,219,379,54.8,75.8,2,4,3,At Risk,0.6218,Medium Risk
16232,2010-06-07 14:04:00,2011-10-27 12:16:00,105,7,1849,17.60952380952381,2712.97,25.83780952380952,60,0.1809523809523809,0,507,44,72.4,5.5,4,4,4,Champions,0.3904,Medium Risk
16233,2009-12-02 13:23:00,2011-09-29 17:27:00,73,9,677,9.273972602739724,1818.31,24.90835616438356,49,0.0958904109589041,0,667,71,74.1,7.1,3,5,4,Loyal Customers,0.0571,Low Risk
16234,2010-05-27 10:39:00,2010-08-20 14:33:00,15,3,170,11.333333333333334,333.18,22.212,13,0.0,1,86,476,28.7,119.0,1,3,2,At Risk,0.6706,Medium Risk
16235,2010-08-26 12:10:00,2011-10-30 10:56:00,115,9,788,6.852173913043479,2053.71,17.858347826086955,80,0.0782608695652174,0,430,41,47.8,4.1,4,5,4,Champions,0.3838,Medium Risk
16236,2011-09-22 14:10:00,2011-09-22 14:10:00,20,1,184,9.2,432.2,21.61,20,0.0,0,1,78,1.0,39.0,3,1,2,Needs Attention,0.7164,High Risk
16237,2010-09-28 17:02:00,2010-09-28 17:02:00,7,1,57,8.142857142857142,136.65,19.52142857142857,7,0.0,1,1,437,1.0,218.5,1,1,1,Lost / Inactive,0.7874,High Risk
16238,2010-10-13 12:36:00,2010-10-13 12:36:00,6,1,85,14.166666666666666,63.66,10.61,6,0.0,1,1,423,1.0,211.5,1,1,1,Lost / Inactive,0.845,High Risk
16239,2010-09-02 19:17:00,2011-10-14 08:29:00,35,6,692,19.77142857142857,1492.2,42.63428571428572,24,0.0,0,407,57,67.8,8.14,4,4,4,Champions,0.4871,Medium Risk
16240,2011-09-23 13:44:00,2011-11-15 14:30:00,135,2,1641,12.155555555555557,3718.8,27.546666666666667,126,0.0,0,54,24,27.0,8.0,4,2,5,Promising / New,0.5088,Medium Risk
16241,2010-10-25 13:40:00,2011-11-30 11:08:00,962,16,2258,2.3471933471933477,3992.86,4.15058212058212,500,0.3264033264033264,0,401,10,25.1,0.59,5,5,5,Champions,0.1924,Low Risk
16242,2010-03-15 16:02:00,2011-12-01 15:12:00,672,14,3921,5.834821428571429,7404.65,11.018824404761904,348,0.0818452380952381,0,626,8,44.7,0.53,5,5,5,Champions,0.0656,Low Risk
16243,2011-10-16 12:09:00,2011-11-06 12:32:00,51,2,110,2.156862745098039,409.1,8.02156862745098,49,1.0,0,22,34,11.0,11.33,4,2,2,Promising / New,0.7401,High Risk
16244,2010-12-02 11:41:00,2011-05-12 10:18:00,91,2,855,9.395604395604396,1522.75,16.733516483516482,88,0.0,1,161,212,80.5,70.67,2,2,4,Lost / Inactive,0.5847,Medium Risk
16245,2011-03-28 09:30:00,2011-11-16 10:14:00,90,3,1014,11.266666666666667,1413.66,15.707333333333334,80,0.0,0,234,24,78.0,6.0,4,3,4,Loyal Customers,0.5462,Medium Risk
16246,2010-02-08 12:32:00,2010-09-06 12:04:00,88,2,336,3.8181818181818175,821.35,9.333522727272728,79,0.0,1,210,460,105.0,153.33,1,2,3,Lost / Inactive,0.6666,Medium Risk
16247,2011-06-22 14:23:00,2011-06-22 14:23:00,16,1,182,11.375,114.56,7.16,16,0.0,1,1,170,1.0,85.0,3,1,1,Needs Attention,0.6804,Medium Risk
16248,2011-10-09 11:32:00,2011-10-09 11:32:00,7,1,78,11.142857142857142,152.94,21.84857142857143,7,1.0,0,1,62,1.0,31.0,3,1,1,Needs Attention,0.7844,High Risk
16249,2011-04-14 13:50:00,2011-10-18 10:07:00,69,5,950,13.768115942028986,1800.07,26.08797101449275,67,0.072463768115942,0,187,53,37.4,8.83,4,4,4,Champions,0.4623,Medium Risk
16250,2010-11-18 10:43:00,2011-03-23 15:07:00,35,3,268,7.6571428571428575,565.24,16.149714285714285,29,0.0,1,126,261,42.0,65.25,2,3,2,At Risk,0.7019,High Risk
16251,2010-07-15 14:55:00,2010-07-15 14:55:00,20,1,44,2.2,128.31,6.4155,20,0.0,1,1,512,1.0,256.0,1,1,1,Lost / Inactive,0.9002,High Risk
16252,2010-11-22 11:57:00,2010-11-22 11:57:00,21,1,158,7.523809523809524,295.09,14.05190476190476,21,0.0,1,1,383,1.0,191.5,2,1,2,Lost / Inactive,0.7381,High Risk
16253,2009-12-08 17:24:00,2011-10-04 09:09:00,297,7,6030,20.303030303030305,7272.2,24.485521885521884,218,0.0,0,665,67,95.0,8.38,3,4,5,Loyal Customers,0.0599,Low Risk
16254,2010-03-17 15:43:00,2010-11-26 13:22:00,74,3,543,7.337837837837838,967.44,13.073513513513516,65,0.0,1,254,378,84.7,94.5,2,3,3,At Risk,0.6619,Medium Risk
16255,2010-01-24 12:21:00,2011-11-23 12:40:00,508,15,2876,5.661417322834645,4530.0,8.917322834645669,231,0.4114173228346456,0,669,17,44.6,1.06,5,5,5,Champions,0.0127,Low Risk
16256,2010-04-21 10:34:00,2011-03-18 12:18:00,29,3,1590,54.82758620689656,1629.37,56.1851724137931,27,0.0,1,332,267,110.7,66.75,2,3,4,At Risk,0.672,Medium Risk
16257,2011-06-16 10:11:00,2011-06-16 10:11:00,2,1,2,1.0,46.95,23.475,2,0.0,1,1,177,1.0,88.5,3,1,1,Needs Attention,0.9255,High Risk
16258,2010-03-10 14:19:00,2011-10-25 13:30:00,344,15,7200,20.930232558139537,11942.52,34.71662790697675,253,0.066860465116279,0,594,45,39.6,2.81,4,5,5,Champions,0.0893,Low Risk
16259,2010-04-13 16:57:00,2010-10-25 14:27:00,85,3,143,1.6823529411764706,340.94,4.011058823529412,75,0.0,1,195,410,65.0,102.5,2,3,2,At Risk,0.7363,High Risk
16260,2011-10-20 09:40:00,2011-10-20 09:40:00,18,1,311,17.27777777777778,1035.45,57.525000000000006,18,0.0,0,1,51,1.0,25.5,4,1,3,Promising / New,0.6627,Medium Risk
16261,2010-09-23 16:40:00,2011-11-22 17:23:00,163,6,454,2.785276073619632,1041.16,6.387484662576688,118,0.1411042944785276,0,426,17,71.0,2.43,5,4,3,Champions,0.4337,Medium Risk
16262,2010-11-26 13:22:00,2010-11-26 13:22:00,46,1,446,9.695652173913045,755.15,16.416304347826088,46,0.0,1,1,378,1.0,189.0,2,1,3,Lost / Inactive,0.6635,Medium Risk
16263,2010-10-12 14:52:00,2010-10-12 14:52:00,21,1,197,9.38095238095238,348.16,16.579047619047618,19,0.0,1,1,423,1.0,211.5,1,1,2,Lost / Inactive,0.7283,High Risk
16264,2010-09-19 16:14:00,2010-09-27 15:00:00,63,2,616,9.77777777777778,823.53,13.07190476190476,62,0.5714285714285714,1,8,438,4.0,146.0,1,2,3,Lost / Inactive,0.566,Medium Risk
16265,2010-10-28 15:18:00,2011-11-30 16:41:00,337,12,3214,9.537091988130564,6935.17,20.57913946587537,192,0.059347181008902,0,399,9,33.2,0.69,5,5,5,Champions,0.1397,Low Risk
16266,2010-02-04 16:21:00,2011-09-27 12:08:00,109,14,791,7.256880733944954,1757.95,16.127981651376146,73,0.0,0,600,74,42.9,4.93,3,5,4,Loyal Customers,0.1181,Low Risk
16267,2010-04-27 14:10:00,2010-04-27 14:10:00,7,1,198,28.285714285714285,186.66,26.665714285714284,7,0.0,1,1,591,1.0,295.5,1,1,1,Lost / Inactive,0.7118,High Risk
16268,2011-09-29 18:30:00,2011-09-29 18:30:00,45,2,533,11.844444444444443,667.65,14.836666666666666,45,0.0,0,1,71,0.5,23.67,3,2,3,Needs Attention,0.6198,Medium Risk
16269,2010-09-28 11:50:00,2010-09-28 11:50:00,53,1,579,10.924528301886792,717.5699999999999,13.539056603773584,53,0.0,1,1,438,1.0,219.0,1,1,3,Lost / Inactive,0.6394,Medium Risk
16270,2010-12-21 14:26:00,2010-12-21 14:26:00,54,1,688,12.74074074074074,1141.24,21.134074074074075,54,0.0,1,1,353,1.0,176.5,2,1,3,Lost / Inactive,0.6478,Medium Risk
16271,2010-03-07 12:03:00,2011-12-07 12:45:00,299,10,2359,7.889632107023411,3397.82,11.363946488294316,176,0.3277591973244147,0,641,3,64.1,0.27,5,5,5,Champions,0.0204,Low Risk
16272,2011-08-15 10:53:00,2011-08-15 10:54:00,25,1,224,8.96,411.7,16.468,25,0.0,1,1,117,1.0,58.5,3,1,2,Needs Attention,0.7129,High Risk
16273,2010-02-21 16:02:00,2010-03-01 13:24:00,15,2,40,2.6666666666666665,318.34000000000003,21.22266666666667,15,0.9333333333333332,1,8,648,4.0,216.0,1,2,2,Lost / Inactive,0.8343,High Risk
16274,2010-12-01 15:35:00,2010-12-01 15:35:00,65,1,153,2.353846153846154,351.75,5.411538461538462,64,0.0,1,1,373,1.0,186.5,2,1,2,Lost / Inactive,0.7795,High Risk
16275,2010-03-08 14:41:00,2011-05-27 12:41:00,111,3,1268,11.423423423423424,2151.11,19.37936936936937,105,0.4054054054054054,1,445,197,148.3,49.25,2,3,4,At Risk,0.5283,Medium Risk
16276,2010-04-11 12:02:00,2011-06-16 09:34:00,26,3,1467,56.42307692307692,2629.39,101.1303846153846,20,0.4615384615384615,1,431,177,143.7,44.25,3,3,4,Loyal Customers,0.5551,Medium Risk
16277,2009-12-06 11:27:00,2009-12-06 11:27:00,23,1,33,1.434782608695652,188.69,8.203913043478261,23,1.0,1,1,734,1.0,367.0,1,1,1,Lost / Inactive,0.9133,High Risk
16278,2010-07-28 15:40:00,2011-08-31 17:12:00,55,3,342,6.218181818181818,1117.84,20.32436363636364,50,0.0,1,400,100,133.3,25.0,3,3,3,Loyal Customers,0.5384,Medium Risk
16279,2010-04-22 14:09:00,2011-11-18 15:00:00,348,9,3683,10.583333333333334,5698.28,16.374367816091954,243,0.0,0,576,21,64.0,2.1,4,5,5,Champions,0.1192,Low Risk
16280,2009-12-14 15:49:00,2009-12-14 15:49:00,16,1,101,6.3125,238.05,14.878125,16,0.0,1,1,725,1.0,362.5,1,1,1,Lost / Inactive,0.8708,High Risk
16281,2010-01-26 13:41:00,2011-09-28 14:57:00,39,3,1570,40.256410256410255,3424.02,87.79538461538462,27,0.0,0,611,72,203.7,18.0,3,3,5,Loyal Customers,0.2059,Low Risk
16282,2009-12-21 11:52:00,2011-01-04 11:42:00,33,3,790,23.939393939393938,1307.58,39.623636363636365,31,0.0,1,379,340,126.3,85.0,2,3,4,At Risk,0.5338,Medium Risk
16283,2010-02-28 14:12:00,2011-12-04 12:08:00,582,8,2867,4.926116838487973,4350.32,7.474776632302405,385,0.7749140893470791,0,644,6,80.5,0.67,5,5,5,Champions,0.0236,Low Risk
16284,2010-11-11 13:27:00,2011-11-08 16:12:00,133,3,674,5.067669172932331,1018.48,7.657744360902256,108,0.0,0,363,31,121.0,7.75,4,3,3,Loyal Customers,0.3521,Medium Risk
16285,2010-03-03 16:03:00,2010-03-03 16:03:00,31,1,60,1.935483870967742,176.9,5.706451612903226,31,0.0,1,1,646,1.0,323.0,1,1,1,Lost / Inactive,0.8478,High Risk
16286,2010-03-26 09:58:00,2010-08-19 14:48:00,17,2,101,5.941176470588236,328.95,19.35,17,0.0,1,147,477,73.5,159.0,1,2,2,Lost / Inactive,0.7703,High Risk
16287,2010-01-19 09:46:00,2011-06-23 09:08:00,42,5,1426,33.95238095238095,1006.98,23.97571428571429,18,0.1904761904761904,1,520,170,104.0,28.33,3,4,3,Loyal Customers,0.5643,Medium Risk
16288,2010-08-26 14:45:00,2010-08-26 14:45:00,7,1,19,2.7142857142857144,129.85,18.55,7,0.0,1,1,470,1.0,235.0,1,1,1,Lost / Inactive,0.9126,High Risk
16289,2010-09-03 14:02:00,2010-09-03 14:02:00,21,1,97,4.619047619047619,136.31,6.490952380952381,21,0.0,1,1,462,1.0,231.0,1,1,1,Lost / Inactive,0.8879,High Risk
16290,2010-05-23 11:46:00,2010-09-01 11:52:00,124,4,957,7.717741935483871,1957.7,15.787903225806453,85,0.9758064516129032,1,102,465,25.5,93.0,1,4,4,At Risk,0.4883,Medium Risk
16291,2010-01-26 16:26:00,2010-01-26 16:26:00,1,1,1,1.0,117.72,117.72,1,0.0,1,1,682,1.0,341.0,1,1,1,Lost / Inactive,0.9465,High Risk
16292,2010-04-14 13:29:00,2011-08-10 12:24:00,62,5,688,11.096774193548388,1253.76,20.22193548387097,51,0.1451612903225806,1,483,122,96.6,20.33,3,4,4,Loyal Customers,0.5451,Medium Risk
16293,2009-12-11 09:58:00,2011-11-18 09:58:00,225,15,1833,8.146666666666667,4279.2,19.018666666666665,168,0.0,0,708,22,47.2,1.38,4,5,5,Champions,0.0109,Low Risk
16294,2010-08-20 12:01:00,2010-08-20 12:01:00,8,1,54,6.75,126.05,15.75625,8,0.0,1,1,477,1.0,238.5,1,1,1,Lost / Inactive,0.8658,High Risk
16295,2011-10-06 10:45:00,2011-11-30 08:17:00,79,4,841,10.645569620253164,1328.55,16.817088607594936,70,0.0,0,55,10,13.8,2.0,5,4,4,Champions,0.3162,Low Risk
16296,2009-12-18 12:03:00,2010-03-23 13:11:00,74,4,645,8.716216216216216,1313.67,17.752297297297297,56,0.0,1,96,626,24.0,125.2,1,4,4,At Risk,0.4161,Medium Risk
16297,2011-03-16 08:29:00,2011-03-16 08:29:00,20,1,206,10.3,301.9,15.095,20,0.0,1,1,269,1.0,134.5,2,1,2,Lost / Inactive,0.7082,High Risk
16298,2010-09-23 15:23:00,2011-11-17 11:59:00,47,7,308,6.553191489361702,1085.7,23.1,32,0.1063829787234042,0,420,23,60.0,2.88,4,4,3,Champions,0.4918,Medium Risk
16299,2010-08-19 17:46:00,2010-08-19 17:46:00,12,1,107,8.916666666666666,193.65,16.1375,12,0.0,1,1,477,1.0,238.5,1,1,1,Lost / Inactive,0.7654,High Risk
16300,2010-02-02 11:40:00,2010-10-05 13:14:00,238,3,643,2.701680672268908,1367.32,5.745042016806722,190,0.0,1,246,430,82.0,107.5,1,3,4,At Risk,0.635,Medium Risk
16301,2009-12-03 10:20:00,2009-12-03 10:20:00,6,1,41,6.833333333333333,107.33,17.888333333333332,6,0.0,1,1,737,1.0,368.5,1,1,1,Lost / Inactive,0.8257,High Risk
16302,2011-08-05 09:44:00,2011-08-05 09:44:00,11,1,158,14.363636363636363,233.22,21.201818181818183,11,0.0,1,1,127,1.0,63.5,3,1,1,Needs Attention,0.7223,High Risk
16303,2010-03-18 14:12:00,2011-11-14 10:49:00,286,7,3859,13.493006993006992,7928.269999999999,27.721223776223773,156,0.0,0,606,26,86.6,3.25,4,4,5,Champions,0.0633,Low Risk
16304,2010-01-14 08:30:00,2010-01-14 08:30:00,25,1,228,9.12,381.66,15.2664,25,0.0,1,1,695,1.0,347.5,1,1,2,Lost / Inactive,0.701,High Risk
16305,2011-07-24 12:18:00,2011-07-24 12:18:00,22,1,256,11.636363636363637,361.22,16.41909090909091,22,1.0,1,1,139,1.0,69.5,3,1,2,Needs Attention,0.7293,High Risk
16306,2010-10-01 09:36:00,2011-05-10 12:12:00,67,7,712,10.626865671641792,1124.72,16.78686567164179,55,0.0,1,222,214,31.7,26.75,2,4,3,At Risk,0.5443,Medium Risk
16307,2010-05-11 14:40:00,2010-10-06 14:31:00,75,3,1123,14.973333333333333,1194.92,15.932266666666669,69,0.0,1,148,429,49.3,107.25,1,3,3,At Risk,0.5877,Medium Risk
16308,2009-12-15 15:48:00,2011-11-02 11:24:00,7,7,16000,2285.714285714286,5120.0,731.4285714285714,1,0.0,0,687,38,98.1,4.75,4,4,5,Champions,0.1255,Low Risk
16309,2011-04-13 11:46:00,2011-08-25 15:35:00,42,2,467,11.11904761904762,706.5699999999999,16.823095238095238,39,0.0,1,135,106,67.5,35.33,3,2,3,Needs Attention,0.6875,Medium Risk
16310,2010-03-07 15:41:00,2010-10-21 14:47:00,28,2,270,9.642857142857142,460.08,16.431428571428572,26,0.4285714285714285,1,228,414,114.0,138.0,1,2,2,Lost / Inactive,0.7133,High Risk
16311,2011-10-21 13:13:00,2011-11-22 08:54:00,37,2,394,10.64864864864865,616.26,16.655675675675674,35,0.0,0,32,18,16.0,6.0,5,2,3,Promising / New,0.5271,Medium Risk
16312,2010-10-03 14:15:00,2010-10-03 14:15:00,10,1,53,5.3,171.15,17.115000000000002,10,1.0,1,1,432,1.0,216.0,1,1,1,Lost / Inactive,0.8584,High Risk
16313,2011-10-21 09:04:00,2011-12-06 13:02:00,16,2,165,10.3125,274.15,17.134375,16,0.0,0,47,3,23.5,1.0,5,2,1,Promising / New,0.6556,Medium Risk
16314,2010-08-24 11:52:00,2010-11-15 12:06:00,62,3,636,10.258064516129032,1491.4,24.05483870967742,58,0.0,1,84,390,28.0,97.5,2,3,4,At Risk,0.5222,Medium Risk
16315,2010-06-21 13:53:00,2011-01-13 11:57:00,23,2,143,6.217391304347826,402.71,17.50913043478261,21,0.0,1,206,331,103.0,110.33,2,2,2,Lost / Inactive,0.7471,High Risk
16316,2010-08-03 14:38:00,2011-10-06 13:48:00,297,13,3057,10.292929292929292,5744.91,19.343131313131316,193,0.0,0,429,64,33.0,4.57,3,5,5,Loyal Customers,0.176,Low Risk
16317,2010-05-04 10:17:00,2011-08-12 12:46:00,117,5,1236,10.564102564102564,2192.51,18.739401709401708,103,0.0,1,466,120,93.2,20.0,3,4,4,Loyal Customers,0.5133,Medium Risk
16318,2011-11-04 13:05:00,2011-11-04 13:05:00,19,1,199,10.473684210526317,328.15,17.271052631578947,19,0.0,0,1,35,1.0,17.5,4,1,2,Promising / New,0.7306,High Risk
16319,2011-05-06 11:27:00,2011-05-06 11:27:00,3,1,72,24.0,404.4,134.8,3,0.0,1,1,218,1.0,109.0,2,1,2,Lost / Inactive,0.764,High Risk
16320,2010-01-27 13:29:00,2011-06-20 15:25:00,241,6,3319,13.771784232365146,5628.99,23.356804979253116,193,0.3153526970954357,1,510,172,85.0,24.57,3,4,5,Loyal Customers,0.4609,Medium Risk
16321,2009-12-01 10:36:00,2011-09-28 14:55:00,23,7,259,11.26086956521739,604.55,26.28478260869565,15,0.0,0,667,72,95.3,9.0,3,4,2,Loyal Customers,0.0874,Low Risk
16322,2011-11-03 14:33:00,2011-12-08 15:41:00,37,2,231,6.243243243243243,326.75,8.83108108108108,28,0.0,0,36,1,18.0,0.33,5,2,2,Promising / New,0.6158,Medium Risk
16323,2010-05-11 09:48:00,2011-05-27 14:48:00,4,2,146,36.5,353.66,88.41499999999999,4,0.0,1,382,196,191.0,65.33,2,2,2,Lost / Inactive,0.5966,Medium Risk
16324,2011-06-15 14:26:00,2011-08-03 12:58:00,111,3,270,2.4324324324324325,408.59,3.680990990990991,100,0.0,1,49,128,16.3,32.0,3,3,2,Loyal Customers,0.572,Medium Risk
16325,2009-12-04 13:21:00,2011-10-24 08:48:00,138,12,2464,17.855072463768117,3597.5,26.068840579710145,104,0.0797101449275362,0,689,47,57.4,3.62,4,5,5,Champions,0.0097,Low Risk
16326,2010-01-28 13:23:00,2011-12-04 10:11:00,467,24,1083,2.3190578158458246,4721.25,10.109743040685224,243,0.841541755888651,0,675,6,28.1,0.24,5,5,5,Champions,0.0382,Low Risk
16327,2009-12-14 13:06:00,2011-11-25 13:23:00,877,16,8124,9.26339794754846,10159.64,11.584538198403648,289,0.1402508551881414,0,712,14,44.5,0.82,5,5,5,Champions,0.0045,Low Risk
16328,2010-05-25 14:02:00,2010-05-25 14:02:00,16,1,141,8.8125,310.83,19.426875,16,0.0,1,1,563,1.0,281.5,1,1,2,Lost / Inactive,0.7608,High Risk
16329,2009-12-01 11:34:00,2010-10-08 12:44:00,104,4,797,7.663461538461538,1664.92,16.008846153846154,83,0.0,1,312,428,78.0,85.6,1,4,4,At Risk,0.6206,Medium Risk
16330,2010-02-15 12:36:00,2011-11-22 12:24:00,117,7,326,2.786324786324786,625.38,5.345128205128205,105,0.0,0,645,18,92.1,2.25,5,4,3,Champions,0.1165,Low Risk
16331,2010-03-07 10:55:00,2010-10-03 13:47:00,34,6,756,22.235294117647054,2037.7,59.93235294117648,33,0.7647058823529411,1,211,432,35.2,61.71,1,4,4,At Risk,0.5993,Medium Risk
16332,2010-04-29 13:41:00,2011-11-11 14:22:00,197,11,1128,5.725888324873097,2000.01,10.15233502538071,158,0.1015228426395939,0,562,28,51.1,2.33,4,5,4,Champions,0.2459,Low Risk
16333,2011-02-03 10:50:00,2011-12-02 12:19:00,45,22,32184,715.2,26626.8,591.7066666666667,9,0.0,0,303,8,13.8,0.35,5,5,5,Champions,0.3189,Low Risk
16334,2010-08-04 16:38:00,2010-08-04 16:38:00,54,1,206,3.814814814814815,263.73,4.883888888888889,54,0.0,1,1,492,1.0,246.0,1,1,1,Lost / Inactive,0.746,High Risk
16335,2009-12-04 10:18:00,2010-06-06 11:35:00,361,7,1004,2.781163434903047,2753.52,7.6274792243767315,193,0.5013850415512465,1,185,552,26.4,69.0,1,4,4,At Risk,0.4818,Medium Risk
16336,2010-03-18 08:05:00,2010-10-15 12:32:00,68,4,1473,21.66176470588235,3517.69,51.73073529411765,64,0.0,1,212,421,53.0,84.2,1,4,5,At Risk,0.5833,Medium Risk
16337,2011-11-03 10:03:00,2011-11-03 10:03:00,10,1,87,8.7,151.05,15.105,10,0.0,0,1,37,1.0,18.5,4,1,1,Promising / New,0.7898,High Risk
16338,2011-07-05 13:56:00,2011-07-05 13:56:00,11,1,94,8.545454545454545,214.8,19.527272727272727,11,0.0,1,1,157,1.0,78.5,3,1,1,Needs Attention,0.7698,High Risk
16339,2011-02-28 13:41:00,2011-02-28 13:41:00,18,1,21,1.1666666666666667,94.05,5.225,17,0.0,1,1,284,1.0,142.0,2,1,1,Lost / Inactive,0.8882,High Risk
16340,2010-06-06 13:26:00,2011-08-24 14:53:00,357,3,1319,3.69467787114846,1496.24,4.191148459383753,277,0.6050420168067226,1,445,107,148.3,26.75,3,3,4,Loyal Customers,0.5167,Medium Risk
16341,2010-04-09 10:30:00,2011-11-15 09:12:00,158,7,3022,19.126582278481013,3850.79,24.372088607594936,103,0.1835443037974683,0,585,25,83.6,3.12,4,4,5,Champions,0.1534,Low Risk
16342,2011-06-13 10:10:00,2011-09-25 14:36:00,15,4,157,10.466666666666669,322.41,21.494000000000003,10,0.4,0,105,75,26.2,15.0,3,4,2,Loyal Customers,0.5872,Medium Risk
16343,2010-10-28 14:15:00,2011-11-23 17:45:00,78,3,345,4.423076923076923,614.12,7.873333333333333,54,0.0,0,392,16,130.7,4.0,5,3,3,Loyal Customers,0.3452,Low Risk
16344,2010-02-09 12:16:00,2011-07-04 15:50:00,46,4,706,15.347826086956522,842.42,18.31347826086957,43,0.5434782608695652,1,511,158,127.8,31.6,3,4,3,Loyal Customers,0.493,Medium Risk
16345,2010-08-13 17:13:00,2011-10-26 16:03:00,108,2,611,5.657407407407407,1178.79,10.914722222222222,95,0.0,0,439,44,219.5,14.67,4,2,3,Promising / New,0.311,Low Risk
16346,2010-11-19 15:55:00,2010-11-19 15:55:00,15,1,289,19.266666666666666,224.51,14.967333333333332,15,0.0,1,1,385,1.0,192.5,2,1,1,Lost / Inactive,0.7045,High Risk
16347,2010-03-12 12:41:00,2011-11-28 13:14:00,342,11,1715,5.014619883040936,3442.96,10.067134502923976,209,0.0,0,627,11,57.0,0.92,5,5,5,Champions,0.0522,Low Risk
16348,2010-10-05 13:57:00,2011-11-07 15:44:00,253,8,1164,4.600790513833992,1744.42,6.894940711462451,180,0.0,0,399,32,49.9,3.56,4,5,4,Champions,0.3178,Low Risk
16349,2011-02-22 12:40:00,2011-02-22 12:40:00,9,1,9,1.0,53.5,5.944444444444445,9,0.0,1,1,291,1.0,145.5,2,1,1,Lost / Inactive,0.9019,High Risk
16350,2010-10-07 16:33:00,2011-11-18 15:53:00,122,9,1077,8.827868852459016,2253.89,18.47450819672131,72,0.0,0,407,21,45.2,2.1,4,5,4,Champions,0.3707,Medium Risk
16351,2009-12-04 16:12:00,2011-01-11 10:26:00,187,13,2165,11.577540106951872,3330.03,17.807647058823527,124,0.0427807486631016,1,403,333,31.0,23.79,2,5,5,At Risk,0.2538,Low Risk
16352,2011-11-02 08:44:00,2011-11-22 10:32:00,28,2,300,10.714285714285714,494.44,17.658571428571427,28,0.0,0,21,18,10.5,6.0,5,2,2,Promising / New,0.5978,Medium Risk
16353,2009-12-07 13:55:00,2011-12-06 12:23:00,173,38,3483,20.13294797687861,9795.46,56.62115606936416,76,0.0809248554913294,0,729,4,19.2,0.1,5,5,5,Champions,0.0126,Low Risk
16354,2010-04-27 13:33:00,2011-10-07 14:28:00,140,5,592,4.228571428571429,1119.46,7.996142857142857,116,0.0,0,529,63,105.8,10.5,3,4,3,Loyal Customers,0.2831,Low Risk
16355,2010-11-29 14:21:00,2010-11-29 14:21:00,48,1,179,3.7291666666666665,416.35,8.673958333333333,47,0.0,1,1,375,1.0,187.5,2,1,2,Lost / Inactive,0.7451,High Risk
16356,2010-06-06 11:26:00,2011-05-26 11:51:00,59,6,190,3.2203389830508478,415.87,7.0486440677966105,27,0.4745762711864407,1,355,198,59.2,28.29,2,4,2,At Risk,0.7638,High Risk
16357,2010-11-23 18:52:00,2011-11-06 16:04:00,47,4,389,8.27659574468085,868.37,18.47595744680851,43,0.4680851063829787,0,348,33,87.0,6.6,4,4,3,Champions,0.5328,Medium Risk
16358,2010-11-10 11:36:00,2011-12-08 15:09:00,154,5,2065,13.409090909090908,2919.65,18.958766233766237,118,0.0,0,394,1,78.8,0.17,5,4,5,Champions,0.3459,Low Risk
16359,2010-02-16 10:39:00,2011-12-02 17:04:00,125,16,1764,14.112,2697.75,21.582,78,0.344,0,655,7,40.9,0.41,5,5,4,Champions,0.0192,Low Risk
16360,2011-09-12 13:50:00,2011-12-05 12:16:00,636,6,2110,3.3176100628930816,3450.41,5.425172955974842,365,0.2248427672955975,0,84,5,14.0,0.71,5,4,5,Champions,0.256,Low Risk
16361,2011-09-29 13:13:00,2011-11-30 12:32:00,104,4,418,4.019230769230769,891.21,8.569326923076924,87,0.173076923076923,0,62,10,15.5,2.0,5,4,3,Champions,0.4119,Medium Risk
16362,2010-09-28 09:24:00,2011-11-07 13:01:00,90,6,467,5.188888888888889,922.16,10.246222222222222,67,0.0,0,406,32,67.7,4.57,4,4,3,Champions,0.5523,Medium Risk
16363,2011-10-17 14:14:00,2011-10-17 14:14:00,5,1,52,10.4,109.36,21.872,5,0.0,0,1,53,1.0,26.5,4,1,1,Promising / New,0.7593,High Risk
16364,2011-07-25 14:35:00,2011-11-28 11:27:00,52,2,279,5.365384615384615,705.79,13.572884615384616,48,0.0,0,126,12,63.0,4.0,5,2,3,Promising / New,0.7598,High Risk
16365,2009-12-11 12:41:00,2011-11-22 11:24:00,124,15,1034,8.338709677419354,3167.34,25.543064516129032,97,0.0,0,711,18,47.4,1.12,5,5,5,Champions,0.0414,Low Risk
16366,2009-12-16 10:39:00,2011-11-21 08:19:00,78,4,882,11.307692307692308,1548.13,19.847820512820512,74,0.0,0,705,19,176.2,3.8,5,4,4,Champions,0.063,Low Risk
16367,2010-11-21 13:23:00,2011-11-02 13:13:00,223,3,1103,4.946188340807175,1350.48,6.055964125560538,196,0.5829596412556054,0,346,37,115.3,9.25,4,3,4,Loyal Customers,0.4021,Medium Risk
16368,2010-09-30 11:30:00,2011-12-07 13:12:00,90,3,307,3.411111111111111,621.4399999999999,6.904888888888888,74,0.0,0,434,2,144.7,0.5,5,3,3,Loyal Customers,0.365,Medium Risk
16369,2010-04-07 16:52:00,2011-11-21 16:25:00,169,7,1589,9.402366863905325,2656.56,15.719289940828402,115,0.0,0,593,18,84.7,2.25,5,4,4,Champions,0.1609,Low Risk
16370,2011-04-28 16:40:00,2011-09-18 15:55:00,221,4,640,2.8959276018099547,1301.91,5.890995475113122,143,0.5158371040723982,0,143,82,35.8,16.4,3,4,4,Loyal Customers,0.4406,Medium Risk
16371,2010-09-17 12:09:00,2010-09-17 12:09:00,11,1,108,9.818181818181818,157.2,14.29090909090909,11,0.0,1,1,449,1.0,224.5,1,1,1,Lost / Inactive,0.7806,High Risk
16372,2010-04-11 15:20:00,2011-11-06 13:08:00,315,5,722,2.292063492063492,1290.31,4.096222222222222,271,0.3555555555555555,0,574,33,114.8,5.5,4,4,4,Champions,0.1723,Low Risk
16373,2010-10-24 13:10:00,2010-11-22 15:50:00,29,2,119,4.103448275862069,309.49,10.672068965517242,25,0.8620689655172413,1,30,382,15.0,127.33,2,2,2,Lost / Inactive,0.8273,High Risk
16374,2010-04-30 13:10:00,2011-10-04 15:21:00,346,5,771,2.2283236994219653,1723.4,4.98092485549133,276,0.0,0,523,66,104.6,11.0,3,4,4,Loyal Customers,0.3048,Low Risk
16375,2010-08-26 14:12:00,2010-08-26 14:25:00,13,2,74,5.6923076923076925,104.0,8.0,11,0.0,1,1,470,0.5,156.67,1,2,1,Lost / Inactive,0.8655,High Risk
16376,2011-11-22 16:47:00,2011-12-01 11:38:00,122,2,691,5.663934426229508,974.96,7.991475409836066,104,0.0,0,9,9,4.5,3.0,5,2,3,Promising / New,0.4135,Medium Risk
16377,2010-04-01 10:36:00,2011-03-17 15:41:00,10,2,2928,292.8,1308.48,130.848,6,0.0,1,351,267,175.5,89.0,2,2,4,Lost / Inactive,0.6104,Medium Risk
16378,2011-02-02 12:42:00,2011-04-06 15:07:00,23,3,267,11.608695652173912,362.95,15.780434782608696,22,0.0,1,64,247,21.3,61.75,2,3,2,At Risk,0.5803,Medium Risk
16379,2011-09-22 09:33:00,2011-12-05 15:38:00,108,4,1410,13.055555555555555,2157.4,19.975925925925928,87,0.0,0,75,4,18.8,0.8,5,4,4,Champions,0.3337,Low Risk
16380,2011-10-09 15:40:00,2011-10-09 15:40:00,31,1,1428,46.064516129032256,1743.15,56.23064516129032,28,1.0,0,1,61,1.0,30.5,3,1,4,Needs Attention,0.6577,Medium Risk
16381,2010-10-17 13:06:00,2010-11-09 09:56:00,61,2,108,1.7704918032786885,247.85,4.06311475409836,60,0.9508196721311476,1,23,396,11.5,132.0,2,2,1,Lost / Inactive,0.7849,High Risk
16382,2010-06-07 12:42:00,2010-10-27 16:23:00,44,2,167,3.7954545454545454,353.1,8.025,42,0.0,1,143,408,71.5,136.0,2,2,2,Lost / Inactive,0.7955,High Risk
16383,2010-02-04 13:18:00,2011-09-26 12:45:00,400,7,1596,3.99,2896.69,7.241725,239,0.0,0,599,75,85.6,9.38,3,4,4,Loyal Customers,0.1118,Low Risk
16384,2010-04-28 14:01:00,2011-09-11 11:19:00,81,4,861,10.62962962962963,1358.95,16.77716049382716,80,0.1111111111111111,0,501,90,125.2,18.0,3,4,4,Loyal Customers,0.361,Medium Risk
16385,2010-03-18 12:45:00,2011-10-10 13:12:00,114,5,476,4.175438596491228,881.35,7.731140350877193,94,0.0,0,572,60,114.4,10.0,3,4,3,Loyal Customers,0.2157,Low Risk
16386,2010-11-17 11:19:00,2011-11-11 12:28:00,139,3,700,5.035971223021583,1068.16,7.684604316546763,127,0.0,0,360,29,120.0,7.25,4,3,3,Loyal Customers,0.3225,Low Risk
16387,2010-03-11 12:22:00,2011-01-21 11:34:00,87,5,448,5.149425287356322,882.46,10.1432183908046,68,0.735632183908046,1,316,323,63.2,53.83,2,4,3,At Risk,0.6752,Medium Risk
16388,2010-02-24 10:20:00,2010-02-24 10:20:00,13,1,83,6.384615384615385,186.05,14.311538461538465,13,0.0,1,1,654,1.0,327.0,1,1,1,Lost / Inactive,0.8675,High Risk
16389,2011-03-01 15:47:00,2011-10-17 14:41:00,34,4,1242,36.52941176470589,1382.07,40.64911764705882,33,0.0,0,230,53,57.5,10.6,4,4,4,Champions,0.5938,Medium Risk
16390,2010-01-29 15:25:00,2010-06-21 10:11:00,21,3,122,5.809523809523809,467.5,22.261904761904763,16,0.4761904761904761,1,143,537,47.7,134.25,1,3,2,At Risk,0.7621,High Risk
16391,2010-05-27 11:27:00,2010-11-04 12:27:00,304,4,715,2.351973684210526,1052.26,3.4613815789473685,261,0.0,1,162,401,40.5,80.2,2,4,3,At Risk,0.5439,Medium Risk
16392,2010-05-27 11:17:00,2011-03-15 12:11:00,144,3,604,4.194444444444445,756.7,5.254861111111111,125,0.0,1,293,270,97.7,67.5,2,3,3,At Risk,0.6163,Medium Risk
16393,2009-12-01 12:13:00,2011-12-07 12:51:00,747,23,3001,4.017402945113789,5297.77,7.092061579651941,313,0.0589022757697456,0,737,2,32.0,0.08,5,5,5,Champions,0.0091,Low Risk
16394,2011-02-23 10:58:00,2011-10-14 09:48:00,83,5,2604,31.373493975903614,1555.34,18.73903614457831,61,0.0,0,233,57,46.6,9.5,4,4,4,Champions,0.4747,Medium Risk
16395,2009-12-06 12:26:00,2011-10-10 12:50:00,634,14,2901,4.575709779179811,3518.41,5.549542586750788,416,0.1324921135646687,0,674,61,48.1,4.07,3,5,5,Loyal Customers,0.0107,Low Risk
16396,2010-08-20 14:17:00,2010-08-20 14:17:00,8,1,80,10.0,137.8,17.225,8,0.0,1,1,476,1.0,238.0,1,1,1,Lost / Inactive,0.7861,High Risk
16397,2010-03-21 15:36:00,2010-03-21 15:36:00,9,1,43,4.777777777777778,123.13,13.681111111111113,9,1.0,1,1,628,1.0,314.0,1,1,1,Lost / Inactive,0.9005,High Risk
16398,2011-03-31 09:38:00,2011-07-08 15:16:00,82,2,758,9.24390243902439,1705.8,20.80243902439024,75,0.0,1,100,154,50.0,51.33,3,2,4,Needs Attention,0.5925,Medium Risk
16399,2010-11-15 15:03:00,2011-11-20 16:12:00,110,3,452,4.109090909090909,630.22,5.729272727272727,97,0.3727272727272727,0,371,19,123.7,4.75,5,3,3,Loyal Customers,0.3295,Low Risk
16400,2009-12-08 12:38:00,2011-09-06 12:27:00,267,9,2066,7.737827715355805,3059.85,11.460112359550562,214,0.1123595505617977,1,637,95,70.8,9.5,3,5,5,Loyal Customers,0.0216,Low Risk
16401,2010-06-02 13:13:00,2011-12-08 18:15:00,363,23,6035,16.62534435261708,6849.15,18.868181818181817,110,0.3471074380165289,0,555,1,24.1,0.04,5,5,5,Champions,0.1593,Low Risk
16402,2010-12-05 13:42:00,2011-03-20 12:25:00,57,2,146,2.56140350877193,293.45,5.148245614035088,55,1.0,1,105,265,52.5,88.33,2,2,2,Lost / Inactive,0.8188,High Risk
16403,2011-01-31 13:39:00,2011-01-31 13:39:00,10,1,114,11.4,177.5,17.75,10,0.0,1,1,312,1.0,156.0,2,1,1,Lost / Inactive,0.7433,High Risk
16404,2011-09-30 14:55:00,2011-09-30 14:55:00,23,1,157,6.826086956521739,443.05,19.26304347826087,23,0.0,0,1,70,1.0,35.0,3,1,2,Needs Attention,0.7214,High Risk
16405,2011-02-02 17:08:00,2011-02-10 15:24:00,5,2,187,37.4,167.25,33.45,3,0.0,1,8,302,4.0,100.67,2,2,1,Lost / Inactive,0.7041,High Risk
16406,2010-02-24 11:51:00,2011-11-21 11:57:00,148,3,257,1.7364864864864864,528.36,3.5700000000000003,135,0.0,0,636,19,212.0,4.75,5,3,2,Loyal Customers,0.0722,Low Risk
16407,2010-10-03 13:56:00,2011-11-27 11:05:00,225,14,1448,6.435555555555555,2761.65,12.274,120,0.6488888888888888,0,420,13,30.0,0.87,5,5,4,Champions,0.308,Low Risk
16408,2010-04-27 14:08:00,2010-04-27 14:08:00,45,1,227,5.044444444444444,231.93,5.154,45,0.0,1,1,591,1.0,295.5,1,1,1,Lost / Inactive,0.7592,High Risk
16409,2009-12-13 15:38:00,2011-11-03 16:45:00,775,12,3664,4.727741935483871,5652.74,7.293858064516129,335,0.2864516129032258,0,691,36,57.6,2.77,4,5,5,Champions,0.0115,Low Risk
16410,2009-12-05 14:51:00,2009-12-05 14:51:00,5,1,348,69.6,130.32,26.064,5,1.0,1,1,734,1.0,367.0,1,1,1,Lost / Inactive,0.72,High Risk
16411,2010-10-07 15:09:00,2011-11-20 13:23:00,181,4,461,2.546961325966851,756.39,4.178950276243094,139,0.4640883977900552,0,409,19,102.2,3.8,5,4,3,Champions,0.3455,Low Risk
16412,2010-02-04 13:46:00,2011-10-17 12:35:00,122,5,288,2.360655737704918,593.19,4.862213114754099,84,0.0,0,620,54,124.0,9.0,4,4,2,Champions,0.1155,Low Risk
16413,2010-11-29 12:49:00,2011-10-14 12:08:00,68,2,283,4.161764705882353,522.03,7.676911764705882,55,0.0,0,319,57,159.5,19.0,4,2,2,Promising / New,0.6779,Medium Risk
16414,2010-01-14 10:21:00,2011-11-18 09:42:00,63,5,201,3.1904761904761907,551.21,8.74936507936508,58,0.0793650793650793,0,673,22,134.6,3.67,4,4,2,Champions,0.0752,Low Risk
16415,2010-02-01 12:30:00,2011-10-26 13:35:00,145,3,508,3.503448275862069,696.76,4.805241379310345,120,0.0,0,633,44,211.0,11.0,4,3,3,Loyal Customers,0.0675,Low Risk
16416,2010-02-23 12:00:00,2011-11-13 12:50:00,186,9,2198,11.817204301075268,2957.88,15.90258064516129,146,0.3817204301075269,0,629,27,69.9,2.7,4,5,5,Champions,0.0178,Low Risk
16417,2010-08-04 09:08:00,2010-08-04 09:08:00,1,1,6,6.0,35.7,35.7,1,0.0,1,1,493,1.0,246.5,1,1,1,Lost / Inactive,0.9007,High Risk
16418,2010-10-13 12:31:00,2011-10-26 12:39:00,156,5,564,3.615384615384616,1028.74,6.59448717948718,121,0.0,0,379,45,75.8,7.5,4,4,3,Champions,0.4516,Medium Risk
16419,2010-02-09 13:26:00,2011-08-19 12:33:00,90,8,701,7.788888888888889,1463.7,16.263333333333335,62,0.0,1,556,113,69.5,12.56,3,5,4,Loyal Customers,0.4603,Medium Risk
16420,2010-11-08 15:15:00,2010-11-08 15:15:00,2,1,120,60.0,75.0,37.5,2,0.0,1,1,396,1.0,198.0,2,1,1,Lost / Inactive,0.7342,High Risk
16421,2010-08-27 12:02:00,2010-11-28 13:31:00,38,3,123,3.236842105263158,526.27,13.849210526315789,35,0.5,1,94,376,31.3,94.0,2,3,2,At Risk,0.789,High Risk
16422,2010-01-12 11:57:00,2011-11-22 14:00:00,698,109,64225,92.01289398280802,61920.87,88.71184813753582,111,0.1189111747851002,0,680,17,6.2,0.15,5,5,5,Champions,0.0154,Low Risk
16423,2011-11-15 09:21:00,2011-11-15 09:21:00,18,1,230,12.77777777777778,346.12,19.22888888888889,18,0.0,0,1,25,1.0,12.5,4,1,2,Promising / New,0.7071,High Risk
16424,2010-11-22 11:24:00,2011-06-01 13:40:00,13,2,212,16.307692307692307,443.06,34.081538461538464,10,0.0,1,192,191,96.0,63.67,2,2,2,Lost / Inactive,0.7616,High Risk
16425,2011-02-10 14:30:00,2011-02-10 14:30:00,21,1,199,9.476190476190476,302.7,14.414285714285716,21,0.0,1,1,302,1.0,151.0,2,1,2,Lost / Inactive,0.7178,High Risk
16426,2011-03-08 15:45:00,2011-12-07 14:01:00,353,10,1215,3.441926345609065,1863.76,5.279773371104816,211,0.0,0,274,2,27.4,0.18,5,5,4,Champions,0.2628,Low Risk
16427,2011-02-28 15:18:00,2011-03-21 17:10:00,9,2,156,17.333333333333332,241.06,26.784444444444446,8,0.0,1,22,263,11.0,87.67,2,2,1,Lost / Inactive,0.6931,Medium Risk
16428,2010-07-30 12:10:00,2010-10-22 12:22:00,127,3,575,4.52755905511811,638.49,5.02748031496063,121,0.0,1,85,414,28.3,103.5,1,3,3,At Risk,0.5098,Medium Risk
16429,2011-08-25 13:54:00,2011-08-25 13:54:00,2,1,9,4.5,284.55,142.275,2,0.0,1,1,106,1.0,53.0,3,1,1,Needs Attention,0.9042,High Risk
16430,2010-01-27 12:45:00,2011-10-13 14:47:00,28,7,307,10.964285714285714,1117.94,39.92642857142857,19,0.3214285714285714,0,625,57,89.3,7.12,4,4,3,Champions,0.1157,Low Risk
16431,2011-02-15 14:02:00,2011-05-10 14:09:00,76,3,442,5.815789473684211,623.28,8.201052631578946,51,0.0,1,85,213,28.3,53.25,2,3,3,At Risk,0.6081,Medium Risk
16432,2011-10-06 13:59:00,2011-10-06 13:59:00,8,1,276,34.5,287.40000000000003,35.925000000000004,8,0.0,0,1,64,1.0,32.0,3,1,2,Needs Attention,0.7252,High Risk
16433,2010-10-27 12:26:00,2011-11-11 14:09:00,34,2,214,6.294117647058823,384.52,11.309411764705882,33,0.0,0,381,28,190.5,9.33,4,2,2,Promising / New,0.4623,Medium Risk
16434,2010-01-17 14:51:00,2011-11-10 14:28:00,180,12,1310,7.277777777777778,2673.69,14.853833333333334,126,0.7666666666666667,0,662,29,55.2,2.23,4,5,4,Champions,0.0179,Low Risk
16435,2010-07-13 13:29:00,2010-07-15 18:22:00,125,3,608,4.864,1003.07,8.02456,119,0.0,1,3,512,1.0,128.0,1,3,3,At Risk,0.5672,Medium Risk
16436,2009-12-06 16:02:00,2010-02-09 13:19:00,40,3,227,5.675,319.14,7.978499999999999,37,0.375,1,65,668,21.7,167.0,1,3,2,At Risk,0.6137,Medium Risk
16437,2010-10-06 12:34:00,2010-11-23 16:59:00,21,2,197,9.38095238095238,301.25,14.345238095238097,17,0.0,1,49,381,24.5,127.0,2,2,2,Lost / Inactive,0.6868,Medium Risk
16438,2011-09-18 13:31:00,2011-12-04 10:51:00,132,5,463,3.507575757575758,798.35,6.04810606060606,74,0.6212121212121212,0,77,6,15.4,1.0,5,4,3,Champions,0.4122,Medium Risk
16439,2009-12-17 14:22:00,2009-12-17 14:22:00,9,1,74,8.222222222222221,310.7,34.52222222222222,9,0.0,1,1,722,1.0,361.0,1,1,2,Lost / Inactive,0.7712,High Risk
16440,2010-08-03 11:32:00,2011-12-02 12:02:00,307,6,2108,6.866449511400652,3856.97,12.563420195439738,202,0.0,0,487,8,81.2,1.14,5,4,5,Champions,0.3542,Medium Risk
16441,2010-03-22 18:00:00,2011-10-03 17:48:00,85,5,478,5.623529411764705,1019.13,11.989764705882353,67,0.0,0,560,67,112.0,11.17,3,4,3,Loyal Customers,0.2947,Low Risk
16442,2009-12-13 11:05:00,2011-12-08 11:43:00,247,5,580,2.348178137651822,891.98,3.611255060728745,226,0.1497975708502024,0,726,2,145.2,0.33,5,4,3,Champions,0.0649,Low Risk
16443,2010-07-07 11:57:00,2010-07-07 11:57:00,1,1,96,96.0,162.24,162.24,1,0.0,1,1,521,1.0,260.5,1,1,1,Lost / Inactive,0.8254,High Risk
16444,2010-03-24 14:06:00,2011-10-24 13:50:00,371,17,1945,5.242587601078167,3625.88,9.773261455525606,217,0.5929919137466307,0,579,46,34.1,2.56,4,5,5,Champions,0.2306,Low Risk
16445,2010-10-24 12:39:00,2011-11-06 12:32:00,180,4,287,1.5944444444444446,583.16,3.239777777777777,143,0.6611111111111111,0,378,34,94.5,6.8,4,4,2,Champions,0.336,Low Risk
16446,2011-05-18 09:52:00,2011-12-09 09:15:00,3,2,80997,26999.0,168472.5,56157.5,3,0.0,0,205,1,102.5,0.33,5,2,5,Promising / New,0.5168,Medium Risk
16447,2010-02-17 14:09:00,2011-07-27 12:45:00,68,3,315,4.632352941176471,727.1,10.69264705882353,59,0.0,1,525,136,175.0,34.0,3,3,3,Loyal Customers,0.3652,Medium Risk
16448,2010-08-25 16:58:00,2011-05-25 16:28:00,50,2,176,3.52,361.12,7.2224,45,0.0,1,273,198,136.5,66.0,2,2,2,Lost / Inactive,0.7663,High Risk
16449,2011-03-04 12:15:00,2011-05-26 10:25:00,40,2,367,9.175,707.69,17.69225,40,0.0,1,83,198,41.5,66.0,2,2,3,Lost / Inactive,0.7074,High Risk
16450,2010-02-21 15:46:00,2011-07-13 11:47:00,43,3,681,15.83720930232558,1505.73,35.016976744186046,36,0.3255813953488372,1,507,150,169.0,37.5,3,3,4,Loyal Customers,0.4867,Medium Risk
16451,2009-12-04 15:11:00,2011-09-13 09:17:00,65,3,524,8.061538461538461,1013.15,15.586923076923076,61,0.0,0,648,88,216.0,22.0,3,3,3,Loyal Customers,0.0543,Low Risk
16452,2010-01-15 12:22:00,2010-03-19 12:39:00,18,2,199,11.055555555555555,332.17,18.45388888888889,14,0.0,1,64,631,32.0,210.33,1,2,2,Lost / Inactive,0.7019,High Risk
16453,2010-06-09 13:15:00,2010-06-27 12:46:00,15,2,139,9.266666666666667,251.71,16.78066666666667,15,0.3333333333333333,1,18,531,9.0,177.0,1,2,1,Lost / Inactive,0.7194,High Risk
16454,2010-04-07 15:54:00,2011-10-26 11:40:00,4,4,9,2.25,30.950000000000003,7.737500000000001,4,0.0,0,567,45,141.8,9.0,4,4,1,Champions,0.4261,Medium Risk
16455,2010-03-30 10:31:00,2011-10-07 12:17:00,205,11,2851,13.907317073170733,3995.57,19.490585365853654,111,0.0682926829268292,0,557,64,50.6,5.33,3,5,5,Loyal Customers,0.1541,Low Risk
16456,2010-03-29 11:16:00,2011-09-01 13:50:00,391,13,3296,8.429667519181585,6000.94,15.3476726342711,226,0.3810741687979539,1,522,99,40.2,7.07,3,5,5,Loyal Customers,0.3622,Medium Risk
16457,2011-05-05 13:19:00,2011-05-05 13:19:00,9,1,140,15.555555555555555,208.36,23.151111111111117,9,0.0,1,1,218,1.0,109.0,2,1,1,Lost / Inactive,0.7123,High Risk
16458,2010-05-26 14:38:00,2011-12-07 09:34:00,381,30,3395,8.910761154855644,5690.89,14.936719160104987,91,0.0551181102362204,0,560,3,18.7,0.1,5,5,5,Champions,0.129,Low Risk
16459,2009-12-10 12:42:00,2009-12-10 12:42:00,5,1,59,11.8,71.78999999999999,14.358,5,0.0,1,1,730,1.0,365.0,1,1,1,Lost / Inactive,0.8409,High Risk
16460,2011-09-19 10:15:00,2011-11-11 13:46:00,132,3,876,6.636363636363637,811.23,6.145681818181818,128,0.0,0,54,28,18.0,7.0,4,3,3,Loyal Customers,0.2442,Low Risk
16461,2010-03-03 13:57:00,2011-06-15 12:07:00,252,3,933,3.702380952380953,1545.83,6.134246031746032,223,0.0,1,469,178,156.3,44.5,3,3,4,Loyal Customers,0.523,Medium Risk
16462,2011-03-01 08:58:00,2011-09-27 10:24:00,3,3,16,5.333333333333333,136.0,45.333333333333336,1,0.0,0,211,74,70.3,18.5,3,3,1,Loyal Customers,0.5783,Medium Risk
16463,2011-05-19 14:45:00,2011-11-18 14:01:00,82,4,1163,14.182926829268292,1422.4,17.346341463414635,74,0.0,0,183,21,45.8,4.2,4,4,4,Champions,0.4888,Medium Risk
16464,2011-07-20 13:53:00,2011-11-20 12:11:00,230,3,952,4.139130434782609,1298.66,5.646347826086957,152,0.2391304347826087,0,123,20,41.0,5.0,4,3,4,Loyal Customers,0.4285,Medium Risk
16465,2010-09-21 10:46:00,2010-10-15 09:27:00,48,2,504,10.5,746.24,15.546666666666669,45,0.0,1,24,421,12.0,140.33,1,2,3,Lost / Inactive,0.5346,Medium Risk
16466,2010-03-07 14:31:00,2011-11-06 11:35:00,336,15,1777,5.288690476190476,3767.09,11.21157738095238,207,0.9761904761904762,0,609,34,40.6,2.12,4,5,5,Champions,0.1017,Low Risk
16467,2009-12-02 11:59:00,2010-07-19 11:49:00,24,7,7384,307.6666666666667,2869.16,119.54833333333332,14,0.0,1,229,509,32.7,63.62,1,4,4,At Risk,0.6407,Medium Risk
16468,2010-08-15 13:10:00,2011-09-26 14:13:00,45,3,371,8.244444444444444,787.52,17.500444444444444,38,0.2444444444444444,0,408,74,136.0,18.5,3,3,3,Loyal Customers,0.4439,Medium Risk
16469,2010-07-13 13:17:00,2011-11-16 12:25:00,194,5,332,1.711340206185567,803.9,4.14381443298969,167,0.0,0,491,24,98.2,4.0,4,4,3,Champions,0.3441,Low Risk
16470,2009-12-11 12:21:00,2011-10-19 12:11:00,468,11,1335,2.852564102564102,2416.85,5.164209401709401,286,0.0,0,677,52,61.5,4.33,4,5,4,Champions,0.0166,Low Risk
16471,2010-02-25 10:07:00,2011-03-10 09:41:00,62,4,670,10.806451612903226,1189.98,19.19322580645161,48,0.0,1,378,275,94.5,55.0,2,4,3,At Risk,0.5328,Medium Risk
16472,2010-04-21 11:48:00,2010-10-01 13:56:00,39,2,252,6.461538461538462,789.6,20.246153846153845,39,0.0,1,164,434,82.0,144.67,1,2,3,Lost / Inactive,0.7345,High Risk
16473,2010-11-30 16:29:00,2011-06-28 09:10:00,28,4,296,10.571428571428571,470.83,16.815357142857142,26,0.0,1,210,165,52.5,33.0,3,4,2,Loyal Customers,0.7166,High Risk
16474,2011-07-17 14:51:00,2011-12-02 13:02:00,337,7,909,2.6973293768545994,1810.65,5.372848664688427,237,0.3531157270029673,0,138,7,19.7,0.88,5,4,4,Champions,0.3031,Low Risk
16475,2011-03-11 09:39:00,2011-09-12 14:37:00,28,4,319,11.392857142857142,544.3,19.439285714285717,23,0.0,0,186,88,46.5,17.6,3,4,2,Loyal Customers,0.6517,Medium Risk
16476,2010-10-04 10:29:00,2010-10-04 10:29:00,24,1,187,7.791666666666667,350.35,14.597916666666668,24,0.0,1,1,432,1.0,216.0,1,1,2,Lost / Inactive,0.7033,High Risk
16477,2010-08-12 09:43:00,2011-10-07 09:44:00,246,11,2507,10.191056910569106,4094.37,16.64378048780488,177,0.0975609756097561,0,422,64,38.4,5.33,3,5,5,Loyal Customers,0.2481,Low Risk
16478,2011-10-05 12:02:00,2011-11-14 15:51:00,17,3,224,13.176470588235292,331.0,19.47058823529412,15,0.0,0,41,25,13.7,6.25,4,3,2,Loyal Customers,0.5502,Medium Risk
16479,2011-11-29 13:04:00,2011-11-29 13:40:00,35,2,102,2.914285714285714,300.83,8.595142857142857,35,0.0,0,1,10,0.5,3.33,5,2,2,Promising / New,0.7527,High Risk
16480,2011-09-25 11:40:00,2011-09-25 11:40:00,53,1,455,8.584905660377359,769.29,14.514905660377355,51,1.0,0,1,76,1.0,38.0,3,1,3,Needs Attention,0.6054,Medium Risk
16481,2010-01-26 13:09:00,2010-01-26 13:09:00,16,1,201,12.5625,453.38,28.33625,16,0.0,1,1,682,1.0,341.0,1,1,2,Lost / Inactive,0.72,High Risk
16482,2011-11-24 12:33:00,2011-11-24 12:33:00,18,1,346,19.22222222222222,220.62,12.256666666666668,18,0.0,0,1,16,1.0,8.0,5,1,1,Promising / New,0.6444,Medium Risk
16483,2011-05-31 13:08:00,2011-05-31 13:08:00,19,1,44,2.3157894736842106,139.35,7.334210526315789,19,0.0,1,1,192,1.0,96.0,2,1,1,Lost / Inactive,0.8969,High Risk
16484,2011-06-02 10:39:00,2011-06-19 12:06:00,25,2,200,8.0,404.3,16.172,25,0.28,1,18,174,9.0,58.0,3,2,2,Needs Attention,0.6669,Medium Risk
16485,2009-12-06 12:28:00,2011-09-23 15:50:00,144,5,1153,8.006944444444445,2287.19,15.883263888888887,126,0.7083333333333334,0,657,77,131.4,12.83,3,4,4,Loyal Customers,0.0408,Low Risk
16486,2010-06-20 12:16:00,2010-06-20 12:16:00,7,1,24,3.4285714285714284,134.36,19.19428571428572,7,1.0,1,1,538,1.0,269.0,1,1,1,Lost / Inactive,0.9043,High Risk
16487,2010-02-18 17:36:00,2010-05-11 13:38:00,35,2,163,4.6571428571428575,209.4,5.982857142857143,28,0.0,1,82,577,41.0,192.33,1,2,1,Lost / Inactive,0.7794,High Risk
16488,2011-07-14 11:46:00,2011-11-06 13:42:00,29,3,728,25.103448275862068,498.8,17.2,28,0.2413793103448276,0,116,33,38.7,8.25,4,3,2,Loyal Customers,0.5986,Medium Risk
16489,2010-09-29 15:02:00,2010-11-24 14:40:00,6,2,38,6.333333333333333,303.7,50.61666666666667,4,0.0,1,56,380,28.0,126.67,2,2,2,Lost / Inactive,0.7651,High Risk
16490,2010-09-29 16:30:00,2010-09-29 16:30:00,13,1,113,8.692307692307692,205.41,15.80076923076923,13,0.0,1,1,436,1.0,218.0,1,1,1,Lost / Inactive,0.7785,High Risk
16491,2010-10-22 15:42:00,2011-10-24 10:18:00,87,2,1060,12.183908045977011,1533.16,17.622528735632184,86,0.0,0,367,47,183.5,15.67,4,2,4,Promising / New,0.306,Low Risk
16492,2010-06-17 08:20:00,2010-06-17 08:20:00,23,1,235,10.217391304347826,385.56,16.763478260869565,23,0.0,1,1,541,1.0,270.5,1,1,2,Lost / Inactive,0.7103,High Risk
16493,2010-03-26 13:05:00,2011-09-21 11:10:00,111,7,1988,17.90990990990991,2132.09,19.20801801801802,77,0.2522522522522522,0,544,80,77.7,10.0,3,4,4,Loyal Customers,0.4147,Medium Risk
16494,2011-02-16 12:49:00,2011-02-16 12:49:00,50,1,675,13.5,826.53,16.5306,47,0.0,1,1,297,1.0,148.5,2,1,3,Lost / Inactive,0.6671,Medium Risk
16495,2011-03-08 16:38:00,2011-12-06 13:20:00,88,3,328,3.727272727272727,648.26,7.366590909090909,78,0.0,0,273,3,91.0,0.75,5,3,3,Loyal Customers,0.6265,Medium Risk
16496,2010-07-18 13:42:00,2011-12-01 10:31:00,138,6,1764,12.782608695652174,2330.77,16.88963768115942,120,0.2101449275362318,0,501,9,83.5,1.29,5,4,4,Champions,0.3424,Low Risk
16497,2009-12-03 14:11:00,2011-10-21 10:55:00,337,23,3050,9.050445103857566,6695.28,19.86729970326409,239,0.0504451038575667,0,687,50,29.9,2.08,4,5,5,Champions,0.0116,Low Risk
16498,2011-06-30 19:52:00,2011-07-01 15:07:00,15,2,45,3.0,100.97,6.731333333333334,15,0.0,1,1,161,0.5,53.67,3,2,1,Needs Attention,0.8711,High Risk
16499,2010-06-11 12:22:00,2010-12-14 13:31:00,144,8,1364,9.47222222222222,2578.34,17.90513888888889,104,0.0,1,187,360,23.4,40.0,2,5,4,At Risk,0.3954,Medium Risk
16500,2010-06-14 14:54:00,2011-12-05 12:04:00,34,9,386,11.352941176470589,843.91,24.820882352941176,24,0.0,0,539,5,59.9,0.5,5,5,3,Champions,0.3308,Low Risk
16501,2010-11-21 14:10:00,2010-11-21 14:10:00,199,1,628,3.1557788944723617,1191.23,5.98608040201005,181,1.0,1,1,383,1.0,191.5,2,1,3,Lost / Inactive,0.6578,Medium Risk
16502,2010-03-29 13:39:00,2010-03-29 13:44:00,41,2,220,5.365853658536586,258.55,6.30609756097561,41,0.0,1,1,620,0.5,206.67,1,2,1,Lost / Inactive,0.7623,High Risk
16503,2010-06-21 14:07:00,2011-08-25 11:46:00,213,11,1535,7.206572769953052,3614.34,16.9687323943662,161,0.0,1,430,107,39.1,8.92,3,5,5,Loyal Customers,0.3695,Medium Risk
16504,2011-11-14 15:18:00,2011-11-14 15:18:00,83,1,510,6.144578313253012,465.88,5.613012048192771,76,0.0,0,1,25,1.0,12.5,4,1,2,Promising / New,0.4669,Medium Risk
16505,2011-11-08 12:14:00,2011-11-08 12:14:00,4,1,576,144.0,777.5999999999999,194.4,4,0.0,0,1,32,1.0,16.0,4,1,3,Promising / New,0.6903,Medium Risk
16506,2011-10-30 15:50:00,2011-11-20 12:17:00,3,2,42,14.0,90.3,30.1,3,1.0,0,21,20,10.5,6.67,4,2,1,Promising / New,0.6496,Medium Risk
16507,2010-05-16 12:56:00,2010-05-16 12:56:00,38,1,111,2.921052631578948,142.71,3.755526315789474,37,1.0,1,1,572,1.0,286.0,1,1,1,Lost / Inactive,0.782,High Risk
16508,2010-03-19 13:41:00,2010-03-19 13:41:00,43,1,103,2.395348837209302,240.95,5.603488372093023,42,0.0,1,1,630,1.0,315.0,1,1,1,Lost / Inactive,0.8085,High Risk
16509,2011-02-16 09:25:00,2011-02-16 09:25:00,13,1,64,4.923076923076923,363.7,27.976923076923075,13,0.0,1,1,297,1.0,148.5,2,1,2,Lost / Inactive,0.7821,High Risk
16510,2010-01-17 12:30:00,2010-12-02 13:39:00,112,6,930,8.303571428571429,1777.5,15.870535714285714,94,0.6607142857142857,1,320,372,53.3,53.14,2,4,4,At Risk,0.6575,Medium Risk
16511,2010-03-01 12:21:00,2011-11-18 10:41:00,304,6,769,2.5296052631578947,1760.49,5.79108552631579,235,0.1644736842105263,0,627,22,104.5,3.14,4,4,4,Champions,0.0625,Low Risk
16513,2011-10-27 14:56:00,2011-12-05 10:18:00,35,4,407,11.628571428571428,874.59,24.98828571428572,33,0.8571428571428571,0,39,5,9.8,1.0,5,4,3,Champions,0.4127,Medium Risk
16515,2010-06-17 12:17:00,2011-10-18 13:10:00,236,10,1573,6.665254237288136,3179.06,13.470593220338984,184,0.0,0,489,52,48.9,4.73,4,5,5,Champions,0.2918,Low Risk
16516,2011-11-09 14:59:00,2011-11-09 14:59:00,6,1,58,9.666666666666666,101.7,16.95,6,0.0,0,1,30,1.0,15.0,4,1,1,Promising / New,0.7955,High Risk
16517,2011-03-07 13:50:00,2011-03-07 13:50:00,17,1,96,5.647058823529412,162.70000000000002,9.57058823529412,17,0.0,1,1,277,1.0,138.5,2,1,1,Lost / Inactive,0.8792,High Risk
16518,2010-06-01 13:31:00,2011-10-09 15:04:00,68,4,524,7.705882352941177,959.37,14.108382352941176,61,0.4264705882352941,0,496,61,124.0,12.2,3,4,3,Loyal Customers,0.3641,Medium Risk
16519,2010-03-01 13:51:00,2011-11-14 15:41:00,36,4,150,4.166666666666667,439.06,12.196111111111112,32,0.0,0,624,25,156.0,5.0,4,4,2,Champions,0.0978,Low Risk
16520,2010-03-02 16:50:00,2011-06-06 13:24:00,352,6,1045,2.96875,2148.38,6.103352272727273,251,0.0,1,461,186,76.8,26.57,3,4,4,Loyal Customers,0.4441,Medium Risk
16521,2010-03-01 13:22:00,2010-10-20 13:09:00,237,3,1014,4.278481012658228,1140.11,4.810590717299577,212,0.0,1,233,415,77.7,103.75,1,3,3,At Risk,0.5822,Medium Risk
16522,2010-09-15 13:32:00,2010-09-30 10:54:00,18,2,212,11.77777777777778,433.36,24.07555555555556,16,0.0,1,15,436,7.5,145.33,1,2,2,Lost / Inactive,0.6531,Medium Risk
16523,2010-01-24 13:14:00,2011-12-08 09:06:00,371,28,4979,13.420485175202156,11916.33,32.11948787061995,180,0.1482479784366576,0,683,2,24.4,0.07,5,5,5,Champions,0.0073,Low Risk
16524,2010-01-17 13:16:00,2010-09-19 13:37:00,53,2,259,4.886792452830188,306.19,5.777169811320754,50,1.0,1,246,446,123.0,148.67,1,2,2,Lost / Inactive,0.7553,High Risk
16525,2009-12-02 13:53:00,2011-12-07 15:07:00,353,48,14430,40.87818696883853,24151.3,68.41728045325779,115,0.1444759206798866,0,736,2,15.3,0.04,5,5,5,Champions,0.0095,Low Risk
16526,2010-05-04 16:34:00,2011-06-21 12:02:00,35,2,279,7.9714285714285715,717.21,20.491714285714288,30,0.0,1,413,172,206.5,57.33,3,2,3,Needs Attention,0.5385,Medium Risk
16527,2010-10-11 13:25:00,2011-09-19 16:21:00,73,2,708,9.6986301369863,1232.94,16.889589041095892,66,0.0,0,344,81,172.0,27.0,3,2,4,Needs Attention,0.4482,Medium Risk
16528,2011-12-06 12:45:00,2011-12-06 12:45:00,17,1,171,10.058823529411764,244.41,14.377058823529412,17,0.0,0,1,4,1.0,2.0,5,1,1,Promising / New,0.7116,High Risk
16529,2010-06-27 13:29:00,2011-06-02 17:23:00,128,4,739,5.7734375,1986.8,15.521875,87,0.140625,1,341,190,85.2,38.0,2,4,4,At Risk,0.6177,Medium Risk
16530,2010-02-09 15:30:00,2010-02-09 15:30:00,3,1,17,5.666666666666667,48.35,16.116666666666667,3,0.0,1,1,668,1.0,334.0,1,1,1,Lost / Inactive,0.9127,High Risk
16531,2010-09-24 09:49:00,2011-11-17 16:29:00,138,11,1863,13.5,2298.33,16.654565217391305,109,0.0,0,420,22,38.2,1.83,4,5,4,Champions,0.2746,Low Risk
16532,2010-03-29 10:26:00,2011-11-22 11:08:00,6,5,2544,424.0,8756.64,1459.4399999999998,2,0.0,0,604,18,120.8,3.0,5,4,5,Champions,0.1821,Low Risk
16533,2011-10-02 15:07:00,2011-11-20 13:08:00,176,3,611,3.471590909090909,1082.81,6.1523295454545455,112,1.0,0,49,19,16.3,4.75,5,3,3,Loyal Customers,0.3122,Low Risk
16534,2010-03-07 15:47:00,2010-03-07 15:47:00,36,1,168,4.666666666666667,635.9,17.663888888888888,36,1.0,1,1,642,1.0,321.0,1,1,3,Lost / Inactive,0.7832,High Risk
16535,2010-01-28 15:26:00,2011-12-04 15:18:00,71,3,664,9.352112676056338,972.04,13.690704225352112,67,0.4366197183098591,0,675,5,225.0,1.25,5,3,3,Loyal Customers,0.0464,Low Risk
16536,2011-08-21 15:54:00,2011-08-21 15:54:00,54,1,250,4.62962962962963,548.12,10.15037037037037,49,1.0,1,1,110,1.0,55.0,3,1,2,Needs Attention,0.774,High Risk
16537,2010-03-08 13:41:00,2010-03-08 13:41:00,4,1,59,14.75,23.35,5.8375,3,0.0,1,1,641,1.0,320.5,1,1,1,Lost / Inactive,0.784,High Risk
16538,2010-04-23 16:25:00,2010-06-16 16:59:00,41,3,254,6.195121951219512,395.07,9.635853658536584,35,0.0,1,55,541,18.3,135.25,1,3,2,At Risk,0.5747,Medium Risk
16539,2010-06-25 15:24:00,2011-12-07 08:41:00,131,10,1014,7.740458015267175,3289.66,25.111908396946564,83,0.183206106870229,0,530,3,53.0,0.27,5,5,5,Champions,0.3523,Medium Risk
16540,2010-10-21 17:22:00,2010-10-21 17:22:00,29,1,105,3.6206896551724137,205.75,7.094827586206897,25,0.0,1,1,414,1.0,207.0,1,1,1,Lost / Inactive,0.8595,High Risk
16541,2009-12-04 13:22:00,2009-12-04 13:22:00,38,1,173,4.552631578947368,424.03,11.158684210526316,38,0.0,1,1,735,1.0,367.5,1,1,2,Lost / Inactive,0.7575,High Risk
16542,2010-11-03 14:44:00,2011-10-17 10:47:00,14,2,142,10.142857142857142,257.32,18.38,13,0.0,0,348,54,174.0,18.0,4,2,1,Promising / New,0.5004,Medium Risk
16543,2010-04-27 11:38:00,2010-04-27 11:38:00,18,1,317,17.61111111111111,292.21,16.233888888888888,18,0.0,1,1,592,1.0,296.0,1,1,2,Lost / Inactive,0.7118,High Risk
16544,2010-02-15 13:20:00,2010-07-08 11:11:00,11,4,150,13.636363636363637,376.7,34.24545454545454,8,0.0,1,143,520,35.8,104.0,1,4,2,At Risk,0.7622,High Risk
16545,2010-11-29 10:39:00,2011-06-28 10:37:00,8,2,322,40.25,689.8199999999999,86.22749999999999,6,0.0,1,211,165,105.5,55.0,3,2,3,Needs Attention,0.7455,High Risk
16546,2010-09-23 15:43:00,2011-02-22 11:20:00,88,5,4211,47.85227272727273,5307.07,60.307613636363634,75,0.0,1,152,291,30.4,48.5,2,4,5,At Risk,0.585,Medium Risk
16547,2010-06-11 13:02:00,2010-06-11 13:02:00,25,1,108,4.32,104.26,4.1704,25,0.0,1,1,546,1.0,273.0,1,1,1,Lost / Inactive,0.8054,High Risk
16548,2010-04-19 16:15:00,2010-04-19 16:15:00,6,1,6,1.0,30.15,5.025,6,0.0,1,1,599,1.0,299.5,1,1,1,Lost / Inactive,0.9013,High Risk
16549,2010-03-28 15:45:00,2011-11-29 15:06:00,3093,34,7087,2.2913029421273845,12781.8,4.132492725509215,836,0.3918525703200776,0,611,10,18.0,0.29,5,5,5,Champions,0.1671,Low Risk
16550,2009-12-02 11:24:00,2011-08-23 11:12:00,755,18,5405,7.158940397350993,8813.58,11.673615894039736,274,0.0,1,629,109,34.9,5.74,3,5,5,Loyal Customers,0.0341,Low Risk
16551,2009-12-13 16:12:00,2011-09-05 09:38:00,88,7,2076,23.59090909090909,2237.12,25.421818181818185,67,0.1704545454545454,1,631,96,90.1,12.0,3,4,4,Loyal Customers,0.3592,Medium Risk
16552,2010-12-01 12:36:00,2011-04-11 10:04:00,17,2,219,12.882352941176473,379.73,22.33705882352941,17,0.0,1,131,243,65.5,81.0,2,2,2,Lost / Inactive,0.7279,High Risk
16553,2010-02-11 18:46:00,2011-06-29 15:42:00,292,33,16427,56.25684931506849,16584.01,56.79455479452054,195,0.1335616438356164,1,503,163,15.2,4.79,3,5,5,Loyal Customers,0.4581,Medium Risk
16554,2009-12-15 09:42:00,2011-10-28 14:51:00,167,8,1346,8.059880239520957,2841.72,17.0162874251497,108,0.1197604790419161,0,683,42,85.4,4.67,4,5,4,Champions,0.0276,Low Risk
16555,2010-07-22 13:39:00,2011-11-04 14:31:00,66,6,1816,27.51515151515152,1915.68,29.025454545454547,59,0.0,0,471,35,78.5,5.0,4,4,4,Champions,0.4995,Medium Risk
16556,2009-12-07 10:51:00,2011-10-04 11:36:00,482,17,4353,9.031120331950207,8012.58,16.623609958506226,280,0.0912863070539419,0,667,67,39.2,3.72,3,5,5,Loyal Customers,0.0065,Low Risk
16557,2011-07-25 13:28:00,2011-11-15 14:04:00,11,2,111,10.090909090909092,281.85,25.622727272727275,11,0.0,0,114,24,57.0,8.0,4,2,1,Promising / New,0.6889,Medium Risk
16558,2009-12-03 18:11:00,2011-12-09 10:20:00,753,38,7813,10.375830013280211,13304.11,17.668140770252325,383,0.1673306772908366,0,736,1,19.4,0.03,5,5,5,Champions,0.0056,Low Risk
16559,2010-11-07 13:52:00,2010-11-07 13:52:00,17,1,61,3.588235294117647,175.0,10.294117647058824,17,1.0,1,1,397,1.0,198.5,2,1,1,Lost / Inactive,0.8968,High Risk
16560,2009-12-08 12:05:00,2011-11-13 10:35:00,198,8,1603,8.095959595959595,3048.38,15.395858585858589,140,0.398989898989899,0,705,27,88.1,3.0,4,5,5,Champions,0.0239,Low Risk
16561,2011-10-11 09:53:00,2011-12-04 11:50:00,31,2,244,7.870967741935484,511.12,16.48774193548387,29,0.4838709677419355,0,55,6,27.5,2.0,5,2,2,Promising / New,0.6299,Medium Risk
16562,2010-08-20 11:45:00,2010-08-20 11:45:00,34,1,264,7.764705882352941,223.86,6.584117647058824,34,0.0,1,1,477,1.0,238.5,1,1,1,Lost / Inactive,0.662,Medium Risk
16563,2009-12-01 18:35:00,2011-10-17 11:51:00,89,6,2584,29.03370786516854,4412.56,49.57932584269663,55,0.1011235955056179,0,685,54,114.2,7.71,4,4,5,Champions,0.0352,Low Risk
16564,2010-05-19 14:41:00,2010-05-19 14:41:00,5,1,40,8.0,87.80000000000001,17.560000000000002,5,0.0,1,1,569,1.0,284.5,1,1,1,Lost / Inactive,0.8057,High Risk
16565,2010-06-02 12:47:00,2010-12-10 15:21:00,11,4,211,19.181818181818183,773.05,70.27727272727272,7,0.0,1,192,364,48.0,72.8,2,4,3,At Risk,0.7725,High Risk
16566,2011-02-20 10:29:00,2011-11-24 16:34:00,18,5,362,20.11111111111111,614.66,34.147777777777776,14,0.1111111111111111,0,278,15,55.6,2.5,5,4,3,Champions,0.6474,Medium Risk
16567,2011-01-07 09:31:00,2011-05-29 13:57:00,35,2,996,28.457142857142856,865.6,24.731428571428573,34,0.2571428571428571,1,143,194,71.5,64.67,2,2,3,Lost / Inactive,0.7045,High Risk
16568,2010-03-08 14:51:00,2010-10-08 10:54:00,5,2,366,73.2,1020.9,204.18,5,0.0,1,214,428,107.0,142.67,1,2,3,Lost / Inactive,0.69,Medium Risk
16569,2009-12-16 15:05:00,2011-12-06 15:32:00,35,5,988,28.228571428571428,1455.23,41.578,27,0.0,0,721,3,144.2,0.5,5,4,4,Champions,0.0611,Low Risk
16570,2010-03-30 09:32:00,2011-11-24 17:02:00,241,20,4292,17.809128630705395,7434.31,30.847759336099585,114,0.0,0,605,15,30.2,0.71,5,5,5,Champions,0.0691,Low Risk
16571,2010-03-18 09:12:00,2011-11-13 11:46:00,255,10,3703,14.52156862745098,4248.74,16.661725490196076,151,0.1098039215686274,0,606,27,60.6,2.45,4,5,5,Champions,0.0343,Low Risk
16572,2011-03-09 12:04:00,2011-08-04 16:34:00,57,3,532,9.333333333333334,1009.6,17.712280701754388,40,0.0,1,149,127,49.7,31.75,3,3,3,Loyal Customers,0.6634,Medium Risk
16573,2011-02-22 15:14:00,2011-09-16 09:13:00,42,2,360,8.571428571428571,663.61,15.800238095238097,40,0.0,0,206,85,103.0,28.33,3,2,3,Needs Attention,0.6981,Medium Risk
16574,2010-02-19 11:46:00,2011-09-29 13:39:00,86,3,1002,11.651162790697674,1301.78,15.136976744186049,86,0.0,0,588,71,196.0,17.75,3,3,4,Loyal Customers,0.1792,Low Risk
16576,2010-07-06 10:42:00,2010-10-15 13:37:00,33,2,323,9.787878787878787,540.87,16.39,32,0.0,1,102,420,51.0,140.0,1,2,2,Lost / Inactive,0.6968,Medium Risk
16577,2010-02-11 09:45:00,2010-02-11 09:45:00,23,1,142,6.173913043478261,380.0,16.52173913043478,23,0.0,1,1,667,1.0,333.5,1,1,2,Lost / Inactive,0.7568,High Risk
16578,2010-03-23 15:11:00,2010-03-23 15:11:00,9,1,108,12.0,156.6,17.4,9,0.0,1,1,626,1.0,313.0,1,1,1,Lost / Inactive,0.7586,High Risk
16579,2010-10-10 11:58:00,2010-10-10 11:58:00,14,1,119,8.5,295.05,21.075,14,1.0,1,1,426,1.0,213.0,1,1,2,Lost / Inactive,0.8076,High Risk
16581,2011-06-10 10:05:00,2011-06-10 10:05:00,9,1,134,14.88888888888889,105.84,11.76,9,0.0,1,1,183,1.0,91.5,3,1,1,Needs Attention,0.6941,Medium Risk
16582,2011-08-18 17:02:00,2011-08-18 17:02:00,6,1,164,27.33333333333333,313.62,52.27,6,0.0,1,1,113,1.0,56.5,3,1,2,Needs Attention,0.7547,High Risk
16583,2010-02-04 12:18:00,2010-12-01 12:03:00,18,2,153,8.5,297.95,16.552777777777777,18,0.0,1,300,374,150.0,124.67,2,2,2,Lost / Inactive,0.7506,High Risk
16584,2010-02-16 10:41:00,2011-09-20 13:45:00,82,5,1913,23.32926829268293,3156.17,38.48987804878049,61,0.1829268292682926,0,582,80,116.4,13.33,3,4,5,Loyal Customers,0.2412,Low Risk
16585,2010-01-13 13:31:00,2010-04-25 10:34:00,18,2,151,8.38888888888889,341.59000000000003,18.977222222222224,16,0.7222222222222222,1,102,594,51.0,198.0,1,2,2,Lost / Inactive,0.7851,High Risk
16586,2010-03-14 11:24:00,2011-04-05 09:32:00,28,3,348,12.428571428571429,1462.78,52.24214285714286,27,0.2142857142857142,1,387,249,129.0,62.25,2,3,4,At Risk,0.6205,Medium Risk
16587,2011-04-21 15:51:00,2011-04-21 15:51:00,13,1,71,5.461538461538462,225.15,17.31923076923077,13,0.0,1,1,232,1.0,116.0,2,1,1,Lost / Inactive,0.8547,High Risk
16588,2010-05-14 13:43:00,2010-11-18 17:56:00,71,4,882,12.422535211267606,1361.28,19.172957746478872,64,0.0,1,189,386,47.2,77.2,2,4,4,At Risk,0.5507,Medium Risk
16589,2010-09-15 14:56:00,2011-09-29 14:50:00,44,4,536,12.181818181818182,612.36,13.917272727272728,39,0.0,0,379,71,94.8,14.2,3,4,3,Loyal Customers,0.4897,Medium Risk
16590,2010-10-21 12:09:00,2010-11-04 09:06:00,29,2,240,8.275862068965518,605.9,20.893103448275863,26,0.0,1,14,401,7.0,133.67,2,2,2,Lost / Inactive,0.6591,Medium Risk
16591,2011-10-02 10:43:00,2011-10-02 10:43:00,10,1,41,4.1,213.5,21.35,10,1.0,0,1,69,1.0,34.5,3,1,1,Needs Attention,0.8778,High Risk
16592,2009-12-18 15:57:00,2011-12-05 13:49:00,428,28,5504,12.85981308411215,7807.91,18.24278037383177,221,0.1308411214953271,0,717,4,25.6,0.14,5,5,5,Champions,0.0053,Low Risk
16593,2009-12-05 10:44:00,2011-10-20 12:41:00,78,8,377,4.833333333333333,1071.14,13.732564102564105,57,0.6666666666666666,0,685,51,85.6,5.67,4,5,3,Champions,0.1122,Low Risk
16594,2011-09-25 14:08:00,2011-09-25 14:08:00,53,1,64,1.2075471698113207,181.09,3.416792452830189,53,1.0,0,1,75,1.0,37.5,3,1,1,Needs Attention,0.6568,Medium Risk
16595,2010-01-17 12:12:00,2011-10-09 13:15:00,452,5,1331,2.944690265486725,1757.75,3.888827433628319,337,0.8362831858407079,0,631,61,126.2,10.17,3,4,4,Loyal Customers,0.063,Low Risk
16596,2009-12-10 13:09:00,2011-11-24 10:02:00,24,4,180,7.5,458.98,19.124166666666667,23,0.0,0,714,16,178.5,3.2,5,4,2,Champions,0.0436,Low Risk
16597,2011-12-05 15:44:00,2011-12-05 15:44:00,7,1,184,26.285714285714285,90.03999999999999,12.86285714285714,7,0.0,0,1,4,1.0,2.0,5,1,1,Promising / New,0.6477,Medium Risk
16598,2011-02-27 11:42:00,2011-02-27 11:42:00,10,1,73,7.3,145.05,14.505,10,1.0,1,1,286,1.0,143.0,2,1,1,Lost / Inactive,0.8375,High Risk
16599,2010-11-19 12:45:00,2010-11-19 12:45:00,12,1,159,13.25,172.8,14.4,12,0.0,1,1,386,1.0,193.0,2,1,1,Lost / Inactive,0.667,Medium Risk
16600,2009-12-18 12:59:00,2011-12-05 16:00:00,143,13,2420,16.923076923076923,2153.41,15.058811188811188,106,0.0699300699300699,0,718,4,55.2,0.29,5,5,4,Champions,0.0367,Low Risk
16601,2010-03-26 13:39:00,2011-10-30 11:09:00,69,3,391,5.666666666666667,677.0,9.81159420289855,60,0.9710144927536232,0,583,41,194.3,10.25,4,3,3,Loyal Customers,0.1523,Low Risk
16602,2010-11-16 09:13:00,2011-11-03 15:54:00,40,2,429,10.725,763.3299999999999,19.08325,37,0.0,0,353,36,176.5,12.0,4,2,3,Promising / New,0.3471,Low Risk
16603,2011-09-09 13:02:00,2011-09-26 10:06:00,34,2,480,14.117647058823527,482.47,14.190294117647058,34,0.0,0,17,75,8.5,25.0,3,2,2,Needs Attention,0.5018,Medium Risk
16604,2010-05-20 16:34:00,2010-05-26 09:10:00,12,2,175,14.583333333333334,432.45,36.0375,10,0.0,1,6,563,3.0,187.67,1,2,2,Lost / Inactive,0.7487,High Risk
16605,2009-12-15 19:03:00,2009-12-15 19:03:00,1,1,144,144.0,60.48,60.48,1,0.0,1,1,724,1.0,362.0,1,1,1,Lost / Inactive,0.7093,High Risk
16606,2010-10-01 13:21:00,2010-10-31 13:57:00,22,2,148,6.727272727272728,357.66,16.257272727272728,16,0.2727272727272727,1,31,404,15.5,134.67,2,2,2,Lost / Inactive,0.7053,High Risk
16607,2010-04-29 14:01:00,2011-11-22 10:24:00,298,25,4436,14.885906040268456,5706.87,19.15057046979866,212,0.0,0,572,18,22.9,0.69,5,5,5,Champions,0.0903,Low Risk
16608,2010-02-14 11:57:00,2010-09-12 11:44:00,121,2,612,5.0578512396694215,1286.62,10.633223140495868,94,1.0,1,210,454,105.0,151.33,1,2,4,Lost / Inactive,0.6124,Medium Risk
16609,2011-04-01 10:11:00,2011-11-24 13:32:00,276,7,2420,8.768115942028986,5493.46,19.903840579710145,155,0.0,0,238,15,34.0,1.88,5,4,5,Champions,0.3329,Low Risk
16610,2011-05-04 13:13:00,2011-05-04 13:13:00,6,1,66,11.0,75.66,12.61,6,0.0,1,1,219,1.0,109.5,2,1,1,Lost / Inactive,0.8119,High Risk
16611,2010-03-10 16:07:00,2011-06-06 15:46:00,110,6,874,7.945454545454545,1785.13,16.228454545454543,86,0.2545454545454545,1,453,186,75.5,26.57,3,4,4,Loyal Customers,0.6061,Medium Risk
16612,2009-12-03 15:54:00,2011-11-07 07:38:00,167,9,1419,8.497005988023952,3245.43,19.433712574850297,105,0.1197604790419161,0,704,33,78.2,3.3,4,5,5,Champions,0.0152,Low Risk
16613,2011-09-30 15:52:00,2011-09-30 15:52:00,30,1,293,9.766666666666667,618.59,20.619666666666667,30,0.0,0,1,70,1.0,35.0,3,1,3,Needs Attention,0.7187,High Risk
16614,2010-05-10 15:18:00,2011-06-10 11:36:00,49,3,349,7.122448979591836,1179.79,24.07734693877551,37,0.0,1,396,183,132.0,45.75,3,3,3,Loyal Customers,0.5762,Medium Risk
16615,2010-03-23 15:13:00,2010-03-23 15:13:00,19,1,211,11.105263157894736,291.5,15.342105263157896,19,0.0,1,1,626,1.0,313.0,1,1,2,Lost / Inactive,0.7152,High Risk
16616,2011-07-05 13:38:00,2011-11-24 16:31:00,33,2,370,11.212121212121213,500.42,15.164242424242424,31,0.0,0,143,15,71.5,5.0,5,2,2,Promising / New,0.6707,Medium Risk
16617,2011-04-18 10:35:00,2011-04-18 10:35:00,5,1,91,18.2,151.85,30.37,5,0.0,1,1,236,1.0,118.0,2,1,1,Lost / Inactive,0.77,High Risk
16618,2011-01-21 11:55:00,2011-11-08 13:52:00,96,5,1363,14.197916666666666,2647.59,27.579062500000003,79,0.0,0,292,31,58.4,5.17,4,4,4,Champions,0.4547,Medium Risk
16619,2010-02-22 12:05:00,2011-03-21 08:18:00,116,4,1055,9.094827586206897,1938.33,16.709741379310344,103,0.1637931034482758,1,392,264,98.0,52.8,2,4,4,At Risk,0.5087,Medium Risk
16620,2009-12-01 14:35:00,2011-12-06 12:19:00,94,6,1146,12.191489361702128,1758.93,18.712021276595745,78,0.0,0,735,4,122.5,0.57,5,4,4,Champions,0.0521,Low Risk
16621,2011-03-07 11:32:00,2011-10-19 11:38:00,29,4,302,10.413793103448276,813.48,28.05103448275862,22,0.4137931034482758,0,227,52,56.8,10.4,4,4,3,Champions,0.6512,Medium Risk
16622,2010-06-14 10:44:00,2010-06-14 10:44:00,12,1,44,3.6666666666666665,225.4,18.78333333333333,12,0.0,1,1,544,1.0,272.0,1,1,1,Lost / Inactive,0.8584,High Risk
16623,2010-04-26 14:04:00,2011-04-08 10:09:00,51,4,442,8.666666666666666,1015.24,19.906666666666663,44,0.0,1,347,246,86.8,49.2,2,4,3,At Risk,0.5775,Medium Risk
16624,2011-05-26 14:20:00,2011-09-20 12:39:00,48,2,488,10.166666666666666,810.57,16.886875,44,0.0,0,117,81,58.5,27.0,3,2,3,Needs Attention,0.6693,Medium Risk
16625,2010-06-14 11:56:00,2011-03-10 12:50:00,99,5,1057,10.676767676767676,1654.03,16.707373737373736,82,0.0,1,270,275,54.0,45.83,2,4,4,At Risk,0.521,Medium Risk
16626,2011-03-18 12:27:00,2011-12-09 11:56:00,179,17,2690,15.027932960893857,4413.1,24.65418994413408,86,0.1117318435754189,0,266,1,15.6,0.06,5,5,5,Champions,0.1781,Low Risk
16627,2011-09-21 14:38:00,2011-09-21 14:38:00,20,1,162,8.1,322.8,16.14,20,0.0,0,1,79,1.0,39.5,3,1,2,Needs Attention,0.713,High Risk
16628,2010-03-08 12:24:00,2011-11-10 12:45:00,125,7,1260,10.08,2318.1,18.5448,84,0.0,0,613,30,87.6,3.75,4,4,4,Champions,0.0859,Low Risk
16629,2011-09-04 16:12:00,2011-09-27 10:34:00,60,2,489,8.15,408.63,6.8105,58,0.7666666666666667,0,23,74,11.5,24.67,3,2,2,Needs Attention,0.3918,Medium Risk
16630,2010-10-28 14:30:00,2010-10-28 14:30:00,4,1,72,18.0,106.8,26.7,4,0.0,1,1,407,1.0,203.5,2,1,1,Lost / Inactive,0.7716,High Risk
16631,2010-02-26 10:49:00,2010-08-15 11:20:00,80,7,775,9.6875,1892.52,23.6565,46,0.1375,1,171,482,24.4,60.25,1,4,4,At Risk,0.4399,Medium Risk
16632,2010-05-07 16:46:00,2010-08-11 11:39:00,27,2,256,9.48148148148148,406.4,15.05185185185185,22,0.0,1,96,486,48.0,162.0,1,2,2,Lost / Inactive,0.7032,High Risk
16633,2011-04-19 14:36:00,2011-11-22 13:41:00,152,6,1138,7.486842105263157,2883.1,18.967763157894737,115,0.0986842105263157,0,217,17,36.2,2.43,5,4,4,Champions,0.4071,Medium Risk
16634,2010-01-21 09:30:00,2011-05-01 12:09:00,83,6,1257,15.144578313253012,1649.81,19.87722891566265,72,0.0120481927710843,1,466,223,77.7,31.86,2,4,4,At Risk,0.5335,Medium Risk
16635,2010-10-29 09:41:00,2010-10-29 09:41:00,25,1,277,11.08,473.0,18.92,25,0.0,1,1,407,1.0,203.5,2,1,2,Lost / Inactive,0.7156,High Risk
16636,2010-03-03 14:06:00,2010-09-27 13:13:00,73,4,2186,29.945205479452056,3802.04,52.0827397260274,62,0.0,1,208,438,52.0,87.6,1,4,5,At Risk,0.6079,Medium Risk
16637,2011-04-28 10:20:00,2011-11-07 13:17:00,69,4,927,13.434782608695652,1154.47,16.73144927536232,66,0.0,0,194,32,48.5,6.4,4,4,3,Champions,0.5516,Medium Risk
16638,2010-08-18 13:33:00,2011-11-17 11:09:00,138,15,1627,11.789855072463768,2380.13,17.247318840579712,130,0.0797101449275362,0,456,23,30.4,1.44,4,5,4,Champions,0.2114,Low Risk
16639,2010-10-26 18:23:00,2011-11-08 13:20:00,81,4,751,9.271604938271604,1747.98,21.58,76,0.0,0,378,31,94.5,6.2,4,4,4,Champions,0.4853,Medium Risk
16640,2010-11-07 10:48:00,2010-11-07 10:48:00,13,1,146,11.23076923076923,179.4,13.8,13,1.0,1,1,398,1.0,199.0,2,1,1,Lost / Inactive,0.7124,High Risk
16641,2010-01-07 12:22:00,2011-08-26 12:49:00,36,2,454,12.61111111111111,554.5,15.40277777777778,36,0.0,1,597,106,298.5,35.33,3,2,2,Needs Attention,0.152,Low Risk
16642,2010-10-20 14:22:00,2011-12-05 11:31:00,54,3,775,14.351851851851851,1077.45,19.95277777777778,50,0.0,0,411,5,137.0,1.25,5,3,3,Loyal Customers,0.4332,Medium Risk
16643,2010-10-13 09:47:00,2011-04-08 08:24:00,55,2,553,10.054545454545456,923.11,16.783818181818184,48,0.0,1,177,246,88.5,82.0,2,2,3,Lost / Inactive,0.6939,Medium Risk
16644,2011-05-11 12:53:00,2011-06-15 12:39:00,62,2,826,13.32258064516129,833.78,13.448064516129032,62,0.0,1,35,178,17.5,59.33,3,2,3,Needs Attention,0.4982,Medium Risk
16645,2009-12-04 09:49:00,2009-12-04 09:49:00,14,1,117,8.357142857142858,160.39,11.456428571428573,14,0.0,1,1,736,1.0,368.0,1,1,1,Lost / Inactive,0.7819,High Risk
16646,2010-09-16 13:28:00,2010-09-16 13:28:00,29,1,1072,36.96551724137931,678.8,23.406896551724135,29,0.0,1,1,449,1.0,224.5,1,1,3,Lost / Inactive,0.7044,High Risk
16647,2010-06-13 15:52:00,2011-06-23 11:47:00,33,4,396,12.0,541.9,16.421212121212122,28,0.2424242424242424,1,375,170,93.8,34.0,3,4,2,Loyal Customers,0.5418,Medium Risk
16648,2010-04-28 14:58:00,2011-10-28 08:58:00,37,3,503,13.594594594594597,672.8,18.18378378378378,37,0.0,0,548,43,182.7,10.75,4,3,3,Loyal Customers,0.1703,Low Risk
16649,2010-07-07 15:41:00,2010-07-07 15:41:00,20,1,82,4.1,306.58,15.329,20,0.0,1,1,520,1.0,260.0,1,1,2,Lost / Inactive,0.8599,High Risk
16650,2010-07-08 14:18:00,2011-09-29 09:51:00,98,7,1511,15.418367346938776,1916.11,19.55214285714285,71,0.0,0,448,72,64.0,9.0,3,4,4,Loyal Customers,0.4609,Medium Risk
16651,2010-05-02 11:46:00,2010-05-02 11:46:00,6,1,60,10.0,136.2,22.7,6,1.0,1,1,587,1.0,293.5,1,1,1,Lost / Inactive,0.7909,High Risk
16652,2010-03-17 10:22:00,2011-10-12 09:38:00,275,16,7477,27.189090909090908,17550.39,63.8196,124,0.0581818181818181,0,574,59,35.9,3.47,4,5,5,Champions,0.1764,Low Risk
16653,2011-09-29 13:38:00,2011-11-23 14:51:00,69,2,733,10.623188405797102,1212.66,17.574782608695653,67,0.0,0,56,16,28.0,5.33,5,2,3,Promising / New,0.4618,Medium Risk
16654,2010-04-06 13:29:00,2011-07-21 15:23:00,74,8,640,8.64864864864865,1484.07,20.055,64,0.0135135135135135,1,472,141,59.0,15.67,3,5,4,Loyal Customers,0.5644,Medium Risk
16655,2010-01-31 15:40:00,2011-11-22 11:25:00,590,13,3938,6.6745762711864405,6423.26,10.886881355932204,408,0.7135593220338983,0,660,18,50.8,1.29,5,5,5,Champions,0.025,Low Risk
16656,2009-12-04 12:59:00,2011-11-17 14:43:00,141,30,15433,109.45390070921984,16833.170000000002,119.38418439716314,22,0.0567375886524822,0,714,22,23.8,0.71,4,5,5,Champions,0.0128,Low Risk
16657,2011-03-30 12:02:00,2011-11-30 11:48:00,192,4,1130,5.885416666666667,874.43,4.554322916666666,158,0.0,0,245,10,61.2,2.0,5,4,3,Champions,0.464,Medium Risk
16658,2010-03-30 16:24:00,2010-12-06 13:47:00,64,6,277,4.328125,690.83,10.79421875,49,0.0,1,251,368,41.8,52.57,2,4,3,At Risk,0.7104,High Risk
16659,2011-06-03 15:03:00,2011-06-03 15:03:00,2,1,72,36.0,39.12,19.56,2,0.0,1,1,189,1.0,94.5,3,1,1,Needs Attention,0.8075,High Risk
16660,2010-01-14 11:09:00,2011-11-23 14:53:00,24,7,991,41.29166666666666,1879.55,78.31458333333333,20,0.0,0,679,16,97.0,2.0,5,4,4,Champions,0.0591,Low Risk
16661,2009-12-17 15:39:00,2010-06-17 15:24:00,62,4,364,5.870967741935484,932.76,15.044516129032258,50,0.0,1,182,540,45.5,108.0,1,4,3,At Risk,0.6661,Medium Risk
16662,2010-11-10 16:56:00,2010-11-10 16:56:00,28,1,35,1.25,151.05,5.394642857142857,28,0.0,1,1,394,1.0,197.0,2,1,1,Lost / Inactive,0.8849,High Risk
16663,2009-12-10 13:12:00,2009-12-10 13:12:00,1,1,100,100.0,165.0,165.0,1,0.0,1,1,729,1.0,364.5,1,2,1,Lost / Inactive,0.821,High Risk
16664,2010-05-19 17:11:00,2010-05-19 17:11:00,8,1,24,3.0,109.2,13.65,8,0.0,1,1,569,1.0,284.5,1,2,1,Lost / Inactive,0.9183,High Risk
16665,2010-12-12 14:03:00,2010-12-12 14:03:00,9,1,59,6.555555555555555,135.4,15.044444444444444,9,1.0,1,1,362,1.0,181.0,2,2,1,Lost / Inactive,0.8848,High Risk
16666,2010-03-28 15:13:00,2011-11-20 14:01:00,48,2,354,7.375,217.71,4.5356250000000005,42,1.0,0,602,19,301.0,6.33,5,2,1,Promising / New,0.0909,Low Risk
16667,2011-02-28 12:57:00,2011-10-02 15:26:00,52,2,236,4.538461538461538,567.1800000000001,10.907307692307691,52,0.6153846153846154,0,217,68,108.5,22.67,3,2,2,Needs Attention,0.7019,High Risk
16668,2010-03-18 18:25:00,2011-11-24 17:43:00,53,13,773,14.58490566037736,862.42,16.272075471698113,28,0.0188679245283018,0,616,15,47.4,1.07,5,5,3,Champions,0.1807,Low Risk
16669,2011-09-22 14:13:00,2011-11-16 12:26:00,156,3,881,5.647435897435898,1348.88,8.646666666666667,141,0.0,0,55,24,18.3,6.0,4,3,4,Loyal Customers,0.2587,Low Risk
16670,2009-12-10 15:28:00,2011-11-23 09:34:00,485,20,4534,9.348453608247423,8030.15,16.55701030927835,258,0.0,0,713,17,35.6,0.81,5,5,5,Champions,0.0061,Low Risk
16671,2011-06-28 11:20:00,2011-11-11 13:40:00,6,3,875,145.83333333333334,1692.27,282.045,3,0.0,0,137,28,45.7,7.0,4,3,4,Loyal Customers,0.6464,Medium Risk
16672,2011-03-18 10:15:00,2011-12-07 16:29:00,114,20,2832,24.84210526315789,8134.94,71.35912280701754,22,0.0,0,265,2,13.2,0.1,5,5,5,Champions,0.215,Low Risk
16673,2010-01-29 14:22:00,2010-01-29 14:22:00,19,1,95,5.0,171.13,9.006842105263157,19,0.0,1,1,679,1.0,339.5,1,2,1,Lost / Inactive,0.8819,High Risk
16674,2011-09-02 13:59:00,2011-10-16 11:31:00,93,2,181,1.946236559139785,304.24,3.2713978494623657,89,0.6451612903225806,0,44,55,22.0,18.33,4,2,2,Promising / New,0.5294,Medium Risk
16675,2010-08-18 13:11:00,2010-09-24 12:15:00,23,2,296,12.869565217391305,608.86,26.47217391304348,21,0.0,1,37,442,18.5,147.33,1,2,2,Lost / Inactive,0.6537,Medium Risk
16676,2010-10-17 13:07:00,2011-11-06 12:01:00,133,6,927,6.969924812030075,2361.9,17.758646616541355,106,0.3533834586466165,0,385,34,64.2,4.86,4,4,4,Champions,0.4796,Medium Risk
16677,2010-02-25 16:11:00,2010-10-24 14:53:00,47,2,457,9.72340425531915,880.62,18.73659574468085,45,0.5957446808510638,1,241,411,120.5,137.0,1,2,3,Lost / Inactive,0.6791,Medium Risk
16678,2011-03-02 09:24:00,2011-12-07 12:17:00,163,12,2397,14.705521472392638,3109.99,19.07969325153374,92,0.2208588957055214,0,281,3,23.4,0.23,5,5,5,Champions,0.257,Low Risk
16679,2010-06-10 18:35:00,2010-12-08 13:51:00,18,3,247,13.72222222222222,663.31,36.85055555555555,15,0.0,1,181,366,60.3,91.5,2,3,3,At Risk,0.7816,High Risk
16680,2010-06-23 09:30:00,2011-10-27 17:35:00,29,3,377,13.0,821.45,28.32586206896552,24,0.0,0,492,43,164.0,10.75,4,3,3,Loyal Customers,0.3377,Low Risk
16681,2010-03-08 14:10:00,2011-09-28 11:11:00,49,7,1492,30.448979591836736,1921.84,39.22122448979592,22,0.0,0,569,73,81.3,9.12,3,4,4,Loyal Customers,0.3504,Medium Risk
16682,2011-06-05 11:02:00,2011-12-05 12:13:00,30,5,1040,34.666666666666664,1028.0,34.266666666666666,15,0.3666666666666666,0,184,5,36.8,0.83,5,4,3,Champions,0.5294,Medium Risk
16683,2010-06-24 10:36:00,2010-06-24 10:36:00,18,1,190,10.555555555555555,320.25,17.791666666666668,18,0.0,1,1,534,1.0,267.0,1,2,2,Lost / Inactive,0.7385,High Risk
16684,2009-12-07 12:56:00,2011-12-05 14:06:00,718,55,104810,145.974930362117,147142.77,204.93422005571028,184,0.1378830083565459,0,729,4,13.3,0.07,5,5,5,Champions,0.0295,Low Risk
16685,2011-10-09 13:44:00,2011-10-09 13:58:00,62,2,396,6.387096774193548,324.24,5.229677419354839,60,1.0,0,1,61,0.5,20.33,3,2,2,Needs Attention,0.476,Medium Risk
16686,2009-12-06 15:48:00,2011-10-23 13:49:00,1028,16,3419,3.325875486381323,4881.07,4.748122568093385,549,0.688715953307393,0,686,47,42.9,2.76,4,5,5,Champions,0.0097,Low Risk
16687,2010-11-14 11:46:00,2010-11-14 11:46:00,8,1,141,17.625,157.63,19.70375,8,1.0,1,1,391,1.0,195.5,2,2,1,Lost / Inactive,0.7272,High Risk
16688,2011-10-10 12:23:00,2011-12-08 15:24:00,62,4,804,12.96774193548387,1260.86,20.33645161290323,52,0.0,0,60,1,15.0,0.2,5,4,4,Champions,0.3229,Low Risk
16689,2011-09-18 13:29:00,2011-09-25 11:39:00,13,2,330,25.384615384615383,422.6,32.50769230769231,12,1.0,0,7,76,3.5,25.33,3,2,2,Needs Attention,0.6362,Medium Risk
16690,2010-09-14 15:00:00,2011-09-28 15:02:00,19,4,209,11.0,353.03000000000003,18.580526315789477,12,0.2631578947368421,0,380,72,95.0,14.4,3,4,2,Loyal Customers,0.4845,Medium Risk
16691,2010-05-27 14:55:00,2010-10-17 15:03:00,11,2,92,8.363636363636363,178.82999999999998,16.257272727272724,11,0.6363636363636364,1,144,418,72.0,139.33,1,2,1,Lost / Inactive,0.7731,High Risk
16692,2010-09-24 11:31:00,2011-03-28 14:46:00,5,4,878,175.6,1914.7,382.94,3,0.0,1,186,256,46.5,51.2,2,4,4,At Risk,0.7078,High Risk
16693,2010-02-21 12:42:00,2011-10-02 11:10:00,168,5,658,3.9166666666666665,1179.48,7.020714285714286,149,1.0,0,588,69,117.6,11.5,3,4,3,Loyal Customers,0.1711,Low Risk
16694,2009-12-16 15:45:00,2009-12-16 15:45:00,3,1,26,8.666666666666666,98.3,32.766666666666666,3,0.0,1,1,723,1.0,361.5,1,2,1,Lost / Inactive,0.797,High Risk
16695,2010-05-27 12:24:00,2010-05-27 12:36:00,35,2,184,5.257142857142857,191.9,5.482857142857143,30,0.0,1,1,562,0.5,187.33,1,2,1,Lost / Inactive,0.7728,High Risk
16696,2011-04-05 15:20:00,2011-07-27 14:23:00,10,4,146,14.6,657.9,65.78999999999999,7,0.0,1,113,135,28.2,27.0,3,4,3,Loyal Customers,0.7481,High Risk
16697,2011-04-12 17:12:00,2011-04-12 17:12:00,21,1,27,1.2857142857142858,112.75,5.369047619047619,20,0.0,1,1,241,1.0,120.5,2,2,1,Lost / Inactive,0.8955,High Risk
16698,2011-03-31 13:33:00,2011-04-27 10:52:00,5,2,840,168.0,1998.0,399.6,4,0.0,1,27,227,13.5,75.67,2,2,4,Lost / Inactive,0.695,Medium Risk
16699,2009-12-04 13:31:00,2010-11-24 14:38:00,62,7,640,10.32258064516129,994.6,16.04193548387097,51,0.0,1,356,380,50.9,47.5,2,4,3,At Risk,0.5862,Medium Risk
16700,2009-12-02 10:51:00,2011-12-01 11:00:00,515,25,6644,12.900970873786408,8830.77,17.147126213592234,263,0.1145631067961165,0,730,9,29.2,0.35,5,5,5,Champions,0.0037,Low Risk
16701,2009-12-01 19:19:00,2011-12-01 11:10:00,275,26,11046,40.16727272727272,9916.73,36.06083636363636,154,0.1927272727272727,0,730,9,28.1,0.33,5,5,5,Champions,0.0193,Low Risk
16702,2009-12-07 16:40:00,2010-10-20 14:10:00,91,4,692,7.604395604395604,1110.83,12.206923076923076,84,0.1758241758241758,1,317,415,79.2,83.0,1,4,3,At Risk,0.6282,Medium Risk
16704,2010-02-05 14:14:00,2010-03-31 14:02:00,54,2,433,8.018518518518519,664.16,12.29925925925926,50,0.0,1,54,618,27.0,206.0,1,2,3,Lost / Inactive,0.5446,Medium Risk
16705,2009-12-09 13:34:00,2011-12-09 12:08:00,691,42,22302,32.27496382054993,43515.05,62.97402315484805,400,0.0303907380607814,0,730,1,17.4,0.02,5,5,5,Champions,0.0061,Low Risk
16706,2011-08-17 15:53:00,2011-11-02 13:50:00,123,3,249,2.024390243902439,531.35,4.319918699186992,108,0.0,0,77,37,25.7,9.25,4,3,2,Loyal Customers,0.4953,Medium Risk
16707,2010-03-09 15:16:00,2010-11-04 14:39:00,65,4,396,6.092307692307692,533.41,8.206307692307691,64,0.0,1,240,400,60.0,80.0,2,4,2,At Risk,0.6793,Medium Risk
16708,2011-10-25 12:20:00,2011-10-25 12:20:00,27,1,285,10.555555555555555,656.63,24.31962962962963,27,0.0,0,1,46,1.0,23.0,4,2,3,Promising / New,0.685,Medium Risk
16709,2009-12-09 13:16:00,2011-09-16 10:56:00,302,14,3261,10.798013245033111,9056.01,29.9867880794702,220,0.1655629139072847,0,646,85,46.1,5.67,3,5,5,Loyal Customers,0.0165,Low Risk
16710,2009-12-04 13:41:00,2011-11-20 14:50:00,909,22,4174,4.591859185918592,5921.35,6.514136413641364,541,0.4774477447744774,0,717,19,32.6,0.83,5,5,5,Champions,0.0087,Low Risk
16711,2009-12-02 13:22:00,2011-12-06 16:32:00,33,9,1212,36.72727272727273,2868.48,86.92363636363636,26,0.2121212121212121,0,735,3,81.7,0.3,5,5,4,Champions,0.032,Low Risk
16712,2010-11-03 15:45:00,2011-11-30 13:48:00,521,13,2074,3.980806142034549,4232.87,8.12451055662188,301,0.0,0,392,9,30.2,0.64,5,5,5,Champions,0.2243,Low Risk
16713,2009-12-15 12:49:00,2011-11-21 12:36:00,1266,32,8482,6.699842022116903,14115.56,11.149731437598737,541,0.0347551342812006,0,706,19,22.1,0.58,5,5,5,Champions,0.0095,Low Risk
16714,2010-02-07 11:17:00,2011-05-05 11:09:00,110,4,828,7.527272727272727,1497.33,13.612090909090908,95,0.209090909090909,1,452,219,113.0,43.8,2,4,4,At Risk,0.6022,Medium Risk
16715,2010-05-26 12:35:00,2011-09-22 18:15:00,28,2,1174,41.92857142857143,625.52,22.34,27,0.0,0,485,78,242.5,26.0,3,2,3,Needs Attention,0.4914,Medium Risk
16716,2010-03-19 11:05:00,2011-03-18 10:03:00,8,3,912,114.0,2149.68,268.71,7,0.0,1,364,267,121.3,66.75,2,3,4,At Risk,0.5856,Medium Risk
16717,2009-12-07 15:55:00,2011-11-16 12:16:00,350,14,3145,8.985714285714286,6663.68,19.039085714285715,274,0.0,0,709,24,50.6,1.6,4,5,5,Champions,0.007,Low Risk
16718,2009-12-06 13:07:00,2010-12-05 13:03:00,177,5,1924,10.870056497175142,3006.08,16.983502824858757,123,0.672316384180791,1,364,369,72.8,61.5,2,4,5,At Risk,0.5072,Medium Risk
16719,2009-12-13 10:59:00,2011-11-25 09:27:00,392,14,2356,6.010204081632653,3513.62,8.963316326530611,204,0.1454081632653061,0,712,15,50.9,1.0,5,5,5,Champions,0.0125,Low Risk
16720,2009-12-17 17:54:00,2011-11-13 16:22:00,140,3,460,3.2857142857142856,758.74,5.4195714285714285,130,0.6714285714285714,0,696,26,232.0,6.5,4,3,3,Loyal Customers,0.037,Low Risk
16721,2011-03-22 16:08:00,2011-03-22 16:08:00,37,1,172,4.648648648648648,292.47,7.904594594594595,37,0.0,1,1,262,1.0,131.0,2,2,2,Lost / Inactive,0.778,High Risk
16722,2009-12-03 19:23:00,2011-11-22 13:28:00,378,22,7986,21.126984126984127,8189.56,21.665502645502645,145,0.0,0,719,17,32.7,0.74,5,5,5,Champions,0.0047,Low Risk
16723,2009-12-04 13:23:00,2011-09-09 13:01:00,124,4,958,7.725806451612903,1231.36,9.930322580645162,108,0.0,1,644,91,161.0,18.2,3,4,4,Loyal Customers,0.4121,Medium Risk
16724,2010-10-31 11:40:00,2010-10-31 11:40:00,17,1,69,4.0588235294117645,147.35,8.66764705882353,17,1.0,1,1,405,1.0,202.5,2,2,1,Lost / Inactive,0.8922,High Risk
16725,2009-12-13 15:54:00,2011-02-10 16:52:00,348,14,700,2.0114942528735638,1688.26,4.85132183908046,242,0.3390804597701149,1,425,302,30.4,20.13,2,5,4,At Risk,0.4984,Medium Risk
16726,2010-10-24 16:09:00,2011-11-13 14:53:00,262,7,1323,5.049618320610687,2063.88,7.877404580152672,150,0.6297709923664122,0,385,26,55.0,3.25,4,4,4,Champions,0.4077,Medium Risk
16727,2010-01-20 10:48:00,2010-12-10 13:48:00,205,4,1066,5.2,1377.77,6.7208292682926825,158,0.2780487804878049,1,325,364,81.2,72.8,2,4,4,At Risk,0.5448,Medium Risk
16728,2011-03-20 13:28:00,2011-10-24 14:36:00,263,4,671,2.5513307984790874,1048.28,3.985855513307985,218,0.5399239543726235,0,219,46,54.8,9.2,4,4,3,Champions,0.4983,Medium Risk
16729,2011-04-12 14:22:00,2011-11-01 14:29:00,656,21,5722,8.722560975609756,7205.33,10.983734756097562,234,0.0,0,204,38,9.7,1.73,4,5,5,Champions,0.1538,Low Risk
16730,2011-01-24 14:01:00,2011-10-18 14:11:00,82,3,994,12.121951219512194,743.11,9.062317073170732,75,0.0,0,268,52,89.3,13.0,4,3,3,Loyal Customers,0.6005,Medium Risk
16731,2010-03-01 15:05:00,2010-03-01 15:05:00,42,1,124,2.952380952380953,170.3,4.0547619047619055,40,0.0,1,1,648,1.0,324.0,1,2,1,Lost / Inactive,0.8042,High Risk
16732,2009-12-08 13:04:00,2011-11-08 09:54:00,221,4,2414,10.923076923076923,4387.64,19.853574660633484,199,0.0,0,700,32,175.0,6.4,4,4,5,Champions,0.0468,Low Risk
16733,2010-06-28 10:12:00,2010-06-28 10:12:00,12,1,112,9.333333333333334,259.68,21.64,12,0.0,1,1,530,1.0,265.0,1,2,1,Lost / Inactive,0.7699,High Risk
16734,2011-08-17 15:00:00,2011-10-18 13:44:00,52,3,345,6.634615384615385,646.76,12.437692307692307,44,0.0,0,62,52,20.7,13.0,4,3,3,Loyal Customers,0.481,Medium Risk
16735,2009-12-08 09:24:00,2011-09-22 11:49:00,294,14,4240,14.421768707482991,6217.41,21.14765306122449,178,0.2006802721088435,0,654,79,46.7,5.27,3,5,5,Loyal Customers,0.0115,Low Risk
16736,2009-12-03 16:12:00,2010-07-22 10:09:00,143,5,1050,7.3426573426573425,2956.56,20.675244755244755,116,0.0,1,231,506,46.2,84.33,1,4,5,At Risk,0.5215,Medium Risk
16737,2010-05-11 09:53:00,2011-10-17 13:03:00,2,2,576,288.0,835.2,417.6,1,0.0,0,525,53,262.5,17.67,4,2,3,Promising / New,0.3133,Low Risk
16738,2011-02-15 09:46:00,2011-02-15 09:46:00,1,1,3,3.0,3.75,3.75,1,0.0,1,1,298,1.0,149.0,2,2,1,Lost / Inactive,0.8222,High Risk
16739,2010-06-21 09:38:00,2011-06-16 09:17:00,38,2,391,10.289473684210526,786.43,20.695526315789472,33,0.0,1,360,177,180.0,59.0,3,2,3,Needs Attention,0.4624,Medium Risk
16740,2010-11-09 13:34:00,2010-11-09 13:34:00,32,1,110,3.4375,226.91,7.0909375,30,0.0,1,1,395,1.0,197.5,2,2,1,Lost / Inactive,0.8532,High Risk
16741,2010-03-24 15:15:00,2010-03-24 15:15:00,11,1,81,7.363636363636363,173.06,15.732727272727272,11,0.0,1,1,625,1.0,312.5,1,2,1,Lost / Inactive,0.784,High Risk
16742,2009-12-16 17:22:00,2011-10-24 12:02:00,104,14,2558,24.596153846153847,2799.87,26.92182692307692,51,0.1153846153846153,0,677,47,48.4,3.13,4,5,4,Champions,0.0132,Low Risk
16743,2010-04-22 13:21:00,2011-11-10 13:13:00,371,14,3707,9.991913746630727,4212.15,11.353504043126684,118,0.0,0,567,29,40.5,1.93,4,5,5,Champions,0.1142,Low Risk
16744,2011-06-19 15:13:00,2011-11-28 13:06:00,236,7,798,3.3813559322033897,1291.91,5.4741949152542375,198,0.847457627118644,0,162,11,23.1,1.38,5,4,4,Champions,0.3207,Low Risk
16745,2011-02-01 11:31:00,2011-09-14 11:58:00,355,17,6719,18.92676056338028,7180.7,20.22732394366197,148,0.0929577464788732,0,226,87,13.3,4.83,3,5,5,Loyal Customers,0.1288,Low Risk
16746,2009-12-04 13:00:00,2011-12-05 12:33:00,983,42,11900,12.105798575788404,18046.75,18.3588504577823,390,0.2970498474059003,0,731,5,17.4,0.12,5,5,5,Champions,0.0162,Low Risk
16747,2011-10-03 10:18:00,2011-11-02 11:37:00,42,2,583,13.88095238095238,836.06,19.906190476190478,34,0.0,0,31,38,15.5,12.67,4,2,3,Promising / New,0.5108,Medium Risk
16748,2009-12-10 12:28:00,2011-11-22 10:17:00,165,14,2127,12.89090909090909,3637.33,22.04442424242424,55,0.0909090909090909,0,712,18,50.9,1.2,5,5,5,Champions,0.0113,Low Risk
16749,2009-12-15 14:05:00,2010-04-27 13:06:00,72,2,1910,26.52777777777778,4157.88,57.748333333333335,53,0.0,1,133,591,66.5,197.0,1,2,5,Lost / Inactive,0.6764,Medium Risk
16750,2011-04-21 16:53:00,2011-10-26 12:48:00,95,5,214,2.2526315789473683,623.9300000000001,6.567684210526316,74,0.0,0,188,45,37.6,7.5,4,4,3,Champions,0.647,Medium Risk
16751,2011-11-09 10:48:00,2011-11-09 10:48:00,25,1,1031,41.24,1764.72,70.5888,24,0.0,0,1,31,1.0,15.5,4,2,4,Promising / New,0.6979,Medium Risk
16752,2010-12-02 12:18:00,2010-12-02 12:18:00,9,1,54,6.0,207.5,23.05555555555556,9,0.0,1,1,373,1.0,186.5,2,2,1,Lost / Inactive,0.8189,High Risk
16753,2011-10-12 13:14:00,2011-10-12 13:14:00,34,1,189,5.5588235294117645,223.92,6.5858823529411765,34,0.0,0,1,58,1.0,29.0,4,2,1,Promising / New,0.7111,High Risk
16754,2010-03-08 11:32:00,2010-12-02 17:38:00,140,29,63551,453.9357142857143,65500.07,467.8576428571429,38,0.0,1,270,372,9.3,12.4,2,5,5,At Risk,0.5398,Medium Risk
16755,2009-12-09 14:25:00,2011-08-17 13:21:00,319,7,1985,6.222570532915361,2864.68,8.980188087774295,219,0.1253918495297805,1,616,114,88.0,14.25,3,4,4,Loyal Customers,0.2598,Low Risk
16756,2010-03-09 15:56:00,2011-05-09 09:33:00,79,7,707,8.949367088607595,1312.37,16.612278481012655,64,0.4430379746835443,1,426,215,60.9,26.88,2,4,4,At Risk,0.5568,Medium Risk
16757,2010-10-26 15:09:00,2011-01-25 11:59:00,15,2,180,12.0,270.48,18.032,13,0.0,1,91,319,45.5,106.33,2,2,1,Lost / Inactive,0.7114,High Risk
16758,2011-10-05 14:47:00,2011-10-05 14:47:00,22,1,203,9.227272727272728,369.34,16.788181818181815,22,0.0,0,1,65,1.0,32.5,3,2,2,Needs Attention,0.7148,High Risk
16759,2011-11-09 09:06:00,2011-12-02 12:42:00,42,3,609,14.5,789.79,18.804523809523808,40,0.0,0,24,8,8.0,2.0,5,3,3,Loyal Customers,0.4301,Medium Risk
16760,2010-10-05 15:55:00,2010-10-05 15:55:00,17,1,168,9.882352941176473,228.0,13.411764705882351,17,0.0,1,1,430,1.0,215.0,1,2,1,Lost / Inactive,0.7255,High Risk
16761,2011-09-04 11:15:00,2011-09-04 11:15:00,13,1,341,26.23076923076923,316.62,24.35538461538461,13,1.0,1,1,97,1.0,48.5,3,2,2,Needs Attention,0.7064,High Risk
16762,2011-07-18 12:52:00,2011-11-20 11:43:00,63,3,480,7.619047619047619,1207.24,19.162539682539684,51,0.4603174603174603,0,125,20,41.7,5.0,4,3,3,Loyal Customers,0.6472,Medium Risk
16763,2009-12-01 15:26:00,2011-05-25 11:52:00,44,2,492,11.181818181818182,964.7,21.925,44,0.0,1,540,199,270.0,66.33,2,2,3,Lost / Inactive,0.4296,Medium Risk
16764,2011-07-19 17:17:00,2011-12-06 11:41:00,700,13,1253,1.79,2790.95,3.987071428571429,209,0.0557142857142857,0,140,4,10.8,0.29,5,5,4,Champions,0.2055,Low Risk
16765,2010-11-22 13:42:00,2011-02-18 15:41:00,52,2,311,5.980769230769231,454.75,8.745192307692308,52,0.0,1,89,294,44.5,98.0,2,2,2,Lost / Inactive,0.7031,High Risk
16766,2011-03-11 13:34:00,2011-03-11 15:22:00,34,2,536,15.764705882352942,1145.6,33.69411764705882,17,0.0,1,1,273,0.5,91.0,2,2,3,Lost / Inactive,0.7083,High Risk
16767,2010-04-28 16:49:00,2011-11-09 09:42:00,321,15,7102,22.12461059190031,8056.76,25.09894080996885,209,0.0498442367601246,0,560,31,37.3,1.94,4,5,5,Champions,0.1068,Low Risk
16768,2009-12-07 11:47:00,2011-10-23 10:38:00,161,9,774,4.807453416149069,1698.57,10.550124223602484,108,0.7329192546583851,0,685,48,76.1,4.8,4,5,4,Champions,0.0356,Low Risk
16769,2009-12-14 11:10:00,2011-03-24 13:41:00,97,4,295,3.0412371134020617,1117.05,11.515979381443298,76,0.0,1,466,260,116.5,52.0,2,4,3,At Risk,0.5869,Medium Risk
16770,2010-08-22 16:08:00,2011-10-13 12:21:00,339,9,1052,3.103244837758112,1778.93,5.247581120943953,202,0.7079646017699115,0,417,58,46.3,5.8,4,5,4,Champions,0.2988,Low Risk
16771,2009-12-09 11:52:00,2011-11-06 13:28:00,408,10,2308,5.65686274509804,3949.6,9.680392156862744,303,0.2083333333333333,0,698,33,69.8,3.0,4,5,5,Champions,0.0122,Low Risk
16772,2009-12-18 10:50:00,2010-10-12 13:19:00,68,3,687,10.102941176470589,3698.05,54.38308823529411,54,0.0,1,299,423,99.7,105.75,1,3,5,At Risk,0.7073,High Risk
16773,2009-12-06 15:01:00,2011-10-13 14:37:00,65,3,252,3.876923076923077,421.24,6.480615384615385,53,0.3692307692307692,0,676,57,225.3,14.25,4,3,2,Loyal Customers,0.0462,Low Risk
16774,2010-02-16 16:53:00,2011-10-03 12:41:00,131,8,774,5.908396946564886,1567.48,11.965496183206106,89,0.0,0,594,68,74.2,7.56,3,5,4,Loyal Customers,0.3027,Low Risk
16775,2010-09-23 17:34:00,2011-11-29 15:22:00,259,16,957,3.694980694980695,2820.84,10.891274131274132,132,0.0,0,432,10,27.0,0.59,5,5,4,Champions,0.2698,Low Risk
16776,2010-10-20 12:13:00,2011-10-10 13:04:00,126,2,435,3.452380952380953,592.51,4.702460317460317,105,0.0,0,356,60,178.0,20.0,3,2,2,Needs Attention,0.2581,Low Risk
16777,2010-03-17 12:42:00,2011-09-20 13:41:00,142,5,470,3.309859154929577,1292.18,9.099859154929575,125,0.3591549295774648,0,553,80,110.6,13.33,3,4,4,Loyal Customers,0.2678,Low Risk
16778,2011-03-10 15:21:00,2011-09-26 13:48:00,16,2,194,12.125,245.94,15.37125,16,0.0,0,200,74,100.0,24.67,3,2,1,Needs Attention,0.6579,Medium Risk
16779,2009-12-03 13:03:00,2011-12-07 14:54:00,1040,53,19411,18.664423076923075,32809.03,31.54714423076923,293,0.1125,0,735,2,13.9,0.04,5,5,5,Champions,0.0053,Low Risk
16780,2010-10-28 19:41:00,2011-08-31 16:09:00,96,3,352,3.6666666666666665,596.4,6.2125,73,0.0,1,307,100,102.3,25.0,3,3,2,Loyal Customers,0.6617,Medium Risk
16781,2010-02-08 13:56:00,2010-12-02 14:26:00,39,2,192,4.923076923076923,623.0,15.974358974358974,36,0.0,1,298,372,149.0,124.0,2,2,3,Lost / Inactive,0.767,High Risk
16782,2009-12-09 11:58:00,2011-11-29 13:20:00,1683,38,4027,2.3927510398098635,9636.12,5.725561497326204,575,0.4896019013666072,0,721,10,19.0,0.26,5,5,5,Champions,0.0271,Low Risk
16783,2010-09-29 11:53:00,2010-09-29 11:53:00,25,1,163,6.52,391.95,15.678,25,0.0,1,1,437,1.0,218.5,1,2,2,Lost / Inactive,0.7355,High Risk
16784,2010-03-28 12:55:00,2011-11-20 12:20:00,158,5,494,3.1265822784810124,892.33,5.647658227848101,138,0.9556962025316456,0,602,20,120.4,3.33,4,4,3,Champions,0.0884,Low Risk
16785,2010-10-26 10:36:00,2010-10-26 10:36:00,35,1,313,8.942857142857143,533.78,15.250857142857145,35,0.0,1,1,410,1.0,205.0,2,2,2,Lost / Inactive,0.7199,High Risk
16786,2010-11-11 08:25:00,2010-11-11 08:25:00,1,1,72,72.0,51.84,51.84,1,0.0,1,1,394,1.0,197.0,2,2,1,Lost / Inactive,0.8586,High Risk
16787,2010-01-10 11:12:00,2010-11-07 11:01:00,112,4,472,4.214285714285714,1017.53,9.085089285714286,102,1.0,1,301,398,75.2,79.6,2,4,3,At Risk,0.6438,Medium Risk
16788,2010-02-07 12:40:00,2011-08-08 14:53:00,478,5,965,2.018828451882845,1928.93,4.035418410041841,348,0.4748953974895397,1,548,123,109.6,20.5,3,4,4,Loyal Customers,0.4249,Medium Risk
16789,2011-12-01 15:12:00,2011-12-01 15:12:00,5,1,32,6.4,80.8,16.16,5,0.0,0,1,8,1.0,4.0,5,2,1,Promising / New,0.8236,High Risk
16790,2011-11-02 11:23:00,2011-12-06 11:53:00,93,6,898,9.655913978494624,1545.62,16.61956989247312,88,0.1612903225806451,0,35,4,5.8,0.57,5,4,4,Champions,0.3437,Low Risk
16791,2009-12-03 18:08:00,2011-11-10 19:12:00,681,15,1854,2.7224669603524227,3957.63,5.811497797356829,393,0.2129221732745961,0,708,29,47.2,1.81,4,5,5,Champions,0.0094,Low Risk
16792,2010-01-04 13:47:00,2011-03-02 14:41:00,102,5,324,3.176470588235294,623.46,6.112352941176471,90,0.2058823529411764,1,423,282,84.6,47.0,2,4,3,At Risk,0.6762,Medium Risk
16793,2011-10-13 15:08:00,2011-10-13 15:08:00,16,1,146,9.125,243.84,15.24,16,0.0,0,1,57,1.0,28.5,4,2,1,Promising / New,0.7214,High Risk
16794,2010-03-25 15:17:00,2011-12-08 17:54:00,502,15,1576,3.139442231075697,2052.7,4.089043824701195,245,0.4063745019920319,0,624,1,41.6,0.06,5,5,4,Champions,0.0616,Low Risk
16795,2010-01-25 13:14:00,2010-12-09 14:08:00,336,3,1214,3.613095238095238,2062.41,6.138125,306,0.0,1,319,365,106.3,91.25,2,3,4,At Risk,0.5801,Medium Risk
16796,2011-09-11 14:01:00,2011-09-11 14:01:00,18,1,186,10.333333333333334,305.62,16.97888888888889,18,1.0,0,1,89,1.0,44.5,3,2,2,Needs Attention,0.7328,High Risk
16797,2009-12-02 13:33:00,2010-11-11 19:14:00,398,5,898,2.256281407035176,1802.02,4.527688442211055,289,0.1532663316582914,1,345,393,69.0,65.5,2,4,4,At Risk,0.5542,Medium Risk
16798,2009-12-10 19:35:00,2010-06-03 19:01:00,169,3,205,1.21301775147929,841.16,4.977278106508876,141,0.4733727810650887,1,175,554,58.3,138.5,1,3,3,At Risk,0.6463,Medium Risk
16799,2010-09-12 12:46:00,2010-10-03 14:28:00,92,2,162,1.7608695652173914,452.78,4.921521739130434,81,1.0,1,22,432,11.0,144.0,1,2,2,Lost / Inactive,0.7227,High Risk
16800,2011-11-28 14:06:00,2011-11-28 14:06:00,156,1,524,3.358974358974359,1162.65,7.452884615384616,148,0.0,0,1,11,1.0,5.5,5,2,3,Promising / New,0.5261,Medium Risk
16801,2011-03-11 13:56:00,2011-06-29 15:33:00,75,4,493,6.573333333333333,1594.23,21.2564,72,0.2266666666666666,1,111,163,27.8,32.6,3,4,4,Loyal Customers,0.5869,Medium Risk
16802,2009-12-09 13:00:00,2010-01-29 13:44:00,53,2,369,6.962264150943396,582.61,10.992641509433962,48,0.0,1,52,679,26.0,226.33,1,2,2,Lost / Inactive,0.5633,Medium Risk
16803,2011-10-05 14:28:00,2011-10-05 14:28:00,24,1,245,10.208333333333334,332.3,13.845833333333331,24,0.0,0,1,65,1.0,32.5,3,2,2,Needs Attention,0.7044,High Risk
16804,2011-03-14 15:48:00,2011-11-16 16:43:00,60,3,246,4.1,536.99,8.949833333333334,59,0.0,0,248,23,82.7,5.75,4,3,2,Loyal Customers,0.7092,High Risk
16805,2009-12-08 14:29:00,2011-06-19 11:23:00,249,5,1120,4.497991967871486,1091.34,4.38289156626506,213,0.1726907630522088,1,558,174,111.6,29.0,3,4,3,Loyal Customers,0.4473,Medium Risk
16806,2011-04-14 19:59:00,2011-08-28 15:27:00,93,4,356,3.827956989247312,762.16,8.195268817204301,68,0.4301075268817204,1,136,103,34.0,20.6,3,4,3,Loyal Customers,0.6326,Medium Risk
16807,2010-03-26 14:38:00,2011-07-20 12:00:00,142,6,1433,10.091549295774648,2123.88,14.956901408450705,107,0.1056338028169014,1,481,143,80.2,20.43,3,4,4,Loyal Customers,0.5145,Medium Risk
16808,2011-03-10 19:05:00,2011-09-01 19:34:00,23,2,196,8.521739130434783,288.42,12.54,21,0.0,1,176,99,88.0,33.0,3,2,2,Needs Attention,0.7249,High Risk
16809,2010-04-13 15:34:00,2011-11-16 15:45:00,259,9,1093,4.22007722007722,1727.43,6.6696138996139,113,0.2084942084942085,0,583,23,64.8,2.3,4,5,4,Champions,0.2724,Low Risk
16810,2010-10-15 15:32:00,2011-05-31 15:32:00,34,2,372,10.941176470588236,842.04,24.765882352941176,34,0.0,1,229,192,114.5,64.0,2,2,3,Lost / Inactive,0.6845,Medium Risk
16811,2011-11-22 17:19:00,2011-12-05 11:39:00,28,2,477,17.035714285714285,547.0699999999999,19.53821428571428,26,0.0,0,13,5,6.5,1.67,5,2,2,Promising / New,0.5163,Medium Risk
16812,2010-11-22 14:36:00,2010-12-14 12:35:00,115,4,1116,9.704347826086956,2392.0,20.8,98,0.0,1,22,361,5.5,72.2,2,4,4,At Risk,0.4634,Medium Risk
16813,2011-05-19 13:28:00,2011-12-01 14:03:00,426,10,1501,3.523474178403756,1652.18,3.878356807511737,248,0.4061032863849765,0,197,8,19.7,0.73,5,5,4,Champions,0.262,Low Risk
16814,2010-04-11 12:45:00,2011-11-25 13:27:00,767,36,4844,6.315514993481095,11924.85,15.547392438070403,247,0.1760104302477184,0,594,14,16.5,0.38,5,5,5,Champions,0.1574,Low Risk
16815,2010-06-21 12:05:00,2010-09-12 10:59:00,73,2,237,3.246575342465753,406.02,5.561917808219178,66,0.4520547945205479,1,83,454,41.5,151.33,1,2,2,Lost / Inactive,0.7716,High Risk
16816,2010-12-16 17:01:00,2011-08-28 14:16:00,28,4,274,9.785714285714286,417.06,14.895,28,0.6428571428571429,1,255,103,63.8,20.6,3,4,2,Loyal Customers,0.6894,Medium Risk
16817,2010-10-04 09:06:00,2011-12-07 11:03:00,141,13,1401,9.936170212765957,2560.7,18.16099290780142,107,0.0,0,430,3,33.1,0.21,5,5,4,Champions,0.2485,Low Risk
16818,2011-05-18 11:42:00,2011-11-29 10:41:00,188,11,2164,11.51063829787234,3349.57,17.81686170212766,172,0.0531914893617021,0,195,11,17.7,0.92,5,5,5,Champions,0.2375,Low Risk
16819,2010-08-31 17:31:00,2010-08-31 17:37:00,17,2,253,14.882352941176473,182.59,10.740588235294116,17,0.0,1,1,465,0.5,155.0,1,2,1,Lost / Inactive,0.7124,High Risk
16820,2011-09-05 12:06:00,2011-09-05 12:06:00,26,1,307,11.807692307692308,497.61,19.138846153846156,26,0.0,1,1,96,1.0,48.0,3,2,2,Needs Attention,0.7122,High Risk
16821,2010-11-23 10:04:00,2010-11-23 10:04:00,7,1,13,1.8571428571428568,113.35,16.192857142857143,7,0.0,1,1,382,1.0,191.0,2,2,1,Lost / Inactive,0.9103,High Risk
16822,2010-01-22 14:22:00,2010-01-22 14:22:00,11,1,171,15.545454545454543,181.39,16.49,11,0.0,1,1,686,1.0,343.0,1,2,1,Lost / Inactive,0.7074,High Risk
16823,2009-12-02 09:57:00,2011-04-26 15:00:00,173,7,1166,6.739884393063584,2243.09,12.965838150289018,149,0.1387283236994219,1,511,227,73.0,28.38,2,4,4,At Risk,0.4341,Medium Risk
16824,2010-11-11 12:21:00,2011-11-24 12:38:00,39,3,390,10.0,686.24,17.595897435897434,34,0.0,0,379,16,126.3,4.0,5,3,3,Loyal Customers,0.4416,Medium Risk
16825,2010-06-23 13:14:00,2011-11-01 11:51:00,64,5,1297,20.265625,1826.89,28.54515625,48,0.0,0,496,39,99.2,6.5,4,4,4,Champions,0.4267,Medium Risk
16826,2011-10-19 14:05:00,2011-10-19 14:05:00,22,1,158,7.181818181818182,341.7,15.53181818181818,22,0.0,0,1,51,1.0,25.5,4,2,2,Promising / New,0.7036,High Risk
16827,2010-04-29 19:07:00,2010-11-11 14:04:00,12,5,125,10.416666666666666,392.13,32.6775,10,0.0,1,196,393,39.2,65.5,2,4,2,At Risk,0.7602,High Risk
16828,2011-08-19 13:24:00,2011-09-07 15:10:00,8,2,59,7.375,128.5,16.0625,8,0.0,1,20,93,10.0,31.0,3,2,1,Needs Attention,0.7653,High Risk
16829,2010-11-16 18:11:00,2011-07-06 10:48:00,27,2,215,7.962962962962963,513.32,19.01185185185185,25,0.0,1,232,157,116.0,52.33,3,2,2,Needs Attention,0.7141,High Risk
16830,2009-12-13 12:11:00,2011-11-01 11:35:00,75,4,699,9.32,1207.5,16.1,65,0.2133333333333333,0,688,39,172.0,7.8,4,4,3,Champions,0.0497,Low Risk
16831,2010-05-24 09:08:00,2010-05-24 09:08:00,6,1,48,8.0,91.8,15.3,6,0.0,1,1,565,1.0,282.5,1,2,1,Lost / Inactive,0.8127,High Risk
16832,2010-09-07 12:35:00,2011-06-08 15:36:00,21,5,179,8.523809523809524,417.61,19.88619047619048,19,0.0,1,275,184,55.0,30.67,3,4,2,Loyal Customers,0.7271,High Risk
16833,2010-03-26 15:31:00,2011-12-08 14:39:00,92,6,878,9.543478260869565,2409.04,26.18521739130435,87,0.532608695652174,0,622,1,103.7,0.14,5,4,4,Champions,0.0781,Low Risk
16834,2010-02-03 14:24:00,2011-04-26 09:37:00,48,2,760,15.833333333333334,898.9599999999999,18.72833333333333,43,0.0,1,447,228,223.5,76.0,2,3,3,At Risk,0.5003,Medium Risk
16835,2010-05-19 08:41:00,2011-08-03 13:50:00,82,6,496,6.048780487804878,1456.66,17.764146341463416,58,0.0,1,442,128,73.7,18.29,3,4,4,Loyal Customers,0.6327,Medium Risk
16836,2010-05-14 12:52:00,2011-10-31 10:05:00,42,4,539,12.833333333333334,782.37,18.627857142857145,42,0.0,0,535,40,133.8,8.0,4,4,3,Champions,0.3036,Low Risk
16837,2011-04-08 08:48:00,2011-11-08 14:27:00,165,11,1563,9.472727272727273,3170.98,19.218060606060607,123,0.0,0,215,31,19.5,2.58,4,5,5,Champions,0.2881,Low Risk
16838,2010-02-14 15:27:00,2011-05-26 13:13:00,59,4,509,8.627118644067796,1159.61,19.65440677966102,53,0.576271186440678,1,466,197,116.5,39.4,2,4,3,At Risk,0.608,Medium Risk
16839,2010-02-11 15:02:00,2011-12-01 09:03:00,350,44,11295,32.27142857142857,21758.25,62.16642857142857,132,0.0742857142857142,0,658,9,15.0,0.2,5,5,5,Champions,0.0121,Low Risk
16840,2010-02-03 12:42:00,2010-04-15 15:48:00,9,2,117,13.0,139.85,15.538888888888888,9,0.0,1,72,603,36.0,201.0,1,3,1,At Risk,0.7065,High Risk
16841,2010-01-12 11:32:00,2011-11-03 11:51:00,219,12,3478,15.881278538812785,4006.06,18.292511415525112,187,0.0639269406392694,0,661,37,55.1,2.85,4,5,5,Champions,0.0169,Low Risk
16842,2011-02-10 14:51:00,2011-08-31 10:42:00,63,3,693,11.0,1264.19,20.066507936507936,45,0.0,1,202,101,67.3,25.25,3,3,4,Loyal Customers,0.6117,Medium Risk
16843,2009-12-10 11:40:00,2011-10-28 09:06:00,596,35,18502,31.043624161073826,19571.43,32.83796979865772,317,0.0922818791946308,0,687,43,19.6,1.19,4,5,5,Champions,0.0116,Low Risk
16844,2010-05-06 09:16:00,2010-05-26 10:29:00,32,2,281,8.78125,614.34,19.198125,26,0.0,1,21,563,10.5,187.67,1,3,3,At Risk,0.6154,Medium Risk
16845,2010-03-31 13:09:00,2010-03-31 13:09:00,20,1,167,8.35,253.88,12.694,20,0.0,1,1,618,1.0,309.0,1,2,1,Lost / Inactive,0.7259,High Risk
16846,2010-03-10 12:03:00,2011-10-20 13:55:00,47,3,517,11.0,842.41,17.923617021276595,47,0.0,0,590,50,196.7,12.5,4,3,3,Loyal Customers,0.1842,Low Risk
16847,2010-03-31 13:32:00,2011-10-27 13:29:00,37,2,255,6.891891891891892,614.89,16.618648648648648,37,0.0,0,575,43,287.5,14.33,4,3,3,Loyal Customers,0.1946,Low Risk
16848,2010-10-03 11:01:00,2011-10-18 08:42:00,85,4,780,9.176470588235292,1411.62,16.607294117647058,75,0.8352941176470589,0,380,53,95.0,10.6,4,4,4,Champions,0.5084,Medium Risk
16849,2011-06-06 09:16:00,2011-06-06 09:16:00,8,1,33,4.125,124.57,15.57125,8,0.0,1,1,187,1.0,93.5,3,2,1,Needs Attention,0.9095,High Risk
16850,2011-01-10 11:09:00,2011-01-10 11:09:00,19,1,249,13.105263157894736,332.41,17.495263157894737,19,0.0,1,1,334,1.0,167.0,2,2,2,Lost / Inactive,0.7276,High Risk
16851,2011-10-19 09:48:00,2011-12-05 13:32:00,20,3,271,13.55,342.45,17.1225,17,0.0,0,48,4,16.0,1.0,5,3,2,Loyal Customers,0.5476,Medium Risk
16852,2011-06-16 15:49:00,2011-11-29 13:22:00,9,2,56,6.222222222222222,144.91,16.10111111111111,9,0.0,0,166,10,83.0,3.33,5,3,1,Loyal Customers,0.6784,Medium Risk
16854,2010-03-09 14:32:00,2010-10-18 16:31:00,75,2,997,13.293333333333331,1408.96,18.786133333333336,72,0.0,1,224,417,112.0,139.0,1,3,4,At Risk,0.5899,Medium Risk
16855,2011-10-27 16:31:00,2011-11-16 12:03:00,19,2,164,8.631578947368421,328.4,17.28421052631579,19,0.0,0,20,24,10.0,8.0,4,3,2,Loyal Customers,0.6589,Medium Risk
16856,2010-09-23 13:11:00,2011-11-25 08:59:00,19,3,171,9.0,358.49,18.867894736842107,16,0.0,0,428,15,142.7,3.75,5,3,2,Loyal Customers,0.4141,Medium Risk
16857,2010-09-23 10:49:00,2010-09-23 10:49:00,11,1,168,15.272727272727272,352.8,32.07272727272727,11,0.0,1,1,443,1.0,221.5,1,2,2,Lost / Inactive,0.7365,High Risk
16858,2009-12-15 11:09:00,2010-12-06 09:52:00,126,10,1423,11.293650793650794,4292.59,34.068174603174604,75,0.1746031746031746,1,356,369,35.6,33.55,2,5,5,At Risk,0.4412,Medium Risk
16859,2010-03-04 12:37:00,2011-07-18 12:19:00,110,7,1899,17.263636363636362,1932.41,17.567363636363638,87,0.0,1,501,145,71.6,18.12,3,4,4,Loyal Customers,0.4153,Medium Risk
16860,2010-02-15 13:46:00,2010-09-13 10:05:00,43,3,625,14.534883720930232,1610.62,37.45627906976744,35,0.0,1,210,453,70.0,113.25,1,3,4,At Risk,0.6908,Medium Risk
16861,2010-07-19 11:44:00,2011-10-11 09:05:00,49,5,616,12.571428571428571,946.59,19.31816326530612,39,0.3061224489795918,0,449,60,89.8,10.0,3,4,3,Loyal Customers,0.5938,Medium Risk
16862,2010-01-07 12:57:00,2010-06-10 13:05:00,35,4,513,14.657142857142857,662.3299999999999,18.923714285714283,34,0.0,1,155,547,38.8,109.4,1,4,3,At Risk,0.6553,Medium Risk
16863,2010-10-26 10:03:00,2011-11-08 15:26:00,47,3,640,13.617021276595745,834.27,17.750425531914892,43,0.0,0,379,31,126.3,7.75,4,3,3,Loyal Customers,0.429,Medium Risk
16864,2010-04-20 11:56:00,2010-10-01 16:16:00,17,2,283,16.647058823529413,409.25,24.073529411764707,17,0.0,1,165,434,82.5,144.67,1,3,2,At Risk,0.7411,High Risk
16865,2010-11-03 11:34:00,2010-11-03 11:34:00,16,1,157,9.8125,130.95,8.184375,15,0.0,1,1,402,1.0,201.0,2,2,1,Lost / Inactive,0.7247,High Risk
16866,2011-07-01 12:34:00,2011-07-22 10:06:00,11,3,60,5.454545454545454,207.74,18.885454545454547,10,0.0909090909090909,1,21,141,7.0,35.25,3,3,1,Loyal Customers,0.6535,Medium Risk
16867,2010-01-19 09:11:00,2010-01-19 09:11:00,6,1,58,9.666666666666666,76.74,12.79,6,0.0,1,1,690,1.0,345.0,1,2,1,Lost / Inactive,0.846,High Risk
16868,2010-04-25 11:31:00,2010-11-10 13:17:00,50,3,112,2.24,384.56,7.6912,47,0.78,1,200,394,66.7,98.5,2,3,2,At Risk,0.8117,High Risk
16869,2011-06-17 13:01:00,2011-11-17 12:02:00,127,4,583,4.590551181102362,817.12,6.434015748031496,113,0.0,0,153,23,38.2,4.6,4,4,3,Champions,0.5405,Medium Risk
16870,2010-08-27 13:53:00,2010-08-27 13:53:00,28,1,278,9.928571428571429,450.16,16.077142857142857,28,0.0,1,1,469,1.0,234.5,1,2,2,Lost / Inactive,0.7197,High Risk
16871,2011-03-14 10:31:00,2011-11-17 19:27:00,137,6,1253,9.145985401459852,2812.34,20.528029197080293,131,0.1021897810218978,0,249,22,41.5,3.14,4,4,4,Champions,0.3754,Medium Risk
16872,2010-09-02 17:36:00,2011-09-23 16:05:00,18,6,1079,59.94444444444444,1213.13,67.39611111111111,12,0.2777777777777778,0,386,77,64.3,11.0,3,4,3,Loyal Customers,0.5183,Medium Risk
16873,2010-02-09 14:17:00,2011-12-05 12:05:00,512,12,8601,16.798828125,14617.39,28.54958984375,252,0.208984375,0,664,5,55.3,0.38,5,5,5,Champions,0.0186,Low Risk
16874,2010-11-25 13:08:00,2010-11-25 13:08:00,31,1,78,2.5161290322580645,209.89,6.7706451612903225,31,0.0,1,1,379,1.0,189.5,2,2,1,Lost / Inactive,0.8596,High Risk
16875,2010-01-05 09:16:00,2011-10-03 13:39:00,230,11,2099,9.12608695652174,4234.53,18.411,161,0.0,0,637,67,57.9,5.58,3,5,5,Loyal Customers,0.0205,Low Risk
16876,2010-11-01 11:59:00,2010-11-01 11:59:00,32,1,181,5.65625,136.01,4.2503125,32,0.0,1,1,404,1.0,202.0,2,2,1,Lost / Inactive,0.7243,High Risk
16877,2011-05-15 16:13:00,2011-11-27 13:47:00,156,6,458,2.935897435897436,846.62,5.427051282051282,111,1.0,0,196,12,32.7,1.71,5,4,3,Champions,0.5898,Medium Risk
16878,2011-09-16 17:39:00,2011-09-16 17:39:00,3,1,12,4.0,13.3,4.433333333333334,3,0.0,0,1,84,1.0,42.0,3,2,1,Needs Attention,0.7309,High Risk
16880,2010-08-03 13:54:00,2011-11-09 11:33:00,183,8,904,4.939890710382514,1813.21,9.90825136612022,130,0.3770491803278688,0,463,31,57.9,3.44,4,5,4,Champions,0.417,Medium Risk
16881,2011-10-04 10:33:00,2011-10-04 10:33:00,1,1,600,600.0,432.0,432.0,1,0.0,0,1,67,1.0,33.5,3,2,2,Needs Attention,0.7642,High Risk
16882,2011-01-26 17:43:00,2011-10-04 10:42:00,39,3,424,10.871794871794872,705.12,18.08,39,0.0,0,251,67,83.7,16.75,3,3,3,Loyal Customers,0.6637,Medium Risk
16883,2009-12-04 12:07:00,2011-06-05 12:51:00,267,19,1016,3.805243445692884,2246.06,8.412209737827714,159,0.2022471910112359,1,549,187,28.9,9.35,3,5,4,Loyal Customers,0.5021,Medium Risk
16884,2010-05-18 12:00:00,2011-11-02 11:52:00,74,4,520,7.027027027027027,1070.97,14.472567567567568,64,0.0,0,533,38,133.2,7.6,4,4,3,Champions,0.2757,Low Risk
16885,2010-11-19 12:51:00,2011-11-24 13:40:00,136,4,358,2.6323529411764706,684.6,5.033823529411765,121,0.0,0,371,15,92.8,3.0,5,4,3,Champions,0.3659,Medium Risk
16886,2010-09-09 15:08:00,2010-09-09 15:08:00,8,1,48,6.0,134.0,16.75,8,0.0,1,1,456,1.0,228.0,1,2,1,Lost / Inactive,0.8608,High Risk
16887,2009-12-01 13:41:00,2011-11-04 14:07:00,101,3,423,4.188118811881188,658.17,6.516534653465346,94,0.0,0,704,35,234.7,8.75,4,3,3,Loyal Customers,0.0353,Low Risk
16888,2010-01-07 13:07:00,2010-11-04 12:39:00,52,3,145,2.7884615384615383,434.2,8.35,44,0.0,1,301,401,100.3,100.25,2,3,2,At Risk,0.7407,High Risk
16889,2010-05-23 10:46:00,2011-05-29 11:05:00,217,6,1611,7.423963133640553,2526.65,11.643548387096777,163,0.7788018433179723,1,372,195,62.0,27.86,2,4,4,At Risk,0.464,Medium Risk
16890,2010-05-06 16:27:00,2010-08-20 11:23:00,19,3,243,12.789473684210526,285.41,15.02157894736842,17,0.0,1,106,477,35.3,119.25,1,3,1,At Risk,0.6743,Medium Risk
16891,2009-12-04 12:37:00,2011-12-08 11:15:00,418,11,652,1.559808612440191,1727.94,4.133827751196172,335,0.0,0,734,2,66.7,0.17,5,5,4,Champions,0.0161,Low Risk
16892,2009-12-08 14:20:00,2011-12-08 13:18:00,137,7,367,2.678832116788321,754.75,5.509124087591241,119,0.0,0,730,1,104.3,0.12,5,4,3,Champions,0.044,Low Risk
16893,2010-11-28 15:14:00,2010-12-08 12:06:00,87,2,117,1.3448275862068966,249.89,2.8722988505747127,80,0.4827586206896552,1,10,367,5.0,122.33,2,3,1,At Risk,0.7692,High Risk
16894,2010-06-22 14:21:00,2010-07-25 15:43:00,187,3,503,2.689839572192513,1306.96,6.989090909090909,186,0.0053475935828877,1,34,502,11.3,125.5,1,3,4,At Risk,0.3787,Medium Risk
16895,2010-02-12 11:07:00,2011-10-06 12:15:00,163,5,421,2.5828220858895707,1102.9,6.766257668711657,135,0.0,0,602,65,120.4,10.83,3,4,3,Loyal Customers,0.1372,Low Risk
16896,2010-06-02 15:40:00,2010-06-02 15:40:00,18,1,18,1.0,103.95,5.775,18,0.0,1,1,555,1.0,277.5,1,2,1,Lost / Inactive,0.9038,High Risk
16897,2011-01-30 11:52:00,2011-02-13 15:02:00,37,2,73,1.972972972972973,289.78,7.831891891891891,37,1.0,1,15,299,7.5,99.67,2,3,2,At Risk,0.8157,High Risk
16898,2010-05-12 12:18:00,2011-11-13 15:44:00,251,5,695,2.768924302788845,885.21,3.526733067729084,223,0.2310756972111553,0,551,26,110.2,4.33,4,4,3,Champions,0.2365,Low Risk
16899,2010-11-07 15:00:00,2011-12-02 12:03:00,173,8,811,4.687861271676301,1695.77,9.8021387283237,101,0.3930635838150289,0,390,8,48.8,0.89,5,5,4,Champions,0.3764,Medium Risk
16900,2011-10-07 13:17:00,2011-11-23 10:32:00,79,3,833,10.544303797468354,887.11,11.229240506329116,78,0.1012658227848101,0,47,17,15.7,4.25,5,3,3,Loyal Customers,0.3657,Medium Risk
16901,2009-12-10 16:30:00,2009-12-10 16:30:00,23,1,42,1.826086956521739,204.26,8.880869565217392,23,0.0,1,1,729,1.0,364.5,1,2,1,Lost / Inactive,0.9014,High Risk
16902,2011-08-15 14:17:00,2011-08-15 14:17:00,44,1,629,14.295454545454543,1706.88,38.79272727272728,43,0.0,1,1,116,1.0,58.0,3,2,4,Needs Attention,0.6929,Medium Risk
16903,2010-10-20 14:42:00,2011-11-10 15:32:00,182,3,717,3.93956043956044,1041.75,5.7239010989010985,148,0.0,0,387,29,129.0,7.25,4,3,3,Loyal Customers,0.2961,Low Risk
16904,2010-10-24 16:03:00,2011-12-05 13:10:00,897,21,2607,2.9063545150501677,4675.36,5.212218506131549,484,0.1148272017837235,0,407,4,19.4,0.18,5,5,5,Champions,0.1485,Low Risk
16905,2009-12-10 20:04:00,2011-12-04 14:01:00,320,17,1913,5.978125,4706.77,14.70865625,171,0.503125,0,724,5,42.6,0.28,5,5,5,Champions,0.016,Low Risk
16906,2010-05-13 13:23:00,2011-09-19 11:49:00,213,7,590,2.7699530516431925,1410.92,6.624037558685447,180,0.0,0,494,82,70.6,10.25,3,4,4,Loyal Customers,0.41,Medium Risk
16907,2010-07-01 17:30:00,2011-11-10 18:04:00,209,9,451,2.1578947368421053,1470.89,7.037751196172249,109,0.0,0,498,29,55.3,2.9,4,5,4,Champions,0.295,Low Risk
16908,2009-12-17 13:35:00,2009-12-17 13:35:00,20,1,61,3.05,252.59,12.6295,20,0.0,1,1,722,1.0,361.0,1,2,1,Lost / Inactive,0.8775,High Risk
16909,2011-09-28 16:45:00,2011-09-28 16:45:00,18,1,436,24.22222222222222,379.14,21.063333333333333,18,0.0,0,1,72,1.0,36.0,3,2,2,Needs Attention,0.6671,Medium Risk
16910,2011-09-09 14:14:00,2011-12-05 12:51:00,545,8,884,1.6220183486238533,1508.96,2.7687339449541284,318,0.0,0,87,4,10.9,0.44,5,5,4,Champions,0.2184,Low Risk
16911,2010-02-16 16:12:00,2010-03-14 12:18:00,35,2,161,4.6,255.25,7.292857142857143,30,0.5428571428571428,1,26,636,13.0,212.0,1,3,1,At Risk,0.7591,High Risk
16912,2009-12-09 12:32:00,2011-11-11 12:18:00,172,15,1689,9.819767441860463,4460.51,25.933197674418604,130,0.0813953488372093,0,702,29,46.8,1.81,4,5,5,Champions,0.0143,Low Risk
16913,2010-02-26 12:06:00,2011-02-22 12:56:00,18,3,229,12.72222222222222,423.91,23.55055555555556,18,0.0,1,362,290,120.7,72.5,2,3,2,At Risk,0.5143,Medium Risk
16914,2011-11-03 15:27:00,2011-11-03 15:27:00,30,1,112,3.733333333333333,183.76,6.125333333333333,25,0.0,0,1,36,1.0,18.0,4,2,1,Promising / New,0.7952,High Risk
16915,2010-05-19 13:32:00,2011-11-30 16:39:00,74,11,190,2.5675675675675675,1543.18,20.853783783783783,54,0.0,0,561,9,51.0,0.75,5,5,4,Champions,0.3958,Medium Risk
16916,2010-10-20 12:56:00,2011-11-16 12:08:00,205,4,649,3.165853658536585,902.02,4.40009756097561,180,0.0,0,392,24,98.0,4.8,4,4,3,Champions,0.3718,Medium Risk
16917,2010-03-17 15:24:00,2011-03-08 11:55:00,50,2,792,15.84,1851.88,37.037600000000005,45,0.0,1,356,277,178.0,92.33,2,3,4,At Risk,0.5185,Medium Risk
16918,2009-12-03 12:27:00,2011-10-21 12:50:00,454,16,2066,4.5506607929515415,3206.54,7.062863436123348,280,0.052863436123348,0,688,50,43.0,2.94,4,5,5,Champions,0.0168,Low Risk
16919,2010-08-19 15:28:00,2011-07-06 13:35:00,614,24,2333,3.799674267100977,4909.66,7.996188925081433,230,0.0,1,321,156,13.4,6.24,3,5,5,Loyal Customers,0.3835,Medium Risk
16920,2010-10-24 14:07:00,2010-10-24 14:07:00,23,1,81,3.5217391304347827,355.45,15.454347826086956,23,1.0,1,1,411,1.0,205.5,1,2,2,Lost / Inactive,0.8384,High Risk
16921,2010-04-18 15:34:00,2011-10-09 16:22:00,88,3,275,3.125,409.21,4.650113636363636,78,0.875,0,540,61,180.0,15.25,3,3,2,Loyal Customers,0.1797,Low Risk
16922,2010-05-16 11:24:00,2010-05-16 11:24:00,122,1,281,2.30327868852459,611.08,5.008852459016394,122,1.0,1,1,573,1.0,286.5,1,2,3,Lost / Inactive,0.728,High Risk
16923,2010-01-31 11:14:00,2011-11-27 13:00:00,1083,32,6190,5.715604801477378,13157.13,12.148781163434904,431,0.8910433979686058,0,666,12,20.8,0.36,5,5,5,Champions,0.0326,Low Risk
16924,2011-09-16 12:54:00,2011-11-18 12:53:00,81,3,467,5.765432098765432,829.89,10.245555555555557,69,0.0,0,63,21,21.0,5.25,4,3,3,Loyal Customers,0.4086,Medium Risk
16925,2010-06-17 15:03:00,2010-06-17 15:03:00,18,1,123,6.833333333333333,125.65,6.980555555555556,18,0.0,1,1,540,1.0,270.0,1,2,1,Lost / Inactive,0.8511,High Risk
16926,2010-07-01 12:57:00,2010-12-03 13:42:00,96,5,197,2.052083333333333,1169.61,12.183437500000002,63,0.0,1,156,371,31.2,61.83,2,4,3,At Risk,0.6104,Medium Risk
16927,2010-12-13 11:57:00,2011-08-16 11:10:00,6,3,993,165.5,543.05,90.50833333333333,5,0.0,1,246,116,82.0,29.0,3,3,2,Loyal Customers,0.7662,High Risk
16928,2010-02-03 12:30:00,2011-09-20 15:10:00,319,29,2587,8.109717868338558,3897.53,12.217962382445142,135,0.231974921630094,0,595,80,20.5,2.67,3,5,5,Loyal Customers,0.1324,Low Risk
16929,2011-07-07 12:39:00,2011-12-06 08:37:00,77,7,929,12.064935064935066,1295.39,16.823246753246753,51,0.0,0,152,4,21.7,0.5,5,4,4,Champions,0.3742,Medium Risk
16930,2011-10-02 14:25:00,2011-11-13 16:13:00,53,3,339,6.39622641509434,378.89,7.148867924528302,47,1.0,0,43,26,14.3,6.5,4,3,2,Loyal Customers,0.4092,Medium Risk
16931,2010-11-07 13:24:00,2011-12-04 13:15:00,948,23,3357,3.5411392405063293,5032.22,5.30824894514768,466,0.9018987341772152,0,392,5,17.0,0.21,5,5,5,Champions,0.181,Low Risk
16932,2010-05-17 14:15:00,2011-10-17 14:12:00,133,3,217,1.631578947368421,412.55,3.101879699248121,116,0.0,0,518,53,172.7,13.25,4,3,2,Loyal Customers,0.1784,Low Risk
16933,2009-12-09 15:03:00,2011-12-08 12:54:00,282,9,1533,5.4361702127659575,3099.3,10.990425531914894,213,0.0,0,729,1,81.0,0.1,5,5,5,Champions,0.0185,Low Risk
16934,2010-03-28 12:43:00,2011-10-16 12:40:00,141,6,936,6.638297872340425,2083.14,14.774042553191489,128,0.9574468085106383,0,567,55,94.5,7.86,4,4,4,Champions,0.2272,Low Risk
16935,2010-10-14 13:09:00,2010-11-23 09:16:00,69,3,273,3.9565217391304346,530.86,7.693623188405797,55,0.0,1,40,382,13.3,95.5,2,3,2,At Risk,0.5551,Medium Risk
16936,2010-11-19 11:54:00,2011-11-14 11:04:00,139,2,339,2.4388489208633093,548.29,3.944532374100719,122,0.0,0,360,26,180.0,8.67,4,3,2,Loyal Customers,0.2594,Low Risk
16937,2010-07-28 17:56:00,2010-07-28 17:56:00,49,1,123,2.510204081632653,196.25,4.005102040816326,49,0.0,1,1,499,1.0,249.5,1,2,1,Lost / Inactive,0.8143,High Risk
16938,2010-02-17 14:47:00,2011-12-01 10:20:00,824,9,5041,6.117718446601942,6995.36,8.489514563106797,547,0.241504854368932,0,652,9,72.4,0.9,5,5,5,Champions,0.0221,Low Risk
16939,2010-02-28 13:33:00,2010-08-08 12:24:00,41,3,229,5.585365853658536,433.85,10.581707317073173,38,1.0,1,161,489,53.7,122.25,1,3,2,At Risk,0.6822,Medium Risk
16940,2009-12-08 13:08:00,2011-10-18 13:15:00,629,8,4503,7.158982511923688,6427.66,10.218855325914149,360,0.0,0,680,52,85.0,5.78,4,5,5,Champions,0.0309,Low Risk
16941,2010-04-07 11:13:00,2010-04-07 11:13:00,2,1,12,6.0,33.0,16.5,2,0.0,1,1,612,1.0,306.0,1,2,1,Lost / Inactive,0.8505,High Risk
16942,2011-04-26 11:59:00,2011-11-27 12:40:00,277,9,805,2.9061371841155235,1904.99,6.877220216606498,159,0.2996389891696751,0,216,13,24.0,1.3,5,5,4,Champions,0.3588,Medium Risk
16943,2010-03-25 13:34:00,2011-05-12 11:57:00,35,5,147,4.2,1299.49,37.12828571428572,24,0.0,1,413,212,82.6,35.33,2,4,4,At Risk,0.5993,Medium Risk
16944,2010-04-09 11:03:00,2010-04-09 11:03:00,7,1,27,3.857142857142857,101.36,14.48,7,0.0,1,1,610,1.0,305.0,1,2,1,Lost / Inactive,0.9175,High Risk
16945,2009-12-09 11:33:00,2011-11-18 11:39:00,474,33,5889,12.424050632911392,8548.16,18.03409282700422,231,0.0928270042194092,0,710,22,21.5,0.65,4,5,5,Champions,0.0047,Low Risk
16946,2010-03-02 10:49:00,2010-11-21 14:06:00,75,5,509,6.786666666666667,1222.04,16.293866666666666,69,0.16,1,265,383,53.0,63.83,2,4,4,At Risk,0.6443,Medium Risk
16947,2010-03-03 10:54:00,2011-04-18 09:38:00,53,5,655,12.358490566037736,955.21,18.022830188679247,50,0.0,1,411,236,82.2,39.33,2,4,3,At Risk,0.5667,Medium Risk
16948,2010-02-21 13:48:00,2011-07-24 12:46:00,43,7,2091,48.627906976744185,868.77,20.203953488372093,20,0.3488372093023256,1,518,139,74.0,17.38,3,4,3,Loyal Customers,0.6704,Medium Risk
16949,2011-01-27 12:11:00,2011-12-06 11:07:00,60,6,791,13.183333333333334,1286.27,21.437833333333334,57,0.35,0,313,4,52.2,0.57,5,4,4,Champions,0.5542,Medium Risk
16950,2010-01-24 11:26:00,2011-10-14 09:06:00,144,10,2432,16.88888888888889,3541.77,24.595625,111,0.5902777777777778,0,628,57,62.8,5.18,4,5,5,Champions,0.0607,Low Risk
16951,2011-02-08 14:58:00,2011-07-28 12:05:00,86,3,1318,15.325581395348838,1277.75,14.857558139534884,73,0.0,1,170,135,56.7,33.75,3,3,4,Loyal Customers,0.564,Medium Risk
16952,2009-12-11 13:52:00,2011-08-22 13:03:00,87,5,343,3.942528735632184,795.83,9.147471264367816,76,0.0,1,619,109,123.8,18.17,3,4,3,Loyal Customers,0.3587,Medium Risk
16953,2011-11-09 15:54:00,2011-11-09 15:54:00,1,1,10,10.0,20.8,20.8,1,0.0,0,1,30,1.0,15.0,4,2,1,Promising / New,0.6167,Medium Risk
16954,2010-01-18 14:49:00,2011-12-09 09:46:00,206,20,4086,19.83495145631068,6081.88,29.52368932038835,83,0.1213592233009708,0,690,1,34.5,0.05,5,5,5,Champions,0.0091,Low Risk
16955,2010-01-31 11:38:00,2011-06-08 10:36:00,50,6,723,14.46,1120.31,22.4062,33,0.12,1,493,185,82.2,26.43,3,4,3,Loyal Customers,0.5107,Medium Risk
16956,2011-11-22 08:56:00,2011-11-22 08:56:00,16,1,114,7.125,308.74,19.29625,16,0.0,0,1,18,1.0,9.0,5,2,2,Promising / New,0.7691,High Risk
16957,2011-03-03 09:25:00,2011-04-14 13:56:00,16,2,172,10.75,416.64,26.04,15,0.0,1,43,239,21.5,79.67,2,3,2,At Risk,0.66,Medium Risk
16958,2010-09-30 14:25:00,2010-09-30 14:25:00,70,1,514,7.3428571428571425,778.49,11.121285714285714,69,0.0,1,1,435,1.0,217.5,1,2,3,Lost / Inactive,0.6283,Medium Risk
16959,2011-09-13 15:03:00,2011-09-13 15:03:00,7,1,49,7.0,117.35,16.764285714285712,7,0.0,0,1,87,1.0,43.5,3,2,1,Needs Attention,0.8125,High Risk
16960,2010-03-02 13:36:00,2011-11-01 11:35:00,449,8,1492,3.3229398663697105,1990.88,4.434031180400891,334,0.1046770601336302,0,609,39,76.1,4.33,4,5,4,Champions,0.0826,Low Risk
16961,2010-06-25 14:36:00,2011-08-15 13:46:00,52,3,482,9.26923076923077,794.56,15.28,52,0.0,1,416,116,138.7,29.0,3,3,3,Loyal Customers,0.4438,Medium Risk
16962,2010-10-26 11:36:00,2010-10-26 11:36:00,15,1,158,10.533333333333331,251.04,16.736,15,0.0,1,1,410,1.0,205.0,2,2,1,Lost / Inactive,0.736,High Risk
16963,2011-06-05 13:48:00,2011-06-05 13:48:00,7,1,35,5.0,110.55,15.792857142857144,7,1.0,1,1,187,1.0,93.5,3,2,1,Needs Attention,0.872,High Risk
16964,2009-12-06 12:51:00,2009-12-06 12:53:00,6,2,49,8.166666666666666,207.85,34.64166666666667,6,1.0,1,1,733,0.5,244.33,1,3,1,At Risk,0.7642,High Risk
16965,2011-04-27 12:08:00,2011-04-27 12:08:00,26,1,291,11.192307692307692,201.19,7.738076923076923,26,0.0,1,1,227,1.0,113.5,2,2,1,Lost / Inactive,0.6628,Medium Risk
16966,2011-04-13 14:17:00,2011-12-01 13:40:00,28,7,1981,70.75,2154.9700000000003,76.9632142857143,8,0.0,0,232,8,33.1,1.0,5,4,4,Champions,0.5077,Medium Risk
16967,2011-06-03 14:24:00,2011-06-03 14:24:00,21,1,333,15.857142857142858,319.02,15.19142857142857,21,0.0,1,1,189,1.0,94.5,3,2,2,Needs Attention,0.7035,High Risk
16968,2011-08-24 10:51:00,2011-12-05 15:02:00,31,2,326,10.516129032258064,439.43,14.17516129032258,31,0.0,0,104,4,52.0,1.33,5,3,2,Loyal Customers,0.6369,Medium Risk
16969,2011-06-01 12:10:00,2011-10-31 13:12:00,42,3,816,19.428571428571427,650.41,15.48595238095238,42,0.0,0,153,39,51.0,9.75,4,3,3,Loyal Customers,0.6002,Medium Risk
16970,2010-03-23 13:50:00,2010-03-23 13:50:00,2,1,12,6.0,71.4,35.7,2,0.0,1,1,626,1.0,313.0,1,2,1,Lost / Inactive,0.8719,High Risk
16971,2011-11-01 15:06:00,2011-11-01 15:06:00,41,1,72,1.7560975609756098,357.21,8.712439024390243,40,0.0,0,1,38,1.0,19.0,4,2,2,Promising / New,0.7901,High Risk
16972,2010-09-09 11:20:00,2010-11-22 10:59:00,82,2,183,2.231707317073171,749.0,9.134146341463415,54,0.0,1,74,383,37.0,127.67,2,3,3,At Risk,0.7112,High Risk
16973,2010-11-18 13:56:00,2010-11-18 13:56:00,6,1,60,10.0,127.0,21.166666666666668,6,0.0,1,1,386,1.0,193.0,2,2,1,Lost / Inactive,0.7751,High Risk
16974,2010-05-24 10:43:00,2010-07-05 10:18:00,8,2,70,8.75,365.5,45.6875,5,0.0,1,42,523,21.0,174.33,1,3,2,At Risk,0.6828,Medium Risk
16975,2010-07-22 11:38:00,2010-10-12 17:53:00,45,3,586,13.022222222222222,926.12,20.58044444444445,44,0.0,1,83,423,27.7,105.75,1,3,3,At Risk,0.528,Medium Risk
16976,2011-03-17 16:33:00,2011-03-17 16:33:00,2,1,88,44.0,251.52,125.76,2,0.0,1,1,267,1.0,133.5,2,2,1,Lost / Inactive,0.7765,High Risk
16977,2010-03-18 11:06:00,2010-11-09 13:17:00,28,4,142,5.071428571428571,496.0,17.714285714285715,25,0.3928571428571428,1,237,395,59.2,79.0,2,4,2,At Risk,0.7418,High Risk
16978,2010-02-11 16:27:00,2011-09-23 12:50:00,67,3,285,4.253731343283582,768.88,11.475820895522387,65,0.0,0,589,78,196.3,19.5,3,3,3,Loyal Customers,0.1901,Low Risk
16979,2010-09-15 14:30:00,2011-12-06 12:21:00,129,9,1451,11.248062015503876,2859.74,22.168527131782945,82,0.1627906976744186,0,447,4,49.7,0.4,5,5,4,Champions,0.3436,Low Risk
16980,2010-10-07 14:05:00,2011-03-29 16:36:00,106,3,990,9.339622641509434,1422.83,13.422924528301886,91,0.0,1,174,255,58.0,63.75,2,3,4,At Risk,0.5648,Medium Risk
16982,2011-10-10 12:28:00,2011-10-10 12:28:00,22,1,182,8.272727272727273,384.06,17.457272727272727,22,0.0,0,1,61,1.0,30.5,3,2,2,Needs Attention,0.6891,Medium Risk
16983,2010-09-19 12:38:00,2011-11-27 12:10:00,231,11,2315,10.02164502164502,3490.53,15.11051948051948,151,1.0,0,434,13,39.5,1.08,5,5,5,Champions,0.323,Low Risk
16984,2010-03-07 15:34:00,2011-09-12 13:43:00,1072,9,5127,4.782649253731344,10350.53,9.655345149253732,669,0.4272388059701492,0,554,88,61.6,8.8,3,5,5,Loyal Customers,0.2158,Low Risk
16985,2009-12-10 13:34:00,2011-11-22 13:33:00,243,23,3103,12.76954732510288,10923.16,44.95127572016461,130,0.1193415637860082,0,712,17,31.0,0.71,5,5,5,Champions,0.0086,Low Risk
16986,2010-02-04 14:46:00,2011-11-10 11:55:00,174,11,2539,14.591954022988508,4888.75,28.096264367816094,65,0.0,0,644,30,58.5,2.5,4,5,5,Champions,0.046,Low Risk
16987,2009-12-02 14:34:00,2011-12-06 17:26:00,261,11,671,2.57088122605364,2521.4,9.660536398467434,155,0.2873563218390804,0,735,3,66.8,0.25,5,5,4,Champions,0.0275,Low Risk
16988,2010-11-25 09:22:00,2011-12-04 16:02:00,20,2,158,7.9,382.67,19.1335,20,0.35,0,375,5,187.5,1.67,5,3,2,Loyal Customers,0.367,Medium Risk
16989,2011-07-12 09:11:00,2011-12-02 16:39:00,12,6,1233,102.75,1133.25,94.4375,7,0.0,0,144,7,24.0,1.0,5,4,3,Champions,0.4373,Medium Risk
16990,2010-10-13 11:42:00,2011-05-05 08:30:00,2,2,200,100.0,344.0,172.0,1,0.0,1,204,219,102.0,73.0,2,3,2,At Risk,0.7244,High Risk
16991,2010-10-14 14:08:00,2010-10-14 14:08:00,74,1,793,10.716216216216216,1041.21,14.070405405405406,74,0.0,1,1,421,1.0,210.5,1,2,3,Lost / Inactive,0.6145,Medium Risk
16992,2010-02-11 12:36:00,2011-11-29 11:50:00,285,13,2061,7.231578947368421,5476.5,19.21578947368421,212,0.0,0,656,11,50.5,0.79,5,5,5,Champions,0.0199,Low Risk
16993,2010-05-12 13:55:00,2010-09-02 12:16:00,28,2,285,10.178571428571429,1950.95,69.67678571428571,19,0.0,1,113,464,56.5,154.67,1,3,4,At Risk,0.7399,High Risk
16996,2010-10-18 12:24:00,2011-11-09 16:43:00,75,9,919,12.253333333333334,2123.61,28.3148,32,0.0,0,388,30,43.1,3.0,4,5,4,Champions,0.3879,Medium Risk
16997,2011-01-18 11:51:00,2011-02-24 17:28:00,12,3,360,30.0,702.0,58.5,7,0.0,1,38,288,12.7,72.0,2,3,3,At Risk,0.5316,Medium Risk
16998,2010-09-21 14:39:00,2011-07-13 09:44:00,6,5,104,17.333333333333332,402.0,67.0,2,0.0,1,295,150,59.0,25.0,3,4,2,Loyal Customers,0.799,High Risk
16999,2011-09-26 15:43:00,2011-11-16 13:53:00,23,2,294,12.782608695652174,484.82,21.07913043478261,21,0.0,0,51,23,25.5,7.67,4,3,2,Loyal Customers,0.5881,Medium Risk
17000,2010-10-27 14:16:00,2010-11-08 13:35:00,30,2,305,10.166666666666666,406.3,13.543333333333331,26,0.0,1,12,396,6.0,132.0,2,3,2,At Risk,0.5688,Medium Risk
17001,2010-03-25 12:41:00,2011-12-09 09:38:00,275,19,3782,13.752727272727272,6640.8,24.14836363636364,108,0.1890909090909091,0,624,1,32.8,0.05,5,5,5,Champions,0.0504,Low Risk
17002,2010-03-08 15:46:00,2011-09-15 12:40:00,84,7,1265,15.05952380952381,2571.55,30.61369047619048,64,0.1547619047619047,0,556,86,79.4,10.75,3,4,4,Loyal Customers,0.2873,Low Risk
17003,2010-05-10 11:20:00,2010-11-02 13:15:00,111,4,494,4.45045045045045,828.21,7.461351351351352,90,0.0,1,177,402,44.2,80.4,2,4,3,At Risk,0.6189,Medium Risk
17004,2010-10-11 15:43:00,2011-10-24 14:25:00,69,4,1233,17.869565217391305,2324.36,33.68637681159421,48,0.0,0,378,46,94.5,9.2,4,4,4,Champions,0.4501,Medium Risk
17005,2010-04-30 10:55:00,2010-08-26 10:57:00,18,2,691,38.388888888888886,622.36,34.57555555555555,14,0.0,1,119,471,59.5,157.0,1,3,3,At Risk,0.7512,High Risk
17006,2010-03-05 13:33:00,2011-12-05 12:09:00,129,8,572,4.434108527131783,1635.27,12.676511627906976,103,0.1472868217054263,0,640,5,80.0,0.56,5,5,4,Champions,0.0842,Low Risk
17007,2010-09-28 13:51:00,2011-10-20 10:47:00,67,7,717,10.701492537313433,1120.1,16.71791044776119,63,0.1194029850746268,0,387,51,55.3,6.38,4,4,3,Champions,0.4764,Medium Risk
17008,2010-10-06 15:19:00,2010-10-06 15:19:00,1,1,24,24.0,81.36,81.36,1,0.0,1,1,429,1.0,214.5,1,2,1,Lost / Inactive,0.8554,High Risk
17009,2010-06-06 16:01:00,2010-06-06 16:01:00,11,1,336,30.545454545454547,242.06,22.005454545454544,10,1.0,1,1,551,1.0,275.5,1,2,1,Lost / Inactive,0.731,High Risk
17010,2011-11-21 14:49:00,2011-11-21 14:49:00,11,1,118,10.727272727272728,195.36,17.76,11,0.0,0,1,18,1.0,9.0,5,2,1,Promising / New,0.7143,High Risk
17011,2010-02-26 09:47:00,2011-11-09 13:30:00,28,3,792,28.285714285714285,671.7,23.98928571428572,27,0.0,0,622,30,207.3,7.5,4,3,3,Loyal Customers,0.0983,Low Risk
17012,2009-12-14 17:34:00,2009-12-14 17:34:00,36,1,251,6.972222222222222,360.61,10.016944444444444,34,0.0,1,1,725,1.0,362.5,1,2,2,Lost / Inactive,0.7155,High Risk
17014,2011-10-04 11:36:00,2011-12-01 14:09:00,72,3,243,3.375,583.43,8.103194444444444,63,0.0,0,59,8,19.7,2.0,5,3,2,Loyal Customers,0.5493,Medium Risk
17015,2011-06-07 13:19:00,2011-11-11 10:45:00,214,3,1978,9.242990654205608,1838.61,8.59163551401869,182,0.0,0,157,29,52.3,7.25,4,3,4,Loyal Customers,0.3662,Medium Risk
17016,2010-05-12 12:32:00,2010-05-12 12:32:00,41,1,309,7.536585365853658,552.4,13.473170731707317,41,0.0,1,1,577,1.0,288.5,1,2,2,Lost / Inactive,0.7389,High Risk
17017,2009-12-03 13:22:00,2011-12-07 09:32:00,378,29,9397,24.85978835978836,12576.99,33.272460317460315,120,0.0291005291005291,0,734,3,25.3,0.1,5,5,5,Champions,0.0104,Low Risk
17018,2009-12-05 10:27:00,2011-10-30 11:42:00,37,6,456,12.324324324324325,2287.7,61.82972972972973,26,0.4054054054054054,0,695,41,115.8,5.86,4,4,4,Champions,0.0549,Low Risk
17019,2009-12-02 11:52:00,2011-11-28 13:06:00,643,11,2396,3.726283048211509,3602.29,5.602317262830482,344,0.0,0,727,11,66.1,0.92,5,5,5,Champions,0.0104,Low Risk
17020,2010-03-03 12:27:00,2010-06-15 13:06:00,69,2,860,12.46376811594203,935.62,13.559710144927536,64,0.0,1,105,542,52.5,180.67,1,3,3,At Risk,0.6356,Medium Risk
17021,2010-04-29 20:05:00,2010-09-23 20:01:00,48,6,992,20.666666666666668,1182.22,24.629583333333333,35,0.3541666666666667,1,147,442,24.5,63.14,1,4,3,At Risk,0.4565,Medium Risk
17022,2010-10-03 10:27:00,2011-11-08 17:09:00,16,2,180,11.25,260.0,16.25,16,0.5625,0,402,31,201.0,10.33,4,3,1,Loyal Customers,0.4273,Medium Risk
17023,2010-01-11 15:09:00,2010-10-18 15:37:00,49,3,530,10.816326530612244,800.18,16.33020408163265,48,0.0,1,281,417,93.7,104.25,1,3,3,At Risk,0.6521,Medium Risk
17024,2011-07-05 09:31:00,2011-10-25 13:47:00,3,3,69,23.0,95.85,31.95,2,0.0,0,113,45,37.7,11.25,4,3,1,Loyal Customers,0.5772,Medium Risk
17025,2010-03-08 13:37:00,2011-10-10 09:06:00,37,5,885,23.91891891891892,1349.67,36.47756756756757,31,0.0,0,581,61,116.2,10.17,3,4,4,Loyal Customers,0.2587,Low Risk
17026,2010-10-18 15:22:00,2011-06-07 14:28:00,5,3,107,21.4,175.83,35.166000000000004,4,0.6,1,232,185,77.3,46.25,3,3,1,Loyal Customers,0.7724,High Risk
17027,2009-12-10 12:10:00,2011-09-22 12:24:00,178,9,645,3.6235955056179776,1310.63,7.36308988764045,126,0.1179775280898876,0,652,79,72.4,7.9,3,5,4,Loyal Customers,0.0393,Low Risk
17028,2009-12-18 14:28:00,2010-05-07 15:33:00,95,3,856,9.010526315789471,1593.83,16.777157894736842,85,0.0,1,141,581,47.0,145.25,1,3,4,At Risk,0.6032,Medium Risk
17029,2010-02-14 10:19:00,2011-08-21 11:06:00,29,7,1265,43.62068965517241,2137.3,73.7,19,0.1379310344827586,1,554,111,79.1,13.88,3,4,4,Loyal Customers,0.5223,Medium Risk
17030,2011-10-07 08:49:00,2011-10-07 08:49:00,11,1,146,13.272727272727272,146.87,13.351818181818182,11,0.0,0,1,64,1.0,32.0,3,2,1,Needs Attention,0.6585,Medium Risk
17031,2010-05-07 14:52:00,2011-11-28 10:23:00,50,6,1595,31.9,2773.85,55.477,34,0.0,0,570,12,95.0,1.71,5,4,4,Champions,0.2829,Low Risk
17032,2009-12-10 15:36:00,2010-06-10 12:16:00,237,8,1667,7.033755274261603,2984.32,12.592067510548524,183,0.0,1,182,548,22.8,60.89,1,5,5,At Risk,0.3512,Medium Risk
17033,2010-11-07 12:55:00,2011-09-14 14:34:00,40,4,871,21.775,1332.79,33.31975,33,0.3,0,312,86,78.0,17.2,3,4,4,Loyal Customers,0.5657,Medium Risk
17034,2010-07-14 12:55:00,2011-11-23 15:14:00,58,5,694,11.96551724137931,1276.42,22.007241379310347,49,0.0,0,498,16,99.6,2.67,5,4,4,Champions,0.4038,Medium Risk
17035,2009-12-03 10:37:00,2011-04-08 11:23:00,33,4,327,9.909090909090908,613.59,18.593636363636364,29,0.0,1,492,246,123.0,49.2,2,4,3,At Risk,0.5247,Medium Risk
17036,2010-11-21 14:26:00,2010-11-21 14:26:00,12,1,76,6.333333333333333,176.9,14.741666666666667,12,1.0,1,1,383,1.0,191.5,2,2,1,Lost / Inactive,0.8706,High Risk
17037,2011-09-13 12:49:00,2011-09-13 12:49:00,75,1,656,8.746666666666666,1267.32,16.8976,75,0.0,0,1,88,1.0,44.0,3,2,4,Needs Attention,0.5722,Medium Risk
17038,2010-10-20 16:04:00,2011-11-09 13:50:00,63,2,535,8.492063492063492,743.17,11.796349206349204,61,0.0,0,385,30,192.5,10.0,4,3,3,Loyal Customers,0.348,Low Risk
17039,2010-04-14 12:56:00,2010-04-14 12:56:00,44,1,689,15.659090909090908,1954.99,44.43159090909091,44,0.0,1,1,604,1.0,302.0,1,2,4,Lost / Inactive,0.7188,High Risk
17040,2010-06-07 15:08:00,2011-07-25 10:19:00,16,2,189,11.8125,463.25,28.953125,15,0.0,1,413,138,206.5,46.0,3,3,2,Loyal Customers,0.4162,Medium Risk
17041,2010-04-18 14:25:00,2011-11-13 11:21:00,126,6,1303,10.341269841269842,1655.2,13.136507936507936,93,0.6349206349206349,0,574,27,95.7,3.86,4,4,4,Champions,0.255,Low Risk
17042,2011-04-06 14:53:00,2011-12-07 12:26:00,97,5,990,10.206185567010309,1036.58,10.686391752577318,74,0.0,0,245,3,49.0,0.5,5,4,3,Champions,0.5139,Medium Risk
17043,2009-12-09 15:20:00,2011-11-07 15:33:00,199,8,1616,8.120603015075377,2593.65,13.033417085427136,175,0.0,0,699,32,87.4,3.56,4,5,4,Champions,0.0189,Low Risk
17044,2009-12-07 12:25:00,2011-11-14 14:28:00,149,12,5722,38.40268456375839,11962.3,80.28389261744967,92,0.0,0,708,25,59.0,1.92,4,5,5,Champions,0.028,Low Risk
17045,2010-10-06 14:52:00,2011-08-18 17:09:00,53,5,294,5.547169811320755,827.6800000000001,15.616603773584908,44,0.1698113207547169,1,317,113,63.4,18.83,3,4,3,Loyal Customers,0.6911,Medium Risk
17046,2010-03-29 13:46:00,2011-07-05 14:24:00,85,5,1636,19.24705882352941,1906.07,22.42435294117647,76,0.0,1,464,157,92.8,26.17,3,4,4,Loyal Customers,0.5132,Medium Risk
17047,2009-12-08 08:48:00,2011-09-15 13:27:00,142,6,1184,8.338028169014084,2289.23,16.121338028169014,114,0.0,0,647,85,107.8,12.14,3,4,4,Loyal Customers,0.0728,Low Risk
17048,2010-01-18 13:55:00,2011-08-14 11:49:00,101,7,1068,10.574257425742577,2071.68,20.51168316831683,88,0.0495049504950495,1,573,118,81.9,14.75,3,4,4,Loyal Customers,0.3524,Medium Risk
17049,2010-03-04 10:23:00,2011-12-07 10:48:00,558,19,4273,7.657706093189964,9942.53,17.8181541218638,316,0.0376344086021505,0,644,3,33.9,0.15,5,5,5,Champions,0.02,Low Risk
17050,2010-01-26 14:54:00,2011-09-04 13:48:00,349,11,2432,6.968481375358167,4648.59,13.31974212034384,193,0.9570200573065902,1,586,96,53.3,8.0,3,5,5,Loyal Customers,0.5136,Medium Risk
17051,2010-03-21 14:55:00,2011-05-29 14:13:00,155,4,507,3.270967741935484,706.49,4.558,107,1.0,1,434,194,108.5,38.8,2,4,3,At Risk,0.5263,Medium Risk
17052,2011-11-11 14:50:00,2011-11-11 14:50:00,83,1,251,3.0240963855421685,399.09,4.808313253012048,72,0.0,0,1,28,1.0,14.0,4,2,2,Promising / New,0.6957,Medium Risk
17053,2011-08-01 10:23:00,2011-08-01 10:23:00,13,1,122,9.384615384615383,498.48,38.34461538461539,13,0.0,1,1,131,1.0,65.5,3,2,2,Needs Attention,0.7705,High Risk
17054,2011-04-08 13:14:00,2011-11-11 12:56:00,83,5,804,9.686746987951809,1356.33,16.34132530120482,64,0.0,0,217,28,43.4,4.67,4,4,4,Champions,0.5194,Medium Risk
17055,2010-09-20 12:21:00,2010-09-20 12:21:00,26,1,83,3.1923076923076925,232.85,8.955769230769231,24,0.0,1,1,446,1.0,223.0,1,2,1,Lost / Inactive,0.8673,High Risk
17056,2009-12-01 12:55:00,2009-12-01 12:55:00,8,1,26,3.25,128.60000000000002,16.075000000000003,8,0.0,1,1,738,1.0,369.0,1,2,1,Lost / Inactive,0.9131,High Risk
17057,2010-04-22 19:21:00,2010-04-22 19:21:00,50,1,129,2.58,294.74,5.8948,48,0.0,1,1,596,1.0,298.0,1,2,2,Lost / Inactive,0.795,High Risk
17058,2011-04-14 09:18:00,2011-09-19 10:13:00,62,3,592,9.548387096774194,1179.89,19.030483870967743,51,0.0,0,159,82,53.0,20.5,3,3,3,Loyal Customers,0.6208,Medium Risk
17059,2010-01-26 14:43:00,2011-11-10 12:27:00,721,9,3107,4.309292649098475,4864.57,6.746976421636616,349,0.3398058252427184,0,653,30,72.6,3.0,4,5,5,Champions,0.016,Low Risk
17060,2011-03-18 13:27:00,2011-03-18 13:27:00,5,1,216,43.2,234.24,46.848,5,0.0,1,1,266,1.0,133.0,2,2,1,Lost / Inactive,0.7367,High Risk
17061,2011-04-21 13:29:00,2011-09-27 11:24:00,99,11,1526,15.414141414141412,5232.23,52.85080808080808,57,0.1111111111111111,0,159,74,14.5,6.17,3,5,5,Loyal Customers,0.3419,Low Risk
17062,2010-09-26 11:57:00,2011-01-30 11:01:00,121,6,644,5.322314049586777,889.75,7.353305785123967,82,0.7933884297520661,1,126,314,21.0,44.86,2,4,3,At Risk,0.4901,Medium Risk
17063,2009-12-01 12:36:00,2011-11-18 16:19:00,205,13,1899,9.263414634146342,3638.53,17.748926829268292,150,0.0975609756097561,0,718,21,55.2,1.5,4,5,5,Champions,0.011,Low Risk
17064,2011-01-16 16:10:00,2011-10-12 10:18:00,61,3,316,5.180327868852459,855.4499999999999,14.023770491803278,53,0.360655737704918,0,269,59,89.7,14.75,4,3,3,Loyal Customers,0.635,Medium Risk
17065,2010-03-12 11:40:00,2010-03-12 11:41:00,12,2,82,6.833333333333333,194.7,16.224999999999998,6,0.0,1,1,638,0.5,212.67,1,3,1,At Risk,0.8241,High Risk
17066,2009-12-13 13:24:00,2009-12-13 13:24:00,18,1,93,5.166666666666667,228.34,12.685555555555556,17,1.0,1,1,726,1.0,363.0,1,2,1,Lost / Inactive,0.8868,High Risk
17067,2009-12-08 12:03:00,2009-12-15 08:39:00,13,3,322,24.76923076923077,454.54,34.964615384615385,8,0.0,1,7,725,2.3,181.25,1,3,2,At Risk,0.7145,High Risk
17068,2010-03-28 14:26:00,2011-11-27 13:14:00,996,47,4351,4.368473895582329,8987.68,9.023775100401608,250,0.1837349397590361,0,609,12,13.0,0.25,5,5,5,Champions,0.2114,Low Risk
17069,2009-12-03 12:27:00,2011-11-11 17:13:00,284,14,3230,11.373239436619718,5517.23,19.4268661971831,202,0.1056338028169014,0,709,28,50.6,1.87,4,5,5,Champions,0.0072,Low Risk
17070,2010-10-25 15:57:00,2011-08-17 17:01:00,103,2,232,2.2524271844660197,437.42,4.2467961165048544,102,0.0,1,297,114,148.5,38.0,3,3,2,Loyal Customers,0.659,Medium Risk
17071,2010-01-24 13:05:00,2011-11-11 16:31:00,211,13,1934,9.165876777251183,3793.71,17.9796682464455,141,0.2369668246445497,0,657,28,50.5,2.0,4,5,5,Champions,0.0148,Low Risk
17072,2010-03-24 16:33:00,2010-03-24 16:33:00,21,1,212,10.095238095238097,273.35,13.016666666666666,20,0.0,1,1,625,1.0,312.5,1,2,1,Lost / Inactive,0.7144,High Risk
17073,2011-08-22 14:37:00,2011-11-22 11:47:00,174,4,759,4.362068965517241,1446.09,8.310862068965516,142,0.3103448275862069,0,92,18,23.0,3.6,5,4,4,Champions,0.3801,Medium Risk
17074,2010-05-26 12:04:00,2010-05-26 12:04:00,4,1,19,4.75,203.05,50.7625,4,0.0,1,1,563,1.0,281.5,1,2,1,Lost / Inactive,0.8872,High Risk
17075,2009-12-14 11:24:00,2011-11-22 11:58:00,199,10,785,3.944723618090453,2236.63,11.23934673366834,153,0.0,0,709,18,70.9,1.64,5,5,4,Champions,0.0185,Low Risk
17076,2009-12-04 12:12:00,2011-11-03 17:53:00,50,6,514,10.28,1242.75,24.855,31,0.0,0,700,36,116.7,5.14,4,4,4,Champions,0.0584,Low Risk
17077,2010-05-10 16:36:00,2010-05-10 16:36:00,1,1,36,36.0,306.0,306.0,1,0.0,1,1,578,1.0,289.0,1,2,2,Lost / Inactive,0.8183,High Risk
17078,2011-11-03 18:49:00,2011-11-03 19:17:00,28,2,788,28.142857142857142,378.2,13.507142857142856,28,0.0,0,1,36,0.5,12.0,4,3,2,Loyal Customers,0.57,Medium Risk
17079,2011-09-22 15:34:00,2011-09-22 15:34:00,2,1,24,12.0,118.8,59.4,2,0.0,0,1,78,1.0,39.0,3,2,1,Needs Attention,0.7848,High Risk
17080,2010-07-01 16:03:00,2011-11-17 12:59:00,33,7,569,17.242424242424242,957.53,29.01606060606061,26,0.0,0,504,22,72.0,2.75,4,4,3,Champions,0.4443,Medium Risk
17081,2010-02-22 13:19:00,2011-11-14 12:56:00,207,6,381,1.8405797101449275,949.39,4.5864251207729465,166,0.1545893719806763,0,630,25,105.0,3.57,4,4,3,Champions,0.0786,Low Risk
17082,2009-12-15 11:25:00,2011-11-06 15:17:00,170,6,2526,14.858823529411763,4732.03,27.83547058823529,117,0.3352941176470588,0,692,33,115.3,4.71,4,4,5,Champions,0.0412,Low Risk
17083,2010-02-09 11:46:00,2011-08-22 15:43:00,115,9,1955,17.0,4049.79,35.2155652173913,30,0.0,1,560,109,62.2,10.9,3,5,5,Loyal Customers,0.3724,Medium Risk
17084,2010-11-08 14:20:00,2011-11-04 14:54:00,281,3,3178,11.309608540925266,5001.21,17.797900355871885,263,0.0,0,362,35,120.7,8.75,4,3,5,Loyal Customers,0.3041,Low Risk
17085,2009-12-06 12:16:00,2011-08-08 14:15:00,987,28,3583,3.630192502532928,7847.67,7.951033434650456,411,0.795339412360689,1,611,123,21.8,4.24,3,5,5,Loyal Customers,0.3717,Medium Risk
17086,2011-10-07 11:22:00,2011-12-02 13:54:00,96,6,1859,19.36458333333333,2050.08,21.355,76,0.0,0,57,7,9.5,1.0,5,4,4,Champions,0.3365,Low Risk
17087,2009-12-02 10:41:00,2009-12-02 10:41:00,12,1,113,9.416666666666666,221.53,18.460833333333333,12,0.0,1,1,738,1.0,369.0,1,2,1,Lost / Inactive,0.7671,High Risk
17088,2011-03-31 09:48:00,2011-11-11 14:23:00,115,4,868,7.547826086956522,1991.01,17.313130434782607,96,0.0,0,226,28,56.5,5.6,4,4,4,Champions,0.6073,Medium Risk
17089,2010-11-18 15:33:00,2010-11-18 15:33:00,4,1,35,8.75,128.45,32.1125,4,0.0,1,1,386,1.0,193.0,2,2,1,Lost / Inactive,0.8074,High Risk
17090,2010-07-19 16:02:00,2011-12-05 13:44:00,90,13,1344,14.933333333333334,3080.18,34.224222222222224,54,0.0,0,504,4,38.8,0.29,5,5,5,Champions,0.216,Low Risk
17091,2009-12-16 15:45:00,2011-12-07 10:43:00,455,19,3732,8.202197802197801,7495.75,16.474175824175823,242,0.0,0,721,3,37.9,0.15,5,5,5,Champions,0.0078,Low Risk
17092,2010-02-02 16:42:00,2011-10-20 19:51:00,392,11,3768,9.612244897959185,5511.41,14.059719387755102,273,0.0,0,626,50,56.9,4.17,4,5,5,Champions,0.0562,Low Risk
17093,2010-04-26 10:22:00,2010-04-26 10:22:00,13,1,114,8.76923076923077,235.88,18.144615384615385,13,0.0,1,1,593,1.0,296.5,1,2,1,Lost / Inactive,0.7774,High Risk
17094,2010-10-12 10:48:00,2011-01-21 13:09:00,18,2,212,11.77777777777778,402.2,22.344444444444445,18,0.0,1,102,322,51.0,107.33,2,3,2,At Risk,0.7165,High Risk
17095,2009-12-15 12:32:00,2011-11-17 12:21:00,137,7,1695,12.372262773722628,2572.25,18.775547445255476,110,0.3795620437956204,0,702,23,100.3,2.88,4,4,4,Champions,0.0375,Low Risk
17096,2010-06-02 14:48:00,2011-11-24 15:01:00,205,11,1559,7.604878048780487,3697.93,18.038682926829267,162,0.2536585365853658,0,541,15,49.2,1.25,5,5,5,Champions,0.293,Low Risk
17097,2010-10-05 14:09:00,2011-12-07 17:05:00,267,9,582,2.1797752808988764,1143.36,4.282247191011235,182,0.0074906367041198,0,429,2,47.7,0.2,5,5,3,Champions,0.3155,Low Risk
17098,2010-06-17 10:30:00,2010-11-23 12:13:00,18,3,125,6.944444444444445,591.07,32.83722222222222,10,0.0,1,160,382,53.3,95.5,2,3,2,At Risk,0.7622,High Risk
17099,2010-06-24 16:25:00,2010-06-24 16:25:00,40,1,317,7.925,582.17,14.55425,40,0.0,1,1,533,1.0,266.5,1,2,2,Lost / Inactive,0.7165,High Risk
17100,2011-11-21 16:36:00,2011-11-21 16:36:00,65,2,800,12.307692307692308,971.74,14.949846153846154,65,0.0,0,1,18,0.5,6.0,5,3,3,Loyal Customers,0.5447,Medium Risk
17101,2010-06-07 15:12:00,2011-11-29 13:57:00,73,7,1175,16.095890410958905,2507.05,34.34315068493151,54,0.0,0,540,10,77.1,1.25,5,4,4,Champions,0.2962,Low Risk
17102,2011-03-23 10:08:00,2011-03-23 10:08:00,1,1,2,2.0,25.5,25.5,1,0.0,1,1,262,1.0,131.0,2,2,1,Lost / Inactive,0.9065,High Risk
17103,2009-12-17 14:08:00,2009-12-17 14:08:00,32,1,471,14.71875,424.3,13.259375,32,0.0,1,1,722,1.0,361.0,1,2,2,Lost / Inactive,0.6189,Medium Risk
17104,2010-10-12 12:21:00,2010-10-12 12:21:00,19,1,149,7.842105263157895,474.03,24.948947368421056,19,0.0,1,1,424,1.0,212.0,1,2,2,Lost / Inactive,0.7148,High Risk
17105,2011-02-06 14:46:00,2011-07-03 15:53:00,90,2,693,7.7,665.78,7.397555555555555,80,1.0,1,148,159,74.0,53.0,3,3,3,Loyal Customers,0.648,Medium Risk
17106,2010-11-15 14:11:00,2010-11-15 14:11:00,51,1,153,3.0,481.58,9.442745098039216,51,0.0,1,1,389,1.0,194.5,2,2,2,Lost / Inactive,0.7577,High Risk
17107,2010-01-31 15:47:00,2011-11-06 14:14:00,670,10,7530,11.238805970149254,16052.72,23.95928358208955,377,0.7925373134328358,0,644,33,64.4,3.0,4,5,5,Champions,0.0673,Low Risk
17108,2010-02-14 12:22:00,2010-02-14 12:22:00,9,1,31,3.4444444444444446,174.95,19.438888888888886,9,1.0,1,1,664,1.0,332.0,1,2,1,Lost / Inactive,0.901,High Risk
17109,2010-07-30 12:42:00,2011-11-10 16:59:00,139,8,788,5.669064748201439,1291.71,9.292877697841726,124,0.0,0,469,29,58.6,3.22,4,5,4,Champions,0.3738,Medium Risk
17110,2010-04-08 13:32:00,2011-06-27 12:58:00,49,3,136,2.7755102040816326,499.9,10.20204081632653,38,0.0,1,445,165,148.3,41.25,3,3,2,Loyal Customers,0.5393,Medium Risk
17111,2010-10-10 15:21:00,2011-10-23 15:59:00,48,2,581,12.104166666666666,459.58,9.574583333333331,44,1.0,0,379,47,189.5,15.67,4,3,2,Loyal Customers,0.2973,Low Risk
17112,2010-07-25 11:14:00,2010-07-25 11:14:00,47,1,130,2.765957446808511,197.57,4.203617021276596,44,1.0,1,1,503,1.0,251.5,1,2,1,Lost / Inactive,0.777,High Risk
17113,2010-01-11 10:14:00,2010-05-14 13:59:00,158,6,913,5.778481012658228,2305.59,14.5923417721519,122,0.5379746835443038,1,124,574,20.7,82.0,1,4,4,At Risk,0.5068,Medium Risk
17114,2011-01-09 11:39:00,2011-12-04 12:17:00,123,8,215,1.7479674796747968,801.12,6.5131707317073175,85,0.7154471544715447,0,330,6,41.2,0.67,5,5,3,Champions,0.4282,Medium Risk
17115,2009-12-05 12:13:00,2011-12-01 14:30:00,120,7,885,7.375,2761.49,23.012416666666663,102,0.125,0,727,8,103.9,1.0,5,4,4,Champions,0.0314,Low Risk
17116,2010-03-01 16:29:00,2010-03-01 16:29:00,47,1,392,8.340425531914894,389.78,8.293191489361702,47,0.0,1,1,648,1.0,324.0,1,2,2,Lost / Inactive,0.6079,Medium Risk
17117,2011-02-24 13:54:00,2011-02-24 13:54:00,9,1,68,7.555555555555555,116.2,12.911111111111111,9,0.0,1,1,288,1.0,144.0,2,2,1,Lost / Inactive,0.8281,High Risk
17118,2011-01-26 12:19:00,2011-01-26 12:19:00,10,1,154,15.4,157.02,15.702000000000002,10,0.0,1,1,318,1.0,159.0,2,2,1,Lost / Inactive,0.6698,Medium Risk
17119,2011-10-11 11:03:00,2011-12-06 14:40:00,35,2,334,9.542857142857144,606.91,17.340285714285713,35,0.0,0,57,3,28.5,1.0,5,3,2,Loyal Customers,0.5549,Medium Risk
17120,2011-04-20 15:21:00,2011-04-20 15:21:00,18,1,120,6.666666666666667,307.46,17.08111111111111,18,0.0,1,1,233,1.0,116.5,2,2,2,Lost / Inactive,0.8311,High Risk
17121,2010-11-02 11:47:00,2010-11-02 11:47:00,12,1,106,8.833333333333334,314.74,26.22833333333333,12,0.0,1,1,403,1.0,201.5,2,2,2,Lost / Inactive,0.7887,High Risk
17122,2010-07-28 09:34:00,2011-08-12 14:33:00,30,4,368,12.266666666666667,570.5,19.016666666666666,23,0.0,1,381,119,95.2,23.8,3,4,2,Loyal Customers,0.4907,Medium Risk
17123,2010-05-16 11:52:00,2011-07-01 10:47:00,43,3,676,15.72093023255814,977.17,22.724883720930237,37,0.7906976744186046,1,411,162,137.0,40.5,3,3,3,Loyal Customers,0.6211,Medium Risk
17124,2011-06-07 14:02:00,2011-06-07 14:02:00,31,1,129,4.161290322580645,294.24,9.491612903225809,31,0.0,1,1,185,1.0,92.5,3,2,2,Needs Attention,0.8229,High Risk
17125,2011-10-20 14:41:00,2011-10-20 14:41:00,35,1,281,8.028571428571428,230.5,6.585714285714285,34,0.0,0,1,50,1.0,25.0,4,2,1,Promising / New,0.6547,Medium Risk
17126,2010-08-31 13:41:00,2011-07-10 13:52:00,445,9,1426,3.204494382022472,2016.43,4.531303370786517,295,0.7348314606741573,1,314,152,34.9,15.2,3,5,4,Loyal Customers,0.4837,Medium Risk
17127,2009-12-04 15:18:00,2010-10-07 09:54:00,37,5,340,9.18918918918919,1155.03,31.217027027027022,27,0.1351351351351351,1,307,429,61.4,71.5,1,4,3,At Risk,0.6466,Medium Risk
17128,2011-01-09 12:02:00,2011-01-09 12:02:00,14,1,76,5.428571428571429,157.09,11.220714285714283,14,1.0,1,1,335,1.0,167.5,2,2,1,Lost / Inactive,0.8955,High Risk
17129,2010-07-07 13:46:00,2010-07-07 13:46:00,2,1,5,2.5,31.85,15.925,2,0.0,1,1,520,1.0,260.0,1,2,1,Lost / Inactive,0.9079,High Risk
17131,2011-09-25 12:42:00,2011-12-04 12:52:00,134,5,983,7.335820895522388,2463.17,18.38186567164179,78,1.0,0,71,5,14.2,0.83,5,4,4,Champions,0.4085,Medium Risk
17132,2010-08-08 13:49:00,2010-09-13 16:31:00,71,2,963,13.56338028169014,1220.91,17.19591549295775,62,0.5774647887323944,1,37,452,18.5,150.67,1,3,4,At Risk,0.459,Medium Risk
17133,2010-03-21 12:31:00,2011-11-24 12:27:00,56,12,10107,180.4821428571429,14622.33,261.11303571428573,22,0.3392857142857143,0,613,16,51.1,1.23,5,5,5,Champions,0.1345,Low Risk
17134,2010-09-23 18:32:00,2011-08-25 09:53:00,36,3,144,4.0,625.3,17.369444444444444,31,0.5277777777777778,1,336,107,112.0,26.75,3,3,3,Loyal Customers,0.7177,High Risk
17135,2010-05-09 16:03:00,2011-11-23 16:48:00,143,10,1686,11.79020979020979,1722.18,12.043216783216783,98,0.5384615384615384,0,564,16,56.4,1.45,5,5,4,Champions,0.3123,Low Risk
17136,2010-02-15 13:13:00,2010-02-15 13:13:00,14,1,256,18.285714285714285,231.68,16.548571428571428,14,0.0,1,1,662,1.0,331.0,1,2,1,Lost / Inactive,0.7339,High Risk
17137,2010-01-31 12:27:00,2010-10-19 14:51:00,167,6,680,4.07185628742515,1099.81,6.585688622754491,125,0.7245508982035929,1,262,416,43.7,59.43,1,4,3,At Risk,0.5046,Medium Risk
17138,2010-02-04 14:19:00,2011-03-09 11:54:00,256,7,2024,7.90625,4417.27,17.254960937499998,234,0.0,1,398,276,56.9,34.5,2,4,5,At Risk,0.3528,Medium Risk
17139,2010-01-11 11:31:00,2011-11-24 10:12:00,808,25,9853,12.194306930693068,19566.76,24.21628712871287,447,0.0495049504950495,0,682,16,27.3,0.62,5,5,5,Champions,0.0043,Low Risk
17140,2011-04-06 13:33:00,2011-04-06 13:33:00,18,1,296,16.444444444444443,454.12,25.22888888888889,16,0.0,1,1,247,1.0,123.5,2,2,2,Lost / Inactive,0.7381,High Risk
17141,2010-01-24 14:19:00,2010-10-17 14:54:00,162,4,423,2.611111111111111,727.58,4.491234567901235,138,1.0,1,267,418,66.8,83.6,1,4,3,At Risk,0.6322,Medium Risk
17142,2010-01-24 15:23:00,2011-04-14 18:22:00,89,4,322,3.617977528089888,1275.25,14.32865168539326,78,0.6179775280898876,1,446,239,111.5,47.8,2,4,4,At Risk,0.5485,Medium Risk
17143,2010-07-12 13:26:00,2010-10-18 15:27:00,112,2,314,2.8035714285714284,880.97,7.865803571428572,82,0.0,1,99,417,49.5,139.0,1,3,3,At Risk,0.6573,Medium Risk
17144,2011-09-16 12:50:00,2011-12-08 17:57:00,48,2,483,10.0625,984.57,20.511875,42,0.0,0,84,1,42.0,0.33,5,3,3,Loyal Customers,0.64,Medium Risk
17145,2010-02-19 12:07:00,2010-07-15 09:02:00,180,4,2591,14.394444444444444,3120.91,17.33838888888889,168,0.0,1,146,513,36.5,102.6,1,4,5,At Risk,0.3818,Medium Risk
17146,2010-02-02 09:39:00,2011-08-26 12:44:00,301,13,2188,7.269102990033223,5852.64,19.443986710963458,164,0.1495016611295681,1,571,106,43.9,7.57,3,5,5,Loyal Customers,0.3099,Low Risk
17147,2010-01-11 09:38:00,2011-11-17 12:32:00,136,9,1308,9.617647058823527,3199.95,23.529044117647057,99,0.0,0,676,23,75.1,2.3,4,5,5,Champions,0.0261,Low Risk
17148,2011-10-19 09:59:00,2011-10-19 09:59:00,9,1,82,9.11111111111111,124.88,13.875555555555556,9,0.0,0,1,52,1.0,26.0,4,2,1,Promising / New,0.8132,High Risk
17149,2010-09-14 14:56:00,2010-09-14 14:56:00,6,1,18,3.0,143.10000000000002,23.850000000000005,6,0.0,1,1,451,1.0,225.5,1,2,1,Lost / Inactive,0.9116,High Risk
17150,2009-12-06 10:51:00,2010-11-28 11:27:00,92,6,397,4.315217391304348,1357.95,14.760326086956525,64,0.8804347826086957,1,358,377,59.7,53.86,2,4,4,At Risk,0.6327,Medium Risk
17151,2009-12-04 14:56:00,2009-12-04 14:56:00,4,1,42,10.5,231.90000000000003,57.97500000000001,4,0.0,1,1,735,1.0,367.5,1,2,1,Lost / Inactive,0.7752,High Risk
17152,2010-10-10 12:40:00,2011-05-29 12:19:00,16,4,577,36.0625,2016.5,126.03125,9,0.5,1,231,195,57.8,39.0,2,4,4,At Risk,0.7133,High Risk
17153,2011-11-15 13:42:00,2011-11-15 13:42:00,14,1,104,7.428571428571429,213.78,15.27,14,0.0,0,1,24,1.0,12.0,4,2,1,Promising / New,0.7711,High Risk
17154,2011-09-25 13:42:00,2011-09-25 13:42:00,23,1,490,21.30434782608696,329.34,14.319130434782608,23,1.0,0,1,75,1.0,37.5,3,2,2,Needs Attention,0.5888,Medium Risk
17155,2009-12-03 11:34:00,2011-11-22 12:38:00,73,7,987,13.52054794520548,892.46,12.225479452054795,43,0.2191780821917808,0,720,18,102.9,2.25,5,4,3,Champions,0.0731,Low Risk
17156,2010-08-05 11:30:00,2010-08-05 11:30:00,39,1,391,10.025641025641026,591.87,15.176153846153849,39,0.0,1,1,492,1.0,246.0,1,2,2,Lost / Inactive,0.6634,Medium Risk
17157,2009-12-04 13:00:00,2011-12-02 09:10:00,141,19,2092,14.836879432624114,5151.900000000001,36.53829787234043,78,0.1134751773049645,0,728,8,38.3,0.4,5,5,5,Champions,0.0153,Low Risk
17158,2010-03-07 15:50:00,2011-11-07 15:15:00,113,5,1147,10.150442477876108,1980.0,17.52212389380531,74,0.1769911504424778,0,610,32,122.0,5.33,4,4,4,Champions,0.1125,Low Risk
17159,2010-03-04 14:53:00,2011-11-18 10:52:00,130,5,1348,10.36923076923077,2099.59,16.15069230769231,115,0.1923076923076923,0,624,22,124.8,3.67,4,4,4,Champions,0.0867,Low Risk
17160,2009-12-04 10:57:00,2011-11-08 14:05:00,651,17,8390,12.887864823348696,10209.16,15.68227342549923,215,0.1321044546850998,0,705,31,41.5,1.72,4,5,5,Champions,0.0062,Low Risk
17161,2010-09-21 16:44:00,2010-09-21 16:44:00,52,1,537,10.326923076923077,856.01,16.46173076923077,52,0.0,1,1,444,1.0,222.0,1,2,3,Lost / Inactive,0.656,Medium Risk
17162,2011-02-07 12:27:00,2011-11-11 11:34:00,104,10,1001,9.625,1715.46,16.494807692307692,81,0.1634615384615384,0,277,29,27.7,2.64,4,5,4,Champions,0.3887,Medium Risk
17163,2010-02-02 10:39:00,2011-11-18 08:57:00,30,4,531,17.7,699.78,23.326,27,0.0,0,654,22,163.5,4.4,4,4,3,Champions,0.0757,Low Risk
17164,2011-03-11 14:26:00,2011-11-07 09:14:00,144,7,1501,10.42361111111111,2467.35,17.134375,92,0.0,0,241,33,34.4,4.12,4,4,4,Champions,0.3824,Medium Risk
17165,2009-12-11 09:18:00,2011-02-28 16:39:00,100,6,788,7.88,1794.32,17.9432,77,0.0,1,445,284,74.2,40.57,2,4,4,At Risk,0.5718,Medium Risk
17166,2011-05-20 08:18:00,2011-11-01 09:46:00,12,2,78,6.5,206.34,17.195,11,0.0,0,166,39,83.0,13.0,4,3,1,Loyal Customers,0.6379,Medium Risk
17167,2010-09-20 14:02:00,2010-11-25 10:05:00,79,3,429,5.430379746835443,867.11,10.97607594936709,64,0.0,1,66,380,22.0,95.0,2,3,3,At Risk,0.4446,Medium Risk
17168,2010-07-29 12:33:00,2010-07-29 12:33:00,21,1,220,10.476190476190476,400.2,19.057142857142857,21,0.0,1,1,499,1.0,249.5,1,2,2,Lost / Inactive,0.7172,High Risk
17169,2010-05-10 13:00:00,2011-10-13 10:25:00,75,3,671,8.946666666666667,1156.73,15.423066666666667,64,0.0,0,521,58,173.7,14.5,4,3,3,Loyal Customers,0.2728,Low Risk
17170,2010-11-15 16:23:00,2010-11-30 15:55:00,10,2,152,15.2,178.68,17.868000000000002,8,0.0,1,15,374,7.5,124.67,2,3,1,At Risk,0.6647,Medium Risk
17171,2010-02-16 12:02:00,2011-02-23 16:37:00,25,2,225,9.0,384.59,15.3836,25,0.0,1,373,289,186.5,96.33,2,3,2,At Risk,0.4393,Medium Risk
17172,2009-12-13 11:46:00,2011-09-22 09:36:00,39,3,1215,31.153846153846157,956.57,24.527435897435897,39,0.358974358974359,0,648,79,216.0,19.75,3,3,3,Loyal Customers,0.1068,Low Risk
17173,2011-07-31 15:26:00,2011-12-04 14:40:00,86,8,1122,13.046511627906977,3766.6,43.79767441860465,36,0.313953488372093,0,126,5,15.8,0.56,5,5,5,Champions,0.4314,Medium Risk
17174,2011-05-06 11:47:00,2011-05-06 11:47:00,4,1,41,10.25,59.9,14.975,4,0.0,1,1,218,1.0,109.0,2,2,1,Lost / Inactive,0.8602,High Risk
17175,2011-02-16 14:56:00,2011-10-26 15:31:00,63,4,866,13.746031746031743,1443.69,22.915714285714287,42,0.2063492063492063,0,253,44,63.2,8.8,4,4,4,Champions,0.5457,Medium Risk
17176,2010-01-31 15:49:00,2011-05-22 12:41:00,42,3,576,13.714285714285714,902.32,21.483809523809523,37,0.6428571428571429,1,476,202,158.7,50.5,2,3,3,At Risk,0.6613,Medium Risk
17177,2010-07-22 14:53:00,2010-07-22 14:53:00,29,1,40,1.3793103448275863,119.5,4.120689655172414,29,0.0,1,1,505,1.0,252.5,1,2,1,Lost / Inactive,0.8804,High Risk
17178,2009-12-08 16:20:00,2009-12-08 16:20:00,31,1,100,3.225806451612903,432.96,13.966451612903226,31,0.0,1,1,731,1.0,365.5,1,2,2,Lost / Inactive,0.7886,High Risk
17179,2010-05-26 11:22:00,2011-06-14 16:48:00,158,6,625,3.9556962025316458,1507.26,9.539620253164555,75,0.0,1,385,178,64.2,25.43,3,4,4,Loyal Customers,0.5578,Medium Risk
17180,2010-01-21 17:43:00,2011-10-14 15:46:00,400,11,1809,4.5225,2236.77,5.591925,189,0.0,0,631,56,57.4,4.67,4,5,4,Champions,0.0442,Low Risk
17181,2010-04-23 11:21:00,2011-10-13 14:48:00,28,3,268,9.571428571428571,309.85,11.06607142857143,28,0.0,0,539,57,179.7,14.25,4,3,2,Loyal Customers,0.279,Low Risk
17182,2009-12-21 15:22:00,2010-10-13 10:09:00,6,2,54,9.0,321.3,53.55,4,0.0,1,296,423,148.0,141.0,1,3,2,At Risk,0.7137,High Risk
17183,2011-08-26 15:25:00,2011-12-02 10:07:00,73,6,1296,17.753424657534246,3347.31,45.85356164383562,42,0.4931506849315068,0,98,8,16.3,1.14,5,4,5,Champions,0.3806,Medium Risk
17184,2009-12-09 14:17:00,2010-05-19 14:24:00,14,2,73,5.214285714285714,198.41,14.172142857142855,14,0.0,1,162,569,81.0,189.67,1,3,1,At Risk,0.7584,High Risk
17185,2010-04-20 13:49:00,2010-04-27 12:15:00,44,3,119,2.7045454545454546,229.46,5.215,38,0.0,1,7,592,2.3,148.0,1,3,1,At Risk,0.7877,High Risk
17186,2011-10-10 12:52:00,2011-10-24 10:20:00,2,2,200,100.0,144.0,72.0,1,0.0,0,14,47,7.0,15.67,4,3,1,Loyal Customers,0.619,Medium Risk
17187,2010-07-01 14:38:00,2011-04-27 12:39:00,23,2,426,18.52173913043478,467.71,20.335217391304347,21,0.0,1,300,227,150.0,75.67,2,3,2,At Risk,0.6989,Medium Risk
17188,2009-12-08 19:16:00,2011-11-28 13:53:00,172,13,2569,14.936046511627907,4592.93,26.70308139534884,136,0.0988372093023255,0,720,11,55.4,0.79,5,5,5,Champions,0.0103,Low Risk
17189,2009-12-02 11:45:00,2011-08-25 19:39:00,120,5,601,5.008333333333334,953.63,7.946916666666667,101,0.0,1,632,106,126.4,17.67,3,4,3,Loyal Customers,0.292,Low Risk
17190,2010-03-05 13:21:00,2011-10-12 11:33:00,190,7,2218,11.673684210526316,1726.57,9.08721052631579,160,0.0,0,586,59,83.7,7.38,4,4,4,Champions,0.2008,Low Risk
17191,2009-12-01 16:34:00,2011-11-11 16:58:00,497,15,2208,4.442655935613682,4310.34,8.672716297786721,269,0.0,0,711,28,47.4,1.75,4,5,5,Champions,0.0165,Low Risk
17192,2010-06-21 16:07:00,2010-06-21 16:07:00,20,1,45,2.25,75.28,3.764,20,0.0,1,1,536,1.0,268.0,1,2,1,Lost / Inactive,0.8734,High Risk
17193,2009-12-02 10:02:00,2011-11-04 12:47:00,44,9,1668,37.90909090909091,2310.04,52.50090909090909,28,0.0,0,703,36,78.1,3.6,4,5,4,Champions,0.0423,Low Risk
17194,2010-06-27 13:16:00,2011-03-11 12:05:00,61,3,420,6.885245901639344,812.5,13.31967213114754,57,0.5245901639344263,1,257,274,85.7,68.5,2,3,3,At Risk,0.6691,Medium Risk
17195,2010-02-22 13:05:00,2010-02-22 13:05:00,31,1,486,15.67741935483871,562.98,18.16064516129032,31,0.0,1,1,655,1.0,327.5,1,2,2,Lost / Inactive,0.6731,Medium Risk
17196,2010-10-08 11:31:00,2010-10-08 11:31:00,93,1,154,1.6559139784946235,327.75,3.524193548387097,84,0.0,1,1,428,1.0,214.0,1,2,2,Lost / Inactive,0.7546,High Risk
17197,2011-11-10 10:32:00,2011-11-10 10:32:00,29,1,191,6.586206896551724,1013.01,34.93137931034483,29,0.0,0,1,30,1.0,15.0,4,2,3,Promising / New,0.6314,Medium Risk
17198,2010-12-03 14:54:00,2011-11-16 10:39:00,96,3,357,3.71875,692.22,7.210625,89,0.0,0,348,24,116.0,6.0,4,3,3,Loyal Customers,0.4248,Medium Risk
17199,2010-05-06 13:53:00,2010-05-06 13:53:00,8,1,232,29.0,135.04,16.88,8,0.0,1,1,582,1.0,291.0,1,2,1,Lost / Inactive,0.701,High Risk
17200,2010-02-25 13:23:00,2010-11-17 13:04:00,25,4,367,14.68,356.71,14.2684,25,0.0,1,265,387,66.2,77.4,2,4,2,At Risk,0.689,Medium Risk
17201,2010-02-10 12:26:00,2011-10-17 11:55:00,171,4,1004,5.871345029239766,1143.1,6.684795321637426,154,0.2222222222222222,0,614,54,153.5,10.8,4,4,3,Champions,0.1565,Low Risk
17202,2010-10-15 11:25:00,2010-10-15 11:25:00,8,1,55,6.875,160.65,20.08125,8,0.0,1,1,421,1.0,210.5,1,2,1,Lost / Inactive,0.822,High Risk
17203,2010-11-16 12:52:00,2011-11-04 12:27:00,261,10,4597,17.613026819923373,5564.09,21.318352490421457,195,0.0,0,353,36,35.3,3.27,4,5,5,Champions,0.2111,Low Risk
17204,2010-06-10 11:37:00,2011-06-17 14:46:00,177,9,2651,14.977401129943503,5504.69,31.099943502824857,110,0.03954802259887,1,373,175,41.4,17.5,3,5,5,Loyal Customers,0.3615,Medium Risk
17205,2010-05-24 15:36:00,2011-10-17 12:46:00,35,3,2214,63.25714285714286,999.35,28.552857142857142,27,0.0,0,511,54,170.3,13.5,4,3,3,Loyal Customers,0.3047,Low Risk
17206,2011-10-17 13:25:00,2011-10-17 13:25:00,7,1,76,10.857142857142858,204.24,29.177142857142854,7,0.0,0,1,53,1.0,26.5,4,2,1,Promising / New,0.7561,High Risk
17207,2010-02-25 19:08:00,2010-02-25 19:08:00,60,1,233,3.883333333333333,292.62,4.877,55,0.0,1,1,652,1.0,326.0,1,2,2,Lost / Inactive,0.74,High Risk
17208,2010-11-09 12:50:00,2010-11-09 12:50:00,23,1,101,4.391304347826087,111.15,4.832608695652175,21,0.0,1,1,396,1.0,198.0,2,2,1,Lost / Inactive,0.831,High Risk
17209,2009-12-03 11:10:00,2010-02-28 16:01:00,38,3,723,19.026315789473685,595.6999999999999,15.676315789473682,36,0.8421052631578947,1,88,649,29.3,162.25,1,3,2,At Risk,0.5925,Medium Risk
17210,2010-11-12 12:15:00,2010-11-12 12:15:00,53,1,242,4.566037735849057,251.72,4.749433962264151,47,0.0,1,1,393,1.0,196.5,2,2,1,Lost / Inactive,0.7427,High Risk
17211,2009-12-13 13:17:00,2011-11-13 12:03:00,344,13,2141,6.223837209302325,3773.35,10.969040697674416,217,0.8313953488372093,0,700,27,53.8,1.93,4,5,5,Champions,0.041,Low Risk
17212,2010-08-10 09:22:00,2011-03-31 19:42:00,29,3,727,25.06896551724138,794.41,27.393448275862067,29,0.0,1,234,253,78.0,63.25,2,3,3,At Risk,0.6858,Medium Risk
17213,2009-12-15 10:28:00,2011-10-30 14:53:00,266,13,2087,7.845864661654136,4869.4,18.306015037593983,130,0.3007518796992481,0,685,40,52.7,2.86,4,5,5,Champions,0.015,Low Risk
17214,2010-12-15 15:14:00,2011-10-10 13:17:00,101,6,272,2.693069306930693,1059.12,10.486336633663363,79,0.1881188118811881,0,299,60,49.8,8.57,3,4,3,Loyal Customers,0.557,Medium Risk
17215,2010-09-01 13:39:00,2010-09-01 13:39:00,11,1,104,9.454545454545457,186.15,16.922727272727272,11,0.0,1,1,464,1.0,232.0,1,2,1,Lost / Inactive,0.7814,High Risk
17216,2010-06-03 13:03:00,2010-06-03 13:03:00,13,1,21,1.6153846153846154,63.6,4.892307692307693,13,0.0,1,1,554,1.0,277.0,1,2,1,Lost / Inactive,0.9114,High Risk
17217,2010-03-30 13:35:00,2011-04-19 17:19:00,27,2,93,3.4444444444444446,210.1,7.781481481481482,27,0.0,1,386,234,193.0,78.0,2,3,1,At Risk,0.7129,High Risk
17218,2010-01-25 16:12:00,2011-12-05 13:52:00,471,18,2066,4.386411889596603,3891.39,8.261974522292993,248,0.3694267515923566,0,679,4,37.7,0.21,5,5,5,Champions,0.0362,Low Risk
17219,2010-10-19 11:29:00,2011-11-08 11:25:00,50,2,188,3.76,259.13,5.1826,43,0.0,0,385,32,192.5,10.67,4,3,1,Loyal Customers,0.4875,Medium Risk
17220,2010-01-20 11:57:00,2011-11-15 13:47:00,672,21,2663,3.962797619047619,4457.31,6.632901785714286,408,0.0,0,665,24,31.7,1.09,4,5,5,Champions,0.0123,Low Risk
17221,2010-04-11 15:34:00,2011-12-02 13:35:00,124,5,713,5.75,976.62,7.875967741935484,115,0.4758064516129032,0,600,7,120.0,1.17,5,4,3,Champions,0.1381,Low Risk
17222,2010-01-10 15:24:00,2011-10-05 13:58:00,112,6,857,7.651785714285714,1579.51,14.102767857142856,94,0.1607142857142857,0,633,65,105.5,9.29,3,4,4,Loyal Customers,0.0652,Low Risk
17223,2010-11-29 17:19:00,2011-02-02 15:57:00,69,3,155,2.246376811594203,558.04,8.087536231884057,62,0.0,1,65,310,21.7,77.5,2,3,2,At Risk,0.6472,Medium Risk
17224,2010-07-26 13:30:00,2010-07-26 13:30:00,8,1,65,8.125,100.86,12.607500000000002,8,0.0,1,1,501,1.0,250.5,1,2,1,Lost / Inactive,0.8152,High Risk
17225,2010-05-07 11:38:00,2010-05-07 11:38:00,5,1,36,7.2,131.15,26.23,5,0.0,1,1,582,1.0,291.0,1,2,1,Lost / Inactive,0.8103,High Risk
17226,2010-02-12 14:31:00,2011-02-04 11:52:00,59,3,853,14.457627118644067,895.47,15.177457627118644,51,0.0,1,357,309,119.0,77.25,2,3,3,At Risk,0.4911,Medium Risk
17227,2010-01-15 15:05:00,2011-11-21 10:51:00,114,12,1681,14.74561403508772,1878.93,16.48184210526316,58,0.0,0,675,19,56.2,1.46,5,5,4,Champions,0.039,Low Risk
17228,2010-03-12 11:54:00,2011-11-24 10:24:00,327,13,2354,7.198776758409786,2820.03,8.623944954128442,199,0.0672782874617737,0,622,16,47.8,1.14,5,5,4,Champions,0.0519,Low Risk
17229,2011-07-20 12:38:00,2011-09-04 13:56:00,47,2,185,3.9361702127659575,318.76,6.782127659574468,39,0.3191489361702128,1,47,96,23.5,32.0,3,3,2,Loyal Customers,0.7399,High Risk
17230,2009-12-08 13:41:00,2011-03-20 16:12:00,217,18,3753,17.294930875576036,9388.49,43.264930875576034,141,0.184331797235023,1,468,264,26.0,13.89,2,5,5,At Risk,0.385,Medium Risk
17231,2009-12-07 16:38:00,2011-11-27 15:18:00,1201,25,3681,3.0649458784346377,7064.8,5.882431307243963,509,0.2348043297252289,0,720,12,28.8,0.46,5,5,5,Champions,0.0088,Low Risk
17232,2011-11-25 12:24:00,2011-12-07 12:21:00,35,2,202,5.771428571428571,417.77,11.936285714285711,30,0.0,0,12,3,6.0,1.0,5,3,2,Loyal Customers,0.6075,Medium Risk
17233,2009-12-15 12:03:00,2011-11-04 14:06:00,58,3,298,5.137931034482759,560.86,9.67,56,0.0,0,690,35,230.0,8.75,4,3,2,Loyal Customers,0.0761,Low Risk
17234,2011-06-10 11:20:00,2011-06-10 11:20:00,14,1,55,3.928571428571429,149.89,10.706428571428573,14,0.0,1,1,183,1.0,91.5,3,2,1,Needs Attention,0.8964,High Risk
17235,2010-06-04 17:01:00,2011-11-14 15:51:00,89,8,845,9.49438202247191,1562.98,17.561573033707866,52,0.0,0,528,25,66.0,2.78,4,5,4,Champions,0.38,Medium Risk
17236,2010-03-07 13:00:00,2011-11-27 12:00:00,158,12,804,5.0886075949367084,1929.26,12.210506329113924,123,0.4177215189873418,0,630,13,52.5,1.0,5,5,4,Champions,0.0854,Low Risk
17237,2010-11-23 11:45:00,2011-11-28 15:02:00,79,4,414,5.2405063291139244,994.13,12.58392405063291,76,0.0,0,371,11,92.8,2.2,5,4,3,Champions,0.4511,Medium Risk
17238,2009-12-01 10:59:00,2011-12-07 11:35:00,1139,32,3555,3.1211589113257245,7331.67,6.436935908691835,486,0.0,0,737,3,23.0,0.09,5,5,5,Champions,0.0264,Low Risk
17239,2010-07-01 10:53:00,2011-01-31 09:41:00,32,4,515,16.09375,1189.45,37.1703125,18,0.21875,1,214,313,53.5,62.6,2,4,3,At Risk,0.7025,High Risk
17240,2010-04-22 15:44:00,2010-04-22 15:44:00,7,1,108,15.428571428571429,130.6,18.65714285714285,7,0.0,1,1,596,1.0,298.0,1,2,1,Lost / Inactive,0.7736,High Risk
17241,2010-02-15 14:47:00,2010-11-19 13:01:00,170,12,859,5.052941176470588,2736.64,16.097882352941177,116,0.0,1,277,385,23.1,29.62,2,5,4,At Risk,0.508,Medium Risk
17242,2010-01-24 10:27:00,2011-08-23 14:55:00,84,5,1459,17.36904761904762,2889.28,34.39619047619048,44,0.5,1,577,108,115.4,18.0,3,4,4,Loyal Customers,0.4519,Medium Risk
17243,2009-12-01 15:36:00,2011-12-08 13:26:00,1073,69,7932,7.392357875116496,20203.58,18.8290587138863,359,0.4902143522833178,0,737,1,10.7,0.01,5,5,5,Champions,0.0122,Low Risk
17244,2009-12-06 11:27:00,2011-10-17 15:19:00,120,5,1419,11.825,1826.04,15.217,109,0.7416666666666667,0,681,53,136.2,8.83,4,4,4,Champions,0.057,Low Risk
17245,2010-01-19 15:39:00,2011-05-19 10:43:00,25,2,307,12.28,371.63,14.8652,24,0.0,1,485,205,242.5,68.33,2,3,2,At Risk,0.5274,Medium Risk
17246,2009-12-01 17:45:00,2010-06-11 12:36:00,6,2,36,6.0,38.92,6.486666666666667,6,0.0,1,192,547,96.0,182.33,1,3,1,At Risk,0.7684,High Risk
17247,2011-11-24 15:21:00,2011-11-24 15:21:00,54,1,105,1.9444444444444444,280.09,5.186851851851851,53,0.0,0,1,15,1.0,7.5,5,2,1,Promising / New,0.7712,High Risk
17248,2010-08-15 11:55:00,2011-08-11 13:34:00,104,2,276,2.6538461538461537,500.54,4.812884615384616,85,0.3365384615384615,1,362,120,181.0,40.0,3,3,2,Loyal Customers,0.447,Medium Risk
17249,2010-10-07 11:33:00,2010-10-07 11:33:00,27,1,79,2.925925925925926,68.03,2.51962962962963,27,0.0,1,1,429,1.0,214.5,1,2,1,Lost / Inactive,0.6483,Medium Risk
17250,2011-03-23 16:45:00,2011-12-06 12:15:00,56,2,167,2.982142857142857,381.97,6.820892857142858,55,0.0,0,258,4,129.0,1.33,5,3,2,Loyal Customers,0.6204,Medium Risk
17251,2009-12-15 10:36:00,2010-12-12 11:06:00,78,3,377,4.833333333333333,798.98,10.243333333333334,65,0.4743589743589743,1,363,363,121.0,90.75,2,3,3,At Risk,0.4711,Medium Risk
17252,2011-06-06 16:41:00,2011-08-15 09:45:00,86,2,192,2.232558139534884,348.91,4.057093023255813,86,0.0,1,70,117,35.0,39.0,3,3,2,Loyal Customers,0.7125,High Risk
17253,2011-11-21 12:59:00,2011-11-21 12:59:00,18,1,43,2.388888888888889,178.26,9.903333333333332,18,0.0,0,1,18,1.0,9.0,5,2,1,Promising / New,0.864,High Risk
17254,2010-11-03 14:00:00,2011-12-05 12:46:00,147,3,397,2.700680272108844,469.48,3.19374149659864,129,0.0,0,397,5,132.3,1.25,5,3,2,Loyal Customers,0.2551,Low Risk
17255,2010-09-19 15:53:00,2011-10-30 12:18:00,182,4,583,3.2032967032967035,781.7,4.295054945054945,163,1.0,0,406,41,101.5,8.2,4,4,3,Champions,0.3274,Low Risk
17256,2010-04-18 13:40:00,2011-08-24 13:30:00,31,5,299,9.64516129032258,498.93,16.094516129032257,20,0.4838709677419355,1,493,107,98.6,17.83,3,4,2,Loyal Customers,0.6268,Medium Risk
17257,2010-09-29 12:49:00,2010-09-29 12:51:00,14,2,187,13.357142857142858,189.78,13.555714285714286,14,0.0,1,1,436,0.5,145.33,1,3,1,At Risk,0.7205,High Risk
17258,2010-02-12 15:51:00,2010-11-08 12:37:00,55,2,188,3.418181818181818,417.3,7.587272727272728,46,0.0,1,269,397,134.5,132.33,2,3,2,At Risk,0.7186,High Risk
17259,2010-02-22 13:38:00,2011-07-14 15:01:00,230,6,844,3.669565217391305,1452.39,6.314739130434783,179,0.0,1,508,148,84.7,21.14,3,4,4,Loyal Customers,0.3674,Medium Risk
17260,2010-10-24 13:21:00,2010-10-24 13:21:00,6,1,23,3.8333333333333335,120.95,20.15833333333333,6,1.0,1,1,411,1.0,205.5,1,2,1,Lost / Inactive,0.9045,High Risk
17261,2010-07-18 11:49:00,2010-07-18 11:49:00,43,1,95,2.2093023255813957,221.59,5.153255813953488,43,1.0,1,1,510,1.0,255.0,1,2,1,Lost / Inactive,0.8043,High Risk
17262,2009-12-15 11:26:00,2011-10-18 12:56:00,19,11,635,33.421052631578945,2488.76,130.98736842105265,12,0.0,0,673,52,61.2,4.33,4,5,4,Champions,0.0459,Low Risk
17263,2011-05-15 14:32:00,2011-05-15 14:32:00,23,1,36,1.565217391304348,63.440000000000005,2.758260869565217,23,1.0,1,1,208,1.0,104.0,2,2,1,Lost / Inactive,0.8501,High Risk
17264,2010-10-11 12:52:00,2010-10-11 12:52:00,74,1,217,2.9324324324324325,268.28,3.625405405405405,70,0.0,1,1,424,1.0,212.0,1,2,1,Lost / Inactive,0.7326,High Risk
17265,2011-06-12 12:00:00,2011-07-24 10:49:00,122,2,389,3.1885245901639343,550.01,4.50827868852459,106,1.0,1,42,139,21.0,46.33,3,3,2,Loyal Customers,0.4675,Medium Risk
17266,2010-03-09 10:42:00,2011-12-07 14:12:00,119,5,243,2.042016806722689,501.72,4.216134453781513,95,0.0,0,639,2,127.8,0.33,5,4,2,Champions,0.0899,Low Risk
17267,2011-08-04 17:19:00,2011-08-04 17:22:00,37,2,158,4.27027027027027,317.2,8.572972972972973,37,0.0,1,1,127,0.5,42.33,3,3,2,Loyal Customers,0.79,High Risk
17268,2009-12-08 11:46:00,2011-08-24 10:06:00,30,11,1395,46.5,1733.89,57.79633333333333,26,0.0333333333333333,1,624,108,56.7,9.0,3,5,4,Loyal Customers,0.2315,Low Risk
17269,2010-11-19 11:12:00,2010-11-19 11:12:00,125,1,314,2.512,491.81,3.93448,110,0.0,1,1,386,1.0,193.0,2,2,2,Lost / Inactive,0.7078,High Risk
17270,2009-12-07 17:18:00,2010-08-27 14:09:00,48,2,420,8.75,601.45,12.530208333333334,45,0.0,1,263,469,131.5,156.33,1,3,2,At Risk,0.6624,Medium Risk
17271,2009-12-03 13:49:00,2009-12-03 13:49:00,48,1,113,2.3541666666666665,204.3,4.2562500000000005,46,0.0,1,1,736,1.0,368.0,1,2,1,Lost / Inactive,0.8216,High Risk
17272,2011-03-22 12:05:00,2011-10-28 16:37:00,114,4,1778,15.596491228070176,2148.63,18.847631578947368,70,0.0,0,221,42,55.2,8.4,4,4,4,Champions,0.5093,Medium Risk
17273,2010-10-11 15:57:00,2010-10-11 15:57:00,12,1,133,11.083333333333334,141.12,11.76,12,0.0,1,1,424,1.0,212.0,1,2,1,Lost / Inactive,0.7159,High Risk
17274,2010-11-09 12:06:00,2011-11-04 13:16:00,77,2,271,3.51948051948052,573.22,7.444415584415585,76,0.0,0,361,35,180.5,11.67,4,3,2,Loyal Customers,0.3328,Low Risk
17275,2010-11-21 13:26:00,2010-11-21 13:26:00,23,1,71,3.0869565217391304,114.1,4.960869565217391,23,1.0,1,1,383,1.0,191.5,2,2,1,Lost / Inactive,0.8191,High Risk
17276,2010-11-02 16:20:00,2010-11-02 16:20:00,53,1,187,3.5283018867924527,502.49,9.480943396226415,50,0.0,1,1,402,1.0,201.0,2,2,2,Lost / Inactive,0.7373,High Risk
17277,2011-01-21 12:37:00,2011-04-26 12:47:00,69,2,430,6.231884057971015,1065.35,15.439855072463766,67,0.0,1,96,228,48.0,76.0,2,3,3,At Risk,0.6532,Medium Risk
17278,2010-05-23 13:49:00,2011-04-12 13:10:00,17,2,195,11.470588235294118,271.24,15.95529411764706,17,0.1176470588235294,1,324,241,162.0,80.33,2,3,1,At Risk,0.6727,Medium Risk
17279,2011-10-13 11:58:00,2011-10-13 11:58:00,9,1,48,5.333333333333333,187.83,20.87,8,0.0,0,1,58,1.0,29.0,4,2,1,Promising / New,0.8098,High Risk
17280,2010-09-27 16:46:00,2010-09-27 16:46:00,6,1,74,12.333333333333334,118.86,19.81,6,0.0,1,1,438,1.0,219.0,1,2,1,Lost / Inactive,0.7633,High Risk
17281,2010-02-04 13:00:00,2010-11-30 18:05:00,6,6,295,49.16666666666666,797.85,132.975,2,0.0,1,300,374,50.0,53.43,2,4,3,At Risk,0.7296,High Risk
17282,2010-06-09 12:07:00,2011-08-01 14:29:00,204,5,2332,11.431372549019608,2308.54,11.316372549019608,168,0.4117647058823529,1,419,130,83.8,21.67,3,4,4,Loyal Customers,0.4682,Medium Risk
17283,2010-11-26 11:53:00,2010-11-26 11:53:00,15,1,179,11.933333333333334,188.46,12.564,15,0.0,1,1,379,1.0,189.5,2,2,1,Lost / Inactive,0.6881,Medium Risk
17284,2010-09-20 16:18:00,2011-10-10 14:38:00,373,8,2069,5.546916890080429,2788.06,7.474691689008043,285,0.0268096514745308,0,385,60,48.1,6.67,3,5,4,Loyal Customers,0.2825,Low Risk
17285,2010-02-14 14:10:00,2010-03-21 13:38:00,44,2,134,3.0454545454545454,407.94,9.271363636363636,41,1.0,1,35,628,17.5,209.33,1,3,2,At Risk,0.7373,High Risk
17286,2010-11-04 13:43:00,2011-11-18 12:47:00,90,3,368,4.088888888888889,389.18,4.324222222222223,89,0.0,0,379,22,126.3,5.5,4,3,2,Loyal Customers,0.2647,Low Risk
17287,2009-12-03 12:45:00,2011-11-13 13:27:00,463,21,1955,4.222462203023758,3826.86,8.265356371490281,279,0.1468682505399568,0,711,26,33.9,1.18,4,5,5,Champions,0.0142,Low Risk
17288,2010-11-10 14:44:00,2011-11-30 16:09:00,288,11,1699,5.899305555555555,2468.43,8.5709375,233,0.8645833333333334,0,386,9,35.1,0.75,5,5,4,Champions,0.2879,Low Risk
17289,2010-03-08 12:52:00,2011-11-08 12:01:00,266,9,1237,4.650375939849624,2041.8,7.67593984962406,202,0.518796992481203,0,610,32,67.8,3.2,4,5,4,Champions,0.1104,Low Risk
17290,2009-12-13 13:28:00,2011-12-06 12:38:00,196,8,1139,5.811224489795919,1487.96,7.591632653061224,184,0.0153061224489795,0,723,4,90.4,0.44,5,5,4,Champions,0.0237,Low Risk
17291,2011-02-04 13:04:00,2011-02-04 13:04:00,1,1,72,72.0,550.8,550.8,1,0.0,1,1,308,1.0,154.0,2,2,2,Lost / Inactive,0.7806,High Risk
17292,2010-05-09 14:52:00,2010-08-24 17:14:00,15,2,131,8.733333333333333,271.75,18.116666666666667,14,0.4,1,108,472,54.0,157.33,1,3,1,At Risk,0.7354,High Risk
17293,2009-12-03 15:09:00,2011-12-01 14:37:00,241,17,2228,9.244813278008298,3750.63,15.562780082987553,148,0.0,0,728,8,42.8,0.44,5,5,5,Champions,0.0114,Low Risk
17294,2010-02-08 14:21:00,2010-02-08 16:12:00,17,2,297,17.470588235294116,467.79,27.51705882352941,17,0.0,1,1,669,0.5,223.0,1,3,2,At Risk,0.7498,High Risk
17295,2011-10-06 12:22:00,2011-11-11 10:49:00,68,3,293,4.3088235294117645,547.0,8.044117647058824,53,0.0,0,36,29,12.0,7.25,4,3,2,Loyal Customers,0.5009,Medium Risk
17296,2009-12-09 14:01:00,2009-12-09 14:01:00,33,1,216,6.545454545454546,338.13,10.246363636363636,32,0.0,1,1,730,1.0,365.0,1,2,2,Lost / Inactive,0.7338,High Risk
17297,2011-11-22 14:43:00,2011-11-22 14:43:00,49,1,65,1.326530612244898,128.18,2.615918367346939,49,0.0,0,1,17,1.0,8.5,5,2,1,Promising / New,0.489,Medium Risk
17298,2010-03-08 08:56:00,2011-08-30 16:43:00,69,5,852,12.347826086956522,954.26,13.829855072463769,61,0.0579710144927536,1,541,101,108.2,16.83,3,4,3,Loyal Customers,0.4076,Medium Risk
17299,2010-08-15 16:00:00,2011-11-28 12:01:00,113,6,919,8.132743362831858,993.23,8.789646017699114,96,0.9026548672566372,0,470,12,78.3,1.71,5,4,3,Champions,0.6125,Medium Risk
17300,2010-08-15 11:02:00,2010-11-14 10:56:00,44,2,467,10.613636363636363,393.64,8.946363636363635,37,1.0,1,91,391,45.5,130.33,2,3,2,At Risk,0.6504,Medium Risk
17301,2010-03-25 13:16:00,2011-11-18 13:43:00,113,2,216,1.9115044247787607,294.39,2.605221238938053,107,0.0,0,604,21,302.0,7.0,4,3,2,Loyal Customers,0.1618,Low Risk
17302,2011-02-07 10:14:00,2011-11-25 09:36:00,79,5,575,7.2784810126582276,1135.63,14.375063291139242,68,0.3037974683544304,0,291,15,58.2,2.5,5,4,3,Champions,0.6001,Medium Risk
17303,2010-12-13 13:32:00,2010-12-13 13:32:00,53,1,144,2.7169811320754715,250.04,4.717735849056604,53,0.0,1,1,361,1.0,180.5,2,2,1,Lost / Inactive,0.7732,High Risk
17304,2010-06-23 16:23:00,2010-06-23 16:23:00,5,1,73,14.6,111.5,22.3,5,0.0,1,1,534,1.0,267.0,1,2,1,Lost / Inactive,0.7721,High Risk
17305,2010-03-01 12:47:00,2010-03-01 12:47:00,9,1,1006,111.77777777777776,2135.46,237.2733333333333,9,0.0,1,1,649,1.0,324.5,1,2,4,Lost / Inactive,0.7772,High Risk
17306,2010-11-01 11:38:00,2011-11-29 12:14:00,72,21,13747,190.93055555555557,9782.35,135.86597222222224,17,0.0,0,394,11,18.8,0.5,5,5,5,Champions,0.2697,Low Risk
17307,2010-01-19 16:38:00,2010-11-09 13:40:00,48,11,3667,76.39583333333333,3999.89,83.33104166666666,22,0.0,1,294,395,26.7,32.92,2,5,5,At Risk,0.5821,Medium Risk
17308,2010-09-13 09:35:00,2010-11-11 13:19:00,7,2,5148,735.4285714285714,4511.76,644.5371428571428,5,0.0,1,60,393,30.0,131.0,2,3,5,At Risk,0.744,High Risk
17309,2010-02-04 15:49:00,2011-09-05 15:20:00,36,3,181,5.027777777777778,320.39,8.899722222222222,33,0.0,1,578,95,192.7,23.75,3,3,2,Loyal Customers,0.4318,Medium Risk
17310,2010-06-23 11:38:00,2010-11-17 16:00:00,2,2,402,201.0,1025.1,512.55,1,0.0,1,148,387,74.0,129.0,2,3,3,At Risk,0.6945,Medium Risk
17311,2010-02-03 12:38:00,2011-09-22 14:11:00,127,6,2755,21.69291338582677,3566.56,28.08314960629921,124,0.0,0,597,78,99.5,11.14,3,4,5,Loyal Customers,0.1083,Low Risk
17312,2011-07-03 13:12:00,2011-07-24 11:52:00,14,3,372,26.571428571428573,644.3,46.021428571428565,11,0.7857142857142857,1,21,139,7.0,34.75,3,3,3,Loyal Customers,0.6103,Medium Risk
17313,2011-11-08 15:45:00,2011-11-08 15:45:00,24,1,1402,58.41666666666666,2328.84,97.035,24,0.0,0,1,31,1.0,15.5,4,2,4,Promising / New,0.7388,High Risk
17314,2009-12-03 11:25:00,2011-11-15 09:41:00,256,17,3663,14.30859375,4904.43,19.1579296875,200,0.04296875,0,712,25,41.9,1.39,4,5,5,Champions,0.0078,Low Risk
17315,2010-09-27 12:45:00,2011-12-08 12:15:00,747,43,5088,6.811244979919679,9599.58,12.850843373493976,385,0.0495314591700133,0,437,2,10.2,0.05,5,5,5,Champions,0.1321,Low Risk
17316,2010-10-15 14:35:00,2010-10-15 14:35:00,35,1,44,1.2571428571428571,124.45,3.5557142857142856,35,0.0,1,1,420,1.0,210.0,1,2,1,Lost / Inactive,0.8778,High Risk
17317,2011-09-11 12:45:00,2011-10-24 17:19:00,9,3,1146,127.33333333333331,2600.34,288.9266666666667,8,0.7777777777777778,0,44,46,14.7,11.5,4,3,4,Loyal Customers,0.4644,Medium Risk
17318,2009-12-14 13:11:00,2009-12-14 13:11:00,17,1,59,3.4705882352941178,157.32999999999998,9.25470588235294,17,0.0,1,1,725,1.0,362.5,1,2,1,Lost / Inactive,0.8909,High Risk
17319,2010-02-08 15:47:00,2010-02-08 15:47:00,3,1,14,4.666666666666667,29.1,9.7,3,0.0,1,1,669,1.0,334.5,1,2,1,Lost / Inactive,0.8886,High Risk
17320,2010-01-21 16:29:00,2011-08-31 13:31:00,152,6,1182,7.776315789473684,2444.85,16.08453947368421,86,0.1710526315789473,1,587,100,97.8,14.29,3,4,4,Loyal Customers,0.2667,Low Risk
17321,2010-05-11 12:10:00,2011-12-01 13:41:00,271,6,790,2.915129151291513,1665.21,6.144686346863469,241,0.0,0,570,8,95.0,1.14,5,4,4,Champions,0.196,Low Risk
17322,2009-12-03 11:46:00,2010-11-28 14:41:00,177,5,631,3.564971751412429,922.59,5.2123728813559325,115,0.3728813559322034,1,361,376,72.2,62.67,2,4,3,At Risk,0.5793,Medium Risk
17323,2010-01-10 11:58:00,2011-11-24 17:29:00,331,12,1426,4.308157099697885,1551.04,4.685921450151057,168,0.6827794561933535,0,684,15,57.0,1.15,5,5,4,Champions,0.0473,Low Risk
17324,2009-12-18 15:29:00,2011-11-22 10:34:00,145,12,1485,10.241379310344827,2171.07,14.97289655172414,111,0.0,0,704,18,58.7,1.38,5,5,4,Champions,0.0157,Low Risk
17325,2010-03-08 11:31:00,2011-03-04 13:09:00,39,3,465,11.923076923076923,609.5699999999999,15.63,39,0.0,1,362,280,120.7,70.0,2,3,3,At Risk,0.4931,Medium Risk
17326,2010-06-28 14:05:00,2010-10-27 15:38:00,86,2,136,1.5813953488372092,312.35,3.631976744186047,82,0.0,1,122,408,61.0,136.0,2,3,2,At Risk,0.7395,High Risk
17327,2010-05-26 11:20:00,2010-10-26 09:54:00,4,2,59,14.75,152.35,38.0875,3,0.0,1,153,410,76.5,136.67,2,3,1,At Risk,0.7125,High Risk
17328,2010-02-04 17:11:00,2010-02-04 17:11:00,6,1,86,14.333333333333334,104.7,17.45,6,0.0,1,1,673,1.0,336.5,1,2,1,Lost / Inactive,0.7757,High Risk
17329,2009-12-03 16:09:00,2011-11-25 14:24:00,104,5,430,4.134615384615385,998.53,9.60125,80,0.0,0,722,14,144.4,2.33,5,4,3,Champions,0.0646,Low Risk
17330,2010-03-02 09:20:00,2011-11-17 08:56:00,8,4,122,15.25,423.8,52.975,7,0.125,0,625,23,156.2,4.6,4,4,2,Champions,0.1747,Low Risk
17331,2011-08-08 11:55:00,2011-08-08 11:55:00,1,1,16,16.0,175.2,175.2,1,0.0,1,1,124,1.0,62.0,3,2,1,Needs Attention,0.8467,High Risk
17332,2010-02-21 14:41:00,2010-06-29 16:10:00,95,5,794,8.357894736842105,838.27,8.823894736842105,82,0.7368421052631579,1,129,528,25.8,88.0,1,4,3,At Risk,0.5105,Medium Risk
17333,2011-09-15 10:11:00,2011-09-15 10:11:00,28,1,375,13.392857142857142,494.25,17.651785714285715,28,0.0,0,1,86,1.0,43.0,3,2,2,Needs Attention,0.6432,Medium Risk
17334,2010-10-29 12:16:00,2011-02-10 14:59:00,31,3,566,18.258064516129032,635.15,20.488709677419354,20,0.0,1,105,302,35.0,75.5,2,3,3,At Risk,0.7039,High Risk
17335,2010-01-24 11:15:00,2010-11-21 10:17:00,36,2,210,5.833333333333333,497.04,13.806666666666668,34,1.0,1,301,384,150.5,128.0,2,3,2,At Risk,0.7575,High Risk
17336,2010-08-24 15:37:00,2010-08-24 15:37:00,1,1,48,48.0,81.12,81.12,1,0.0,1,1,472,1.0,236.0,1,2,1,Lost / Inactive,0.8401,High Risk
17337,2011-02-02 17:06:00,2011-07-11 14:55:00,521,4,1247,2.3934740882917467,1981.06,3.802418426103647,421,0.291746641074856,1,159,151,39.8,30.2,3,4,4,Loyal Customers,0.4499,Medium Risk
17338,2010-03-10 16:09:00,2011-11-22 14:23:00,1305,17,5780,4.42911877394636,11889.33,9.110597701149423,590,0.0,0,622,17,36.6,0.94,5,5,5,Champions,0.1197,Low Risk
17339,2010-07-18 13:08:00,2011-09-06 13:29:00,10,3,172,17.2,302.36,30.236,10,0.1,1,416,94,138.7,23.5,3,3,2,Loyal Customers,0.579,Medium Risk
17340,2010-02-14 14:54:00,2011-11-10 10:45:00,678,18,9497,14.007374631268435,19617.95,28.93502949852508,322,0.1873156342182891,0,634,30,35.2,1.58,4,5,5,Champions,0.0576,Low Risk
17341,2010-06-17 18:17:00,2011-07-06 12:33:00,219,5,831,3.7945205479452055,1272.21,5.809178082191781,200,0.0,1,384,157,76.8,26.17,3,4,4,Loyal Customers,0.4626,Medium Risk
17342,2010-02-08 09:16:00,2010-11-25 11:07:00,35,4,521,14.885714285714286,1227.54,35.07257142857143,31,0.0,1,291,380,72.8,76.0,2,4,4,At Risk,0.6718,Medium Risk
17343,2009-12-03 18:30:00,2010-12-19 15:07:00,80,6,454,5.675,1259.94,15.74925,61,0.6625,1,381,355,63.5,50.71,2,4,4,At Risk,0.5647,Medium Risk
17344,2009-12-11 12:31:00,2011-10-24 12:56:00,67,2,200,2.985074626865672,457.36,6.826268656716418,64,0.0,0,683,46,341.5,15.33,4,3,2,Loyal Customers,0.0975,Low Risk
17345,2009-12-01 16:17:00,2011-11-24 15:03:00,209,10,2008,9.607655502392344,1586.63,7.591531100478468,174,0.0,0,723,15,72.3,1.36,5,5,4,Champions,0.0327,Low Risk
17346,2010-04-18 12:18:00,2011-12-06 12:18:00,923,26,3439,3.725893824485374,4998.61,5.415612134344529,517,0.1159263271939328,0,598,4,23.0,0.15,5,5,5,Champions,0.094,Low Risk
17347,2011-09-14 13:12:00,2011-09-14 13:12:00,1,1,216,216.0,228.96,228.96,1,0.0,0,1,86,1.0,43.0,3,2,1,Needs Attention,0.7453,High Risk
17348,2010-03-10 12:13:00,2011-11-25 11:25:00,443,9,2766,6.243792325056433,2442.29,5.513069977426636,326,0.0,0,625,15,69.4,1.5,5,5,4,Champions,0.0492,Low Risk
17349,2010-03-18 14:26:00,2011-06-13 14:29:00,85,5,772,9.08235294117647,772.41,9.087176470588236,74,0.0,1,453,179,90.6,29.83,3,4,3,Loyal Customers,0.5978,Medium Risk
17350,2010-02-01 15:38:00,2011-12-01 15:47:00,143,7,1178,8.237762237762238,1893.7,13.242657342657344,124,0.0,0,669,8,95.6,1.0,5,4,4,Champions,0.0366,Low Risk
17351,2009-12-10 18:43:00,2011-11-03 18:45:00,69,12,383,5.550724637681159,1988.23,28.814927536231885,45,0.0144927536231884,0,694,36,57.8,2.77,4,5,4,Champions,0.0772,Low Risk
17352,2010-01-12 16:13:00,2010-01-12 16:13:00,5,1,15,3.0,36.25,7.25,5,0.0,1,1,696,1.0,348.0,1,2,1,Lost / Inactive,0.9037,High Risk
17353,2010-03-25 12:52:00,2011-08-02 17:19:00,14,4,2168,154.85714285714286,3242.0,231.57142857142856,7,0.0,1,496,129,124.0,25.8,3,4,5,Loyal Customers,0.7055,High Risk
17354,2010-10-07 13:22:00,2011-10-20 10:34:00,101,4,2531,25.059405940594058,3133.96,31.02930693069307,85,0.0,0,378,51,94.5,10.2,4,4,5,Champions,0.3856,Medium Risk
17355,2010-11-18 13:18:00,2010-11-18 13:18:00,33,1,249,7.545454545454546,273.31,8.282121212121211,28,0.0,1,1,386,1.0,193.0,2,2,1,Lost / Inactive,0.7111,High Risk
17356,2010-01-20 12:14:00,2011-02-01 11:07:00,86,5,925,10.755813953488373,946.47,11.00546511627907,73,0.0,1,377,312,75.4,52.0,2,4,3,At Risk,0.5549,Medium Risk
17357,2011-11-15 16:29:00,2011-11-15 16:30:00,44,2,152,3.4545454545454546,384.39,8.736136363636364,41,0.0,0,1,24,0.5,8.0,4,3,2,Loyal Customers,0.7086,High Risk
17358,2010-02-24 16:42:00,2011-02-09 16:57:00,146,5,430,2.9452054794520546,861.01,5.897328767123288,126,0.7945205479452054,1,351,303,70.2,50.5,2,4,3,At Risk,0.619,Medium Risk
17359,2010-03-01 14:48:00,2011-11-28 14:37:00,38,2,237,6.2368421052631575,284.46,7.48578947368421,36,0.0,0,637,11,318.5,3.67,5,3,1,Loyal Customers,0.1227,Low Risk
17360,2010-10-01 12:07:00,2011-11-22 13:11:00,229,6,624,2.7248908296943237,1200.51,5.242401746724891,189,0.0,0,418,17,69.7,2.43,5,4,3,Champions,0.4255,Medium Risk
17361,2010-02-01 14:30:00,2011-10-21 15:43:00,57,5,380,6.666666666666667,871.7900000000001,15.294561403508771,51,0.0,0,628,49,125.6,8.17,4,4,3,Champions,0.1097,Low Risk
17362,2010-01-06 10:53:00,2011-04-14 14:43:00,144,7,549,3.8125,1024.04,7.1113888888888885,99,0.0,1,464,239,66.3,29.88,2,4,3,At Risk,0.5621,Medium Risk
17363,2010-11-02 17:25:00,2010-11-09 17:11:00,35,3,499,14.257142857142858,920.46,26.298857142857145,34,0.0,1,7,395,2.3,98.75,2,3,3,At Risk,0.614,Medium Risk
17364,2009-12-07 15:28:00,2011-12-09 09:00:00,904,28,7464,8.256637168141593,11972.92,13.244380530973451,513,0.0486725663716814,0,732,1,26.1,0.03,5,5,5,Champions,0.013,Low Risk
17365,2010-02-01 11:56:00,2011-11-27 12:13:00,794,15,8015,10.094458438287154,8184.49,10.30792191435768,395,0.0667506297229219,0,665,13,44.3,0.81,5,5,5,Champions,0.0049,Low Risk
17366,2010-09-09 19:46:00,2010-10-03 16:04:00,131,2,504,3.84732824427481,1077.24,8.22320610687023,120,0.4351145038167939,1,24,432,12.0,144.0,1,3,3,At Risk,0.4672,Medium Risk
17367,2011-04-15 14:21:00,2011-04-15 14:21:00,33,1,149,4.515151515151516,167.54999999999998,5.077272727272727,33,0.0,1,1,238,1.0,119.0,2,2,1,Lost / Inactive,0.7484,High Risk
17368,2009-12-15 17:45:00,2011-11-16 15:26:00,226,14,2319,10.261061946902656,2758.29,12.204823008849557,195,0.168141592920354,0,701,23,50.1,1.53,4,5,4,Champions,0.0087,Low Risk
17369,2010-09-10 09:49:00,2010-09-10 09:49:00,1,1,1152,1152.0,979.2,979.2,1,0.0,1,1,456,1.0,228.0,1,2,3,Lost / Inactive,0.8001,High Risk
17370,2011-06-23 11:50:00,2011-09-28 10:14:00,33,4,540,16.363636363636363,446.18,13.52060606060606,31,0.0,0,97,73,24.2,14.6,3,4,2,Loyal Customers,0.5832,Medium Risk
17371,2009-12-08 12:25:00,2011-11-22 13:30:00,144,6,281,1.9513888888888888,655.37,4.551180555555556,135,0.0,0,715,17,119.2,2.43,5,4,3,Champions,0.0666,Low Risk
17372,2009-12-03 18:41:00,2011-10-30 11:37:00,648,28,1863,2.875,4347.31,6.708811728395062,412,0.6496913580246914,0,696,41,24.9,1.41,4,5,5,Champions,0.0175,Low Risk
17373,2010-02-28 14:17:00,2011-10-30 15:28:00,91,7,738,8.10989010989011,1167.5,12.82967032967033,65,0.4505494505494505,0,610,40,87.1,5.0,4,4,3,Champions,0.1116,Low Risk
17374,2010-11-09 17:14:00,2011-05-05 09:05:00,42,3,155,3.690476190476191,727.11,17.312142857142856,34,0.0,1,177,219,59.0,54.75,2,3,3,At Risk,0.751,High Risk
17375,2010-10-04 09:14:00,2011-05-24 15:45:00,86,4,480,5.5813953488372094,660.55,7.6808139534883715,77,0.0,1,233,199,58.2,39.8,2,4,3,At Risk,0.6439,Medium Risk
17376,2010-07-05 11:11:00,2011-09-30 12:36:00,55,4,244,4.4363636363636365,453.64,8.248,41,0.1636363636363636,0,453,71,113.2,14.2,3,4,2,Loyal Customers,0.4562,Medium Risk
17377,2009-12-02 12:39:00,2011-11-16 11:17:00,1712,78,7335,4.28446261682243,17644.27,10.306232476635516,505,0.1302570093457944,0,714,24,9.2,0.3,4,5,5,Champions,0.0313,Low Risk
17378,2010-11-30 18:46:00,2010-11-30 18:46:00,1,1,1,1.0,10.95,10.95,1,0.0,1,1,374,1.0,187.0,2,2,1,Lost / Inactive,0.9218,High Risk
17379,2011-11-28 13:56:00,2011-11-28 13:56:00,78,1,623,7.987179487179487,389.72,4.996410256410257,71,0.0,0,1,11,1.0,5.5,5,2,2,Promising / New,0.4524,Medium Risk
17380,2010-06-23 11:24:00,2010-10-01 16:42:00,10,3,252,25.2,645.0,64.5,5,0.0,1,101,434,33.7,108.5,1,3,3,At Risk,0.7399,High Risk
17381,2010-06-09 12:55:00,2011-12-01 11:59:00,163,38,42879,263.06134969325154,36398.65,223.30460122699387,50,0.0613496932515337,0,540,9,14.2,0.23,5,5,5,Champions,0.2156,Low Risk
17382,2010-05-19 11:33:00,2011-10-05 13:05:00,18,8,457,25.38888888888889,902.28,50.126666666666665,16,0.0,0,505,65,63.1,7.22,3,5,3,Loyal Customers,0.5498,Medium Risk
17383,2010-09-12 14:54:00,2011-12-05 17:36:00,51,2,160,3.1372549019607843,304.09000000000003,5.9625490196078434,51,0.0392156862745098,0,450,4,225.0,1.33,5,3,2,Loyal Customers,0.3483,Low Risk
17384,2010-08-29 16:01:00,2011-11-20 15:48:00,20,3,121,6.05,507.55,25.3775,15,0.85,0,448,19,149.3,4.75,5,3,2,Loyal Customers,0.5225,Medium Risk
17385,2011-11-25 11:02:00,2011-11-25 11:02:00,45,1,197,4.377777777777778,256.11,5.691333333333334,42,0.0,0,1,15,1.0,7.5,5,2,1,Promising / New,0.727,High Risk
17386,2010-11-19 13:40:00,2011-12-02 11:28:00,38,7,1955,51.44736842105263,2812.77,74.02026315789473,32,0.0,0,378,8,54.0,1.0,5,4,4,Champions,0.398,Medium Risk
17387,2011-11-06 11:25:00,2011-11-20 11:00:00,76,2,522,6.868421052631579,746.81,9.826447368421052,71,1.0,0,14,20,7.0,6.67,4,3,3,Loyal Customers,0.432,Medium Risk
17388,2009-12-10 11:45:00,2011-09-23 10:31:00,55,11,2555,46.45454545454545,2675.37,48.64309090909091,41,0.2,0,652,78,59.3,6.5,3,5,4,Loyal Customers,0.0486,Low Risk
17389,2009-12-04 12:06:00,2011-12-09 09:38:00,429,61,17880,41.67832167832168,57215.33,133.3690675990676,63,0.0862470862470862,0,735,1,12.0,0.02,5,5,5,Champions,0.007,Low Risk
17390,2010-10-15 11:29:00,2010-10-15 11:29:00,12,1,49,4.083333333333333,149.3,12.441666666666668,12,0.0,1,1,421,1.0,210.5,1,2,1,Lost / Inactive,0.8936,High Risk
17391,2011-06-28 12:21:00,2011-06-29 09:58:00,3,2,480,160.0,508.8,169.6,2,0.0,1,1,164,0.5,54.67,3,3,2,Loyal Customers,0.7319,High Risk
17392,2010-09-15 16:17:00,2011-02-06 12:48:00,70,3,450,6.428571428571429,585.92,8.370285714285714,66,0.1857142857142857,1,144,307,48.0,76.75,2,3,2,At Risk,0.6092,Medium Risk
17393,2010-08-08 15:53:00,2010-10-25 11:10:00,48,2,238,4.958333333333333,381.15,7.940625000000001,45,0.5625,1,78,411,39.0,137.0,1,3,2,At Risk,0.7118,High Risk
17394,2011-05-04 13:22:00,2011-05-04 13:22:00,4,1,241,60.25,203.87,50.9675,4,0.0,1,1,219,1.0,109.5,2,2,1,Lost / Inactive,0.7356,High Risk
17395,2010-07-19 15:34:00,2010-07-19 15:34:00,3,1,66,22.0,97.5,32.5,3,0.0,1,1,508,1.0,254.0,1,2,1,Lost / Inactive,0.7679,High Risk
17396,2010-09-24 13:04:00,2011-10-31 14:12:00,47,14,2313,49.212765957446805,8409.6,178.9276595744681,29,0.0,0,403,39,28.8,2.6,4,5,5,Champions,0.2757,Low Risk
17397,2010-10-19 13:20:00,2011-11-17 14:08:00,134,3,691,5.156716417910448,1198.28,8.942388059701493,132,0.0,0,395,22,131.7,5.5,4,3,3,Loyal Customers,0.3249,Low Risk
17398,2011-03-29 13:04:00,2011-08-17 09:48:00,38,3,310,8.157894736842104,653.38,17.19421052631579,30,0.0,1,141,115,47.0,28.75,3,3,3,Loyal Customers,0.6913,Medium Risk
17400,2009-12-17 15:41:00,2011-08-05 15:38:00,469,8,2185,4.658848614072495,4623.28,9.85773987206823,345,0.0,1,596,126,74.5,14.0,3,5,5,Loyal Customers,0.4058,Medium Risk
17401,2010-06-16 16:54:00,2010-06-16 16:54:00,12,1,34,2.833333333333333,114.85,9.570833333333333,11,0.0,1,1,541,1.0,270.5,1,2,1,Lost / Inactive,0.9098,High Risk
17402,2009-12-16 17:40:00,2011-12-05 10:15:00,178,23,1450,8.146067415730338,4635.56,26.04247191011236,105,0.4044943820224719,0,719,5,31.3,0.21,5,5,5,Champions,0.0175,Low Risk
17403,2010-09-15 12:29:00,2011-11-03 15:18:00,45,2,188,4.177777777777778,382.87,8.508222222222223,45,0.0,0,415,36,207.5,12.0,4,3,2,Loyal Customers,0.3789,Medium Risk
17404,2010-01-07 11:31:00,2011-12-05 16:26:00,292,23,50679,173.5582191780822,47781.12,163.63397260273973,126,0.0821917808219178,0,698,4,30.3,0.17,5,5,5,Champions,0.0154,Low Risk
17405,2011-07-12 14:17:00,2011-12-08 17:12:00,82,3,726,8.853658536585366,1031.41,12.57817073170732,77,0.0,0,150,1,50.0,0.25,5,3,3,Loyal Customers,0.5805,Medium Risk
17406,2009-12-06 13:45:00,2011-01-10 15:07:00,238,13,1847,7.760504201680672,4186.95,17.5922268907563,155,0.2941176470588235,1,401,333,30.8,23.79,2,5,5,At Risk,0.3356,Low Risk
17407,2010-10-24 11:57:00,2010-10-24 11:57:00,23,1,426,18.52173913043478,552.9,24.039130434782606,23,1.0,1,1,412,1.0,206.0,1,2,2,Lost / Inactive,0.6843,Medium Risk
17408,2010-07-13 14:02:00,2011-06-29 12:53:00,8,3,163,20.375,316.09,39.51125,7,0.0,1,351,163,117.0,40.75,3,3,2,Loyal Customers,0.7061,High Risk
17409,2009-12-11 12:17:00,2011-06-08 10:36:00,104,10,4089,39.31730769230769,7793.51,74.93759615384616,50,0.0,1,544,185,54.4,16.82,3,5,5,Loyal Customers,0.4439,Medium Risk
17410,2011-05-08 15:21:00,2011-11-23 15:46:00,64,5,616,9.625,1214.72,18.98,57,0.34375,0,200,16,40.0,2.67,5,4,3,Champions,0.551,Medium Risk
17411,2009-12-03 12:02:00,2011-11-27 14:25:00,75,5,608,8.106666666666667,1425.38,19.005066666666668,69,0.3333333333333333,0,725,12,145.0,2.0,5,4,4,Champions,0.0552,Low Risk
17412,2009-12-02 13:51:00,2011-12-07 11:36:00,228,16,2554,11.201754385964913,4220.22,18.509736842105266,161,0.1710526315789473,0,735,3,45.9,0.18,5,5,5,Champions,0.0064,Low Risk
17413,2010-05-19 11:11:00,2010-10-31 12:33:00,10,2,302,30.2,560.14,56.014,10,0.8,1,166,405,83.0,135.0,2,3,2,At Risk,0.7824,High Risk
17414,2009-12-03 16:49:00,2011-10-27 12:13:00,21,6,6256,297.9047619047619,2249.52,107.12,6,0.0,0,693,44,115.5,6.29,4,4,4,Champions,0.2034,Low Risk
17415,2011-09-21 12:50:00,2011-09-21 12:50:00,14,1,114,8.142857142857142,507.84,36.27428571428571,14,0.0,0,1,80,1.0,40.0,3,2,2,Needs Attention,0.7584,High Risk
17416,2009-12-14 16:29:00,2011-11-10 12:47:00,597,22,8769,14.688442211055277,17298.45,28.97562814070352,324,0.0,0,696,30,31.6,1.3,4,5,5,Champions,0.0046,Low Risk
17417,2010-06-09 10:00:00,2010-06-09 10:00:00,16,1,76,4.75,164.18,10.26125,16,0.0,1,1,549,1.0,274.5,1,2,1,Lost / Inactive,0.8819,High Risk
17418,2010-11-17 13:42:00,2011-10-28 13:00:00,42,3,521,12.404761904761903,670.06,15.953809523809522,40,0.0,0,345,42,115.0,10.5,4,3,3,Loyal Customers,0.5136,Medium Risk
17419,2010-01-25 13:19:00,2011-11-28 13:47:00,299,18,2884,9.645484949832776,6126.25,20.48913043478261,203,0.0,0,673,11,37.4,0.58,5,5,5,Champions,0.0057,Low Risk
17420,2010-11-03 13:09:00,2011-10-20 14:52:00,50,6,446,8.92,953.58,19.0716,43,0.14,0,352,50,58.7,7.14,4,4,3,Champions,0.5671,Medium Risk
17421,2009-12-04 15:43:00,2010-11-18 16:57:00,58,3,807,13.913793103448276,1059.41,18.265689655172416,46,0.0,1,350,386,116.7,96.5,2,3,3,At Risk,0.5475,Medium Risk
17422,2010-06-23 10:19:00,2011-11-23 13:27:00,205,11,3538,17.258536585365853,3594.76,17.535414634146342,149,0.1560975609756097,0,519,16,47.2,1.33,5,5,5,Champions,0.1975,Low Risk
17423,2010-11-11 12:26:00,2011-10-24 13:36:00,43,3,790,18.37209302325581,1118.95,26.022093023255817,39,0.0,0,348,46,116.0,11.5,4,3,3,Loyal Customers,0.5167,Medium Risk
17425,2011-10-10 11:37:00,2011-11-20 15:30:00,43,2,407,9.465116279069768,759.1700000000001,17.65511627906977,42,0.0232558139534883,0,42,19,21.0,6.33,5,3,3,Loyal Customers,0.4644,Medium Risk
17426,2010-02-17 13:39:00,2011-12-01 18:07:00,427,13,5187,12.147540983606556,8077.769999999999,18.91749414519906,248,0.0,0,653,8,50.2,0.57,5,5,5,Champions,0.0079,Low Risk
17427,2011-09-29 11:29:00,2011-09-29 11:29:00,2,1,34,17.0,100.8,50.4,2,0.0,0,1,72,1.0,36.0,3,2,1,Needs Attention,0.7762,High Risk
17428,2009-12-01 17:28:00,2011-12-09 09:45:00,720,45,17356,24.105555555555554,31466.76,43.70383333333333,422,0.0263888888888888,0,738,1,16.4,0.02,5,5,5,Champions,0.0158,Low Risk
17429,2010-10-06 12:30:00,2011-08-03 13:22:00,95,5,1286,13.536842105263158,1357.46,14.289052631578947,80,0.0,1,302,128,60.4,21.33,3,4,4,Loyal Customers,0.4951,Medium Risk
17430,2010-08-17 11:52:00,2011-11-07 09:24:00,37,4,455,12.297297297297296,622.5699999999999,16.826216216216213,30,0.0,0,447,33,111.8,6.6,4,4,3,Champions,0.5286,Medium Risk
17431,2011-01-30 14:36:00,2011-01-30 14:36:00,43,1,292,6.790697674418604,403.3,9.37906976744186,41,1.0,1,1,313,1.0,156.5,2,2,2,Lost / Inactive,0.7674,High Risk
17432,2009-12-03 19:13:00,2011-11-21 17:33:00,274,9,1008,3.678832116788321,1728.99,6.310182481751825,213,0.0,0,718,18,79.8,1.8,5,5,4,Champions,0.0133,Low Risk
17433,2010-11-19 13:37:00,2011-09-12 14:24:00,93,2,305,3.2795698924731185,569.96,6.128602150537635,81,0.0,0,298,88,149.0,29.33,3,3,2,Loyal Customers,0.59,Medium Risk
17434,2011-09-15 13:54:00,2011-12-07 13:16:00,134,7,1693,12.634328358208956,2373.82,17.715074626865672,100,0.0,0,83,2,11.9,0.25,5,4,4,Champions,0.3069,Low Risk
17435,2010-10-24 13:55:00,2010-10-24 13:55:00,15,1,195,13.0,331.35,22.09,15,1.0,1,1,411,1.0,205.5,1,2,2,Lost / Inactive,0.762,High Risk
17436,2009-12-07 12:31:00,2011-12-08 12:30:00,17,5,178,10.470588235294118,534.0600000000001,31.41529411764706,8,0.2352941176470588,0,731,2,146.2,0.33,5,4,2,Champions,0.0798,Low Risk
17437,2010-06-28 11:11:00,2010-06-28 11:11:00,52,1,283,5.4423076923076925,369.68,7.109230769230769,52,0.0,1,1,530,1.0,265.0,1,2,2,Lost / Inactive,0.7305,High Risk
17438,2010-03-08 16:53:00,2011-03-31 10:26:00,71,5,553,7.788732394366197,1422.77,20.03901408450704,49,0.0,1,388,254,77.6,42.33,2,4,4,At Risk,0.6055,Medium Risk
17439,2010-02-22 12:48:00,2010-02-22 12:48:00,8,1,370,46.25,325.74,40.7175,8,0.0,1,1,656,1.0,328.0,1,2,2,Lost / Inactive,0.7495,High Risk
17440,2010-06-08 14:40:00,2011-07-06 11:54:00,6,4,282,47.0,323.58,53.93,4,0.0,1,393,157,98.2,31.4,3,4,2,Loyal Customers,0.6985,Medium Risk
17441,2009-12-07 13:32:00,2009-12-07 13:32:00,21,1,245,11.666666666666666,293.35,13.969047619047618,21,0.0,1,1,732,1.0,366.0,1,2,2,Lost / Inactive,0.7198,High Risk
17442,2010-02-15 15:54:00,2011-11-03 09:17:00,283,15,3134,11.074204946996469,4620.3,16.326148409893992,188,0.0459363957597173,0,626,37,41.7,2.31,4,5,5,Champions,0.0489,Low Risk
17443,2011-05-04 10:47:00,2011-05-04 10:47:00,1,1,504,504.0,534.24,534.24,1,0.0,1,1,220,1.0,110.0,2,2,2,Lost / Inactive,0.7708,High Risk
17444,2011-06-20 09:04:00,2011-07-15 12:05:00,135,3,2119,15.696296296296296,2940.04,21.778074074074077,132,0.0,1,26,148,8.7,37.0,3,3,5,Loyal Customers,0.4686,Medium Risk
17446,2011-02-02 14:40:00,2011-06-16 10:42:00,9,2,198,22.0,120.9,13.433333333333332,6,0.0,1,134,177,67.0,59.0,3,3,1,Loyal Customers,0.7075,High Risk
17447,2011-09-29 10:10:00,2011-10-30 14:18:00,36,2,443,12.305555555555555,541.53,15.0425,33,0.2222222222222222,0,32,40,16.0,13.33,4,3,2,Loyal Customers,0.4535,Medium Risk
17448,2010-03-04 17:29:00,2010-07-30 14:07:00,1115,46,11534,10.34439461883408,14523.67,13.025713004484304,569,0.0941704035874439,1,148,497,3.2,10.57,1,5,5,At Risk,0.1911,Low Risk
17449,2009-12-09 14:16:00,2011-12-07 16:56:00,584,13,2483,4.251712328767123,4868.15,8.335873287671232,292,0.2602739726027397,0,729,2,56.1,0.14,5,5,5,Champions,0.0188,Low Risk
17450,2010-09-27 16:59:00,2011-12-01 13:29:00,420,51,83914,199.7952380952381,244784.25,582.8196428571429,144,0.0,0,430,8,8.4,0.15,5,5,5,Champions,0.2413,Low Risk
17451,2011-08-26 11:54:00,2011-12-08 15:02:00,100,7,1203,12.03,1721.4,17.214,83,0.0,0,105,1,15.0,0.12,5,4,4,Champions,0.3367,Low Risk
17453,2011-10-06 17:02:00,2011-11-22 09:42:00,19,2,219,11.526315789473683,486.72,25.61684210526316,19,0.0,0,47,18,23.5,6.0,5,3,2,Loyal Customers,0.6167,Medium Risk
17454,2010-01-15 15:40:00,2011-05-31 13:58:00,126,10,727,5.76984126984127,1547.94,12.285238095238096,98,0.2301587301587301,1,501,192,50.1,17.45,2,5,4,At Risk,0.5097,Medium Risk
17455,2011-05-20 12:31:00,2011-05-20 12:31:00,8,1,66,8.25,131.7,16.4625,8,0.0,1,1,204,1.0,102.0,2,2,1,Lost / Inactive,0.812,High Risk
17456,2010-09-09 15:28:00,2010-12-09 15:23:00,60,2,508,8.466666666666667,975.56,16.259333333333334,59,0.0,1,91,365,45.5,121.67,2,3,3,At Risk,0.6614,Medium Risk
17457,2009-12-07 14:52:00,2011-08-05 12:48:00,64,14,2695,42.109375,5984.81,93.51265625,30,0.0,1,606,127,43.3,8.47,3,5,5,Loyal Customers,0.1779,Low Risk
17458,2010-11-23 11:43:00,2011-11-24 13:01:00,86,2,282,3.2790697674418605,529.58,6.1579069767441865,81,0.0,0,367,15,183.5,5.0,5,3,2,Loyal Customers,0.2733,Low Risk
17459,2011-10-10 17:00:00,2011-10-27 13:25:00,111,2,537,4.837837837837838,657.3,5.921621621621621,88,0.0,0,17,43,8.5,14.33,4,3,3,Loyal Customers,0.3671,Medium Risk
17460,2010-01-22 13:25:00,2011-09-06 15:04:00,137,16,954,6.963503649635037,2157.97,15.751605839416056,93,0.0656934306569343,1,593,94,37.1,5.53,3,5,4,Loyal Customers,0.4862,Medium Risk
17461,2011-11-10 12:01:00,2011-11-17 10:21:00,106,3,770,7.264150943396227,735.82,6.941698113207548,104,0.0,0,7,23,2.3,5.75,4,3,3,Loyal Customers,0.3608,Medium Risk
17462,2011-02-28 17:01:00,2011-10-10 13:56:00,27,2,227,8.407407407407407,675.69,25.02555555555556,25,0.0,0,224,60,112.0,20.0,3,3,3,Loyal Customers,0.6744,Medium Risk
17463,2010-04-29 17:57:00,2011-11-23 13:40:00,316,7,1480,4.6835443037974684,2535.26,8.022974683544305,234,0.2816455696202531,0,573,16,81.9,2.0,5,4,4,Champions,0.2529,Low Risk
17464,2010-03-30 13:15:00,2011-07-04 13:19:00,39,3,608,15.58974358974359,907.14,23.26,35,0.0,1,462,158,154.0,39.5,3,3,3,Loyal Customers,0.5662,Medium Risk
17465,2009-12-03 13:25:00,2010-10-10 11:56:00,142,7,1477,10.401408450704226,2542.79,17.906971830985917,103,0.1830985915492957,1,311,426,44.4,53.25,1,4,4,At Risk,0.448,Medium Risk
17466,2011-09-22 09:16:00,2011-11-29 13:15:00,41,2,306,7.463414634146342,763.28,18.61658536585366,41,0.0,0,69,10,34.5,3.33,5,3,3,Loyal Customers,0.5865,Medium Risk
17467,2010-11-09 12:58:00,2010-11-09 12:58:00,4,1,20,5.0,102.6,25.65,4,0.0,1,1,395,1.0,197.5,2,2,1,Lost / Inactive,0.8692,High Risk
17468,2010-11-29 17:25:00,2011-11-29 15:33:00,8,3,184,23.0,194.8,24.35,8,0.0,0,365,10,121.7,2.5,5,3,1,Loyal Customers,0.4915,Medium Risk
17469,2009-12-16 15:06:00,2011-11-23 13:15:00,267,17,2304,8.629213483146067,5051.25,18.918539325842698,165,0.0,0,707,16,41.6,0.89,5,5,5,Champions,0.0089,Low Risk
17470,2010-07-19 16:16:00,2011-10-26 12:42:00,155,11,2731,17.61935483870968,2626.47,16.944967741935482,111,0.0709677419354838,0,464,45,42.2,3.75,4,5,4,Champions,0.2315,Low Risk
17471,2010-08-22 11:53:00,2010-08-22 11:53:00,19,1,153,8.052631578947368,321.65,16.928947368421053,19,1.0,1,1,475,1.0,237.5,1,2,2,Lost / Inactive,0.7698,High Risk
17472,2010-03-21 13:27:00,2011-06-01 14:57:00,223,4,551,2.4708520179372195,922.35,4.13609865470852,183,0.5022421524663677,1,438,191,109.5,38.2,2,4,3,At Risk,0.5013,Medium Risk
17473,2010-09-09 19:03:00,2010-10-27 11:45:00,34,2,270,7.9411764705882355,607.0,17.852941176470587,33,0.0,1,48,409,24.0,136.33,2,3,2,At Risk,0.597,Medium Risk
17474,2010-04-19 10:43:00,2010-04-19 10:43:00,6,1,200,33.333333333333336,1047.0,174.5,6,0.0,1,1,600,1.0,300.0,1,2,3,Lost / Inactive,0.7131,High Risk
17475,2011-09-21 14:55:00,2011-09-21 14:55:00,14,1,178,12.714285714285714,194.37,13.883571428571427,14,0.0,0,1,79,1.0,39.5,3,2,1,Needs Attention,0.6837,Medium Risk
17476,2009-12-02 12:09:00,2010-11-09 10:21:00,31,2,224,7.225806451612903,489.86,15.801935483870968,29,0.0,1,342,396,171.0,132.0,2,3,2,At Risk,0.5851,Medium Risk
17477,2010-03-02 11:53:00,2010-04-06 10:06:00,44,2,225,5.113636363636363,1144.3,26.00681818181818,44,0.0,1,35,613,17.5,204.33,1,3,3,At Risk,0.5554,Medium Risk
17478,2010-03-16 14:19:00,2010-10-27 15:01:00,40,2,516,12.9,1272.8,31.82,40,0.0,1,226,408,113.0,136.0,2,3,4,At Risk,0.6747,Medium Risk
17479,2010-03-17 09:26:00,2010-03-17 09:26:00,18,1,266,14.77777777777778,389.26,21.625555555555557,18,0.0,1,1,633,1.0,316.5,1,2,2,Lost / Inactive,0.7265,High Risk
17480,2010-09-21 12:31:00,2011-09-23 11:39:00,53,2,581,10.962264150943396,882.23,16.645849056603772,50,0.0,0,367,78,183.5,26.0,3,3,3,Loyal Customers,0.2956,Low Risk
17481,2011-09-07 09:57:00,2011-12-06 12:28:00,82,4,1061,12.939024390243905,1255.59,15.312073170731706,69,0.0,0,91,4,22.8,0.8,5,4,4,Champions,0.3451,Low Risk
17482,2010-05-10 14:10:00,2010-08-09 15:33:00,53,2,240,4.528301886792453,775.64,14.634716981132076,50,0.0,1,92,487,46.0,162.33,1,3,3,At Risk,0.695,Medium Risk
17483,2010-10-21 12:43:00,2011-10-05 13:10:00,28,4,265,9.464285714285714,591.73,21.133214285714285,23,0.0,0,350,65,87.5,13.0,3,4,2,Loyal Customers,0.5594,Medium Risk
17484,2010-03-25 16:17:00,2010-05-12 15:41:00,14,2,339,24.214285714285715,209.57,14.969285714285714,14,0.0,1,48,576,24.0,192.0,1,3,1,At Risk,0.5899,Medium Risk
17486,2011-03-23 14:00:00,2011-03-23 14:00:00,24,1,191,7.958333333333333,396.87,16.53625,24,0.0,1,1,261,1.0,130.5,2,2,2,Lost / Inactive,0.7096,High Risk
17487,2009-12-11 15:06:00,2009-12-11 15:06:00,8,1,37,4.625,160.55,20.06875,8,0.0,1,1,728,1.0,364.0,1,2,1,Lost / Inactive,0.8789,High Risk
17488,2010-03-08 14:07:00,2010-03-08 14:07:00,18,1,136,7.555555555555555,336.5,18.694444444444443,18,0.0,1,1,641,1.0,320.5,1,2,2,Lost / Inactive,0.76,High Risk
17489,2011-05-11 11:34:00,2011-10-12 08:56:00,29,2,428,14.758620689655173,376.64,12.987586206896552,28,0.0,0,154,59,77.0,19.67,4,3,2,Loyal Customers,0.6399,Medium Risk
17490,2010-05-19 12:40:00,2011-12-09 09:08:00,116,9,1531,13.198275862068966,2750.5,23.71120689655172,93,0.0,0,569,1,63.2,0.1,5,5,4,Champions,0.2849,Low Risk
17491,2010-04-28 11:57:00,2011-12-08 16:18:00,177,17,3362,18.994350282485875,5653.67,31.941638418079098,105,0.0225988700564971,0,590,1,34.7,0.06,5,5,5,Champions,0.1505,Low Risk
17492,2010-07-09 13:27:00,2011-04-05 15:21:00,39,3,450,11.538461538461538,1122.42,28.78,32,0.0,1,271,248,90.3,62.0,2,3,3,At Risk,0.7033,High Risk
17493,2010-11-19 16:57:00,2010-11-19 16:57:00,8,1,62,7.75,100.91,12.61375,8,0.0,1,1,385,1.0,192.5,2,2,1,Lost / Inactive,0.8351,High Risk
17494,2010-07-26 10:06:00,2010-07-26 10:06:00,3,1,26,8.666666666666666,54.7,18.23333333333333,3,0.0,1,1,502,1.0,251.0,1,2,1,Lost / Inactive,0.8361,High Risk
17495,2010-11-14 11:50:00,2011-12-02 12:08:00,48,3,367,7.645833333333333,806.72,16.80666666666667,38,0.4375,0,384,8,128.0,2.0,5,3,3,Loyal Customers,0.4114,Medium Risk
17496,2010-01-14 13:36:00,2010-12-16 08:39:00,72,4,675,9.375,1412.89,19.623472222222222,54,0.0,1,336,359,84.0,71.8,2,4,4,At Risk,0.5866,Medium Risk
17497,2010-04-08 08:01:00,2010-11-14 14:17:00,7,2,59,8.428571428571429,287.25,41.035714285714285,7,0.5714285714285714,1,221,390,110.5,130.0,2,3,2,At Risk,0.7734,High Risk
17498,2011-09-25 12:25:00,2011-09-25 12:25:00,17,1,394,23.176470588235293,272.22,16.012941176470587,17,1.0,0,1,76,1.0,38.0,3,2,1,Needs Attention,0.6051,Medium Risk
17499,2010-05-27 09:59:00,2011-02-23 09:14:00,71,2,1086,15.295774647887324,1341.39,18.89281690140845,66,0.0,1,272,290,136.0,96.67,2,3,4,At Risk,0.5844,Medium Risk
17500,2011-11-10 09:08:00,2011-11-22 14:25:00,5,3,17,3.4,1138.0,227.6,3,0.0,0,13,17,4.3,4.25,5,3,3,Loyal Customers,0.481,Medium Risk
17501,2011-05-03 09:46:00,2011-05-03 09:47:00,18,2,160,8.88888888888889,288.6,16.033333333333335,18,0.0,1,1,221,0.5,73.67,2,3,2,At Risk,0.7542,High Risk
17502,2011-11-10 16:39:00,2011-11-30 13:13:00,28,4,376,13.428571428571429,689.1,24.610714285714288,25,0.0,0,20,9,5.0,1.8,5,4,3,Champions,0.4831,Medium Risk
17503,2011-11-01 11:12:00,2011-12-07 09:18:00,38,2,486,12.789473684210526,558.96,14.709473684210527,36,0.0,0,36,3,18.0,1.0,5,3,2,Loyal Customers,0.4578,Medium Risk
17504,2010-02-08 09:22:00,2011-05-17 12:59:00,342,18,5420,15.847953216374268,9490.17,27.7490350877193,244,0.0964912280701754,1,464,206,25.8,10.84,2,5,5,At Risk,0.1587,Low Risk
17505,2010-04-13 16:33:00,2011-07-01 12:50:00,102,5,1242,12.176470588235292,2435.48,23.877254901960782,83,0.0,1,444,162,88.8,27.0,3,4,4,Loyal Customers,0.4828,Medium Risk
17506,2011-09-25 11:39:00,2011-09-25 11:39:00,14,1,139,9.928571428571429,302.2,21.585714285714285,14,1.0,0,1,76,1.0,38.0,3,2,2,Needs Attention,0.7709,High Risk
17507,2011-02-03 18:08:00,2011-03-23 11:48:00,88,2,359,4.079545454545454,605.58,6.881590909090909,79,0.0,1,48,262,24.0,87.33,2,3,2,At Risk,0.4954,Medium Risk
17508,2009-12-07 11:46:00,2011-03-04 08:10:00,231,8,2891,12.515151515151516,4579.23,19.823506493506493,199,0.0,1,452,281,56.5,31.22,2,5,5,At Risk,0.2529,Low Risk
17509,2011-10-07 13:14:00,2011-10-13 10:26:00,364,8,3512,9.648351648351648,6083.64,16.713296703296706,75,0.0,0,6,58,0.8,6.44,4,5,5,Champions,0.2503,Low Risk
17510,2010-10-15 10:20:00,2011-11-15 10:00:00,35,2,422,12.057142857142855,514.56,14.701714285714283,28,0.0,0,396,25,198.0,8.33,4,3,2,Loyal Customers,0.3687,Medium Risk
17511,2009-12-02 10:52:00,2011-12-07 10:12:00,1868,60,117174,62.726980728051394,172132.87,92.14821734475376,657,0.0,0,735,3,12.2,0.05,5,5,5,Champions,0.0087,Low Risk
17512,2009-12-10 19:35:00,2011-11-11 12:11:00,197,18,5434,27.583756345177665,5467.82,27.755431472081217,102,0.0,0,701,29,38.9,1.53,4,5,5,Champions,0.0211,Low Risk
17513,2010-08-17 15:08:00,2011-09-28 16:42:00,18,3,440,24.444444444444443,1158.8,64.37777777777778,18,0.0,0,408,72,136.0,18.0,3,3,3,Loyal Customers,0.5063,Medium Risk
17514,2010-02-08 14:00:00,2011-08-03 15:45:00,83,2,284,3.421686746987952,522.0,6.289156626506024,72,0.0,1,542,128,271.0,42.67,3,3,2,Loyal Customers,0.3695,Medium Risk
17515,2010-06-07 13:29:00,2011-11-08 14:04:00,179,9,527,2.9441340782122905,1602.51,8.952569832402235,91,0.0,0,520,31,57.8,3.1,4,5,4,Champions,0.4432,Medium Risk
17516,2010-11-26 12:50:00,2011-11-24 16:51:00,191,6,522,2.7329842931937174,947.5,4.960732984293194,150,0.3298429319371728,0,364,15,60.7,2.14,5,4,3,Champions,0.4314,Medium Risk
17517,2011-02-04 11:48:00,2011-02-04 11:48:00,11,1,102,9.272727272727272,153.94,13.994545454545454,11,0.0,1,1,309,1.0,154.5,2,2,1,Lost / Inactive,0.8074,High Risk
17518,2010-03-28 13:31:00,2010-10-10 12:40:00,77,2,267,3.467532467532468,329.42,4.278181818181818,71,1.0,1,196,426,98.0,142.0,1,3,2,At Risk,0.7951,High Risk
17519,2009-12-01 09:57:00,2011-11-22 16:43:00,204,15,3230,15.833333333333334,4774.17,23.40279411764706,142,0.1078431372549019,0,722,17,48.1,1.06,5,5,5,Champions,0.0127,Low Risk
17520,2011-10-17 12:04:00,2011-10-17 12:04:00,30,1,365,12.166666666666666,546.81,18.227,30,0.0,0,1,54,1.0,27.0,4,2,2,Promising / New,0.6646,Medium Risk
17521,2010-10-01 11:49:00,2011-11-10 11:22:00,78,5,806,10.333333333333334,1278.06,16.385384615384616,65,0.0,0,405,30,81.0,5.0,4,4,4,Champions,0.4926,Medium Risk
17522,2011-05-05 16:31:00,2011-12-08 12:31:00,73,5,1034,14.164383561643836,1070.71,14.667260273972603,59,0.1095890410958904,0,217,2,43.4,0.33,5,4,3,Champions,0.4679,Medium Risk
17523,2011-11-20 13:40:00,2011-11-28 13:20:00,33,4,872,26.424242424242426,652.74,19.78,25,0.696969696969697,0,8,11,2.0,2.2,5,4,3,Champions,0.4669,Medium Risk
17524,2010-09-27 16:20:00,2010-12-13 14:32:00,43,3,362,8.418604651162791,539.14,12.53813953488372,37,0.0,1,77,361,25.7,90.25,2,3,2,At Risk,0.5331,Medium Risk
17525,2010-10-07 09:12:00,2010-12-15 12:05:00,26,3,338,13.0,1161.9,44.68846153846154,19,0.3076923076923077,1,70,360,23.3,90.0,2,3,3,At Risk,0.576,Medium Risk
17526,2009-12-17 16:18:00,2011-12-05 11:05:00,92,12,1442,15.673913043478262,3939.24,42.81782608695652,67,0.0652173913043478,0,718,5,59.8,0.38,5,5,5,Champions,0.0164,Low Risk
17527,2011-05-05 13:43:00,2011-10-17 12:32:00,47,4,488,10.382978723404255,939.37,19.98659574468085,45,0.0,0,165,54,41.2,10.8,4,4,3,Champions,0.6457,Medium Risk
17528,2011-09-29 13:04:00,2011-12-08 13:27:00,253,8,2138,8.450592885375494,3628.5,14.34189723320158,183,0.0,0,71,1,8.9,0.11,5,5,5,Champions,0.2625,Low Risk
17529,2010-01-11 12:29:00,2010-04-08 17:51:00,82,2,790,9.634146341463415,1240.25,15.125,78,0.0,1,88,610,44.0,203.33,1,3,4,At Risk,0.5566,Medium Risk
17530,2009-12-06 16:17:00,2011-12-08 18:42:00,477,12,1741,3.649895178197065,2791.69,5.852599580712789,359,0.0880503144654088,0,733,1,61.1,0.08,5,5,4,Champions,0.0099,Low Risk
17531,2010-03-31 12:57:00,2011-06-02 19:17:00,58,3,472,8.137931034482758,1266.82,21.841724137931035,54,0.0,1,429,190,143.0,47.5,2,3,4,At Risk,0.6186,Medium Risk
17532,2010-11-19 08:13:00,2010-11-19 08:13:00,4,1,30,7.5,65.34,16.335,4,0.0,1,1,386,1.0,193.0,2,2,1,Lost / Inactive,0.8638,High Risk
17533,2010-10-01 09:14:00,2010-10-01 09:14:00,1,1,24,24.0,34.8,34.8,1,0.0,1,1,435,1.0,217.5,1,2,1,Lost / Inactive,0.819,High Risk
17534,2010-02-25 16:55:00,2011-10-17 12:47:00,92,5,860,9.347826086956522,1668.83,18.13945652173913,76,0.1739130434782608,0,599,54,119.8,9.0,4,4,4,Champions,0.1179,Low Risk
17535,2011-03-04 15:20:00,2011-03-04 15:20:00,13,1,136,10.461538461538462,164.4,12.646153846153847,13,0.0,1,1,280,1.0,140.0,2,2,1,Lost / Inactive,0.6797,Medium Risk
17536,2010-01-26 12:00:00,2011-06-15 13:23:00,16,3,201,12.5625,364.83,22.801875,16,0.0,1,506,177,168.7,44.25,3,3,2,Loyal Customers,0.447,Medium Risk
17537,2011-02-09 13:37:00,2011-11-10 10:56:00,74,2,699,9.445945945945946,887.67,11.99554054054054,74,0.0,0,274,30,137.0,10.0,4,3,3,Loyal Customers,0.5544,Medium Risk
17538,2011-11-14 12:12:00,2011-11-14 12:12:00,9,1,134,14.88888888888889,98.42,10.935555555555556,9,0.0,0,1,26,1.0,13.0,4,2,1,Promising / New,0.6919,Medium Risk
17539,2009-12-13 12:36:00,2010-04-01 12:07:00,144,4,708,4.916666666666667,1176.84,8.1725,132,0.9930555555555556,1,109,618,27.2,123.6,1,4,3,At Risk,0.5034,Medium Risk
17540,2010-04-19 09:47:00,2011-11-15 11:56:00,64,6,588,9.1875,1590.6,24.853125,41,0.1875,0,576,25,96.0,3.57,4,4,4,Champions,0.2516,Low Risk
17541,2010-07-18 11:36:00,2010-07-18 11:36:00,31,1,44,1.4193548387096775,119.86,3.8664516129032256,31,1.0,1,1,510,1.0,255.0,1,2,1,Lost / Inactive,0.87,High Risk
17542,2010-03-08 12:08:00,2011-03-15 11:45:00,64,3,323,5.046875,340.85,5.32578125,57,0.0,1,372,270,124.0,67.5,2,3,2,At Risk,0.4678,Medium Risk
17543,2010-06-08 12:41:00,2010-06-08 12:41:00,13,1,62,4.769230769230769,120.05,9.234615384615385,13,0.0,1,1,550,1.0,275.0,1,2,1,Lost / Inactive,0.9012,High Risk
17544,2010-11-14 14:47:00,2010-11-14 15:08:00,88,3,410,4.659090909090909,944.82,10.736590909090909,80,1.0,1,1,390,0.3,97.5,2,3,3,At Risk,0.586,Medium Risk
17545,2010-05-11 10:04:00,2011-10-27 14:04:00,260,6,682,2.623076923076923,1409.86,5.422538461538461,204,0.4307692307692308,0,535,43,89.2,6.14,4,4,4,Champions,0.3232,Low Risk
17547,2010-02-12 14:34:00,2010-11-29 09:41:00,31,2,223,7.193548387096774,727.85,23.47903225806452,22,0.0,1,290,376,145.0,125.33,2,3,3,At Risk,0.7092,High Risk
17548,2010-11-08 16:19:00,2011-04-20 12:01:00,34,4,494,14.529411764705882,731.26,21.50764705882353,22,0.3529411764705882,1,163,234,40.8,46.8,2,4,3,At Risk,0.6807,Medium Risk
17549,2011-10-19 10:05:00,2011-11-16 09:59:00,6,2,210,35.0,148.86,24.81,5,0.0,0,28,24,14.0,8.0,4,3,1,Loyal Customers,0.5386,Medium Risk
17550,2010-02-07 15:07:00,2011-05-26 14:09:00,321,9,968,3.015576323987539,2506.64,7.808847352024921,250,0.6978193146417445,1,473,197,52.6,19.7,2,5,4,At Risk,0.321,Low Risk
17551,2010-12-15 14:12:00,2010-12-15 14:12:00,39,1,142,3.641025641025641,290.34,7.444615384615384,39,0.0,1,1,359,1.0,179.5,2,2,2,Lost / Inactive,0.7793,High Risk
17552,2010-03-22 09:19:00,2011-10-10 17:00:00,143,12,1951,13.643356643356643,2786.77,19.487902097902097,78,0.0,0,568,60,47.3,4.62,3,5,4,Loyal Customers,0.2004,Low Risk
17553,2010-04-08 09:44:00,2011-08-02 10:00:00,6,4,2288,381.3333333333333,3757.6,626.2666666666667,2,0.0,1,482,130,120.5,26.0,3,4,5,Loyal Customers,0.7204,High Risk
17554,2011-07-14 20:01:00,2011-12-08 14:15:00,88,5,1763,20.03409090909091,1952.45,22.18693181818182,58,0.0,0,147,1,29.4,0.17,5,4,4,Champions,0.4172,Medium Risk
17555,2010-05-02 16:02:00,2011-11-20 12:22:00,264,5,739,2.7992424242424243,1045.74,3.961136363636364,220,0.7348484848484849,0,567,20,113.4,3.33,4,4,3,Champions,0.162,Low Risk
17556,2010-11-25 17:00:00,2011-05-18 10:48:00,14,2,184,13.142857142857142,300.67,21.476428571428567,13,0.0,1,174,206,87.0,68.67,2,3,2,At Risk,0.7359,High Risk
17557,2009-12-07 10:15:00,2011-11-25 12:57:00,35,4,310,8.857142857142858,575.46,16.441714285714287,28,0.0,0,719,14,179.8,2.8,5,4,2,Champions,0.0879,Low Risk
17558,2010-11-11 14:36:00,2010-11-11 14:36:00,28,1,54,1.9285714285714288,259.17,9.25607142857143,28,0.0,1,1,393,1.0,196.5,2,2,1,Lost / Inactive,0.8777,High Risk
17559,2010-07-15 12:02:00,2010-07-15 12:02:00,12,1,270,22.5,167.62,13.968333333333334,12,0.0,1,1,513,1.0,256.5,1,2,1,Lost / Inactive,0.6742,Medium Risk
17560,2010-02-17 12:11:00,2011-09-06 09:18:00,55,8,1588,28.87272727272727,1895.8,34.46909090909091,37,0.0,1,566,95,70.8,10.56,3,5,4,Loyal Customers,0.5059,Medium Risk
17561,2009-12-06 13:29:00,2011-11-20 12:53:00,191,4,381,1.9947643979057592,703.02,3.6807329842931935,163,1.0,0,714,19,178.5,3.8,5,4,3,Champions,0.0303,Low Risk
17562,2011-06-19 13:06:00,2011-11-25 14:21:00,63,7,817,12.968253968253968,1122.38,17.81555555555556,48,0.3333333333333333,0,160,14,22.9,1.75,5,4,3,Champions,0.4392,Medium Risk
17563,2010-04-07 10:02:00,2010-05-10 14:54:00,29,2,256,8.827586206896552,392.38,13.530344827586209,27,0.0,1,34,578,17.0,192.67,1,3,2,At Risk,0.6267,Medium Risk
17564,2011-09-20 14:00:00,2011-11-15 13:27:00,49,3,146,2.979591836734694,454.01,9.265510204081632,38,0.0,0,56,24,18.7,6.0,4,3,2,Loyal Customers,0.6623,Medium Risk
17565,2010-05-02 11:54:00,2010-05-02 11:54:00,30,1,67,2.2333333333333334,131.83,4.394333333333334,30,1.0,1,1,587,1.0,293.5,1,2,1,Lost / Inactive,0.8252,High Risk
17566,2011-11-14 13:42:00,2011-12-01 19:54:00,142,2,497,3.5,869.77,6.125140845070423,113,0.0,0,18,8,9.0,2.67,5,3,3,Loyal Customers,0.3514,Medium Risk
17567,2010-09-24 10:48:00,2011-12-02 15:48:00,196,9,2908,14.83673469387755,4838.08,24.68408163265306,128,0.0,0,435,7,48.3,0.7,5,5,5,Champions,0.2355,Low Risk
17568,2010-03-16 16:45:00,2010-03-16 16:45:00,62,1,275,4.435483870967742,374.45,6.039516129032258,61,0.0,1,1,633,1.0,316.5,1,2,2,Lost / Inactive,0.7268,High Risk
17569,2011-01-11 14:15:00,2011-01-11 14:15:00,29,1,159,5.482758620689655,344.14,11.866896551724135,29,0.0,1,1,332,1.0,166.0,2,2,2,Lost / Inactive,0.7676,High Risk
17570,2010-11-23 11:56:00,2010-11-23 11:56:00,1,1,1,1.0,100.0,100.0,1,0.0,1,1,382,1.0,191.0,2,2,1,Lost / Inactive,0.9398,High Risk
17571,2010-06-15 12:50:00,2011-10-20 15:57:00,325,5,991,3.0492307692307694,1630.91,5.018184615384616,290,0.0923076923076923,0,493,50,98.6,8.33,4,4,4,Champions,0.3417,Low Risk
17572,2009-12-15 10:00:00,2011-09-29 17:53:00,32,10,327,10.21875,652.21,20.3815625,14,0.0,0,654,71,65.4,6.45,3,5,3,Loyal Customers,0.0815,Low Risk
17573,2011-09-07 10:36:00,2011-11-10 13:01:00,25,3,308,12.32,380.6,15.224,24,0.0,0,65,29,21.7,7.25,4,3,2,Loyal Customers,0.5151,Medium Risk
17574,2011-04-11 09:47:00,2011-04-11 09:47:00,8,1,77,9.625,185.65,23.20625,8,0.0,1,1,243,1.0,121.5,2,2,1,Lost / Inactive,0.7782,High Risk
17575,2010-02-10 13:48:00,2010-02-10 13:48:00,5,1,72,14.4,171.7,34.34,5,0.0,1,1,667,1.0,333.5,1,2,1,Lost / Inactive,0.7746,High Risk
17576,2009-12-03 16:54:00,2011-12-01 17:56:00,889,41,4583,5.155230596175478,8711.95,9.799718785151857,417,0.0,0,729,8,17.8,0.19,5,5,5,Champions,0.0149,Low Risk
17577,2010-02-09 10:10:00,2010-03-04 13:01:00,21,2,179,8.523809523809524,348.75,16.607142857142858,20,0.0,1,24,645,12.0,215.0,1,3,2,At Risk,0.6235,Medium Risk
17578,2010-06-28 11:55:00,2011-05-05 18:38:00,65,7,529,8.138461538461538,1047.33,16.11276923076923,57,0.2769230769230769,1,312,218,44.6,27.25,2,4,3,At Risk,0.6628,Medium Risk
17579,2010-05-10 14:28:00,2011-12-05 12:28:00,94,4,375,3.98936170212766,753.28,8.013617021276595,89,0.0,0,574,5,143.5,1.0,5,4,3,Champions,0.2185,Low Risk
17580,2010-10-13 14:28:00,2011-04-01 12:41:00,94,5,223,2.372340425531915,541.02,5.755531914893617,78,0.2978723404255319,1,170,253,34.0,42.17,2,4,2,At Risk,0.7316,High Risk
17581,2009-12-03 12:34:00,2011-12-09 12:21:00,811,43,9519,11.737361282367448,17951.17,22.13461159062885,387,0.1159062885326757,0,736,1,17.1,0.02,5,5,5,Champions,0.0047,Low Risk
17582,2010-03-26 12:23:00,2011-04-17 13:18:00,122,5,603,4.942622950819672,1446.95,11.860245901639344,92,0.8114754098360656,1,388,236,77.6,39.33,2,4,4,At Risk,0.6168,Medium Risk
17583,2010-05-28 14:24:00,2010-05-28 14:24:00,7,1,55,7.857142857142857,135.95,19.42142857142857,7,0.0,1,1,560,1.0,280.0,1,2,1,Lost / Inactive,0.8017,High Risk
17584,2010-01-25 08:17:00,2011-12-02 17:12:00,124,6,2464,19.870967741935484,5309.42,42.81790322580645,85,0.3306451612903225,0,677,7,112.8,1.0,5,4,5,Champions,0.0559,Low Risk
17585,2010-08-18 16:39:00,2011-08-22 13:30:00,384,7,2510,6.536458333333333,2064.71,5.376848958333333,295,0.0,1,369,109,52.7,13.62,3,4,4,Loyal Customers,0.4121,Medium Risk
17586,2010-03-30 13:12:00,2010-03-30 13:12:00,8,1,68,8.5,167.4,20.925,8,0.0,1,1,619,1.0,309.5,1,2,1,Lost / Inactive,0.7832,High Risk
17587,2010-03-21 14:16:00,2010-03-21 14:16:00,42,1,67,1.5952380952380951,176.71,4.207380952380952,42,1.0,1,1,628,1.0,314.0,1,2,1,Lost / Inactive,0.8296,High Risk
17588,2010-03-12 12:34:00,2011-08-31 13:37:00,71,7,1379,19.422535211267604,2939.55,41.40211267605634,35,0.0,1,538,100,76.9,12.5,3,4,5,Loyal Customers,0.3937,Medium Risk
17589,2010-03-07 13:48:00,2011-10-10 16:58:00,1302,18,8704,6.685099846390169,13837.94,10.628218125960062,601,0.3164362519201228,0,583,60,32.4,3.16,3,5,5,Loyal Customers,0.2323,Low Risk
17590,2011-10-30 14:05:00,2011-12-07 12:55:00,196,3,822,4.1938775510204085,1468.02,7.489897959183673,162,0.2908163265306122,0,38,2,12.7,0.5,5,3,4,Loyal Customers,0.2678,Low Risk
17591,2010-01-17 16:09:00,2011-09-27 13:42:00,176,8,1028,5.840909090909091,2339.32,13.29159090909091,93,0.1079545454545454,0,618,73,77.2,8.11,3,5,4,Loyal Customers,0.0864,Low Risk
17592,2009-12-01 10:49:00,2009-12-01 10:49:00,13,1,38,2.923076923076923,148.3,11.407692307692308,13,0.0,1,1,739,1.0,369.5,1,2,1,Lost / Inactive,0.91,High Risk
17593,2009-12-04 14:35:00,2011-12-06 10:30:00,408,11,5595,13.713235294117649,8092.32,19.83411764705882,311,0.2867647058823529,0,732,4,66.5,0.33,5,5,5,Champions,0.0128,Low Risk
17594,2010-04-14 08:53:00,2011-09-15 16:34:00,104,4,1368,13.153846153846152,2497.88,24.01807692307693,70,0.0,0,520,85,130.0,17.0,3,4,4,Loyal Customers,0.3363,Low Risk
17595,2011-11-02 16:19:00,2011-11-27 16:08:00,82,2,228,2.7804878048780486,386.69,4.715731707317073,68,0.5975609756097561,0,25,12,12.5,4.0,5,3,2,Loyal Customers,0.5722,Medium Risk
17596,2009-12-15 13:21:00,2011-11-16 14:11:00,486,13,7010,14.423868312757202,4491.46,9.241687242798356,274,0.125514403292181,0,702,23,54.0,1.64,4,5,5,Champions,0.0102,Low Risk
17597,2010-05-05 15:33:00,2011-05-10 11:54:00,128,5,2215,17.3046875,3484.09,27.219453125,109,0.421875,1,370,214,74.0,35.67,2,4,5,At Risk,0.5444,Medium Risk
17598,2010-11-23 17:43:00,2010-11-23 17:43:00,10,1,126,12.6,409.98,40.998000000000005,10,0.0,1,1,381,1.0,190.5,2,2,2,Lost / Inactive,0.7411,High Risk
17599,2010-08-19 12:50:00,2010-08-19 12:50:00,3,1,11,3.6666666666666665,52.05,17.349999999999998,3,0.0,1,1,478,1.0,239.0,1,2,1,Lost / Inactive,0.9135,High Risk
17600,2011-11-22 09:43:00,2011-11-22 09:43:00,13,1,144,11.076923076923077,161.67,12.436153846153845,13,0.0,0,1,18,1.0,9.0,5,2,1,Promising / New,0.667,Medium Risk
17601,2010-11-24 14:29:00,2011-04-14 18:02:00,72,2,295,4.097222222222222,413.08,5.737222222222222,69,0.0,1,142,239,71.0,79.67,2,3,2,At Risk,0.7407,High Risk
17602,2010-03-30 17:25:00,2011-12-07 13:53:00,909,14,5880,6.468646864686469,7354.43,8.09068206820682,450,0.0088008800880088,0,617,2,44.1,0.13,5,5,5,Champions,0.1013,Low Risk
17603,2009-12-10 09:44:00,2011-09-22 14:18:00,106,4,638,6.018867924528302,1788.38,16.871509433962267,104,0.0,0,652,78,163.0,15.6,3,4,4,Loyal Customers,0.0805,Low Risk
17604,2010-01-27 12:19:00,2011-05-06 13:43:00,208,6,614,2.951923076923077,942.38,4.530673076923077,142,0.0,1,465,217,77.5,31.0,2,4,3,At Risk,0.5345,Medium Risk
17605,2010-04-28 14:45:00,2010-04-28 14:45:00,13,1,71,5.461538461538462,160.75,12.365384615384617,13,0.0,1,1,590,1.0,295.0,1,2,1,Lost / Inactive,0.8851,High Risk
17606,2009-12-02 13:32:00,2009-12-02 13:32:00,6,1,42,7.0,87.3,14.55,6,0.0,1,1,737,1.0,368.5,1,2,1,Lost / Inactive,0.8395,High Risk
17607,2010-11-28 13:11:00,2010-11-28 13:11:00,22,1,269,12.227272727272728,333.81,15.17318181818182,22,1.0,1,1,376,1.0,188.0,2,2,2,Lost / Inactive,0.729,High Risk
17608,2010-04-11 13:37:00,2011-11-06 13:06:00,159,4,528,3.320754716981132,488.06,3.069559748427673,134,0.6792452830188679,0,574,33,143.5,6.6,4,4,2,Champions,0.1839,Low Risk
17609,2010-04-09 16:54:00,2011-10-30 12:28:00,385,11,1321,3.431168831168831,1887.9,4.903636363636364,317,0.5636363636363636,0,569,41,51.7,3.42,4,5,4,Champions,0.3501,Medium Risk
17610,2009-12-06 16:07:00,2010-06-17 16:34:00,154,5,893,5.798701298701299,1511.94,9.817792207792207,114,0.2792207792207792,1,194,540,38.8,90.0,1,4,4,At Risk,0.5564,Medium Risk
17611,2009-12-01 13:29:00,2011-12-02 13:29:00,1112,28,5341,4.803057553956834,8337.53,7.497778776978418,722,0.4397482014388489,0,732,7,26.1,0.24,5,5,5,Champions,0.0175,Low Risk
17612,2009-12-17 11:59:00,2011-10-17 14:59:00,340,18,3521,10.355882352941176,5394.86,15.867235294117648,213,0.0,0,670,53,37.2,2.79,4,5,5,Champions,0.0075,Low Risk
17613,2011-02-07 11:20:00,2011-11-17 10:51:00,306,14,2490,8.137254901960784,4544.55,14.851470588235294,211,0.2352941176470588,0,283,23,20.2,1.53,4,5,5,Champions,0.2661,Low Risk
17614,2011-10-13 16:01:00,2011-10-13 16:01:00,98,1,235,2.397959183673469,386.32,3.9420408163265295,97,0.0,0,1,57,1.0,28.5,4,2,2,Promising / New,0.7179,High Risk
17615,2010-08-11 12:54:00,2011-08-01 14:06:00,56,6,378,6.75,721.8,12.889285714285714,47,0.0892857142857142,1,356,130,59.3,18.57,3,4,3,Loyal Customers,0.6771,Medium Risk
17616,2010-09-14 10:43:00,2011-06-19 10:11:00,4,4,288,72.0,734.4,183.6,1,0.25,1,278,174,69.5,34.8,3,4,3,Loyal Customers,0.7556,High Risk
17617,2010-05-30 12:48:00,2010-05-30 12:48:00,18,1,249,13.833333333333334,385.19,21.399444444444445,18,1.0,1,1,559,1.0,279.5,1,2,2,Lost / Inactive,0.7672,High Risk
17618,2010-01-24 11:03:00,2011-12-04 11:50:00,357,11,1798,5.03641456582633,4001.64,11.2090756302521,202,0.9635854341736696,0,680,6,61.8,0.5,5,5,5,Champions,0.1139,Low Risk
17619,2011-01-31 14:18:00,2011-01-31 14:18:00,74,1,124,1.6756756756756757,214.37,2.896891891891892,71,0.0,1,1,312,1.0,156.0,2,2,1,Lost / Inactive,0.8164,High Risk
17620,2011-10-11 12:08:00,2011-10-11 12:08:00,4,1,60,15.0,81.44,20.36,4,0.0,0,1,60,1.0,30.0,3,2,1,Needs Attention,0.7736,High Risk
17621,2010-10-04 09:37:00,2011-11-18 17:11:00,66,6,1110,16.818181818181817,3175.12,48.10787878787879,61,0.0303030303030303,0,411,21,68.5,3.0,4,4,5,Champions,0.3792,Medium Risk
17622,2010-04-20 13:38:00,2010-04-21 12:36:00,38,2,379,9.973684210526317,1130.21,29.742368421052632,19,0.0,1,1,598,0.5,199.33,1,3,3,At Risk,0.6787,Medium Risk
17623,2009-12-14 14:36:00,2011-11-07 11:32:00,194,7,799,4.118556701030927,2365.77,12.194690721649485,130,0.190721649484536,0,693,33,99.0,4.12,4,4,4,Champions,0.031,Low Risk
17624,2009-12-20 12:35:00,2011-11-25 10:52:00,97,4,958,9.876288659793817,1568.63,16.17144329896907,91,0.2268041237113402,0,705,15,176.2,3.0,5,4,4,Champions,0.0469,Low Risk
17625,2009-12-15 11:49:00,2011-11-21 13:36:00,683,8,3505,5.131771595900439,5978.9,8.753879941434846,429,0.6149341142020498,0,707,18,88.4,2.0,5,5,5,Champions,0.0193,Low Risk
17626,2010-04-16 12:15:00,2010-04-16 12:15:00,18,1,202,11.22222222222222,254.0,14.11111111111111,18,0.0,1,1,603,1.0,301.5,1,2,1,Lost / Inactive,0.7106,High Risk
17627,2010-08-18 11:27:00,2010-08-18 11:27:00,10,1,676,67.6,296.36,29.636000000000003,10,0.0,1,1,479,1.0,239.5,1,2,2,Lost / Inactive,0.7638,High Risk
17628,2011-09-19 15:21:00,2011-09-19 15:21:00,5,1,79,15.8,75.75,15.15,5,0.0,0,1,81,1.0,40.5,3,2,1,Needs Attention,0.8268,High Risk
17629,2010-10-14 13:35:00,2011-12-04 10:56:00,156,10,1903,12.198717948717947,2455.52,15.74051282051282,129,0.3397435897435897,0,416,6,41.6,0.55,5,5,4,Champions,0.2787,Low Risk
17630,2011-04-21 14:03:00,2011-06-23 11:58:00,26,2,158,6.076923076923077,503.6,19.36923076923077,24,0.0,1,63,170,31.5,56.67,3,3,2,Loyal Customers,0.6985,Medium Risk
17631,2009-12-09 14:15:00,2011-12-08 09:47:00,69,7,591,8.565217391304348,998.49,14.470869565217392,66,0.0,0,729,2,104.1,0.25,5,4,3,Champions,0.0613,Low Risk
17633,2010-11-15 14:55:00,2011-11-08 13:25:00,101,7,899,8.900990099009901,2057.39,20.37019801980198,84,0.1287128712871287,0,358,31,51.1,3.88,4,4,4,Champions,0.5102,Medium Risk
17634,2011-01-06 12:45:00,2011-11-03 13:09:00,296,9,838,2.831081081081081,2358.59,7.96820945945946,209,0.1047297297297297,0,302,36,33.6,3.6,4,5,4,Champions,0.2759,Low Risk
17635,2010-04-28 10:51:00,2010-10-11 15:12:00,74,3,770,10.405405405405403,1265.58,17.10243243243243,60,0.0,1,167,424,55.7,106.0,1,3,4,At Risk,0.594,Medium Risk
17636,2011-11-20 14:40:00,2011-11-20 14:40:00,20,1,182,9.1,285.56,14.278,20,1.0,0,1,19,1.0,9.5,5,2,1,Promising / New,0.7,Medium Risk
17637,2011-08-16 13:25:00,2011-11-08 12:51:00,35,2,280,8.0,547.06,15.630285714285712,35,0.0,0,84,31,42.0,10.33,4,3,2,Loyal Customers,0.6879,Medium Risk
17638,2009-12-18 09:58:00,2010-03-02 14:32:00,3,2,432,144.0,842.4000000000001,280.8,2,0.0,1,75,647,37.5,215.67,1,3,3,At Risk,0.7088,High Risk
17639,2010-08-13 11:59:00,2011-03-08 15:22:00,79,6,576,7.291139240506329,615.17,7.786962025316455,59,0.1645569620253164,1,208,276,34.7,39.43,2,4,3,At Risk,0.6786,Medium Risk
17640,2010-03-23 09:15:00,2011-09-14 09:13:00,66,6,1692,25.63636363636364,3168.94,48.014242424242425,48,0.5151515151515151,0,540,87,90.0,12.43,3,4,5,Loyal Customers,0.3321,Low Risk
17642,2009-12-05 16:01:00,2011-08-12 09:11:00,108,5,1475,13.657407407407408,1824.49,16.893425925925925,88,0.1759259259259259,1,615,120,123.0,20.0,3,4,4,Loyal Customers,0.324,Low Risk
17643,2010-07-22 13:07:00,2010-12-01 14:38:00,31,2,226,7.290322580645161,439.7,14.183870967741935,30,0.0,1,133,373,66.5,124.33,2,3,2,At Risk,0.7061,High Risk
17644,2010-02-16 08:44:00,2011-12-08 13:43:00,327,20,3469,10.608562691131498,6028.6,18.43608562691132,160,0.0122324159021406,0,661,1,33.0,0.05,5,5,5,Champions,0.0054,Low Risk
17646,2009-12-16 09:37:00,2011-05-04 13:17:00,196,12,1308,6.673469387755102,3898.79,19.891785714285717,124,0.0,1,505,219,42.1,16.85,2,5,5,At Risk,0.3036,Low Risk
17647,2010-02-08 14:39:00,2011-10-05 15:38:00,12,3,82,6.833333333333333,331.66,27.638333333333332,12,0.0,0,605,65,201.7,16.25,3,3,2,Loyal Customers,0.1238,Low Risk
17648,2010-11-19 16:41:00,2011-10-10 09:41:00,125,5,954,7.632,2216.37,17.73096,114,0.0,0,325,61,65.0,10.17,3,4,4,Loyal Customers,0.5511,Medium Risk
17649,2010-08-24 13:01:00,2011-07-24 15:53:00,98,3,723,7.377551020408164,1578.89,16.111122448979593,88,0.5306122448979592,1,335,138,111.7,34.5,3,3,4,Loyal Customers,0.6538,Medium Risk
17650,2011-11-18 14:52:00,2011-11-18 14:52:00,8,1,150,18.75,166.07999999999998,20.76,8,0.0,0,1,21,1.0,10.5,4,2,1,Promising / New,0.6763,Medium Risk
17651,2010-07-01 12:17:00,2011-11-28 10:29:00,332,16,4086,12.30722891566265,5703.52,17.179277108433737,198,0.0421686746987951,0,515,12,32.2,0.71,5,5,5,Champions,0.1391,Low Risk
17652,2011-03-03 14:05:00,2011-11-14 12:55:00,259,12,2509,9.687258687258687,4867.72,18.794285714285717,118,0.0,0,256,25,21.3,1.92,4,5,5,Champions,0.2414,Low Risk
17653,2011-08-11 15:24:00,2011-11-03 12:46:00,44,4,1409,32.02272727272727,1207.56,27.44454545454545,44,0.0,0,84,37,21.0,7.4,4,4,3,Champions,0.4015,Medium Risk
17654,2011-03-07 13:17:00,2011-03-07 13:17:00,22,1,41,1.8636363636363635,117.55,5.343181818181818,22,0.0,1,1,277,1.0,138.5,2,2,1,Lost / Inactive,0.8743,High Risk
17655,2010-10-19 10:20:00,2011-11-29 11:34:00,111,9,1268,11.423423423423424,2976.38,26.814234234234235,75,0.1261261261261261,0,407,11,45.2,1.1,5,5,5,Champions,0.3004,Low Risk
17656,2011-08-03 10:45:00,2011-09-27 13:04:00,82,5,1399,17.0609756097561,1674.69,20.423048780487804,67,0.0,0,56,73,11.2,12.17,3,4,4,Loyal Customers,0.3073,Low Risk
17657,2010-10-05 14:52:00,2010-10-05 14:52:00,7,1,60,8.571428571428571,126.0,18.0,7,0.0,1,1,430,1.0,215.0,1,2,1,Lost / Inactive,0.7835,High Risk
17658,2011-05-12 15:23:00,2011-11-14 12:07:00,19,2,616,32.421052631578945,595.42,31.337894736842102,17,0.0,0,186,26,93.0,8.67,4,3,2,Loyal Customers,0.6382,Medium Risk
17659,2010-11-18 14:20:00,2011-11-22 13:29:00,192,14,1752,9.125,3586.99,18.68223958333333,150,0.0,0,369,17,26.4,1.13,5,5,5,Champions,0.2235,Low Risk
17660,2009-12-02 16:02:00,2011-07-21 13:37:00,82,2,259,3.158536585365854,342.22,4.173414634146342,75,0.0,1,596,141,298.0,47.0,3,3,2,Loyal Customers,0.4659,Medium Risk
17662,2009-12-17 09:54:00,2010-02-16 09:38:00,15,2,184,12.266666666666667,412.92,27.528,14,0.0,1,61,662,30.5,220.67,1,3,2,At Risk,0.7185,High Risk
17663,2010-03-04 11:42:00,2011-11-14 08:56:00,238,17,2297,9.65126050420168,5175.83,21.74718487394958,153,0.0,0,620,26,36.5,1.44,4,5,5,Champions,0.048,Low Risk
17664,2010-03-29 17:17:00,2011-11-21 11:29:00,80,4,1058,13.225,1166.23,14.577875,68,0.2,0,602,19,150.5,3.8,5,4,3,Champions,0.1254,Low Risk
17665,2010-08-03 13:12:00,2010-08-03 13:12:00,19,1,690,36.31578947368421,563.1,29.63684210526316,19,0.0,1,1,493,1.0,246.5,1,2,2,Lost / Inactive,0.7525,High Risk
17666,2010-06-30 12:03:00,2011-12-06 09:06:00,44,5,1552,35.27272727272727,2047.8,46.54090909090909,30,0.0,0,524,4,104.8,0.67,5,4,4,Champions,0.3825,Medium Risk
17667,2010-02-23 09:57:00,2011-10-04 14:32:00,230,9,2192,9.530434782608696,3950.7,17.17695652173913,140,0.0,0,589,66,65.4,6.6,3,5,5,Loyal Customers,0.185,Low Risk
17668,2011-11-01 14:45:00,2011-12-08 13:25:00,15,2,93,6.2,347.75,23.183333333333334,14,0.0,0,37,1,18.5,0.33,5,3,2,Loyal Customers,0.6254,Medium Risk
17669,2010-04-01 18:48:00,2011-10-28 08:53:00,144,10,3505,24.34027777777778,6142.35,42.65520833333333,85,0.0,0,575,43,57.5,3.91,4,5,5,Champions,0.2433,Low Risk
17670,2011-04-26 09:12:00,2011-04-26 09:12:00,11,1,110,10.0,205.7,18.7,11,0.0,1,1,228,1.0,114.0,2,2,1,Lost / Inactive,0.7526,High Risk
17671,2010-11-29 11:53:00,2011-11-24 12:21:00,75,5,987,13.16,2009.16,26.7888,54,0.0,0,361,16,72.2,2.67,5,4,4,Champions,0.459,Medium Risk
17672,2010-01-26 17:20:00,2011-10-20 14:18:00,206,7,2758,13.388349514563108,5778.63,28.05160194174757,179,0.0,0,632,50,90.3,6.25,4,4,5,Champions,0.0384,Low Risk
17673,2010-03-19 14:02:00,2011-12-08 12:50:00,507,13,3284,6.477317554240631,4173.88,8.232504930966469,195,0.0867850098619329,0,629,2,48.4,0.14,5,5,5,Champions,0.0194,Low Risk
17674,2010-12-06 10:20:00,2011-09-26 13:35:00,27,2,672,24.88888888888889,551.04,20.40888888888889,19,0.0,0,295,74,147.5,24.67,3,3,2,Loyal Customers,0.6261,Medium Risk
17675,2009-12-10 16:10:00,2011-12-08 18:03:00,1116,70,16180,14.49820788530466,37642.48,33.72982078853047,345,0.0967741935483871,0,729,1,10.4,0.01,5,5,5,Champions,0.0053,Low Risk
17676,2010-03-30 10:49:00,2011-12-05 15:16:00,148,10,1764,11.91891891891892,2448.64,16.544864864864863,85,0.0,0,616,4,61.6,0.36,5,5,4,Champions,0.0656,Low Risk
17677,2009-12-16 11:23:00,2011-12-08 09:56:00,685,54,20921,30.541605839416057,35058.46,51.18023357664234,346,0.0496350364963503,0,722,2,13.4,0.04,5,5,5,Champions,0.0081,Low Risk
17678,2010-04-15 13:54:00,2011-03-21 11:52:00,28,2,368,13.142857142857142,599.76,21.42,27,0.0,1,340,264,170.0,88.0,2,3,2,At Risk,0.633,Medium Risk
17679,2009-12-03 17:32:00,2011-10-18 07:43:00,81,7,1755,21.666666666666668,3577.61,44.16802469135803,70,0.0,0,684,53,97.7,6.62,4,4,5,Champions,0.0463,Low Risk
17680,2010-07-16 16:07:00,2011-11-16 12:42:00,20,3,155,7.75,497.45,24.8725,20,0.2,0,488,24,162.7,6.0,4,3,2,Loyal Customers,0.4883,Medium Risk
17681,2010-01-15 11:53:00,2010-04-21 17:22:00,14,5,450,32.142857142857146,731.2,52.22857142857144,12,0.1428571428571428,1,97,597,19.4,99.5,1,4,3,At Risk,0.565,Medium Risk
17682,2010-03-08 09:49:00,2011-11-29 15:59:00,220,11,2281,10.36818181818182,4065.28,18.47854545454545,85,0.1409090909090909,0,632,10,57.5,0.83,5,5,5,Champions,0.0253,Low Risk
17683,2010-06-03 17:15:00,2010-11-19 10:11:00,46,3,781,16.97826086956522,819.01,17.804565217391303,41,0.0,1,169,386,56.3,96.5,2,3,3,At Risk,0.6581,Medium Risk
17684,2011-10-27 11:10:00,2011-10-27 11:10:00,15,1,145,9.666666666666666,239.41,15.960666666666668,15,0.0,0,1,44,1.0,22.0,4,2,1,Promising / New,0.7148,High Risk
17685,2010-02-11 13:44:00,2011-11-23 11:36:00,198,12,3474,17.545454545454547,5454.95,27.550252525252525,124,0.0,0,650,17,54.2,1.31,5,5,5,Champions,0.0124,Low Risk
17686,2010-06-24 09:49:00,2011-12-02 15:39:00,429,9,3583,8.351981351981353,8296.81,19.339883449883448,283,0.0,0,527,7,58.6,0.7,5,5,5,Champions,0.1989,Low Risk
17687,2010-10-15 12:30:00,2010-10-15 12:30:00,26,1,210,8.076923076923077,432.68,16.641538461538463,26,0.0,1,1,421,1.0,210.5,1,2,2,Lost / Inactive,0.7231,High Risk
17688,2010-11-11 10:41:00,2010-11-11 10:41:00,19,1,114,6.0,304.2,16.010526315789473,19,0.0,1,1,394,1.0,197.0,2,2,2,Lost / Inactive,0.8413,High Risk
17689,2010-08-22 13:54:00,2010-11-16 13:22:00,22,2,300,13.636363636363637,317.08,14.412727272727272,17,0.4090909090909091,1,86,388,43.0,129.33,2,3,2,At Risk,0.6998,Medium Risk
17690,2010-02-03 14:26:00,2011-11-09 15:17:00,360,20,2939,8.16388888888889,6963.8,19.34388888888889,237,0.1666666666666666,0,645,30,32.2,1.43,4,5,5,Champions,0.0065,Low Risk
17691,2010-06-11 11:50:00,2010-12-16 17:20:00,43,4,315,7.325581395348837,637.55,14.826744186046511,37,0.0,1,189,358,47.2,71.6,2,4,3,At Risk,0.698,Medium Risk
17692,2010-06-17 11:14:00,2011-08-04 14:01:00,162,12,2338,14.432098765432098,2975.8,18.36913580246913,90,0.1111111111111111,1,414,127,34.5,9.77,3,5,5,Loyal Customers,0.2025,Low Risk
17693,2011-07-25 15:48:00,2011-07-25 15:48:00,16,1,231,14.4375,200.47,12.529375,16,0.0,1,1,137,1.0,68.5,3,2,1,Needs Attention,0.694,Medium Risk
17694,2010-05-26 08:27:00,2011-07-21 12:00:00,81,3,1493,18.432098765432094,1695.97,20.937901234567903,54,0.0,1,422,142,140.7,35.5,3,3,4,Loyal Customers,0.4769,Medium Risk
17695,2010-01-28 09:27:00,2011-07-31 10:40:00,61,5,1809,29.65573770491803,1746.04,28.623606557377048,46,0.2786885245901639,1,550,132,110.0,22.0,3,4,4,Loyal Customers,0.4747,Medium Risk
17696,2009-12-10 17:09:00,2011-11-01 13:43:00,365,27,5891,16.13972602739726,7679.59,21.039972602739727,191,0.073972602739726,0,691,38,25.6,1.36,4,5,5,Champions,0.0059,Low Risk
17697,2011-04-17 15:40:00,2011-04-17 15:40:00,19,1,93,4.894736842105263,338.95,17.839473684210525,19,1.0,1,1,236,1.0,118.0,2,2,2,Lost / Inactive,0.852,High Risk
17698,2011-03-24 11:34:00,2011-03-24 11:34:00,8,1,93,11.625,154.95,19.36875,8,0.0,1,1,261,1.0,130.5,2,2,1,Lost / Inactive,0.7737,High Risk
17699,2010-05-27 11:53:00,2010-08-20 09:39:00,19,2,208,10.947368421052632,442.0,23.26315789473684,17,0.0,1,85,477,42.5,159.0,1,3,2,At Risk,0.7135,High Risk
17700,2009-12-01 11:37:00,2011-11-23 11:51:00,360,14,3469,9.636111111111113,6679.97,18.555472222222225,259,0.0,0,723,17,51.6,1.13,5,5,5,Champions,0.0065,Low Risk
17701,2011-04-01 12:25:00,2011-04-01 12:25:00,24,1,109,4.541666666666667,417.95,17.414583333333333,24,0.0,1,1,253,1.0,126.5,2,2,2,Lost / Inactive,0.748,High Risk
17702,2010-11-04 12:09:00,2011-11-09 16:03:00,153,6,2153,14.0718954248366,3144.04,20.549281045751638,120,0.1437908496732026,0,371,30,61.8,4.29,4,4,5,Champions,0.345,Low Risk
17703,2010-10-17 16:16:00,2011-11-04 15:51:00,78,4,897,11.5,1094.84,14.036410256410257,63,0.5128205128205128,0,383,35,95.8,7.0,4,4,3,Champions,0.5059,Medium Risk
17704,2011-04-14 09:28:00,2011-06-24 09:40:00,31,2,343,11.064516129032258,885.1899999999999,28.55451612903225,27,0.0,1,72,169,36.0,56.33,3,3,3,Loyal Customers,0.6772,Medium Risk
17705,2010-05-12 09:47:00,2011-12-06 13:45:00,120,11,1301,10.841666666666669,2083.9,17.365833333333335,74,0.0583333333333333,0,574,3,52.2,0.25,5,5,4,Champions,0.2611,Low Risk
17706,2010-01-19 12:13:00,2011-12-05 13:34:00,737,31,7824,10.616010854816825,20272.15,27.506309362279517,408,0.0624151967435549,0,686,4,22.1,0.12,5,5,5,Champions,0.0048,Low Risk
17707,2009-12-07 12:19:00,2011-06-07 15:03:00,24,8,546,22.75,609.3,25.3875,9,0.3333333333333333,1,548,185,68.5,20.56,3,5,3,Loyal Customers,0.6989,Medium Risk
17708,2010-10-12 12:13:00,2011-06-05 10:12:00,73,4,387,5.301369863013699,884.18,12.112054794520548,57,0.1232876712328767,1,236,188,59.0,37.6,3,4,3,Loyal Customers,0.6551,Medium Risk
17709,2010-04-15 14:48:00,2011-06-23 11:55:00,40,5,295,7.375,671.01,16.77525,37,0.175,1,434,170,86.8,28.33,3,4,3,Loyal Customers,0.6749,Medium Risk
17710,2010-10-12 07:49:00,2010-10-12 07:49:00,20,1,158,7.9,293.5,14.675,20,0.0,1,1,424,1.0,212.0,1,2,2,Lost / Inactive,0.7353,High Risk
17711,2011-02-23 11:32:00,2011-11-29 11:40:00,23,2,246,10.695652173913045,385.1,16.743478260869566,22,0.0,0,280,11,140.0,3.67,5,3,2,Loyal Customers,0.6287,Medium Risk
17712,2011-10-26 12:28:00,2011-10-26 12:28:00,29,1,215,7.413793103448276,522.91,18.031379310344825,29,0.0,0,1,45,1.0,22.5,4,2,2,Promising / New,0.7094,High Risk
17713,2010-06-09 09:33:00,2010-11-22 16:50:00,76,4,989,13.013157894736842,1198.09,15.764342105263156,55,0.0,1,167,382,41.8,76.4,2,4,3,At Risk,0.5755,Medium Risk
17714,2010-07-14 10:41:00,2011-01-23 10:32:00,81,5,608,7.506172839506172,1410.18,17.40962962962963,69,0.1234567901234567,1,193,321,38.6,53.5,2,4,4,At Risk,0.6258,Medium Risk
17715,2010-04-26 12:17:00,2011-05-23 12:32:00,2,2,576,288.0,489.6,244.8,1,0.0,1,393,201,196.5,67.0,2,3,2,At Risk,0.5689,Medium Risk
17716,2009-12-02 17:18:00,2011-11-17 12:00:00,601,24,8819,14.6738768718802,15956.97,26.55069883527454,334,0.0266222961730449,0,715,23,29.8,0.92,4,5,5,Champions,0.0039,Low Risk
17717,2010-10-14 12:54:00,2010-10-14 12:54:00,26,1,344,13.23076923076923,376.92,14.496923076923078,26,0.0,1,1,421,1.0,210.5,1,2,2,Lost / Inactive,0.6387,Medium Risk
17718,2010-03-05 08:01:00,2011-04-21 13:39:00,23,2,274,11.91304347826087,439.18,19.09478260869565,22,0.0,1,413,232,206.5,77.33,2,3,2,At Risk,0.4355,Medium Risk
17719,2011-03-29 11:29:00,2011-11-02 10:36:00,274,15,2466,9.0,5396.04,19.693576642335767,111,0.0547445255474452,0,218,38,14.5,2.38,4,5,5,Champions,0.2006,Low Risk
17720,2010-05-10 09:58:00,2011-11-13 15:04:00,132,10,1589,12.037878787878787,2666.91,20.20386363636364,81,0.0984848484848484,0,553,26,55.3,2.36,4,5,4,Champions,0.2131,Low Risk
17721,2010-02-18 15:18:00,2010-02-18 15:18:00,11,1,107,9.727272727272728,307.21000000000004,27.928181818181823,11,0.0,1,1,659,1.0,329.5,1,2,2,Lost / Inactive,0.7703,High Risk
17722,2010-11-29 09:44:00,2011-09-04 15:22:00,174,5,2412,13.862068965517242,3520.22,20.23114942528736,163,0.1206896551724138,1,280,96,56.0,16.0,3,4,5,Loyal Customers,0.4453,Medium Risk
17723,2010-11-29 10:35:00,2011-08-04 18:37:00,12,7,912,76.0,3378.4,281.53333333333336,6,0.0,1,249,127,35.6,15.88,3,4,5,Loyal Customers,0.7075,High Risk
17724,2011-07-24 13:26:00,2011-09-29 15:26:00,40,3,300,7.5,1033.0,25.825,38,0.275,0,68,71,22.7,17.75,3,3,3,Loyal Customers,0.4172,Medium Risk
17725,2011-03-17 19:47:00,2011-11-23 16:34:00,192,11,2162,11.260416666666666,3439.08,17.911875,115,0.1770833333333333,0,251,16,22.8,1.33,5,5,5,Champions,0.2794,Low Risk
17726,2010-01-26 14:58:00,2010-11-09 13:37:00,64,7,444,6.9375,1092.06,17.0634375,52,0.0,1,287,395,41.0,49.38,2,4,3,At Risk,0.6274,Medium Risk
17727,2011-11-24 17:06:00,2011-11-24 17:06:00,66,1,645,9.772727272727272,1060.25,16.064393939393938,66,0.0,0,1,15,1.0,7.5,5,2,3,Promising / New,0.6558,Medium Risk
17728,2010-09-12 14:58:00,2011-12-06 08:52:00,244,5,2146,8.795081967213115,4238.76,17.371967213114754,196,0.3237704918032787,0,450,4,90.0,0.67,5,4,5,Champions,0.4229,Medium Risk
17729,2010-04-22 15:03:00,2010-04-22 15:03:00,23,1,247,10.73913043478261,438.65,19.071739130434786,23,0.0,1,1,596,1.0,298.0,1,2,2,Lost / Inactive,0.7099,High Risk
17730,2010-04-29 11:48:00,2011-12-06 15:43:00,314,20,5300,16.878980891719745,7773.8,24.757324840764333,177,0.054140127388535,0,587,3,29.4,0.14,5,5,5,Champions,0.0686,Low Risk
17731,2010-02-09 12:37:00,2011-09-21 15:02:00,99,6,707,7.141414141414141,1708.99,17.262525252525254,82,0.0707070707070707,0,590,79,98.3,11.29,3,4,4,Loyal Customers,0.2631,Low Risk
17732,2010-08-09 08:41:00,2010-12-02 09:29:00,122,8,1058,8.672131147540984,2166.42,17.757540983606557,90,0.0,1,116,373,14.5,41.44,2,5,4,At Risk,0.4345,Medium Risk
17733,2011-03-23 09:54:00,2011-11-01 08:16:00,35,2,463,13.228571428571428,692.19,19.776857142857143,33,0.0,0,223,39,111.5,13.0,4,3,3,Loyal Customers,0.6231,Medium Risk
17734,2010-03-07 13:55:00,2011-10-17 12:33:00,86,6,741,8.616279069767442,1442.32,16.771162790697673,76,0.2674418604651162,0,589,54,98.2,7.71,4,4,4,Champions,0.2368,Low Risk
17735,2010-07-30 13:25:00,2011-12-07 16:47:00,874,26,10683,12.223112128146454,16790.33,19.210903890160186,391,0.0720823798627002,0,496,2,19.1,0.07,5,5,5,Champions,0.1559,Low Risk
17736,2011-08-18 14:33:00,2011-11-30 15:36:00,25,3,238,9.52,377.44,15.0976,24,0.0,0,105,9,35.0,2.25,5,3,2,Loyal Customers,0.657,Medium Risk
17737,2011-10-12 14:42:00,2011-11-30 15:16:00,10,2,108,10.8,168.24,16.824,8,0.0,0,50,9,25.0,3.0,5,3,1,Loyal Customers,0.6365,Medium Risk
17738,2010-03-19 10:07:00,2011-11-20 15:05:00,230,13,2776,12.069565217391304,4183.56,18.189391304347826,173,0.0869565217391304,0,612,19,47.1,1.36,5,5,5,Champions,0.0372,Low Risk
17739,2009-12-07 10:48:00,2011-11-28 09:12:00,149,18,2335,15.671140939597317,7730.59,51.88315436241611,56,0.0,0,721,12,40.1,0.63,5,5,5,Champions,0.011,Low Risk
17740,2010-01-11 13:11:00,2010-11-15 16:33:00,9,6,222,24.666666666666668,426.9,47.43333333333333,5,0.0,1,309,389,51.5,55.57,2,4,2,At Risk,0.7792,High Risk
17741,2010-05-28 12:11:00,2010-10-29 11:59:00,6,2,114,19.0,101.1,16.849999999999998,6,0.0,1,154,407,77.0,135.67,2,3,1,At Risk,0.6639,Medium Risk
17742,2009-12-01 13:16:00,2011-08-18 15:28:00,85,11,653,7.682352941176471,2098.48,24.688,52,0.0,1,626,113,56.9,9.42,3,5,4,Loyal Customers,0.2127,Low Risk
17743,2010-09-17 14:54:00,2010-09-17 14:54:00,3,1,96,32.0,229.2,76.39999999999999,3,0.0,1,1,448,1.0,224.0,1,2,1,Lost / Inactive,0.7821,High Risk
17744,2010-11-24 09:34:00,2011-12-06 12:11:00,151,7,3826,25.337748344370866,2649.14,17.543973509933775,121,0.0794701986754966,0,378,4,54.0,0.5,5,4,4,Champions,0.2653,Low Risk
17745,2010-06-02 09:03:00,2010-08-19 12:30:00,28,2,164,5.857142857142857,600.34,21.44071428571429,27,0.0,1,79,478,39.5,159.33,1,3,2,At Risk,0.7365,High Risk
17746,2010-04-08 12:54:00,2011-04-13 14:31:00,36,4,688,19.11111111111111,904.18,25.11611111111111,32,0.0,1,371,240,92.8,48.0,2,4,3,At Risk,0.5016,Medium Risk
17747,2011-08-19 08:13:00,2011-08-19 08:13:00,1,1,12,12.0,71.4,71.4,1,0.0,1,1,113,1.0,56.5,3,2,1,Needs Attention,0.869,High Risk
17748,2010-06-30 13:49:00,2010-06-30 13:49:00,17,1,111,6.529411764705882,358.15,21.06764705882353,17,0.0,1,1,527,1.0,263.5,1,2,2,Lost / Inactive,0.8049,High Risk
17749,2010-06-11 14:56:00,2011-06-14 15:45:00,57,3,446,7.824561403508772,1026.18,18.003157894736844,52,0.0,1,369,178,123.0,44.5,3,3,3,Loyal Customers,0.5342,Medium Risk
17750,2011-06-28 15:44:00,2011-12-04 14:09:00,184,9,3747,20.36413043478261,1710.45,9.29592391304348,101,0.1413043478260869,0,159,5,17.7,0.5,5,5,4,Champions,0.2787,Low Risk
17751,2010-10-14 13:57:00,2010-10-14 13:57:00,32,1,147,4.59375,157.86,4.933125,31,0.0,1,1,421,1.0,210.5,1,2,1,Lost / Inactive,0.7386,High Risk
17752,2010-12-15 16:19:00,2010-12-15 16:19:00,1,1,192,192.0,80.64,80.64,1,0.0,1,1,359,1.0,179.5,2,2,1,Lost / Inactive,0.714,High Risk
17753,2010-01-06 14:20:00,2010-09-01 15:49:00,69,4,124,1.7971014492753623,382.06,5.5371014492753625,63,0.0,1,239,464,59.8,92.8,1,4,2,At Risk,0.7739,High Risk
17754,2009-12-11 15:52:00,2011-12-09 11:20:00,223,13,4366,19.57847533632287,4451.22,19.960627802690585,185,0.0,0,728,1,56.0,0.07,5,5,5,Champions,0.0086,Low Risk
17756,2010-11-10 12:54:00,2010-11-29 12:20:00,84,3,399,4.75,728.75,8.675595238095237,54,0.0,1,19,376,6.3,94.0,2,3,3,At Risk,0.4815,Medium Risk
17757,2010-01-13 15:56:00,2011-12-08 15:31:00,1257,56,5011,3.986475735879077,9074.05,7.218814638027048,362,0.1193317422434367,0,694,1,12.4,0.02,5,5,5,Champions,0.0174,Low Risk
17758,2010-05-20 13:18:00,2011-11-20 14:45:00,528,12,3199,6.058712121212121,4964.03,9.401571969696969,403,0.5132575757575758,0,550,19,45.8,1.46,5,5,5,Champions,0.2135,Low Risk
17759,2010-05-05 11:40:00,2011-11-22 16:02:00,133,5,965,7.25563909774436,1261.88,9.48781954887218,114,0.0,0,567,17,113.4,2.83,5,4,4,Champions,0.2109,Low Risk
17760,2010-02-28 12:15:00,2011-11-18 10:56:00,67,6,531,7.925373134328358,746.39,11.140149253731344,58,0.2238805970149253,0,628,22,104.7,3.14,4,4,3,Champions,0.0906,Low Risk
17761,2011-11-07 10:23:00,2011-11-07 10:23:00,19,1,398,20.94736842105263,712.78,37.51473684210527,19,0.0,0,1,33,1.0,16.5,4,2,3,Promising / New,0.6486,Medium Risk
17762,2010-09-09 17:40:00,2010-09-09 17:40:00,17,1,129,7.588235294117647,129.75,7.632352941176471,16,0.0,1,1,456,1.0,228.0,1,2,1,Lost / Inactive,0.7863,High Risk
17763,2010-02-18 14:32:00,2011-03-21 14:25:00,14,4,41,2.9285714285714284,86.15,6.153571428571429,11,0.0,1,396,263,99.0,52.6,2,4,1,At Risk,0.6654,Medium Risk
17764,2009-12-03 14:28:00,2011-10-20 11:03:00,149,5,674,4.523489932885906,1513.57,10.158187919463089,126,0.0,0,686,51,137.2,8.5,4,4,4,Champions,0.0537,Low Risk
17765,2010-09-17 12:45:00,2011-07-04 12:41:00,81,4,195,2.4074074074074074,524.0,6.469135802469136,71,0.0,1,290,159,72.5,31.8,3,4,2,Loyal Customers,0.7763,High Risk
17766,2010-11-23 14:17:00,2010-11-23 14:29:00,22,2,155,7.045454545454546,299.61,13.618636363636364,21,0.0,1,1,381,0.5,127.0,2,3,2,At Risk,0.7582,High Risk
17767,2010-10-25 16:22:00,2011-11-24 14:42:00,39,2,198,5.076923076923077,413.05,10.591025641025642,35,0.0,0,395,15,197.5,5.0,5,3,2,Loyal Customers,0.4086,Medium Risk
17768,2009-12-02 12:26:00,2011-12-01 13:22:00,182,7,2339,12.851648351648352,3292.73,18.09192307692308,134,0.412087912087912,0,730,8,104.3,1.0,5,4,5,Champions,0.0262,Low Risk
17769,2010-01-19 11:33:00,2011-11-27 11:18:00,583,17,3157,5.415094339622642,7053.38,12.098421955403088,330,0.915951972555746,0,677,13,39.8,0.72,5,5,5,Champions,0.0316,Low Risk
17770,2011-03-02 13:35:00,2011-05-25 12:34:00,38,5,365,9.605263157894736,1143.27,30.086052631578948,33,0.0,1,84,199,16.8,33.17,2,4,3,At Risk,0.4923,Medium Risk
17771,2010-04-29 13:21:00,2011-10-14 11:43:00,69,4,373,5.405797101449275,387.41,5.6146376811594205,63,0.0,0,533,57,133.2,11.4,4,4,2,Champions,0.244,Low Risk
17772,2010-11-12 11:31:00,2011-11-29 11:05:00,96,3,113,1.1770833333333333,360.75,3.7578125,94,0.0,0,382,11,127.3,2.75,5,3,2,Loyal Customers,0.2859,Low Risk
17773,2010-01-18 14:32:00,2010-07-13 14:07:00,55,2,254,4.618181818181818,575.37,10.461272727272728,48,0.0,1,176,514,88.0,171.33,1,3,2,At Risk,0.7502,High Risk
17774,2010-02-08 16:06:00,2011-09-04 12:49:00,397,9,1585,3.992443324937028,3273.83,8.246423173803526,286,0.2972292191435768,1,573,97,63.7,9.7,3,5,5,Loyal Customers,0.3982,Medium Risk
17775,2011-03-30 10:50:00,2011-03-30 10:50:00,3,1,72,24.0,56.4,18.8,3,0.0,1,1,255,1.0,127.5,2,2,1,Lost / Inactive,0.8238,High Risk
17776,2009-12-16 14:59:00,2010-11-18 12:14:00,80,2,273,3.4125,330.56,4.132,74,0.0,1,337,387,168.5,129.0,2,3,2,At Risk,0.687,Medium Risk
17777,2011-08-31 14:35:00,2011-11-15 12:02:00,190,3,501,2.636842105263158,647.5600000000001,3.4082105263157896,141,0.0,0,76,25,25.3,6.25,4,3,3,Loyal Customers,0.3435,Low Risk
17778,2010-02-16 12:44:00,2010-02-16 12:44:00,10,1,214,21.4,197.7,19.77,10,0.0,1,1,662,1.0,331.0,1,2,1,Lost / Inactive,0.708,High Risk
17779,2011-07-19 12:19:00,2011-11-18 14:15:00,81,3,396,4.888888888888889,650.32,8.028641975308643,73,0.0,0,123,21,41.0,5.25,4,3,3,Loyal Customers,0.6254,Medium Risk
17780,2010-01-24 11:21:00,2010-02-10 13:43:00,79,3,156,1.9746835443037976,346.56,4.386835443037975,76,0.3417721518987341,1,18,667,6.0,166.75,1,3,2,At Risk,0.708,High Risk
17781,2011-03-31 19:54:00,2011-07-03 16:00:00,12,2,34,2.833333333333333,188.02,15.668333333333337,12,0.8333333333333334,1,94,159,47.0,53.0,3,3,1,Loyal Customers,0.8471,High Risk
17782,2010-11-22 10:03:00,2010-11-22 11:15:00,29,2,538,18.55172413793104,679.02,23.41448275862069,29,0.0,1,1,383,0.5,127.67,2,3,3,At Risk,0.6526,Medium Risk
17783,2010-07-15 12:50:00,2011-09-28 16:07:00,91,3,438,4.813186813186813,376.96,4.142417582417583,91,0.0,0,441,72,147.0,18.0,3,3,2,Loyal Customers,0.2808,Low Risk
17784,2010-06-07 16:08:00,2010-06-07 16:08:00,23,1,72,3.130434782608696,112.86,4.90695652173913,19,0.0,1,1,550,1.0,275.0,1,2,1,Lost / Inactive,0.8411,High Risk
17785,2010-05-23 13:01:00,2011-10-17 13:43:00,51,3,227,4.450980392156863,403.38,7.909411764705882,48,0.3137254901960784,0,513,53,171.0,13.25,4,3,2,Loyal Customers,0.2583,Low Risk
17786,2011-01-26 14:35:00,2011-09-15 12:51:00,68,2,195,2.867647058823529,266.85,3.9242647058823534,57,0.0,0,232,85,116.0,28.33,3,3,1,Loyal Customers,0.688,Medium Risk
17787,2010-12-03 13:43:00,2011-07-10 11:24:00,128,4,896,7.0,1817.54,14.19953125,94,0.1171875,1,219,153,54.8,30.6,3,4,4,Loyal Customers,0.6159,Medium Risk
17788,2011-08-02 10:38:00,2011-09-27 10:09:00,5,2,211,42.2,1117.9,223.58,3,0.0,0,56,74,28.0,24.67,3,3,3,Loyal Customers,0.5468,Medium Risk
17789,2010-02-16 13:16:00,2011-03-03 13:14:00,29,2,199,6.862068965517241,397.15,13.694827586206896,27,0.0,1,380,281,190.0,93.67,2,3,2,At Risk,0.4997,Medium Risk
17790,2010-06-13 13:30:00,2011-11-13 11:30:00,302,20,1387,4.59271523178808,2779.41,9.203344370860927,188,0.4503311258278146,0,518,27,25.9,1.29,4,5,4,Champions,0.3489,Low Risk
17791,2011-11-10 12:09:00,2011-11-10 12:09:00,10,1,46,4.6,106.1,10.61,10,0.0,0,1,30,1.0,15.0,4,2,1,Promising / New,0.8848,High Risk
17792,2010-08-18 13:08:00,2010-08-29 14:30:00,52,2,149,2.8653846153846154,368.35,7.083653846153847,45,0.5384615384615384,1,12,467,6.0,155.67,1,3,2,At Risk,0.7192,High Risk
17793,2011-11-14 14:24:00,2011-11-14 14:24:00,52,1,226,4.346153846153846,300.34,5.77576923076923,49,0.0,0,1,25,1.0,12.5,4,2,2,Promising / New,0.7087,High Risk
17794,2010-01-20 12:17:00,2010-01-22 10:18:00,7,2,46,6.571428571428571,147.3,21.042857142857144,7,0.0,1,2,687,1.0,229.0,1,3,1,At Risk,0.7947,High Risk
17795,2011-03-20 12:02:00,2011-06-13 12:36:00,45,2,305,6.777777777777778,342.83,7.618444444444444,43,0.3555555555555555,1,86,180,43.0,60.0,3,3,2,Loyal Customers,0.7021,High Risk
17796,2010-10-14 13:37:00,2011-10-30 15:38:00,203,7,347,1.70935960591133,1236.39,6.090591133004927,149,0.645320197044335,0,382,40,54.6,5.0,4,4,4,Champions,0.3187,Low Risk
17797,2009-12-15 14:30:00,2011-11-17 13:21:00,271,8,1086,4.007380073800738,1971.87,7.276273062730627,222,0.0,0,702,22,87.8,2.44,4,5,4,Champions,0.0239,Low Risk
17798,2010-05-07 11:42:00,2010-05-07 11:42:00,45,1,138,3.066666666666667,178.07,3.957111111111111,43,0.0,1,1,582,1.0,291.0,1,2,1,Lost / Inactive,0.7257,High Risk
17799,2009-12-13 16:03:00,2011-11-17 15:16:00,904,20,3674,4.064159292035399,6246.93,6.910320796460177,478,0.0508849557522123,0,704,22,35.2,1.05,4,5,5,Champions,0.0158,Low Risk
17800,2011-01-09 13:50:00,2011-11-02 12:57:00,103,9,732,7.106796116504855,1187.21,11.526310679611653,51,0.3009708737864077,0,297,37,33.0,3.7,4,5,3,Champions,0.4623,Medium Risk
17801,2010-01-17 11:31:00,2010-09-14 14:32:00,81,3,820,10.123456790123456,770.03,9.506543209876543,66,0.5432098765432098,1,241,451,80.3,112.75,1,3,3,At Risk,0.6514,Medium Risk
17802,2009-12-13 13:39:00,2011-09-18 14:56:00,524,10,2705,5.162213740458015,4946.22,9.439351145038168,283,0.8759541984732825,0,645,82,64.5,7.45,3,5,5,Loyal Customers,0.0286,Low Risk
17803,2010-11-12 13:53:00,2010-11-12 13:53:00,27,1,98,3.6296296296296298,184.66,6.839259259259259,27,0.0,1,1,392,1.0,196.0,2,2,1,Lost / Inactive,0.8637,High Risk
17804,2009-12-01 12:22:00,2010-11-28 14:01:00,91,3,194,2.131868131868132,383.78,4.217362637362638,82,0.3076923076923077,1,363,376,121.0,94.0,2,3,2,At Risk,0.4269,Medium Risk
17805,2010-04-08 14:36:00,2011-09-27 11:49:00,11,2,1126,102.36363636363636,927.03,84.27545454545454,10,0.0,0,537,74,268.5,24.67,3,3,3,Loyal Customers,0.2421,Low Risk
17806,2011-11-28 14:12:00,2011-11-28 14:12:00,43,1,727,16.906976744186046,546.04,12.698604651162787,43,0.0,0,1,11,1.0,5.5,5,2,2,Promising / New,0.5938,Medium Risk
17807,2010-01-04 14:00:00,2010-11-09 16:21:00,89,3,262,2.943820224719101,437.87,4.919887640449439,88,0.2247191011235955,1,310,395,103.3,98.75,2,3,2,At Risk,0.7075,High Risk
17808,2010-05-07 16:26:00,2010-06-09 10:44:00,33,4,143,4.333333333333333,262.64,7.958787878787878,29,0.0303030303030303,1,33,549,8.2,109.8,1,4,1,At Risk,0.7725,High Risk
17809,2009-12-02 14:52:00,2011-11-23 12:59:00,97,20,2995,30.87628865979381,10085.89,103.9782474226804,59,0.0,0,721,16,36.0,0.76,5,5,5,Champions,0.0223,Low Risk
17810,2010-01-25 10:26:00,2010-02-09 10:47:00,55,2,118,2.145454545454545,373.16,6.784727272727272,51,0.0,1,16,669,8.0,223.0,1,3,2,At Risk,0.7325,High Risk
17811,2010-09-20 11:24:00,2011-12-05 13:46:00,1152,47,5278,4.581597222222222,9519.8,8.263715277777777,538,0.1675347222222222,0,442,4,9.4,0.08,5,5,5,Champions,0.1332,Low Risk
17812,2010-06-27 13:34:00,2011-11-27 11:47:00,189,7,444,2.3492063492063493,911.99,4.825343915343916,162,0.4021164021164021,0,518,13,74.0,1.62,5,4,3,Champions,0.4837,Medium Risk
17813,2011-09-29 15:57:00,2011-11-25 16:13:00,348,5,752,2.160919540229885,1698.07,4.879511494252873,297,0.0,0,58,14,11.6,2.33,5,4,4,Champions,0.2593,Low Risk
17814,2010-10-13 14:03:00,2010-11-29 14:21:00,143,2,1435,10.034965034965037,1609.37,11.254335664335663,112,0.0,1,48,375,24.0,125.0,2,3,4,At Risk,0.4365,Medium Risk
17815,2010-11-11 14:39:00,2010-11-11 14:39:00,13,1,612,47.07692307692308,591.96,45.535384615384615,13,0.0,1,1,393,1.0,196.5,2,2,2,Lost / Inactive,0.7432,High Risk
17816,2009-12-15 15:27:00,2011-11-03 11:34:00,45,6,80,1.7777777777777777,96.11,2.1357777777777778,41,0.0,0,688,37,114.7,5.29,4,4,1,Champions,0.0972,Low Risk
17817,2010-10-13 15:07:00,2011-12-05 14:39:00,134,6,353,2.6343283582089554,788.15,5.881716417910448,115,0.0,0,418,4,69.7,0.57,5,4,3,Champions,0.4654,Medium Risk
17818,2009-12-02 11:34:00,2009-12-02 11:34:00,42,1,86,2.0476190476190474,124.78,2.970952380952381,42,0.0,1,1,738,1.0,369.0,1,2,1,Lost / Inactive,0.8201,High Risk
17819,2009-12-13 15:24:00,2011-09-29 10:52:00,89,12,1610,18.08988764044944,6021.05,67.65224719101124,66,0.2134831460674157,0,655,72,54.6,5.54,3,5,5,Loyal Customers,0.0185,Low Risk
17820,2010-11-30 17:43:00,2010-11-30 17:43:00,41,1,111,2.707317073170732,180.61,4.405121951219512,39,0.0,1,1,374,1.0,187.0,2,2,1,Lost / Inactive,0.8009,High Risk
17821,2010-10-29 13:20:00,2010-10-29 13:20:00,6,1,162,27.0,334.62,55.77,6,0.0,1,1,406,1.0,203.0,2,2,2,Lost / Inactive,0.7532,High Risk
17822,2010-05-28 12:15:00,2010-10-15 13:47:00,169,5,1375,8.136094674556213,2162.93,12.798402366863904,152,0.0,1,141,420,28.2,70.0,1,4,4,At Risk,0.4437,Medium Risk
17823,2010-10-14 16:14:00,2010-10-14 16:24:00,100,2,252,2.52,449.25,4.4925,88,0.0,1,1,421,0.5,140.33,1,3,2,At Risk,0.7197,High Risk
17824,2011-10-19 14:14:00,2011-10-19 14:14:00,13,1,408,31.384615384615383,298.4,22.95384615384615,13,0.0,0,1,51,1.0,25.5,4,2,2,Promising / New,0.6893,Medium Risk
17825,2009-12-14 12:09:00,2010-04-20 12:01:00,27,4,516,19.11111111111111,701.96,25.99851851851852,24,0.0,1,127,599,31.8,119.8,1,4,3,At Risk,0.6686,Medium Risk
17826,2010-11-30 13:23:00,2010-11-30 13:23:00,33,1,84,2.5454545454545454,133.34,4.040606060606061,33,0.0,1,1,374,1.0,187.0,2,2,1,Lost / Inactive,0.8148,High Risk
17827,2010-03-28 12:20:00,2011-12-04 15:00:00,281,6,1582,5.629893238434164,2376.17,8.456120996441282,240,0.4519572953736654,0,617,5,102.8,0.71,5,4,4,Champions,0.1447,Low Risk
17828,2011-06-08 08:31:00,2011-11-17 08:41:00,67,4,667,9.955223880597014,1820.09,27.1655223880597,54,0.0,0,163,23,40.8,4.6,4,4,4,Champions,0.5759,Medium Risk
17829,2010-02-22 15:39:00,2011-02-14 12:46:00,171,5,3009,17.596491228070175,4756.74,27.817192982456135,121,0.0,1,357,299,71.4,49.83,2,4,5,At Risk,0.5115,Medium Risk
17830,2011-02-24 10:15:00,2011-12-08 12:28:00,23,3,92,4.0,398.7,17.33478260869565,18,0.0,0,288,2,96.0,0.5,5,3,2,Loyal Customers,0.6212,Medium Risk
17831,2011-11-06 15:09:00,2011-11-06 15:09:00,2,1,12,6.0,35.4,17.7,2,1.0,0,1,33,1.0,16.5,4,2,1,Promising / New,0.6934,Medium Risk
17832,2011-10-21 11:43:00,2011-10-21 11:43:00,61,1,208,3.4098360655737703,155.37,2.547049180327869,61,0.0,0,1,50,1.0,25.0,4,2,1,Promising / New,0.355,Medium Risk
17833,2009-12-16 13:40:00,2009-12-16 13:40:00,31,1,143,4.612903225806452,338.46,10.918064516129032,28,0.0,1,1,723,1.0,361.5,1,2,2,Lost / Inactive,0.793,High Risk
17834,2010-09-20 15:32:00,2010-10-21 12:09:00,58,2,639,11.017241379310343,689.67,11.890862068965516,54,0.0,1,31,415,15.5,138.33,1,3,3,At Risk,0.5011,Medium Risk
17835,2011-11-16 16:30:00,2011-12-07 11:48:00,59,3,344,5.830508474576271,342.24,5.800677966101695,45,0.0,0,21,3,7.0,0.75,5,3,2,Loyal Customers,0.479,Medium Risk
17836,2011-10-23 16:13:00,2011-10-23 16:13:00,24,1,88,3.6666666666666665,110.21,4.592083333333334,23,1.0,0,1,47,1.0,23.5,4,2,1,Promising / New,0.7894,High Risk
17837,2011-06-29 16:44:00,2011-10-28 16:13:00,162,8,510,3.1481481481481484,1541.23,9.513765432098763,110,0.1604938271604938,0,121,42,15.1,4.67,4,5,4,Champions,0.3672,Medium Risk
17838,2010-03-19 09:53:00,2011-11-13 11:20:00,254,13,3491,13.744094488188976,5604.64,22.065511811023622,141,0.358267716535433,0,605,27,46.5,1.93,4,5,5,Champions,0.0571,Low Risk
17839,2011-10-28 17:27:00,2011-10-28 17:27:00,52,1,257,4.9423076923076925,318.15,6.11826923076923,50,0.0,0,1,42,1.0,21.0,4,2,2,Promising / New,0.7036,High Risk
17840,2010-09-22 12:24:00,2010-09-22 12:24:00,50,1,128,2.56,175.9,3.518,44,0.0,1,1,444,1.0,222.0,1,2,1,Lost / Inactive,0.769,High Risk
17841,2009-12-02 15:41:00,2011-12-08 12:07:00,12435,211,36584,2.942018496180137,68545.25,5.512283876156011,2116,0.1480498592681946,0,736,2,3.5,0.01,5,5,5,Champions,0.021,Low Risk
17842,2010-04-16 14:23:00,2010-04-16 14:23:00,18,1,89,4.944444444444445,430.69,23.927222222222223,18,0.0,1,1,602,1.0,301.0,1,2,2,Lost / Inactive,0.7794,High Risk
17843,2010-10-24 10:56:00,2011-02-09 15:33:00,62,2,251,4.048387096774194,320.4,5.16774193548387,58,0.4032258064516129,1,109,303,54.5,101.0,2,3,2,At Risk,0.7871,High Risk
17844,2011-08-25 11:27:00,2011-08-25 11:27:00,5,1,52,10.4,51.56,10.312,5,0.0,1,1,107,1.0,53.5,3,2,1,Needs Attention,0.8485,High Risk
17845,2010-05-12 13:04:00,2010-06-02 15:20:00,47,4,195,4.148936170212766,596.09,12.68276595744681,42,0.0,1,22,555,5.5,111.0,1,4,2,At Risk,0.6912,Medium Risk
17846,2011-09-15 15:20:00,2011-09-15 15:20:00,1,1,1,1.0,2033.1,2033.1,1,0.0,0,1,85,1.0,42.5,3,2,4,Needs Attention,0.6055,Medium Risk
17847,2010-03-04 12:57:00,2010-07-12 10:00:00,9,2,29,3.2222222222222223,129.69,14.41,9,0.0,1,130,516,65.0,172.0,1,3,1,At Risk,0.837,High Risk
17848,2009-12-06 13:19:00,2011-09-19 16:49:00,165,30,1404,8.50909090909091,3559.11,21.57036363636364,105,0.1333333333333333,0,653,81,21.8,2.61,3,5,5,Loyal Customers,0.0206,Low Risk
17849,2010-03-14 15:17:00,2011-05-05 13:46:00,50,8,224,4.48,1063.76,21.2752,24,0.22,1,417,218,52.1,24.22,2,5,3,At Risk,0.508,Medium Risk
17850,2009-12-05 12:28:00,2010-12-02 15:27:00,2499,155,21052,8.424169667867147,51208.87,20.491744697879152,100,0.1248499399759903,1,363,372,2.3,2.38,2,5,5,At Risk,0.2664,Low Risk
17851,2009-12-03 17:46:00,2010-10-13 15:13:00,232,6,933,4.021551724137931,1552.35,6.691163793103448,185,0.1594827586206896,1,314,422,52.3,60.29,1,4,4,At Risk,0.5421,Medium Risk
17852,2009-12-08 12:51:00,2011-11-28 12:36:00,108,5,372,3.4444444444444446,657.8100000000001,6.090833333333334,82,0.0,0,720,12,144.0,2.0,5,4,3,Champions,0.07,Low Risk
17853,2009-12-03 15:09:00,2010-10-28 15:29:00,105,3,625,5.9523809523809526,1596.29,15.202761904761903,84,0.0,1,330,407,110.0,101.75,2,3,4,At Risk,0.665,Medium Risk
17854,2009-12-08 11:13:00,2011-06-07 16:21:00,118,6,607,5.1440677966101696,1068.5,9.055084745762713,113,0.0,1,547,185,91.2,26.43,3,4,3,Loyal Customers,0.337,Low Risk
17855,2010-12-02 09:44:00,2010-12-02 09:44:00,17,1,197,11.588235294117649,208.97,12.292352941176471,17,0.0,1,1,373,1.0,186.5,2,2,1,Lost / Inactive,0.7044,High Risk
17856,2011-03-03 11:40:00,2011-12-08 09:40:00,15,4,842,56.13333333333333,1418.03,94.53533333333333,12,0.1333333333333333,0,280,2,70.0,0.4,5,4,4,Champions,0.5869,Medium Risk
17857,2010-03-08 12:09:00,2011-12-05 13:13:00,56,24,19906,355.4642857142857,27347.04,488.34,21,0.0,0,638,4,26.6,0.16,5,5,5,Champions,0.1591,Low Risk
17858,2009-12-06 15:41:00,2011-12-04 11:56:00,373,30,5383,14.431635388739949,12518.65,33.562064343163534,173,0.6032171581769437,0,728,6,24.3,0.19,5,5,5,Champions,0.0142,Low Risk
17859,2011-02-08 10:32:00,2011-02-08 10:32:00,23,1,102,4.434782608695652,141.92,6.170434782608695,23,0.0,1,1,305,1.0,152.5,2,2,1,Lost / Inactive,0.8482,High Risk
17860,2009-12-11 16:48:00,2010-12-06 12:41:00,162,4,696,4.296296296296297,717.39,4.428333333333334,127,0.0,1,360,369,90.0,73.8,2,4,3,At Risk,0.4699,Medium Risk
17861,2009-12-10 11:27:00,2011-12-06 16:21:00,558,18,4541,8.137992831541219,5088.29,9.118799283154122,329,0.0,0,727,3,40.4,0.16,5,5,5,Champions,0.0083,Low Risk
17862,2010-05-25 17:22:00,2011-01-20 12:23:00,99,4,440,4.444444444444445,1254.89,12.675656565656569,90,0.0,1,240,324,60.0,64.8,2,4,4,At Risk,0.6313,Medium Risk
17863,2010-02-25 12:01:00,2011-10-11 13:45:00,255,12,4676,18.337254901960783,5360.48,21.021490196078428,154,0.3058823529411765,0,594,59,49.5,4.54,4,5,5,Champions,0.1476,Low Risk
17864,2010-10-08 11:49:00,2011-11-27 11:15:00,132,5,1015,7.6893939393939394,876.57,6.640681818181818,93,0.4469696969696969,0,415,13,83.0,2.17,5,4,3,Champions,0.5333,Medium Risk
17865,2009-12-01 10:49:00,2011-11-09 12:08:00,1010,46,12950,12.821782178217822,26312.19,26.05167326732673,391,0.0396039603960396,0,709,31,15.4,0.66,4,5,5,Champions,0.0053,Low Risk
17866,2009-12-14 16:01:00,2011-07-20 11:07:00,26,3,535,20.57692307692308,1134.95,43.65192307692308,20,0.0,1,583,143,194.3,35.75,3,3,3,Loyal Customers,0.353,Medium Risk
17867,2009-12-02 13:39:00,2011-11-09 14:15:00,130,15,638,4.907692307692308,1582.0500000000002,12.169615384615383,119,0.0,0,708,30,47.2,1.88,4,5,4,Champions,0.0528,Low Risk
17868,2010-11-18 18:55:00,2010-11-18 18:55:00,18,1,85,4.722222222222222,227.15,12.619444444444444,18,0.0,1,1,386,1.0,193.0,2,2,1,Lost / Inactive,0.8786,High Risk
17869,2010-06-10 13:47:00,2011-08-24 16:16:00,80,7,491,6.1375,813.64,10.1705,72,0.025,1,441,107,63.0,13.38,3,4,3,Loyal Customers,0.5982,Medium Risk
17870,2010-11-23 11:39:00,2011-12-07 15:07:00,272,13,1699,6.2463235294117645,2753.29,10.122389705882354,215,0.0,0,380,2,29.2,0.14,5,5,4,Champions,0.2198,Low Risk
17871,2010-01-15 14:48:00,2011-05-19 11:32:00,83,5,665,8.012048192771084,1068.95,12.878915662650604,64,0.5060240963855421,1,489,205,97.8,34.17,2,4,3,At Risk,0.4679,Medium Risk
17872,2010-11-23 12:02:00,2010-11-23 12:02:00,15,1,176,11.733333333333333,235.87,15.724666666666668,15,0.0,1,1,382,1.0,191.0,2,2,1,Lost / Inactive,0.7141,High Risk
17873,2009-12-16 15:11:00,2011-09-20 16:41:00,168,18,4159,24.75595238095238,6265.33,37.29363095238095,65,0.0,0,644,80,35.8,4.21,3,5,5,Loyal Customers,0.0616,Low Risk
17874,2011-03-29 11:25:00,2011-06-07 12:54:00,46,6,221,4.804347826086956,683.46,14.857826086956525,37,0.0,1,71,185,11.8,26.43,3,4,3,Loyal Customers,0.6435,Medium Risk
17875,2010-01-20 15:30:00,2010-01-20 15:30:00,26,1,98,3.769230769230769,167.1,6.426923076923076,25,0.0,1,1,688,1.0,344.0,1,2,1,Lost / Inactive,0.8609,High Risk
17876,2010-02-02 13:00:00,2010-11-05 10:52:00,4,3,1958,489.5,3424.02,856.005,3,0.0,1,276,400,92.0,100.0,2,3,5,At Risk,0.7283,High Risk
17877,2011-06-22 13:00:00,2011-06-22 13:00:00,12,1,98,8.166666666666666,237.61,19.800833333333333,12,0.0,1,1,170,1.0,85.0,3,2,1,Needs Attention,0.7964,High Risk
17878,2010-11-09 13:50:00,2011-10-27 11:24:00,82,3,1014,12.365853658536585,1378.93,16.816219512195122,82,0.0,0,352,44,117.3,11.0,4,3,4,Loyal Customers,0.445,Medium Risk
17879,2011-06-19 12:36:00,2011-06-19 12:36:00,6,1,45,7.5,178.52,29.75333333333333,6,1.0,1,1,174,1.0,87.0,3,2,1,Needs Attention,0.8115,High Risk
17880,2009-12-09 16:13:00,2010-12-10 10:21:00,45,3,466,10.355555555555556,824.92,18.331555555555557,43,0.0,1,366,365,122.0,91.25,2,3,3,At Risk,0.4981,Medium Risk
17881,2011-02-08 17:16:00,2011-02-08 17:16:00,8,1,32,4.0,133.35,16.66875,8,0.0,1,1,304,1.0,152.0,2,2,1,Lost / Inactive,0.9039,High Risk
17882,2010-11-25 14:35:00,2010-11-25 14:40:00,53,2,130,2.452830188679245,291.56,5.501132075471698,47,0.0,1,1,379,0.5,126.33,2,3,2,At Risk,0.7982,High Risk
17883,2010-02-25 20:07:00,2011-12-06 17:49:00,173,7,476,2.7514450867052025,988.42,5.713410404624277,155,0.0,0,649,3,92.7,0.38,5,4,3,Champions,0.053,Low Risk
17884,2009-12-04 16:23:00,2011-12-06 11:33:00,406,20,2749,6.770935960591133,2698.47,6.646477832512315,305,0.0,0,732,4,36.6,0.19,5,5,4,Champions,0.0249,Low Risk
17885,2011-11-27 14:40:00,2011-11-27 14:40:00,53,1,110,2.0754716981132075,156.34,2.949811320754717,50,1.0,0,1,12,1.0,6.0,5,2,1,Promising / New,0.6156,Medium Risk
17886,2010-04-29 11:10:00,2011-11-08 10:09:00,166,6,711,4.283132530120482,1572.55,9.473192771084337,138,0.0,0,558,32,93.0,4.57,4,4,4,Champions,0.3182,Low Risk
17887,2011-08-02 17:29:00,2011-08-02 17:29:00,10,1,30,3.0,111.35,11.135,10,0.0,1,1,129,1.0,64.5,3,2,1,Needs Attention,0.9048,High Risk
17888,2009-12-21 16:34:00,2011-11-18 13:45:00,160,25,1536,9.6,1807.44,11.2965,145,0.0,0,697,21,27.9,0.81,4,5,4,Champions,0.0584,Low Risk
17889,2010-03-31 10:54:00,2011-05-11 16:26:00,116,7,403,3.4741379310344827,746.42,6.434655172413793,97,0.0,1,407,212,58.1,26.5,2,4,3,At Risk,0.5781,Medium Risk
17890,2010-12-13 15:12:00,2011-01-21 11:19:00,91,2,402,4.417582417582418,586.89,6.449340659340659,88,0.0,1,39,323,19.5,107.67,2,3,2,At Risk,0.4335,Medium Risk
17891,2011-06-30 20:08:00,2011-06-30 20:08:00,34,1,393,11.558823529411764,203.86,5.995882352941176,34,0.0,1,1,162,1.0,81.0,3,2,1,Needs Attention,0.5895,Medium Risk
17892,2011-07-07 12:56:00,2011-10-14 16:49:00,28,3,109,3.892857142857143,244.1,8.717857142857143,27,0.0,0,100,56,33.3,14.0,4,3,1,Loyal Customers,0.7319,High Risk
17893,2011-04-28 13:50:00,2011-04-28 13:50:00,15,1,149,9.933333333333334,107.21,7.147333333333333,15,0.0,1,1,225,1.0,112.5,2,2,1,Lost / Inactive,0.7144,High Risk
17894,2010-08-27 14:13:00,2011-09-29 09:23:00,402,18,938,2.333333333333333,2304.58,5.732786069651741,215,0.1119402985074626,0,398,72,22.1,3.79,3,5,4,Loyal Customers,0.2516,Low Risk
17895,2011-10-26 17:00:00,2011-10-26 17:00:00,15,1,127,8.466666666666667,95.45,6.363333333333333,15,0.0,0,1,44,1.0,22.0,4,2,1,Promising / New,0.6433,Medium Risk
17896,2011-11-16 13:59:00,2011-11-16 13:59:00,2,1,288,144.0,256.32,128.16,2,0.0,0,1,23,1.0,11.5,4,2,1,Promising / New,0.7048,High Risk
17897,2010-05-12 16:03:00,2011-06-20 11:23:00,262,9,864,3.2977099236641223,2099.89,8.014847328244274,211,0.0,1,404,173,44.9,17.3,3,5,4,Loyal Customers,0.374,Medium Risk
17898,2010-05-21 17:22:00,2011-09-15 14:56:00,50,4,251,5.02,299.18,5.9836,48,0.0,0,482,85,120.5,17.0,3,4,2,Loyal Customers,0.3923,Medium Risk
17899,2011-07-03 14:58:00,2011-07-03 14:58:00,31,1,170,5.483870967741935,154.55,4.985483870967743,29,1.0,1,1,159,1.0,79.5,3,2,1,Needs Attention,0.7185,High Risk
17900,2011-06-02 14:28:00,2011-06-02 14:38:00,6,2,73,12.166666666666666,112.2,18.7,4,0.0,1,1,190,0.5,63.33,2,3,1,At Risk,0.7583,High Risk
17901,2010-07-06 10:54:00,2011-11-10 17:29:00,22,3,38,1.7272727272727273,260.08,11.82181818181818,22,0.0,0,493,29,164.3,7.25,4,3,1,Loyal Customers,0.3593,Medium Risk
17902,2010-06-11 12:25:00,2010-06-11 12:25:00,24,1,526,21.916666666666668,216.4,9.016666666666667,24,0.0,1,1,547,1.0,273.5,1,2,1,Lost / Inactive,0.6337,Medium Risk
17903,2010-11-10 15:39:00,2010-11-10 15:39:00,45,1,142,3.1555555555555554,381.09,8.468666666666667,44,0.0,1,1,394,1.0,197.0,2,2,2,Lost / Inactive,0.7523,High Risk
17904,2011-11-18 12:57:00,2011-11-18 12:57:00,34,1,59,1.7352941176470589,181.07,5.325588235294117,33,0.0,0,1,21,1.0,10.5,4,2,1,Promising / New,0.7934,High Risk
17905,2010-01-28 17:54:00,2011-09-29 17:33:00,146,13,1299,8.897260273972602,2178.87,14.92376712328767,129,0.2876712328767123,0,609,71,46.8,5.07,3,5,4,Loyal Customers,0.0978,Low Risk
17906,2011-04-06 17:25:00,2011-04-06 17:25:00,12,1,26,2.1666666666666665,72.9,6.075,12,0.0,1,1,247,1.0,123.5,2,2,1,Lost / Inactive,0.907,High Risk
17907,2010-03-09 12:33:00,2010-03-09 12:33:00,13,1,1046,80.46153846153847,291.76,22.443076923076923,13,0.0,1,1,641,1.0,320.5,1,2,2,Lost / Inactive,0.7519,High Risk
17908,2009-12-14 12:24:00,2010-12-01 11:45:00,208,5,670,3.2211538461538463,1142.47,5.492644230769231,178,0.0,1,352,374,70.4,62.33,2,4,3,At Risk,0.5635,Medium Risk
17909,2009-12-02 13:10:00,2009-12-02 13:10:00,8,1,35,4.375,110.05,13.75625,8,0.0,1,1,737,1.0,368.5,1,2,1,Lost / Inactive,0.9054,High Risk
17910,2009-12-13 16:04:00,2009-12-13 16:04:00,26,1,121,4.653846153846154,261.7,10.065384615384614,25,1.0,1,1,726,1.0,363.0,1,2,1,Lost / Inactive,0.8581,High Risk
17911,2011-11-30 14:52:00,2011-11-30 14:52:00,39,1,223,5.717948717948718,366.23,9.39051282051282,39,0.0,0,1,9,1.0,4.5,5,2,2,Promising / New,0.723,High Risk
17912,2010-11-29 13:53:00,2011-02-02 14:25:00,51,6,215,4.215686274509804,374.55,7.344117647058824,48,0.0,1,66,310,11.0,44.29,2,4,2,At Risk,0.677,Medium Risk
17913,2009-12-03 13:02:00,2011-10-12 10:45:00,466,14,1725,3.7017167381974247,3429.29,7.358991416309013,224,0.2575107296137339,0,678,59,48.4,3.93,4,5,5,Champions,0.0155,Low Risk
17914,2011-12-06 11:58:00,2011-12-06 11:58:00,75,1,457,6.093333333333334,329.36,4.391466666666667,72,0.0,0,1,4,1.0,2.0,5,2,2,Promising / New,0.441,Medium Risk
17915,2010-06-06 13:22:00,2010-06-06 13:22:00,29,1,184,6.344827586206897,225.78,7.785517241379311,27,1.0,1,1,551,1.0,275.5,1,2,1,Lost / Inactive,0.7233,High Risk
17916,2009-12-06 14:10:00,2010-03-21 12:26:00,19,2,90,4.7368421052631575,43.87,2.3089473684210526,15,1.0,1,105,629,52.5,209.67,1,3,1,At Risk,0.6564,Medium Risk
17917,2010-12-12 12:08:00,2011-10-25 13:20:00,92,3,184,2.0,335.03,3.641630434782608,77,0.3043478260869565,0,318,45,106.0,11.25,4,3,2,Loyal Customers,0.5846,Medium Risk
17918,2010-07-22 14:20:00,2010-07-27 11:51:00,40,3,352,8.8,396.39,9.90975,34,0.0,1,5,501,1.7,125.25,1,3,2,At Risk,0.6334,Medium Risk
17919,2010-09-27 10:40:00,2011-09-12 13:41:00,40,2,1452,36.3,1840.32,46.008,37,0.0,0,351,88,175.5,29.33,3,3,4,Loyal Customers,0.4279,Medium Risk
17920,2009-12-06 10:37:00,2011-12-05 14:29:00,1640,54,12265,7.478658536585366,23581.78,14.379134146341462,715,0.4359756097560975,0,730,4,13.5,0.07,5,5,5,Champions,0.0113,Low Risk
17921,2010-07-15 20:05:00,2011-10-06 18:56:00,360,10,991,2.7527777777777778,2394.36,6.651000000000001,230,0.1805555555555555,0,448,64,44.8,5.82,3,5,4,Loyal Customers,0.2507,Low Risk
17922,2010-06-14 16:32:00,2010-06-14 16:32:00,8,1,49,6.125,170.4,21.3,8,0.0,1,1,543,1.0,271.5,1,2,1,Lost / Inactive,0.8259,High Risk
17923,2010-06-13 13:58:00,2011-03-02 15:15:00,3,3,140,46.66666666666666,497.0,165.66666666666666,2,0.3333333333333333,1,263,282,87.7,70.5,2,3,2,At Risk,0.7985,High Risk
17924,2010-10-21 12:17:00,2011-11-28 09:11:00,33,8,1208,36.60606060606061,3257.7,98.71818181818182,27,0.0,0,403,12,50.4,1.33,5,5,5,Champions,0.4157,Medium Risk
17925,2010-12-02 10:10:00,2010-12-02 10:10:00,1,1,72,72.0,244.08,244.08,1,0.0,1,1,373,1.0,186.5,2,2,1,Lost / Inactive,0.8086,High Risk
17926,2010-05-09 14:07:00,2011-07-29 14:39:00,44,5,572,13.0,1035.49,23.53386363636364,27,0.1818181818181818,1,447,133,89.4,22.17,3,4,3,Loyal Customers,0.5617,Medium Risk
17927,2009-12-18 11:03:00,2009-12-18 11:03:00,10,1,108,10.8,294.0,29.4,10,0.0,1,1,722,1.0,361.0,1,2,2,Lost / Inactive,0.7692,High Risk
17928,2010-05-17 15:30:00,2011-10-25 13:52:00,27,3,222,8.222222222222221,341.24,12.638518518518518,27,0.0,0,526,45,175.3,11.25,4,3,2,Loyal Customers,0.2809,Low Risk
17929,2009-12-09 11:40:00,2011-11-28 16:01:00,15,12,434,28.933333333333334,3082.1,205.47333333333333,6,0.0666666666666666,0,720,11,60.0,0.85,5,5,5,Champions,0.2024,Low Risk
17930,2010-03-04 10:41:00,2011-11-04 10:23:00,87,13,3795,43.62068965517241,4275.22,49.140459770114944,39,0.0,0,610,36,46.9,2.57,4,5,5,Champions,0.2203,Low Risk
17931,2010-02-16 15:47:00,2011-07-28 18:33:00,351,14,1919,5.467236467236467,3402.24,9.692991452991452,274,0.2535612535612536,1,528,134,37.7,8.93,3,5,5,Loyal Customers,0.3867,Medium Risk
17932,2011-05-12 13:58:00,2011-11-10 19:49:00,90,3,789,8.766666666666667,1331.57,14.795222222222222,84,0.2444444444444444,0,183,29,61.0,7.25,4,3,4,Loyal Customers,0.5861,Medium Risk
17933,2010-03-17 15:11:00,2010-03-17 15:11:00,14,1,63,4.5,114.69,8.192142857142857,12,0.0,1,1,632,1.0,316.0,1,2,1,Lost / Inactive,0.8956,High Risk
17934,2010-10-29 12:23:00,2011-10-19 11:16:00,41,3,628,15.317073170731708,1049.15,25.589024390243903,36,0.0,0,355,52,118.3,13.0,4,3,3,Loyal Customers,0.5038,Medium Risk
17935,2009-12-04 14:33:00,2011-07-24 13:18:00,64,7,244,3.8125,686.14,10.7209375,60,0.03125,1,597,138,85.3,17.25,3,4,3,Loyal Customers,0.4964,Medium Risk
17936,2011-12-04 13:32:00,2011-12-04 13:32:00,72,1,257,3.5694444444444446,380.13,5.279583333333333,68,1.0,0,1,5,1.0,2.5,5,2,2,Promising / New,0.7368,High Risk
17937,2010-12-12 14:43:00,2011-12-01 11:45:00,43,7,1754,40.7906976744186,4301.22,100.02837209302326,19,0.4651162790697674,0,354,9,50.6,1.12,5,4,5,Champions,0.4291,Medium Risk
17938,2010-10-15 14:27:00,2010-10-15 14:27:00,29,1,53,1.827586206896552,144.29,4.97551724137931,29,0.0,1,1,420,1.0,210.0,1,2,1,Lost / Inactive,0.8249,High Risk
17939,2011-07-03 12:27:00,2011-07-03 12:27:00,12,1,40,3.333333333333333,99.14,8.261666666666667,12,1.0,1,1,160,1.0,80.0,3,2,1,Needs Attention,0.9068,High Risk
17940,2009-12-03 12:31:00,2011-10-21 13:27:00,35,16,85148,2432.8,30306.79,865.9082857142857,11,0.0,0,688,49,43.0,2.88,4,5,5,Champions,0.0605,Low Risk
17941,2010-01-06 15:37:00,2011-08-01 08:30:00,7,4,1108,158.28571428571428,1433.28,204.7542857142857,5,0.0,1,572,131,143.0,26.2,3,4,4,Loyal Customers,0.6746,Medium Risk
17942,2011-12-02 10:45:00,2011-12-02 10:45:00,2,1,38,19.0,77.5,38.75,2,0.0,0,1,8,1.0,4.0,5,2,1,Promising / New,0.8036,High Risk
17944,2010-10-12 16:25:00,2010-10-12 16:25:00,25,1,84,3.36,74.99,2.9996,24,0.0,1,1,423,1.0,211.5,1,2,1,Lost / Inactive,0.8184,High Risk
17945,2010-01-12 11:33:00,2010-01-12 11:40:00,72,3,244,3.388888888888889,360.35,5.004861111111111,66,0.0,1,1,697,0.3,174.25,1,3,2,At Risk,0.7307,High Risk
17946,2011-03-25 14:34:00,2011-04-20 17:00:00,20,2,75,3.75,149.57999999999998,7.478999999999999,18,0.0,1,27,233,13.5,77.67,2,3,1,At Risk,0.7751,High Risk
17947,2011-11-02 13:05:00,2011-11-02 13:05:00,9,1,168,18.666666666666668,176.68,19.63111111111111,9,0.0,0,1,37,1.0,18.5,4,2,1,Promising / New,0.6705,Medium Risk
17948,2011-07-15 12:58:00,2011-07-15 12:58:00,1,1,144,144.0,358.56,358.56,1,0.0,1,1,147,1.0,73.5,3,2,2,Needs Attention,0.7614,High Risk
17949,2009-12-02 11:07:00,2011-12-08 18:46:00,156,118,60538,388.06410256410254,117314.08,752.0133333333333,58,0.0,0,737,1,6.2,0.01,5,5,5,Champions,0.0472,Low Risk
17950,2010-01-04 17:39:00,2011-09-28 15:18:00,165,7,659,3.993939393939394,1166.29,7.068424242424242,133,0.1454545454545454,0,632,72,90.3,9.0,3,4,3,Loyal Customers,0.0844,Low Risk
17951,2010-10-31 15:15:00,2011-10-31 12:30:00,28,4,780,27.857142857142858,1340.58,47.87785714285714,24,0.2857142857142857,0,365,40,91.2,8.0,4,4,4,Champions,0.4914,Medium Risk
17952,2010-06-16 11:54:00,2010-11-26 13:54:00,98,4,477,4.86734693877551,788.46,8.045510204081634,85,0.0,1,164,378,41.0,75.6,2,4,3,At Risk,0.6353,Medium Risk
17953,2010-06-17 15:08:00,2010-06-17 15:08:00,20,1,98,4.9,159.17000000000002,7.958500000000001,20,0.0,1,1,540,1.0,270.0,1,2,1,Lost / Inactive,0.8838,High Risk
17954,2009-12-09 13:22:00,2011-12-04 14:15:00,743,19,3180,4.279946164199193,3804.38,5.1202960969044415,479,0.2355316285329744,0,726,5,38.2,0.25,5,5,5,Champions,0.0101,Low Risk
17955,2010-02-12 16:27:00,2011-05-25 12:00:00,22,6,681,30.954545454545453,949.9,43.17727272727273,16,0.0,1,467,199,77.8,28.43,2,4,3,At Risk,0.6666,Medium Risk
17956,2011-04-04 13:47:00,2011-04-04 13:47:00,1,1,1,1.0,12.75,12.75,1,0.0,1,1,249,1.0,124.5,2,2,1,Lost / Inactive,0.9186,High Risk
17957,2011-10-04 14:58:00,2011-10-04 14:58:00,31,1,287,9.258064516129032,111.68,3.6025806451612907,31,0.0,0,1,66,1.0,33.0,3,2,1,Needs Attention,0.5069,Medium Risk
17958,2009-12-11 15:37:00,2011-08-15 12:19:00,36,2,284,7.888888888888889,973.88,27.052222222222223,35,0.0,1,612,117,306.0,39.0,3,3,3,Loyal Customers,0.4356,Medium Risk
17959,2010-04-26 14:12:00,2010-04-26 14:12:00,2,1,49,24.5,140.75,70.375,2,0.0,1,1,592,1.0,296.0,1,2,1,Lost / Inactive,0.7939,High Risk
17960,2010-03-08 12:22:00,2011-06-21 14:15:00,37,3,60,1.6216216216216215,135.08,3.6508108108108113,37,0.0,1,471,171,157.0,42.75,3,3,1,Loyal Customers,0.481,Medium Risk
17961,2009-12-01 14:48:00,2011-11-18 16:55:00,630,100,1491,2.3666666666666667,2866.74,4.550380952380952,486,0.0349206349206349,0,718,21,7.2,0.21,4,5,4,Champions,0.0452,Low Risk
17962,2010-01-13 15:24:00,2011-07-20 14:16:00,183,4,633,3.459016393442623,666.96,3.6445901639344265,146,0.0,1,553,142,138.2,28.4,3,4,3,Loyal Customers,0.3687,Medium Risk
17963,2010-01-19 17:25:00,2010-08-25 15:58:00,109,4,341,3.128440366972477,643.16,5.900550458715596,98,0.0,1,218,471,54.5,94.2,1,4,3,At Risk,0.662,Medium Risk
17964,2010-12-02 13:32:00,2011-11-08 10:44:00,98,2,294,3.0,463.21,4.726632653061224,84,0.0,0,341,32,170.5,10.67,4,3,2,Loyal Customers,0.532,Medium Risk
17965,2009-12-14 13:19:00,2011-11-02 09:31:00,817,29,4383,5.364749082007344,7006.65,8.576070991432069,588,0.0085679314565483,0,688,38,23.7,1.27,4,5,5,Champions,0.015,Low Risk
17966,2010-01-18 13:24:00,2011-11-02 10:26:00,113,10,3918,34.67256637168141,1963.92,17.37982300884956,82,0.0,0,653,38,65.3,3.45,4,5,4,Champions,0.0472,Low Risk
17967,2010-10-19 13:19:00,2010-12-03 11:19:00,61,2,111,1.819672131147541,223.42,3.6626229508196726,59,0.0,1,45,372,22.5,124.0,2,3,1,At Risk,0.7873,High Risk
17968,2010-07-15 15:01:00,2010-12-01 12:23:00,128,4,352,2.75,590.44,4.6128125,106,0.0,1,139,374,34.8,74.8,2,4,2,At Risk,0.6475,Medium Risk
17969,2009-12-06 13:53:00,2011-06-26 13:00:00,204,20,1014,4.970588235294118,2354.29,11.54063725490196,113,0.5637254901960784,1,567,166,28.4,7.9,3,5,4,Loyal Customers,0.5762,Medium Risk
17970,2011-05-12 20:03:00,2011-05-12 20:03:00,29,1,513,17.689655172413794,562.79,19.40655172413793,27,0.0,1,1,211,1.0,105.5,2,2,2,Lost / Inactive,0.6817,Medium Risk
17971,2010-06-09 14:04:00,2010-06-09 14:04:00,21,1,62,2.952380952380953,161.94,7.711428571428572,21,0.0,1,1,548,1.0,274.0,1,2,1,Lost / Inactive,0.8866,High Risk
17972,2011-04-12 12:16:00,2011-04-12 12:16:00,30,1,36,1.2,135.19,4.506333333333333,30,0.0,1,1,242,1.0,121.0,2,2,1,Lost / Inactive,0.8792,High Risk
17973,2011-10-19 10:34:00,2011-10-19 10:34:00,15,1,176,11.733333333333333,337.04,22.46933333333333,15,0.0,0,1,52,1.0,26.0,4,2,2,Promising / New,0.7326,High Risk
17974,2010-10-28 20:03:00,2011-11-15 11:37:00,361,6,1189,3.293628808864266,1739.09,4.817423822714681,279,0.0,0,383,25,63.8,3.57,4,4,4,Champions,0.3577,Medium Risk
17975,2010-08-06 11:24:00,2011-11-24 13:27:00,466,24,2179,4.675965665236052,6696.33,14.36980686695279,243,0.03862660944206,0,476,15,19.8,0.6,5,5,5,Champions,0.2557,Low Risk
17976,2010-12-02 13:49:00,2010-12-02 13:49:00,57,1,93,1.631578947368421,321.79,5.645438596491228,56,0.0,1,1,372,1.0,186.0,2,2,2,Lost / Inactive,0.8133,High Risk
17977,2010-11-04 14:26:00,2011-11-10 13:28:00,104,2,1948,18.73076923076923,1511.45,14.533173076923076,94,0.0,0,371,29,185.5,9.67,4,3,4,Loyal Customers,0.3119,Low Risk
17978,2009-12-08 13:27:00,2010-12-09 14:05:00,67,4,1297,19.35820895522388,1159.99,17.313283582089554,62,0.0,1,367,365,91.8,73.0,2,4,3,At Risk,0.4874,Medium Risk
17979,2011-03-25 11:34:00,2011-11-04 12:05:00,138,4,383,2.77536231884058,732.41,5.30731884057971,116,0.0,0,225,36,56.2,7.2,4,4,3,Champions,0.5991,Medium Risk
17980,2010-11-11 14:42:00,2011-06-27 12:01:00,61,4,771,12.63934426229508,1012.72,16.601967213114754,41,0.0,1,228,166,57.0,33.2,3,4,3,Loyal Customers,0.5876,Medium Risk
17981,2010-10-25 10:40:00,2010-10-25 10:40:00,17,1,260,15.294117647058824,239.12,14.065882352941175,17,0.0,1,1,411,1.0,205.5,1,2,1,Lost / Inactive,0.7217,High Risk
17982,2010-01-28 09:38:00,2010-01-28 09:38:00,13,1,117,9.0,138.18,10.62923076923077,13,0.0,1,1,681,1.0,340.5,1,2,1,Lost / Inactive,0.8011,High Risk
17983,2010-11-09 13:23:00,2010-11-09 13:24:00,24,1,108,4.5,171.71,7.154583333333334,23,0.0,1,1,395,1.0,197.5,2,2,1,Lost / Inactive,0.8601,High Risk
17984,2009-12-01 11:51:00,2011-07-17 15:59:00,242,5,939,3.8801652892561984,1152.19,4.761115702479339,209,0.4462809917355372,1,594,145,118.8,24.17,3,4,3,Loyal Customers,0.3928,Medium Risk
17985,2011-11-17 14:24:00,2011-11-17 14:24:00,21,1,171,8.142857142857142,631.35,30.06428571428572,20,0.0,0,1,22,1.0,11.0,4,2,3,Promising / New,0.688,Medium Risk
17986,2011-10-14 14:22:00,2011-10-14 14:22:00,1,1,10,10.0,20.8,20.8,1,0.0,0,1,56,1.0,28.0,4,2,1,Promising / New,0.6167,Medium Risk
17987,2010-06-07 11:23:00,2011-06-07 14:22:00,164,5,981,5.9817073170731705,965.44,5.886829268292683,139,0.1768292682926829,1,366,185,73.2,30.83,3,4,3,Loyal Customers,0.5133,Medium Risk
17988,2009-12-07 13:35:00,2011-11-28 11:00:00,123,14,186,1.5121951219512195,489.54,3.98,115,0.089430894308943,0,721,12,51.5,0.8,5,5,2,Champions,0.1067,Low Risk
17989,2010-11-25 13:49:00,2010-11-25 13:49:00,29,1,300,10.344827586206897,207.33,7.149310344827587,26,0.0,1,1,379,1.0,189.5,2,2,1,Lost / Inactive,0.6711,Medium Risk
17990,2009-12-07 15:19:00,2011-04-17 11:44:00,57,6,777,13.63157894736842,1527.61,26.80017543859649,40,0.2982456140350877,1,496,237,82.7,33.86,2,4,4,At Risk,0.4935,Medium Risk
17991,2010-04-27 12:46:00,2011-04-28 15:58:00,38,3,93,2.4473684210526314,300.3,7.902631578947369,37,0.0,1,367,225,122.3,56.25,2,3,2,At Risk,0.6507,Medium Risk
17992,2010-11-15 13:04:00,2010-11-15 13:04:00,52,1,130,2.5,252.88,4.863076923076923,49,0.0,1,1,389,1.0,194.5,2,2,1,Lost / Inactive,0.7963,High Risk
17993,2010-04-01 14:23:00,2010-04-01 14:23:00,60,1,108,1.8,225.99,3.7665,60,0.0,1,1,617,1.0,308.5,1,2,1,Lost / Inactive,0.8202,High Risk
17994,2010-03-29 10:37:00,2011-08-10 11:41:00,306,11,2181,7.127450980392157,2270.03,7.418398692810457,227,0.0,1,500,122,45.5,10.17,3,5,4,Loyal Customers,0.3875,Medium Risk
17995,2010-11-17 17:01:00,2011-03-03 12:30:00,29,3,263,9.06896551724138,495.48,17.08551724137931,28,0.0,1,106,282,35.3,70.5,2,3,2,At Risk,0.6991,Medium Risk
17996,2010-06-11 11:48:00,2010-11-25 11:00:00,67,3,587,8.761194029850746,482.33,7.1989552238805965,63,0.0,1,167,380,55.7,95.0,2,3,2,At Risk,0.6153,Medium Risk
17997,2011-06-28 17:28:00,2011-09-26 16:13:00,164,8,2273,13.859756097560975,1962.46,11.966219512195122,133,0.1646341463414634,0,90,74,11.2,8.22,3,5,4,Loyal Customers,0.3013,Low Risk
17998,2009-12-01 13:07:00,2010-11-24 15:31:00,58,3,561,9.672413793103448,639.24,11.021379310344829,57,0.0,1,359,380,119.7,95.0,2,3,3,At Risk,0.5232,Medium Risk
17999,2010-11-26 13:16:00,2011-11-02 15:56:00,134,3,286,2.1343283582089554,528.46,3.943731343283583,125,0.0,0,342,37,114.0,9.25,4,3,2,Loyal Customers,0.3992,Medium Risk
18000,2010-05-24 17:34:00,2010-05-24 17:34:00,6,1,109,18.166666666666668,124.25,20.70833333333333,6,0.0,1,1,564,1.0,282.0,1,2,1,Lost / Inactive,0.772,High Risk
18001,2009-12-02 15:38:00,2011-11-27 16:02:00,132,6,874,6.621212121212121,924.14,7.001060606060606,120,0.1212121212121212,0,726,12,121.0,1.71,5,4,3,Champions,0.0499,Low Risk
18002,2009-12-08 11:07:00,2010-11-29 10:57:00,53,4,71,1.339622641509434,244.37,4.610754716981132,52,0.0,1,356,376,89.0,75.2,2,4,1,At Risk,0.6545,Medium Risk
18003,2010-11-28 15:09:00,2010-11-28 15:09:00,23,1,297,12.91304347826087,353.51,15.37,23,1.0,1,1,376,1.0,188.0,2,2,2,Lost / Inactive,0.7285,High Risk
18004,2010-12-12 13:47:00,2010-12-12 13:47:00,37,1,75,2.027027027027027,157.92,4.268108108108108,32,1.0,1,1,362,1.0,181.0,2,2,1,Lost / Inactive,0.8127,High Risk
18005,2011-10-23 14:40:00,2011-12-06 11:51:00,53,2,86,1.6226415094339623,226.47,4.273018867924528,52,0.3962264150943396,0,44,4,22.0,1.33,5,3,1,Loyal Customers,0.7775,High Risk
18006,2009-12-17 12:27:00,2011-11-16 16:52:00,63,4,395,6.26984126984127,969.51,15.389047619047618,57,0.0,0,700,23,175.0,4.6,4,4,3,Champions,0.05,Low Risk
18007,2010-11-12 11:08:00,2010-11-12 11:08:00,50,1,246,4.92,215.22,4.3044,46,0.0,1,1,393,1.0,196.5,2,2,1,Lost / Inactive,0.7211,High Risk
18008,2010-01-06 12:35:00,2011-09-30 15:17:00,97,23,7825,80.6701030927835,19759.08,203.70185567010307,77,0.0,0,633,70,27.5,2.92,3,5,5,Loyal Customers,0.1045,Low Risk
18009,2010-02-25 11:49:00,2011-04-18 13:36:00,179,8,651,3.636871508379888,2144.23,11.978938547486033,145,0.0,1,418,235,52.2,26.11,2,5,4,At Risk,0.4851,Medium Risk
18010,2011-03-28 12:27:00,2011-03-28 12:27:00,14,1,60,4.285714285714286,174.8,12.485714285714286,14,0.0,1,1,257,1.0,128.5,2,2,1,Lost / Inactive,0.8899,High Risk
18011,2010-05-21 13:28:00,2010-12-01 17:35:00,63,2,125,1.984126984126984,410.79,6.520476190476191,63,0.0,1,195,373,97.5,124.33,2,3,2,At Risk,0.7905,High Risk
18012,2009-12-16 13:16:00,2009-12-16 13:16:00,13,1,63,4.846153846153846,115.3,8.86923076923077,13,0.0,1,1,723,1.0,361.5,1,2,1,Lost / Inactive,0.9002,High Risk
18013,2011-07-07 14:08:00,2011-07-07 14:11:00,31,2,285,9.193548387096774,187.29,6.041612903225806,31,0.0,1,1,155,0.5,51.67,3,3,1,Loyal Customers,0.707,High Risk
18014,2011-11-11 15:28:00,2011-11-11 15:28:00,30,1,66,2.2,162.22,5.407333333333333,29,0.0,0,1,28,1.0,14.0,4,2,1,Promising / New,0.7974,High Risk
18015,2011-12-05 14:49:00,2011-12-05 14:49:00,46,1,157,3.4130434782608696,120.03,2.6093478260869567,46,0.0,0,1,4,1.0,2.0,5,2,1,Promising / New,0.3545,Medium Risk
18016,2010-01-27 16:00:00,2011-11-07 13:25:00,169,7,1207,7.142011834319527,1954.56,11.565443786982248,115,0.0,0,649,32,92.7,4.0,4,4,4,Champions,0.0453,Low Risk
18017,2010-10-04 15:11:00,2011-09-19 16:15:00,4,4,400,100.0,688.0,172.0,1,0.0,0,351,81,87.8,16.2,3,4,3,Loyal Customers,0.5284,Medium Risk
18018,2010-10-15 11:05:00,2011-08-23 17:37:00,44,4,186,4.227272727272728,297.99,6.7725,43,0.0,1,313,108,78.2,21.6,3,4,2,Loyal Customers,0.772,High Risk
18019,2011-10-19 12:10:00,2011-10-19 12:10:00,5,1,7,1.4,38.45,7.69,5,0.0,0,1,52,1.0,26.0,4,2,1,Promising / New,0.8616,High Risk
18020,2010-06-14 12:31:00,2010-06-14 12:31:00,12,1,67,5.583333333333333,190.48,15.873333333333331,12,0.0,1,1,544,1.0,272.0,1,2,1,Lost / Inactive,0.8653,High Risk
18021,2010-07-15 18:47:00,2010-07-18 10:52:00,32,2,168,5.25,216.41,6.7628125,32,0.53125,1,3,510,1.5,170.0,1,3,1,At Risk,0.8042,High Risk
18022,2010-06-11 13:59:00,2011-11-04 12:45:00,425,5,1311,3.084705882352941,1507.25,3.546470588235294,306,0.0,0,511,36,102.2,6.0,4,4,4,Champions,0.3118,Low Risk
18024,2011-07-10 12:28:00,2011-07-10 12:40:00,21,2,184,8.761904761904763,389.78,18.56095238095238,21,1.0,1,1,153,0.5,51.0,3,3,2,Loyal Customers,0.7545,High Risk
18025,2010-03-30 17:33:00,2010-11-25 12:37:00,112,6,1053,9.401785714285714,1177.72,10.515357142857145,83,0.0,1,240,380,40.0,54.29,2,4,3,At Risk,0.5309,Medium Risk
18026,2010-07-22 16:21:00,2010-07-27 10:37:00,17,2,530,31.176470588235293,2074.07,122.00411764705883,12,0.0,1,5,501,2.5,167.0,1,3,4,At Risk,0.7421,High Risk
18027,2011-09-02 10:38:00,2011-09-02 10:38:00,21,1,78,3.7142857142857135,115.31,5.490952380952381,21,0.0,1,1,99,1.0,49.5,3,2,1,Needs Attention,0.842,High Risk
18028,2010-05-05 13:28:00,2010-05-05 13:28:00,4,1,133,33.25,192.05,48.0125,4,0.0,1,1,583,1.0,291.5,1,2,1,Lost / Inactive,0.7504,High Risk
18029,2010-03-07 15:30:00,2010-03-07 15:30:00,18,1,253,14.055555555555555,433.77,24.098333333333333,18,1.0,1,1,642,1.0,321.0,1,2,2,Lost / Inactive,0.7679,High Risk
18030,2011-10-28 13:55:00,2011-12-05 16:37:00,9,2,67,7.444444444444445,230.65,25.627777777777776,8,0.0,0,39,4,19.5,1.33,5,3,1,Loyal Customers,0.6266,Medium Risk
18031,2010-11-26 11:00:00,2010-11-26 11:00:00,63,1,298,4.73015873015873,451.3,7.163492063492064,49,0.0,1,1,379,1.0,189.5,2,2,2,Lost / Inactive,0.7416,High Risk
18032,2011-01-09 15:32:00,2011-01-09 15:32:00,5,1,42,8.4,73.5,14.7,5,1.0,1,1,334,1.0,167.0,2,2,1,Lost / Inactive,0.871,High Risk
18033,2011-10-05 17:28:00,2011-10-05 17:28:00,33,1,252,7.636363636363637,93.82,2.8430303030303032,32,0.0,0,1,65,1.0,32.5,3,2,1,Needs Attention,0.4099,Medium Risk
18034,2010-11-29 12:36:00,2011-11-18 12:22:00,214,3,951,4.44392523364486,754.2,3.524299065420561,182,0.0,0,354,22,118.0,5.5,4,3,3,Loyal Customers,0.4102,Medium Risk
18035,2010-11-19 13:42:00,2011-11-04 12:39:00,57,5,1134,19.894736842105264,1260.23,22.109298245614035,52,0.0,0,350,36,70.0,6.0,4,4,4,Champions,0.4654,Medium Risk
18036,2009-12-18 12:04:00,2011-11-07 14:40:00,326,11,741,2.273006134969325,1545.49,4.740766871165644,221,0.0,0,690,32,62.7,2.67,4,5,4,Champions,0.024,Low Risk
18037,2009-12-01 13:48:00,2011-07-08 13:39:00,33,15,37,1.121212121212121,167.42,5.073333333333333,31,0.2121212121212121,1,584,154,38.9,9.62,3,5,1,Loyal Customers,0.8114,High Risk
18038,2010-06-01 15:59:00,2010-06-01 15:59:00,27,1,80,2.962962962962963,141.48,5.239999999999999,25,0.0,1,1,556,1.0,278.0,1,2,1,Lost / Inactive,0.8154,High Risk
18039,2010-03-09 11:19:00,2010-11-30 13:07:00,158,4,555,3.5126582278481013,548.22,3.469746835443038,137,0.2784810126582278,1,267,374,66.8,74.8,2,4,2,At Risk,0.6568,Medium Risk
18040,2011-04-08 08:27:00,2011-11-20 14:20:00,19,2,148,7.7894736842105265,357.2,18.8,18,0.3684210526315789,0,227,19,113.5,6.33,5,3,2,Loyal Customers,0.6491,Medium Risk
18041,2010-01-14 10:04:00,2011-11-28 11:39:00,832,38,7316,8.79326923076923,8018.769999999999,9.63794471153846,464,0.0889423076923077,0,684,12,18.0,0.31,5,5,5,Champions,0.0199,Low Risk
18042,2010-06-16 10:53:00,2011-10-17 11:49:00,16,2,69,4.3125,281.15,17.571875,13,0.0,0,489,54,244.5,18.0,4,3,1,Loyal Customers,0.2793,Low Risk
18043,2010-12-08 12:35:00,2011-11-15 12:48:00,115,3,265,2.3043478260869565,529.29,4.6025217391304345,106,0.0,0,343,25,114.3,6.25,4,3,2,Loyal Customers,0.4594,Medium Risk
18044,2010-05-28 15:31:00,2011-12-05 14:26:00,200,18,1598,7.99,3505.61,17.52805,128,0.07,0,556,4,30.9,0.21,5,5,5,Champions,0.2205,Low Risk
18045,2011-10-25 13:07:00,2011-10-25 13:07:00,43,1,138,3.2093023255813957,178.34,4.147441860465117,43,0.0,0,1,45,1.0,22.5,4,2,1,Promising / New,0.7422,High Risk
18046,2010-02-28 11:36:00,2010-02-28 11:36:00,26,1,44,1.6923076923076923,189.63,7.293461538461538,26,1.0,1,1,650,1.0,325.0,1,2,1,Lost / Inactive,0.8924,High Risk
18047,2010-11-23 12:57:00,2010-11-23 13:11:00,83,2,130,1.5662650602409638,326.09,3.9287951807228914,74,0.0,1,1,381,0.5,127.0,2,3,2,At Risk,0.778,High Risk
18048,2010-08-03 13:03:00,2011-05-20 14:58:00,59,3,256,4.338983050847458,394.93,6.693728813559322,56,0.0,1,291,203,97.0,50.75,2,3,2,At Risk,0.6945,Medium Risk
18049,2010-04-28 13:24:00,2010-09-28 14:26:00,87,2,402,4.620689655172414,500.92,5.757701149425287,82,0.0,1,154,437,77.0,145.67,1,3,2,At Risk,0.677,Medium Risk
18050,2010-11-11 15:51:00,2010-12-15 14:25:00,23,2,250,10.869565217391305,412.06,17.915652173913042,22,0.0,1,34,359,17.0,119.67,2,3,2,At Risk,0.6168,Medium Risk
18051,2009-12-09 12:17:00,2010-03-15 13:58:00,55,7,1661,30.2,2282.28,41.496,41,0.1454545454545454,1,97,634,13.9,79.25,1,4,4,At Risk,0.5116,Medium Risk
18052,2010-05-24 11:11:00,2010-05-24 11:11:00,16,1,17766,1110.375,10877.18,679.82375,16,0.0,1,1,565,1.0,282.5,1,2,5,Lost / Inactive,0.7246,High Risk
18053,2010-06-30 12:36:00,2011-09-30 09:05:00,32,3,409,12.78125,571.07,17.8459375,29,0.0,0,457,71,152.3,17.75,3,3,2,Loyal Customers,0.4756,Medium Risk
18054,2010-11-12 08:18:00,2010-11-12 08:18:00,11,1,96,8.727272727272727,176.5,16.045454545454547,11,0.0,1,1,393,1.0,196.5,2,2,1,Lost / Inactive,0.7812,High Risk
18055,2010-10-22 13:27:00,2011-12-02 14:25:00,533,14,3534,6.630393996247655,10142.64,19.029343339587243,320,0.0356472795497185,0,407,7,29.1,0.47,5,5,5,Champions,0.1629,Low Risk
18056,2010-03-31 12:29:00,2011-02-24 14:27:00,30,2,334,11.133333333333333,554.6,18.486666666666668,28,0.0,1,331,288,165.5,96.0,2,3,2,At Risk,0.641,Medium Risk
18057,2010-01-18 12:42:00,2010-11-11 16:55:00,134,3,970,7.238805970149253,1188.46,8.869104477611941,121,0.0,1,298,393,99.3,98.25,2,3,3,At Risk,0.5623,Medium Risk
18058,2010-02-10 09:38:00,2011-11-30 08:38:00,16,3,394,24.625,774.06,48.37875,12,0.0,0,658,10,219.3,2.5,5,3,3,Loyal Customers,0.0902,Low Risk
18059,2011-10-03 09:30:00,2011-11-16 16:49:00,18,3,258,14.333333333333334,306.46,17.025555555555556,17,0.0,0,45,23,15.0,5.75,4,3,2,Loyal Customers,0.5707,Medium Risk
18060,2010-05-24 08:34:00,2010-10-27 16:41:00,75,2,902,12.026666666666667,1185.46,15.806133333333332,74,0.0,1,157,408,78.5,136.0,2,3,3,At Risk,0.6255,Medium Risk
18061,2009-12-04 11:36:00,2011-11-18 11:20:00,122,28,3359,27.5327868852459,6083.81,49.867295081967214,30,0.0573770491803278,0,714,22,25.5,0.76,4,5,5,Champions,0.0288,Low Risk
18062,2010-04-21 08:55:00,2011-06-19 14:47:00,54,6,831,15.38888888888889,1632.67,30.23462962962963,46,0.1296296296296296,1,425,173,70.8,24.71,3,4,4,Loyal Customers,0.5102,Medium Risk
18063,2010-03-16 13:05:00,2010-11-14 10:46:00,3,2,48,16.0,186.6,62.2,2,0.6666666666666666,1,243,391,121.5,130.33,2,3,1,At Risk,0.7519,High Risk
18064,2010-02-01 15:01:00,2011-07-29 16:39:00,64,11,2685,41.953125,4481.83,70.02859375,53,0.4375,1,544,133,49.5,11.08,3,5,5,Loyal Customers,0.5022,Medium Risk
18065,2009-12-09 16:00:00,2011-12-04 10:30:00,310,29,2265,7.306451612903226,5866.63,18.924612903225807,193,0.1612903225806451,0,725,6,25.0,0.2,5,5,5,Champions,0.0203,Low Risk
18066,2010-10-20 11:42:00,2011-09-25 15:30:00,53,3,535,10.09433962264151,1440.4,27.17735849056604,37,0.1886792452830188,0,341,75,113.7,18.75,3,3,4,Loyal Customers,0.5786,Medium Risk
18067,2011-10-30 15:58:00,2011-10-30 15:58:00,37,1,189,5.108108108108108,396.33,10.71162162162162,36,1.0,0,1,40,1.0,20.0,4,2,2,Promising / New,0.7481,High Risk
18068,2011-02-23 14:50:00,2011-02-23 14:50:00,1,1,6,6.0,101.7,101.7,1,0.0,1,1,289,1.0,144.5,2,2,1,Lost / Inactive,0.8984,High Risk
18069,2010-02-28 16:14:00,2011-11-13 16:03:00,970,11,3168,3.265979381443299,4464.92,4.603010309278351,602,0.6020618556701031,0,623,26,56.6,2.17,4,5,5,Champions,0.0406,Low Risk
18070,2010-02-08 13:28:00,2010-02-08 13:28:00,9,1,86,9.555555555555555,314.1,34.900000000000006,9,0.0,1,1,669,1.0,334.5,1,2,2,Lost / Inactive,0.7776,High Risk
18071,2009-12-05 10:31:00,2011-03-27 11:59:00,71,6,678,9.549295774647888,1169.68,16.474366197183098,52,0.352112676056338,1,478,258,79.7,36.86,2,4,3,At Risk,0.6249,Medium Risk
18072,2011-06-07 10:44:00,2011-06-07 10:44:00,18,1,288,16.0,247.44,13.746666666666666,18,0.0,1,1,186,1.0,93.0,3,2,1,Needs Attention,0.7127,High Risk
18073,2011-05-26 19:38:00,2011-08-17 14:02:00,72,12,3102,43.083333333333336,3859.82,53.60861111111111,23,0.0,1,83,114,6.9,8.77,3,5,5,Loyal Customers,0.5635,Medium Risk
18074,2010-07-22 10:31:00,2010-12-01 09:53:00,43,2,361,8.395348837209303,1019.44,23.707906976744187,37,0.0,1,132,374,66.0,124.67,2,3,3,At Risk,0.705,High Risk
18075,2010-07-29 11:47:00,2011-11-16 15:21:00,323,20,3281,10.157894736842104,5783.29,17.904922600619194,180,0.0,0,476,23,23.8,1.1,4,5,5,Champions,0.1364,Low Risk
18076,2010-11-24 14:02:00,2010-11-24 14:02:00,8,1,164,20.5,151.49,18.93625,8,0.0,1,1,380,1.0,190.0,2,2,1,Lost / Inactive,0.6955,Medium Risk
18077,2009-12-07 11:40:00,2011-12-01 13:32:00,353,18,3020,8.555240793201133,4078.79,11.554645892351274,141,0.4787535410764872,0,725,8,40.3,0.42,5,5,5,Champions,0.0196,Low Risk
18078,2010-03-21 15:50:00,2011-05-06 14:32:00,73,4,370,5.068493150684931,725.53,9.93876712328767,65,0.6027397260273972,1,411,217,102.8,43.4,2,4,3,At Risk,0.5243,Medium Risk
18079,2010-08-05 12:19:00,2011-10-25 15:27:00,136,5,8730,64.19117647058823,4203.93,30.911250000000003,107,0.0,0,447,45,89.4,7.5,4,4,5,Champions,0.3774,Medium Risk
18080,2011-04-11 10:10:00,2011-11-21 08:02:00,2,2,642,321.0,1231.5,615.75,2,0.0,0,224,19,112.0,6.33,5,3,4,Loyal Customers,0.6045,Medium Risk
18081,2011-07-29 11:56:00,2011-11-03 16:30:00,17,3,195,11.470588235294118,343.45,20.20294117647059,14,0.0,0,98,36,32.7,9.0,4,3,2,Loyal Customers,0.6628,Medium Risk
18082,2011-11-14 12:45:00,2011-11-14 12:45:00,70,1,608,8.685714285714285,680.84,9.726285714285714,62,0.0,0,1,26,1.0,13.0,4,2,3,Promising / New,0.6115,Medium Risk
18083,2010-11-07 11:44:00,2010-11-07 11:44:00,40,1,268,6.7,463.53,11.58825,36,1.0,1,1,398,1.0,199.0,2,2,2,Lost / Inactive,0.767,High Risk
18084,2010-11-16 08:09:00,2011-11-23 13:57:00,7,3,755,107.85714285714286,795.23,113.60428571428572,7,0.5714285714285714,0,373,16,124.3,4.0,5,3,3,Loyal Customers,0.5747,Medium Risk
18085,2010-03-21 11:57:00,2011-01-13 15:17:00,62,4,507,8.17741935483871,1341.85,21.64274193548387,42,0.2096774193548387,1,299,330,74.8,66.0,2,4,4,At Risk,0.6738,Medium Risk
18086,2011-03-10 13:34:00,2011-03-10 13:34:00,7,1,106,15.142857142857142,101.34,14.477142857142857,7,0.0,1,1,274,1.0,137.0,2,2,1,Lost / Inactive,0.7934,High Risk
18087,2009-12-01 09:43:00,2011-09-02 15:12:00,88,17,7775,88.35227272727273,14761.52,167.74454545454546,44,0.0,1,641,98,37.7,5.44,3,5,5,Loyal Customers,0.4794,Medium Risk
18088,2011-10-09 13:41:00,2011-10-09 13:41:00,37,1,107,2.891891891891892,166.03,4.487297297297298,35,1.0,0,1,61,1.0,30.5,3,2,1,Needs Attention,0.7655,High Risk
18089,2010-09-19 11:57:00,2010-09-19 11:57:00,10,1,95,9.5,428.45,42.845,9,1.0,1,1,447,1.0,223.5,1,2,2,Lost / Inactive,0.8115,High Risk
18090,2010-10-14 12:32:00,2010-10-14 12:32:00,54,1,307,5.685185185185185,321.9,5.96111111111111,47,0.0,1,1,422,1.0,211.0,1,2,2,Lost / Inactive,0.7227,High Risk
18091,2010-04-25 13:18:00,2010-04-25 13:18:00,25,1,539,21.56,360.85,14.434,25,1.0,1,1,593,1.0,296.5,1,2,2,Lost / Inactive,0.6051,Medium Risk
18092,2009-12-04 12:37:00,2011-12-07 13:14:00,140,18,8298,59.27142857142857,14693.72,104.95514285714285,42,0.0,0,734,2,40.8,0.11,5,5,5,Champions,0.0361,Low Risk
18093,2010-03-31 10:27:00,2011-09-07 15:43:00,61,8,3429,56.21311475409836,4452.71,72.99524590163935,43,0.0,1,526,93,65.8,10.33,3,5,5,Loyal Customers,0.5449,Medium Risk
18094,2010-01-07 11:16:00,2011-09-19 09:28:00,126,13,4164,33.04761904761905,6391.52,50.726349206349205,55,0.2698412698412698,0,620,82,47.7,5.86,3,5,5,Loyal Customers,0.1059,Low Risk
18095,2010-04-19 14:09:00,2011-01-31 12:50:00,48,5,1623,33.8125,2303.09,47.98104166666667,37,0.0,1,287,313,57.4,52.17,2,4,4,At Risk,0.5701,Medium Risk
18096,2010-07-14 14:30:00,2011-11-28 12:44:00,391,6,1409,3.603580562659847,1657.87,4.240076726342711,299,0.0,0,502,12,83.7,1.71,5,4,4,Champions,0.3162,Low Risk
18097,2009-12-17 11:06:00,2011-12-02 11:16:00,156,11,2716,17.41025641025641,4627.92,29.666153846153847,86,0.0769230769230769,0,716,8,65.1,0.67,5,5,5,Champions,0.0296,Low Risk
18098,2010-11-08 16:31:00,2010-11-08 16:31:00,86,1,215,2.5,527.9399999999999,6.1388372093023245,85,0.0,1,1,396,1.0,198.0,2,2,2,Lost / Inactive,0.7474,High Risk
18099,2011-08-04 15:52:00,2011-08-04 15:52:00,19,1,149,7.842105263157895,168.31,8.858421052631579,19,0.0,1,1,127,1.0,63.5,3,2,1,Needs Attention,0.7216,High Risk
18100,2010-06-07 14:19:00,2010-06-07 14:19:00,30,1,440,14.666666666666666,451.56,15.052,30,0.0,1,1,550,1.0,275.0,1,2,2,Lost / Inactive,0.6381,Medium Risk
18101,2010-02-03 13:52:00,2011-11-28 13:37:00,109,5,247,2.26605504587156,622.01,5.70651376146789,89,0.0,0,663,11,132.6,1.83,5,4,3,Champions,0.0551,Low Risk
18102,2009-12-01 09:24:00,2011-12-09 11:50:00,1040,145,181645,174.65865384615384,580987.04,558.6413846153846,382,0.0163461538461538,0,739,1,5.1,0.01,5,5,5,Champions,0.0272,Low Risk
18103,2010-06-08 13:36:00,2010-06-08 13:36:00,10,1,23,2.3,105.8,10.58,10,0.0,1,1,549,1.0,274.5,1,2,1,Lost / Inactive,0.9046,High Risk
18104,2011-11-02 14:07:00,2011-11-02 14:07:00,38,1,362,9.526315789473683,754.64,19.85894736842105,38,0.0,0,1,37,1.0,18.5,4,2,3,Promising / New,0.6484,Medium Risk
18105,2011-11-02 12:04:00,2011-11-02 12:04:00,18,1,46,2.555555555555556,113.48,6.304444444444444,18,0.0,0,1,38,1.0,19.0,4,2,1,Promising / New,0.8353,High Risk
18106,2010-01-15 11:36:00,2011-01-14 12:23:00,191,6,506,2.649214659685864,1441.06,7.544816753926701,126,0.1884816753926701,1,365,330,60.8,47.14,2,4,4,At Risk,0.5027,Medium Risk
18107,2010-09-23 13:03:00,2010-09-23 13:03:00,38,1,65,1.7105263157894737,165.88,4.365263157894737,38,0.0,1,1,442,1.0,221.0,1,2,1,Lost / Inactive,0.8054,High Risk
18108,2009-12-02 12:47:00,2011-03-30 13:56:00,47,3,261,5.553191489361702,848.81,18.059787234042552,43,0.0,1,484,254,161.3,63.5,2,3,3,At Risk,0.5681,Medium Risk
18109,2010-07-01 12:13:00,2011-12-08 11:36:00,654,38,4822,7.373088685015291,9555.71,14.611177370030582,203,0.2201834862385321,0,525,2,13.8,0.05,5,5,5,Champions,0.2012,Low Risk
18110,2010-10-24 14:21:00,2011-11-20 12:34:00,72,2,169,2.3472222222222223,392.28,5.448333333333334,58,1.0,0,392,20,196.0,6.67,4,3,2,Loyal Customers,0.3567,Medium Risk
18111,2010-04-29 12:58:00,2010-04-29 12:58:00,27,1,232,8.592592592592593,405.85,15.031481481481482,27,0.0,1,1,589,1.0,294.5,1,2,2,Lost / Inactive,0.7079,High Risk
18112,2010-06-06 12:40:00,2011-11-27 14:43:00,62,4,443,7.145161290322581,773.36,12.473548387096775,59,1.0,0,540,12,135.0,2.4,5,4,3,Champions,0.276,Low Risk
18113,2010-12-06 12:31:00,2010-12-06 12:31:00,1,1,72,72.0,76.32,76.32,1,0.0,1,1,369,1.0,184.5,2,2,1,Lost / Inactive,0.8705,High Risk
18114,2011-02-22 13:20:00,2011-02-22 13:20:00,28,1,55,1.9642857142857144,220.1,7.860714285714286,28,0.0,1,1,290,1.0,145.0,2,2,1,Lost / Inactive,0.8821,High Risk
18115,2010-01-11 11:57:00,2010-01-11 11:57:00,3,1,3,1.0,9.7,3.233333333333334,3,0.0,1,1,698,1.0,349.0,1,2,1,Lost / Inactive,0.8022,High Risk
18116,2010-10-24 15:29:00,2011-10-03 11:00:00,564,13,1267,2.24645390070922,2134.49,3.784556737588653,311,0.3776595744680851,0,344,68,26.5,4.86,3,5,4,Loyal Customers,0.3519,Medium Risk
18117,2011-11-14 12:47:00,2011-11-14 12:47:00,72,1,605,8.402777777777779,315.65,4.384027777777778,68,0.0,0,1,26,1.0,13.0,4,2,2,Promising / New,0.4116,Medium Risk
18118,2010-11-23 13:36:00,2011-11-29 11:32:00,1430,29,3184,2.2265734265734265,6221.02,4.350363636363637,444,0.1559440559440559,0,371,11,12.8,0.37,5,5,5,Champions,0.1266,Low Risk
18119,2010-12-07 11:59:00,2010-12-07 11:59:00,29,1,124,4.275862068965517,180.7,6.23103448275862,29,0.0,1,1,368,1.0,184.0,2,2,1,Lost / Inactive,0.8181,High Risk
18120,2011-05-09 13:45:00,2011-05-09 13:45:00,17,1,31,1.8235294117647056,111.15,6.538235294117648,17,0.0,1,1,214,1.0,107.0,2,2,1,Lost / Inactive,0.9062,High Risk
18121,2011-07-08 12:14:00,2011-07-13 12:53:00,31,2,438,14.129032258064516,653.3,21.074193548387097,28,0.0,1,6,149,3.0,49.67,3,3,3,Loyal Customers,0.6298,Medium Risk
18122,2011-07-12 11:37:00,2011-12-01 13:08:00,357,6,1225,3.431372549019608,1793.06,5.022577030812325,239,0.1820728291316526,0,143,8,23.8,1.14,5,4,4,Champions,0.2949,Low Risk
18123,2010-07-14 12:47:00,2011-11-15 14:23:00,56,3,616,11.0,666.64,11.904285714285717,53,0.0,0,490,24,163.3,6.0,4,3,3,Loyal Customers,0.3496,Low Risk
18124,2010-08-24 17:21:00,2010-08-24 17:21:00,20,1,47,2.35,102.65,5.1325,20,0.0,1,1,472,1.0,236.0,1,2,1,Lost / Inactive,0.8592,High Risk
18125,2011-01-27 15:02:00,2011-11-10 12:29:00,192,4,800,4.166666666666667,1131.75,5.89453125,164,0.2447916666666666,0,287,30,71.8,6.0,4,4,3,Champions,0.5702,Medium Risk
18126,2011-10-10 12:19:00,2011-10-10 12:19:00,52,1,135,2.5961538461538463,200.92,3.863846153846154,52,0.0,0,1,61,1.0,30.5,3,2,1,Needs Attention,0.7213,High Risk
18127,2010-11-01 13:56:00,2011-11-20 14:05:00,67,4,250,3.7313432835820897,556.13,8.30044776119403,56,0.5671641791044776,0,385,19,96.2,3.8,5,4,2,Champions,0.4915,Medium Risk
18128,2010-06-20 13:19:00,2010-06-20 13:19:00,42,1,216,5.142857142857143,399.29,9.506904761904762,42,1.0,1,1,537,1.0,268.5,1,2,2,Lost / Inactive,0.7685,High Risk
18129,2011-04-10 14:16:00,2011-04-10 14:16:00,14,1,48,3.4285714285714284,112.55,8.039285714285715,13,1.0,1,1,243,1.0,121.5,2,2,1,Lost / Inactive,0.8949,High Risk
18130,2011-10-13 15:58:00,2011-11-24 14:40:00,70,3,824,11.771428571428572,1059.39,15.13414285714286,58,0.0,0,42,15,14.0,3.75,5,3,3,Loyal Customers,0.3586,Medium Risk
18131,2010-03-18 08:48:00,2010-03-18 08:48:00,4,1,552,138.0,222.96,55.74,4,0.0,1,1,632,1.0,316.0,1,2,1,Lost / Inactive,0.7487,High Risk
18132,2010-07-23 16:54:00,2010-07-23 16:54:00,62,1,212,3.419354838709677,220.13,3.5504838709677418,60,0.0,1,1,504,1.0,252.0,1,2,1,Lost / Inactive,0.7254,High Risk
18133,2011-05-11 14:14:00,2011-05-11 14:14:00,1,1,1350,1350.0,931.5,931.5,1,0.0,1,1,212,1.0,106.0,2,2,3,Lost / Inactive,0.7837,High Risk
18134,2010-01-14 11:59:00,2010-04-20 14:02:00,28,2,128,4.571428571428571,445.0,15.892857142857142,27,0.0,1,97,598,48.5,199.33,1,3,2,At Risk,0.7644,High Risk
18135,2010-03-15 13:55:00,2011-11-10 19:32:00,37,10,753,20.35135135135135,1249.62,33.773513513513514,23,0.0,0,606,29,60.6,2.64,4,5,4,Champions,0.1969,Low Risk
18136,2010-09-14 15:50:00,2011-10-07 15:40:00,88,5,860,9.772727272727272,1631.36,18.538181818181812,77,0.0,0,388,63,77.6,10.5,3,4,4,Loyal Customers,0.5198,Medium Risk
18137,2010-06-06 13:45:00,2010-06-06 14:18:00,29,2,59,2.034482758620689,145.99,5.034137931034483,26,1.0,1,1,551,0.5,183.67,1,3,1,At Risk,0.8608,High Risk
18138,2011-02-17 14:51:00,2011-02-17 14:51:00,8,1,38,4.75,152.65,19.08125,8,0.0,1,1,295,1.0,147.5,2,2,1,Lost / Inactive,0.8789,High Risk
18139,2011-11-21 14:06:00,2011-11-22 10:44:00,159,6,5557,34.9496855345912,8438.34,53.07132075471698,35,0.0,0,1,18,0.2,2.57,5,4,5,Champions,0.3835,Medium Risk
18140,2010-08-23 11:58:00,2010-08-23 11:58:00,54,1,395,7.314814814814815,536.41,9.933518518518518,49,0.0,1,1,474,1.0,237.0,1,2,2,Lost / Inactive,0.6725,Medium Risk
18141,2010-04-29 15:32:00,2010-11-03 11:44:00,42,2,433,10.30952380952381,882.47,21.01119047619048,38,0.0,1,188,402,94.0,134.0,2,3,3,At Risk,0.6869,Medium Risk
18142,2011-05-08 12:31:00,2011-07-05 13:19:00,15,2,1276,85.06666666666666,1019.52,67.968,9,0.6,1,59,157,29.5,52.33,3,3,3,Loyal Customers,0.6835,Medium Risk
18143,2011-07-21 10:44:00,2011-08-15 12:07:00,61,2,570,9.344262295081966,1000.16,16.396065573770493,59,0.0,1,26,117,13.0,39.0,3,3,3,Loyal Customers,0.477,Medium Risk
18144,2009-12-16 15:57:00,2011-12-02 12:46:00,84,19,2144,25.52380952380953,4892.95,58.24940476190476,51,0.0,0,716,8,37.7,0.4,5,5,5,Champions,0.0218,Low Risk
18145,2009-12-08 12:30:00,2011-11-27 11:22:00,402,11,5104,12.696517412935323,5609.74,13.95457711442786,250,0.2039800995024875,0,719,13,65.4,1.08,5,5,5,Champions,0.0105,Low Risk
18146,2011-05-03 16:35:00,2011-07-22 12:08:00,10,2,153,15.3,160.35,16.035,10,0.0,1,80,141,40.0,47.0,3,3,1,Loyal Customers,0.6981,Medium Risk
18147,2011-08-23 12:22:00,2011-10-25 11:46:00,7,2,203,29.0,179.34,25.62,7,0.0,0,63,46,31.5,15.33,4,3,1,Loyal Customers,0.5953,Medium Risk
18148,2010-03-03 11:40:00,2010-03-03 11:40:00,10,1,63,6.3,112.85,11.285,9,0.0,1,1,647,1.0,323.5,1,2,1,Lost / Inactive,0.8734,High Risk
18149,2010-03-14 12:41:00,2011-10-20 12:04:00,91,7,869,9.54945054945055,1553.96,17.076483516483517,54,0.8791208791208791,0,585,51,83.6,6.38,4,4,4,Champions,0.2683,Low Risk
18150,2011-05-22 10:47:00,2011-11-07 16:49:00,37,3,332,8.972972972972974,566.5799999999999,15.312972972972972,29,0.3783783783783784,0,170,32,56.7,8.0,4,3,2,Loyal Customers,0.6471,Medium Risk
18151,2010-03-04 10:47:00,2011-07-28 11:35:00,106,6,986,9.30188679245283,1879.44,17.730566037735848,99,0.0094339622641509,1,512,135,85.3,19.29,3,4,4,Loyal Customers,0.4353,Medium Risk
18152,2010-03-03 15:26:00,2010-03-03 15:26:00,10,1,75,7.5,426.69,42.669,10,0.0,1,1,646,1.0,323.0,1,2,2,Lost / Inactive,0.7631,High Risk
18153,2010-02-18 15:50:00,2010-02-18 15:50:00,17,1,200,11.764705882352942,246.22,14.483529411764708,17,0.0,1,1,659,1.0,329.5,1,2,1,Lost / Inactive,0.7087,High Risk
18154,2010-08-06 09:18:00,2011-12-06 16:41:00,47,5,626,13.319148936170214,932.6,19.84255319148936,34,0.1063829787234042,0,488,3,97.6,0.5,5,4,3,Champions,0.423,Medium Risk
18155,2011-02-21 10:36:00,2011-09-25 13:32:00,25,3,266,10.64,371.62,14.8648,19,0.24,0,217,75,72.3,18.75,3,3,2,Loyal Customers,0.6656,Medium Risk
18156,2010-12-05 12:29:00,2011-11-27 12:24:00,122,2,283,2.319672131147541,675.64,5.538032786885246,100,1.0,0,357,13,178.5,4.33,5,3,3,Loyal Customers,0.2956,Low Risk
18157,2010-05-17 14:09:00,2010-05-17 14:09:00,25,1,145,5.8,213.9,8.556000000000001,25,0.0,1,1,571,1.0,285.5,1,2,1,Lost / Inactive,0.7839,High Risk
18158,2011-09-12 09:03:00,2011-11-30 16:19:00,34,2,354,10.411764705882351,453.4,13.335294117647058,24,0.0,0,80,9,40.0,3.0,5,3,2,Loyal Customers,0.6382,Medium Risk
18159,2011-02-11 14:26:00,2011-02-11 14:26:00,23,1,139,6.043478260869565,530.15,23.05,23,0.0,1,1,301,1.0,150.5,2,2,2,Lost / Inactive,0.7388,High Risk
18160,2010-11-18 16:33:00,2011-10-13 15:50:00,65,3,519,7.984615384615385,1003.88,15.444307692307692,56,0.0,0,329,57,109.7,14.25,4,3,3,Loyal Customers,0.6711,Medium Risk
18161,2010-11-25 15:55:00,2011-11-24 16:40:00,93,6,965,10.376344086021506,1803.1,19.38817204301075,57,0.0,0,365,15,60.8,2.14,5,4,4,Champions,0.4736,Medium Risk
18162,2009-12-07 13:24:00,2009-12-07 13:24:00,46,1,332,7.217391304347826,371.51,8.076304347826087,45,0.0,1,1,732,1.0,366.0,1,2,2,Lost / Inactive,0.6749,Medium Risk
18163,2010-05-04 14:51:00,2010-05-04 14:51:00,33,1,452,13.696969696969695,728.84,22.08606060606061,33,0.0,1,1,584,1.0,292.0,1,2,3,Lost / Inactive,0.6392,Medium Risk
18164,2011-11-02 12:56:00,2011-11-02 12:56:00,24,1,184,7.666666666666667,399.65,16.652083333333334,24,0.0,0,1,37,1.0,18.5,4,2,2,Promising / New,0.6999,Medium Risk
18165,2011-06-15 13:23:00,2011-06-15 13:23:00,10,1,254,25.4,302.46,30.246,10,0.0,1,1,177,1.0,88.5,3,2,2,Needs Attention,0.7482,High Risk
18166,2010-03-26 12:26:00,2010-03-26 12:26:00,10,1,90,9.0,175.5,17.55,10,0.0,1,1,624,1.0,312.0,1,2,1,Lost / Inactive,0.778,High Risk
18167,2011-08-26 11:40:00,2011-11-16 15:56:00,37,3,382,10.324324324324325,1384.86,37.42864864864865,24,0.0,0,83,23,27.7,5.75,4,3,4,Loyal Customers,0.5634,Medium Risk
18168,2009-12-03 17:29:00,2011-06-16 19:21:00,363,16,1995,5.4958677685950414,3435.5,9.46418732782369,209,0.0826446280991735,1,561,176,35.1,10.35,3,5,5,Loyal Customers,0.3473,Low Risk
18169,2011-10-10 12:18:00,2011-10-10 12:18:00,9,1,61,6.777777777777778,202.65,22.516666666666666,9,0.0,0,1,61,1.0,30.5,3,2,1,Needs Attention,0.8047,High Risk
18170,2010-01-08 14:10:00,2011-11-06 14:35:00,126,9,1184,9.396825396825395,2878.0,22.84126984126984,59,0.0634920634920634,0,668,33,74.2,3.3,4,5,4,Champions,0.0187,Low Risk
18171,2010-01-05 10:46:00,2011-10-12 09:13:00,92,9,991,10.771739130434783,2437.31,26.4925,76,0.0,0,645,59,71.7,5.9,4,5,4,Champions,0.072,Low Risk
18172,2009-12-11 09:58:00,2011-11-25 11:12:00,475,52,7407,15.593684210526316,17467.24,36.77313684210527,176,0.0863157894736842,0,715,15,13.8,0.28,5,5,5,Champions,0.0056,Low Risk
18173,2010-04-06 10:43:00,2011-09-14 11:26:00,45,5,1730,38.44444444444444,2696.36,59.91911111111112,34,0.0,0,527,87,105.4,14.5,3,4,4,Loyal Customers,0.3402,Low Risk
18174,2010-04-15 12:17:00,2011-12-02 16:56:00,2,2,80,40.0,162.5,81.25,1,0.0,0,597,7,298.5,2.33,5,3,1,Loyal Customers,0.1128,Low Risk
18175,2010-02-02 10:25:00,2010-02-02 10:25:00,7,1,70,10.0,176.1,25.15714285714285,7,0.0,1,1,676,1.0,338.0,1,2,1,Lost / Inactive,0.766,High Risk
18176,2010-12-16 15:45:00,2010-12-16 15:45:00,30,1,283,9.433333333333334,476.35,15.878333333333332,30,0.0,1,1,358,1.0,179.0,2,2,2,Lost / Inactive,0.7229,High Risk
18177,2009-12-15 18:57:00,2011-11-08 14:44:00,99,9,1238,12.505050505050503,2216.32,22.38707070707071,66,0.0909090909090909,0,693,31,77.0,3.1,4,5,4,Champions,0.0187,Low Risk
18178,2010-02-18 14:25:00,2011-08-03 09:30:00,350,11,3850,11.0,6103.74,17.43925714285714,204,0.12,1,531,129,48.3,10.75,3,5,5,Loyal Customers,0.2625,Low Risk
18179,2010-02-14 15:51:00,2011-11-30 16:23:00,109,8,1811,16.61467889908257,2547.55,23.37201834862385,101,0.1651376146788991,0,655,9,81.9,1.0,5,5,4,Champions,0.0321,Low Risk
18180,2011-07-20 08:59:00,2011-12-05 08:39:00,119,6,1721,14.46218487394958,1843.75,15.493697478991596,108,0.0,0,138,5,23.0,0.71,5,4,4,Champions,0.3393,Low Risk
18181,2009-12-04 15:30:00,2011-11-15 15:08:00,178,5,510,2.865168539325843,1188.34,6.676067415730337,139,0.0,0,711,24,142.2,4.0,4,4,3,Champions,0.0505,Low Risk
18182,2010-09-02 14:25:00,2010-09-02 14:25:00,10,1,167,16.7,291.13,29.113,10,0.0,1,1,463,1.0,231.5,1,2,2,Lost / Inactive,0.7536,High Risk
18183,2011-03-10 10:08:00,2011-04-26 15:26:00,37,2,371,10.027027027027026,632.07,17.082972972972975,36,0.0,1,48,227,24.0,75.67,2,3,3,At Risk,0.5429,Medium Risk
18184,2011-11-24 15:28:00,2011-11-24 15:28:00,1,1,60,60.0,49.8,49.8,1,0.0,0,1,15,1.0,7.5,5,2,1,Promising / New,0.8511,High Risk
18185,2011-04-04 13:42:00,2011-04-04 13:42:00,17,1,183,10.764705882352942,304.25,17.897058823529413,17,0.0,1,1,249,1.0,124.5,2,2,2,Lost / Inactive,0.7368,High Risk
18186,2009-12-17 10:22:00,2009-12-17 10:22:00,11,1,338,30.727272727272727,329.58000000000004,29.961818181818185,11,0.0,1,1,723,1.0,361.5,1,2,2,Lost / Inactive,0.7458,High Risk
18187,2010-03-18 09:49:00,2010-03-18 09:49:00,48,1,310,6.458333333333333,724.89,15.101875,48,0.0,1,1,632,1.0,316.0,1,2,3,Lost / Inactive,0.7104,High Risk
18188,2010-03-26 11:37:00,2011-11-24 16:46:00,133,6,1888,14.19548872180451,3280.59,24.66609022556391,95,0.0,0,609,15,101.5,2.14,5,4,5,Champions,0.0809,Low Risk
18189,2010-03-24 09:57:00,2011-09-23 12:40:00,86,3,836,9.72093023255814,1403.73,16.322441860465116,79,0.0,0,549,78,183.0,19.5,3,3,4,Loyal Customers,0.1922,Low Risk
18190,2009-12-22 12:05:00,2011-05-31 14:48:00,42,5,490,11.666666666666666,745.62,17.752857142857142,34,0.0,1,526,192,105.2,32.0,2,4,3,At Risk,0.4762,Medium Risk
18191,2010-08-19 17:42:00,2011-03-23 12:08:00,15,2,332,22.133333333333333,529.4,35.29333333333333,15,0.0,1,216,262,108.0,87.33,2,3,2,At Risk,0.7703,High Risk
18192,2011-09-29 09:53:00,2011-09-29 09:53:00,45,1,339,7.533333333333333,957.97,21.288222222222224,45,0.0,0,1,72,1.0,36.0,3,2,3,Needs Attention,0.6272,Medium Risk
18193,2010-09-23 13:33:00,2011-06-27 13:58:00,70,3,926,13.228571428571428,1207.35,17.247857142857143,66,0.0,1,278,165,92.7,41.25,3,3,3,Loyal Customers,0.6211,Medium Risk
18194,2010-01-28 15:30:00,2011-09-18 13:29:00,28,6,1774,63.35714285714285,4162.04,148.6442857142857,23,0.25,0,598,82,99.7,11.71,3,4,5,Loyal Customers,0.2094,Low Risk
18195,2010-11-17 15:03:00,2010-11-17 15:03:00,5,1,60,12.0,101.16,20.232,5,0.0,1,1,387,1.0,193.5,2,2,1,Lost / Inactive,0.7654,High Risk
18196,2010-03-17 14:55:00,2011-09-05 16:22:00,277,4,1038,3.747292418772563,1457.19,5.260613718411553,210,0.0,1,538,95,134.5,19.0,3,4,4,Loyal Customers,0.4415,Medium Risk
18197,2010-05-13 10:46:00,2010-05-13 10:46:00,9,1,166,18.444444444444443,230.1,25.566666666666663,9,0.0,1,1,576,1.0,288.0,1,2,1,Lost / Inactive,0.7226,High Risk
18198,2011-01-07 13:39:00,2011-12-05 14:49:00,159,17,4074,25.62264150943396,5425.56,34.12301886792453,81,0.0125786163522012,0,333,4,19.6,0.22,5,5,5,Champions,0.1878,Low Risk
18199,2010-01-25 11:32:00,2010-01-25 11:32:00,20,1,99,4.95,344.75,17.2375,20,0.0,1,1,684,1.0,342.0,1,2,2,Lost / Inactive,0.8136,High Risk
18200,2011-08-25 18:45:00,2011-08-25 18:45:00,30,1,104,3.466666666666667,150.35,5.011666666666667,29,0.0,1,1,106,1.0,53.0,3,2,1,Needs Attention,0.7976,High Risk
18201,2009-12-17 08:55:00,2009-12-17 08:55:00,27,1,191,7.074074074074074,447.53,16.575185185185184,27,0.0,1,1,723,1.0,361.5,1,2,2,Lost / Inactive,0.7302,High Risk
18202,2011-02-01 13:36:00,2011-05-24 12:12:00,68,3,581,8.544117647058824,1396.99,20.543970588235293,55,0.0,1,112,200,37.3,50.0,2,3,4,At Risk,0.6492,Medium Risk
18203,2009-12-08 13:19:00,2011-07-05 13:07:00,59,4,111,1.88135593220339,492.52,8.34779661016949,40,0.0,1,574,157,143.5,31.4,3,4,2,Loyal Customers,0.5389,Medium Risk
18204,2011-05-31 15:26:00,2011-09-29 16:44:00,192,3,1190,6.197916666666667,1975.35,10.28828125,159,0.0,0,122,71,40.7,17.75,3,3,4,Loyal Customers,0.3834,Medium Risk
18205,2011-09-26 12:02:00,2011-11-03 13:22:00,32,2,192,6.0,517.36,16.1675,30,0.0,0,39,36,19.5,12.0,4,3,2,Loyal Customers,0.5963,Medium Risk
18206,2010-06-04 13:47:00,2010-06-04 13:47:00,19,1,246,12.947368421052632,314.66,16.561052631578946,19,0.0,1,1,553,1.0,276.5,1,2,2,Lost / Inactive,0.7337,High Risk
18207,2010-07-28 14:26:00,2010-07-28 14:26:00,31,1,325,10.483870967741936,544.47,17.563548387096777,31,0.0,1,1,499,1.0,249.5,1,2,2,Lost / Inactive,0.7019,High Risk
18208,2010-05-23 11:54:00,2010-05-23 11:54:00,17,1,82,4.823529411764706,360.08,21.181176470588237,17,1.0,1,1,566,1.0,283.0,1,2,2,Lost / Inactive,0.8388,High Risk
18209,2011-11-11 12:07:00,2011-11-11 12:07:00,8,1,58,7.25,139.1,17.3875,8,0.0,0,1,29,1.0,14.5,4,2,1,Promising / New,0.7948,High Risk
18210,2010-11-22 09:39:00,2011-12-08 11:02:00,144,7,1499,10.40972222222222,2768.83,19.22798611111111,116,0.0,0,382,2,54.6,0.25,5,4,4,Champions,0.2887,Low Risk
18211,2011-03-06 12:09:00,2011-11-14 08:10:00,42,5,359,8.547619047619047,600.07,14.287380952380952,37,0.1904761904761904,0,253,26,50.6,4.33,4,4,2,Champions,0.6227,Medium Risk
18212,2010-01-31 14:42:00,2011-01-17 16:14:00,46,2,158,3.4347826086956523,514.37,11.18195652173913,40,0.2608695652173913,1,352,326,176.0,108.67,2,3,2,At Risk,0.5675,Medium Risk
18213,2011-04-17 10:21:00,2011-04-17 10:21:00,15,1,232,15.466666666666669,232.48,15.498666666666669,15,1.0,1,1,237,1.0,118.5,2,2,1,Lost / Inactive,0.7145,High Risk
18214,2010-06-03 19:47:00,2010-06-27 11:21:00,58,4,989,17.051724137931036,1780.34,30.69551724137931,38,0.0517241379310344,1,24,531,6.0,106.2,1,4,4,At Risk,0.4597,Medium Risk
18215,2010-03-26 13:03:00,2011-09-11 16:05:00,89,5,1131,12.707865168539326,2232.49,25.084157303370784,53,0.146067415730337,0,535,89,107.0,14.83,3,4,4,Loyal Customers,0.3443,Low Risk
18216,2011-11-08 16:55:00,2011-11-08 16:55:00,26,1,200,7.6923076923076925,481.75,18.528846153846157,26,0.0,0,1,31,1.0,15.5,4,2,2,Promising / New,0.7222,High Risk
18217,2010-07-01 15:39:00,2011-11-10 13:18:00,40,4,740,18.5,945.04,23.626,33,0.0,0,497,29,124.2,5.8,4,4,3,Champions,0.3984,Medium Risk
18218,2010-02-17 15:11:00,2011-05-12 12:53:00,38,4,1028,27.05263157894737,1121.84,29.522105263157894,25,0.0,1,449,211,112.2,42.2,2,4,3,At Risk,0.593,Medium Risk
18219,2009-12-07 13:17:00,2011-12-07 11:43:00,190,17,1586,8.347368421052632,3352.7,17.64578947368421,87,0.0,0,730,3,42.9,0.17,5,5,5,Champions,0.0303,Low Risk
18220,2009-12-15 11:42:00,2011-04-27 09:03:00,25,6,1352,54.08,1921.76,76.8704,17,0.0,1,498,227,83.0,32.43,2,4,4,At Risk,0.5718,Medium Risk
18221,2010-11-14 15:46:00,2011-11-17 14:40:00,84,6,1000,11.904761904761903,1424.94,16.96357142857143,71,0.238095238095238,0,368,22,61.3,3.14,4,4,4,Champions,0.4654,Medium Risk
18222,2011-09-08 10:45:00,2011-09-08 10:45:00,19,1,335,17.63157894736842,443.0,23.31578947368421,19,0.0,1,1,93,1.0,46.5,3,2,2,Needs Attention,0.7108,High Risk
18223,2009-12-04 12:20:00,2011-12-05 09:11:00,576,26,6644,11.53472222222222,14000.85,24.30703125,192,0.0399305555555555,0,731,5,28.1,0.19,5,5,5,Champions,0.0107,Low Risk
18224,2011-03-21 10:30:00,2011-03-21 10:30:00,10,1,69,6.9,158.95,15.895,10,0.0,1,1,264,1.0,132.0,2,2,1,Lost / Inactive,0.8376,High Risk
18225,2009-12-04 16:52:00,2011-12-06 13:27:00,572,26,7282,12.73076923076923,13014.8,22.75314685314685,266,0.0367132867132867,0,732,3,28.2,0.11,5,5,5,Champions,0.0036,Low Risk
18226,2010-03-05 10:05:00,2011-10-26 13:36:00,528,26,7883,14.929924242424242,11878.88,22.497878787878783,299,0.1439393939393939,0,601,44,23.1,1.63,4,5,5,Champions,0.0558,Low Risk
18227,2010-08-12 16:45:00,2011-05-06 12:23:00,6,2,22,3.6666666666666665,388.75,64.79166666666667,6,0.0,1,267,218,133.5,72.67,2,3,2,At Risk,0.7609,High Risk
18228,2011-09-21 10:48:00,2011-10-14 09:21:00,30,2,238,7.933333333333334,779.9,25.996666666666663,23,0.0,0,23,57,11.5,19.0,4,3,3,Loyal Customers,0.5671,Medium Risk
18229,2009-12-03 14:42:00,2011-11-28 09:48:00,201,28,3071,15.278606965174127,10150.51,50.50004975124378,73,0.154228855721393,0,725,12,25.9,0.41,5,5,5,Champions,0.0143,Low Risk
18230,2010-07-02 10:01:00,2011-11-30 13:22:00,140,9,1996,14.257142857142858,4291.06,30.650428571428566,42,0.0714285714285714,0,517,9,57.4,0.9,5,5,5,Champions,0.3062,Low Risk
18231,2010-01-10 12:13:00,2011-05-31 14:18:00,383,28,2915,7.610966057441253,6854.17,17.896005221932114,218,0.1540469973890339,1,507,192,18.1,6.62,2,5,5,At Risk,0.1804,Low Risk
18232,2011-05-26 16:30:00,2011-09-19 11:49:00,37,4,302,8.162162162162161,592.97,16.026216216216216,31,0.0,0,116,82,29.0,16.4,3,4,2,Loyal Customers,0.6274,Medium Risk
18233,2011-01-18 08:44:00,2011-01-18 08:44:00,1,1,4,4.0,440.0,440.0,1,0.0,1,1,326,1.0,163.0,2,2,2,Lost / Inactive,0.8731,High Risk
18234,2010-06-06 11:22:00,2010-06-06 11:22:00,30,1,80,2.6666666666666665,179.6,5.986666666666666,30,1.0,1,1,552,1.0,276.0,1,2,1,Lost / Inactive,0.8289,High Risk
18235,2011-05-06 13:35:00,2011-09-29 08:27:00,104,3,1578,15.173076923076923,1796.48,17.273846153846154,100,0.0,0,146,72,48.7,18.0,3,3,4,Loyal Customers,0.482,Medium Risk
18236,2010-04-15 13:39:00,2011-11-10 08:06:00,98,12,696,7.1020408163265305,1795.35,18.319897959183677,80,0.1020408163265306,0,574,30,47.8,2.31,4,5,4,Champions,0.2677,Low Risk
18237,2011-07-28 13:05:00,2011-12-07 12:49:00,61,5,622,10.19672131147541,987.1,16.181967213114753,40,0.0,0,132,3,26.4,0.5,5,4,3,Champions,0.4823,Medium Risk
18238,2010-07-12 12:51:00,2010-07-12 12:51:00,14,1,114,8.142857142857142,270.92,19.35142857142857,14,0.0,1,1,515,1.0,257.5,1,2,1,Lost / Inactive,0.7788,High Risk
18239,2010-10-13 10:11:00,2011-05-05 12:38:00,96,6,844,8.791666666666666,1712.26,17.836041666666667,85,0.0,1,205,219,34.2,31.29,2,4,4,At Risk,0.5181,Medium Risk
18240,2011-10-24 13:06:00,2011-10-24 13:06:00,6,1,126,21.0,422.58,70.42999999999999,6,0.0,0,1,46,1.0,23.0,4,2,2,Promising / New,0.7328,High Risk
18241,2010-04-01 11:55:00,2011-11-30 12:10:00,159,21,1471,9.251572327044023,2986.99,18.786100628930814,101,0.0,0,609,10,29.0,0.45,5,5,5,Champions,0.0717,Low Risk
18242,2010-01-11 08:49:00,2011-09-28 13:43:00,140,8,2021,14.435714285714283,3605.21,25.7515,113,0.0,0,626,72,78.2,8.0,3,5,5,Loyal Customers,0.0573,Low Risk
18243,2010-10-21 14:29:00,2010-10-21 14:29:00,26,1,221,8.5,515.78,19.837692307692308,26,0.0,1,1,414,1.0,207.0,1,2,2,Lost / Inactive,0.7191,High Risk
18244,2010-07-25 10:30:00,2010-10-05 11:15:00,19,2,856,45.05263157894737,568.64,29.928421052631577,19,0.1578947368421052,1,73,431,36.5,143.67,1,3,2,At Risk,0.7118,High Risk
18245,2010-03-08 15:26:00,2011-12-02 14:48:00,458,20,5098,11.131004366812228,6324.98,13.81,336,0.1397379912663755,0,634,7,31.7,0.33,5,5,5,Champions,0.0098,Low Risk
18246,2010-04-09 10:19:00,2011-11-16 11:49:00,5,3,214,42.8,758.8199999999999,151.76399999999998,3,0.0,0,587,24,195.7,6.0,4,3,3,Loyal Customers,0.1823,Low Risk
18247,2010-03-18 15:52:00,2010-10-21 09:49:00,37,3,335,9.054054054054054,839.73,22.69540540540541,28,0.0,1,217,415,72.3,103.75,1,3,3,At Risk,0.7167,High Risk
18248,2011-06-06 13:18:00,2011-08-09 10:19:00,47,2,511,10.872340425531917,804.02,17.1068085106383,39,0.0,1,64,123,32.0,41.0,3,3,3,Loyal Customers,0.5884,Medium Risk
18249,2011-11-22 15:07:00,2011-11-22 15:07:00,8,1,128,16.0,95.34,11.9175,8,0.0,0,1,17,1.0,8.5,5,2,1,Promising / New,0.7108,High Risk
18250,2011-02-02 13:16:00,2011-02-02 13:16:00,21,1,199,9.476190476190476,349.27,16.63190476190476,21,0.0,1,1,310,1.0,155.0,2,2,2,Lost / Inactive,0.7292,High Risk
18251,2009-12-22 12:01:00,2011-09-13 15:03:00,108,9,39639,367.02777777777777,26278.86,243.3227777777778,87,0.0,0,631,87,70.1,8.7,3,5,5,Loyal Customers,0.1077,Low Risk
18252,2009-12-18 16:13:00,2011-10-20 12:43:00,134,7,932,6.955223880597015,1533.69,11.44544776119403,125,0.0,0,671,51,95.9,6.38,4,4,4,Champions,0.044,Low Risk
18253,2010-03-07 12:38:00,2010-03-07 12:38:00,7,1,128,18.285714285714285,317.88,45.41142857142857,7,1.0,1,1,643,1.0,321.5,1,2,2,Lost / Inactive,0.7993,High Risk
18254,2010-05-07 14:37:00,2010-05-07 14:37:00,16,1,188,11.75,267.9,16.74375,16,0.0,1,1,581,1.0,290.5,1,2,1,Lost / Inactive,0.7315,High Risk
18255,2010-09-09 16:31:00,2011-09-11 13:16:00,19,2,201,10.578947368421051,303.15,15.955263157894736,16,0.3157894736842105,0,367,89,183.5,29.67,3,3,2,Loyal Customers,0.3892,Medium Risk
18256,2010-11-17 08:53:00,2010-11-17 08:53:00,10,1,180,18.0,110.7,11.07,10,0.0,1,1,388,1.0,194.0,2,2,1,Lost / Inactive,0.6803,Medium Risk
18257,2010-02-18 16:20:00,2011-10-31 14:48:00,276,12,2369,8.583333333333334,4600.15,16.667210144927534,219,0.2318840579710145,0,620,39,51.7,3.0,4,5,5,Champions,0.0741,Low Risk
18258,2010-05-16 11:35:00,2010-09-01 14:20:00,50,6,1981,39.62,2059.67,41.1934,30,0.44,1,109,464,18.2,66.29,1,4,4,At Risk,0.5135,Medium Risk
18259,2009-12-08 08:38:00,2011-11-15 12:34:00,85,7,1274,14.988235294117649,3941.9,46.37529411764706,51,0.0,0,708,25,101.1,3.12,4,4,5,Champions,0.0397,Low Risk
18260,2009-12-15 13:50:00,2011-06-20 12:37:00,410,23,5244,12.790243902439023,9947.26,24.261609756097563,212,0.2560975609756097,1,552,173,24.0,7.21,3,5,5,Loyal Customers,0.2783,Low Risk
18261,2011-09-05 09:34:00,2011-10-27 15:36:00,21,2,146,6.9523809523809526,324.24,15.44,19,0.0,0,53,43,26.5,14.33,4,3,2,Loyal Customers,0.6211,Medium Risk
18262,2010-04-16 09:05:00,2011-07-22 16:04:00,42,3,552,13.142857142857142,577.54,13.75095238095238,40,0.0,1,463,140,154.3,35.0,3,3,2,Loyal Customers,0.5166,Medium Risk
18263,2011-04-01 11:48:00,2011-11-14 09:00:00,61,3,1468,24.0655737704918,1213.16,19.887868852459015,59,0.0,0,227,26,75.7,6.5,4,3,3,Loyal Customers,0.5675,Medium Risk
18264,2010-07-29 10:02:00,2010-07-29 10:02:00,36,1,241,6.694444444444445,603.25,16.756944444444443,36,0.0,1,1,499,1.0,249.5,1,2,2,Lost / Inactive,0.7391,High Risk
18265,2011-07-04 15:26:00,2011-09-28 14:10:00,46,2,311,6.760869565217392,801.51,17.424130434782608,44,0.0,0,86,72,43.0,24.0,3,3,3,Loyal Customers,0.6421,Medium Risk
18266,2010-10-01 15:33:00,2010-10-01 15:33:00,14,1,138,9.857142857142858,251.1,17.935714285714287,14,0.0,1,1,434,1.0,217.0,1,2,1,Lost / Inactive,0.7476,High Risk
18267,2010-02-05 08:43:00,2010-02-05 08:43:00,17,1,135,7.9411764705882355,269.37,15.84529411764706,17,0.0,1,1,673,1.0,336.5,1,2,1,Lost / Inactive,0.7604,High Risk
18268,2009-12-11 10:27:00,2011-07-28 19:13:00,67,6,711,10.611940298507465,1490.23,22.24223880597015,36,0.0,1,595,134,99.2,19.14,3,4,4,Loyal Customers,0.3442,Low Risk
18269,2010-12-08 13:53:00,2010-12-08 13:53:00,7,1,76,10.857142857142858,168.6,24.085714285714285,7,0.0,1,1,366,1.0,183.0,2,2,1,Lost / Inactive,0.7655,High Risk
18270,2010-10-03 10:49:00,2011-11-01 13:57:00,17,3,209,12.294117647058824,444.55,26.15,17,0.3529411764705882,0,395,38,131.7,9.5,4,3,2,Loyal Customers,0.4576,Medium Risk
18271,2009-12-08 11:27:00,2010-04-09 09:26:00,21,2,319,15.19047619047619,680.85,32.42142857142857,19,0.0,1,122,610,61.0,203.33,1,3,3,At Risk,0.7595,High Risk
18272,2010-03-04 12:53:00,2011-12-07 12:43:00,226,9,2880,12.743362831858407,4385.98,19.40699115044248,145,0.0,0,643,3,71.4,0.3,5,5,5,Champions,0.0116,Low Risk
18273,2010-04-28 12:24:00,2011-12-07 13:16:00,4,4,140,35.0,357.0,89.25,1,0.25,0,589,2,147.2,0.4,5,4,2,Champions,0.3507,Medium Risk
18274,2011-11-09 17:03:00,2011-11-09 17:03:00,11,1,88,8.0,175.92,15.992727272727272,11,0.0,0,1,30,1.0,15.0,4,2,1,Promising / New,0.776,High Risk
18275,2009-12-08 16:23:00,2010-05-10 15:46:00,19,2,417,21.94736842105263,741.85,39.04473684210527,19,0.0,1,153,578,76.5,192.67,1,3,3,At Risk,0.7336,High Risk
18276,2009-12-10 17:14:00,2011-10-27 10:54:00,94,6,1246,13.25531914893617,1656.52,17.622553191489363,81,0.0,0,686,44,114.3,6.29,4,4,4,Champions,0.0594,Low Risk
18277,2010-08-02 10:26:00,2011-10-12 15:22:00,64,5,449,7.015625,1180.05,18.43828125,53,0.296875,0,437,58,87.4,9.67,4,4,3,Champions,0.53,Medium Risk
18278,2010-10-31 12:13:00,2011-09-27 11:58:00,24,2,140,5.833333333333333,414.2,17.258333333333333,22,0.625,0,331,74,165.5,24.67,3,3,2,Loyal Customers,0.5554,Medium Risk
18279,2010-07-08 14:48:00,2010-07-08 14:48:00,13,1,630,48.46153846153846,231.34,17.795384615384616,13,0.0,1,1,519,1.0,259.5,1,2,1,Lost / Inactive,0.7458,High Risk
18280,2010-11-10 15:51:00,2011-03-07 09:52:00,30,2,194,6.466666666666667,488.15,16.271666666666665,28,0.0,1,117,278,58.5,92.67,2,3,2,At Risk,0.7275,High Risk
18281,2010-05-11 10:49:00,2011-06-12 10:53:00,17,2,146,8.588235294117647,201.14,11.831764705882351,17,0.4117647058823529,1,398,181,199.0,60.33,3,3,1,Loyal Customers,0.6772,Medium Risk
18282,2011-08-05 13:35:00,2011-12-02 11:43:00,12,2,103,8.583333333333334,178.05,14.8375,12,0.0,0,119,8,59.5,2.67,5,3,1,Loyal Customers,0.6816,Medium Risk
18283,2010-02-19 17:16:00,2011-12-06 12:02:00,938,22,1679,1.7899786780383795,2664.9,2.841044776119403,352,0.1055437100213219,0,655,4,29.8,0.17,5,5,4,Champions,0.018,Low Risk
18284,2010-10-04 11:33:00,2010-10-04 11:33:00,28,1,494,17.642857142857142,461.68,16.48857142857143,28,0.0,1,1,432,1.0,216.0,1,2,2,Lost / Inactive,0.6581,Medium Risk
18285,2010-02-17 10:24:00,2010-02-17 10:24:00,12,1,145,12.083333333333334,427.0,35.583333333333336,12,0.0,1,1,661,1.0,330.5,1,2,2,Lost / Inactive,0.7342,High Risk
18286,2009-12-16 10:45:00,2010-08-20 11:57:00,67,2,608,9.07462686567164,1296.43,19.349701492537317,67,0.0,1,248,477,124.0,159.0,1,3,4,At Risk,0.6712,Medium Risk
18287,2010-05-17 11:55:00,2011-10-28 09:29:00,155,7,3013,19.438709677419357,4182.99,26.987032258064517,120,0.1870967741935484,0,529,43,75.6,5.38,4,4,5,Champions,0.2691,Low Risk
