StockCode,Description,total_units_sold,transaction_count,demand_std,total_revenue,avg_price,unique_customers,avg_daily_demand
22423,REGENCY CAKESTAND 3 TIER,24124,3335,17.12975848863674,277656.25,12.461649175412294,1314,32.69
85123A,WHITE HANGING HEART T-LIGHT HOLDER,91757,5016,60.00355387362928,247048.00999999998,2.870665869218501,1490,124.33
23843,"PAPER CRAFT , LITTLE BIRDIE",80995,1,1.0,168469.6,2.08,1,109.75
M,Manual,9384,681,91.35513250941287,151777.67,214.78588839941264,438,12.72
85099B,JUMBO BAG RED RETROSPOT,74224,2641,62.452082104881896,134307.44,1.9738697463082164,860,100.57
POST,POSTAGE,5235,1803,2.264821449216398,124648.04,29.938874098724348,405,7.09
84879,ASSORTED COLOUR BIRD ORNAMENT,78234,2692,98.83194404535723,124351.86,1.6761515601783061,1010,106.01
47566,PARTY BUNTING,23460,2098,20.064208402450546,103283.38,4.77291229742612,894,31.79
23166,MEDIUM CERAMIC TOP STORAGE JAR,77916,198,5272.997868874024,81416.73000000001,1.2203030303030302,138,105.58
22086,PAPER CHAIN KIT 50'S CHRISTMAS ,28380,1737,48.42144663137917,76598.18,2.9196085204375364,896,38.46
79321,CHILLI LIGHTS,14843,924,36.93332742429976,69084.3,5.146038961038961,304,20.11
85099F,JUMBO BAG STRAWBERRY,35842,1525,53.46994419514417,64127.77,1.9569180327868854,549,48.57
21137,BLACK RECORD COVER FRAME,18417,541,79.73021665895311,63092.12,3.6303696857670977,198,24.96
84347,ROTATING SILVER ANGELS T-LIGHT HLDR,28606,550,432.5201700647418,55880.17,2.5669636363636363,300,38.76
82484,WOOD BLACK BOARD ANT WHITE FINISH,9678,1048,36.909738579808305,54525.36,6.962461832061068,451,13.11
21621,VINTAGE UNION JACK BUNTING,6497,1135,17.228741308427,54432.62,8.499444933920705,583,8.8
15056N,EDWARDIAN PARASOL NATURAL,10948,866,40.463771422280416,54332.61,5.787598152424943,347,14.83
85099C,JUMBO  BAG BAROQUE BLACK WHITE,28899,1464,38.90505686013245,52188.18,1.9575478142076501,506,39.16
23084,RABBIT NIGHT LIGHT,27153,823,137.87615637471086,51251.24,2.0127703523693805,450,36.79
22470,HEART OF WICKER LARGE,17104,1783,42.85319593516248,49859.5,2.944598990465508,827,23.18
21733,RED HANGING HEART T-LIGHT HOLDER,17228,1660,30.694398898421976,48850.6,2.9157650602409637,744,23.34
21931,JUMBO STORAGE BAG SUKI,25970,1728,26.396014785367857,47760.99,1.9728645833333334,546,35.19
22189,CREAM HEART CARD HOLDER,15946,1134,64.37889606553047,47414.200000000004,3.8781657848324516,536,21.61
15056BL,EDWARDIAN PARASOL BLACK,9351,799,43.630521795820414,45885.07,5.794080100125157,321,12.67
22178,VICTORIAN GLASS HANGING T-LIGHT,37285,1467,58.910285995850835,45746.75,1.3451874573960465,593,50.52
22112,CHOCOLATE HOT WATER BOTTLE,9904,1462,10.833804959856472,45601.34,4.878344733242134,631,13.42
22411,JUMBO SHOPPER VINTAGE RED PAISLEY,24295,1691,28.554017582821732,45059.13,1.980715552927262,658,32.92
22910,PAPER CHAIN KIT VINTAGE CHRISTMAS,16469,1247,23.46372188153947,44998.27,2.9220930232558144,701,22.32
21623,VINTAGE UNION JACK MEMOBOARD,6125,499,56.61146709256514,44785.83,9.774549098196394,311,8.3
21181,PLEASE ONE PERSON METAL SIGN,22379,1415,31.99273761683441,44310.6,2.0730530035335692,562,30.32
22386,JUMBO BAG PINK POLKADOT,23572,1068,52.95778757656861,43319.16,2.0029119850187267,432,31.94
22469,HEART OF WICKER SMALL,26193,1821,48.91971829536281,43316.54,1.6381823174080175,886,35.49
21929,JUMBO BAG PINK VINTAGE PAISLEY,24108,1236,39.68455548481497,43313.9,1.9750485436893204,504,32.67
22138,BAKING SET 9 PIECE RETROSPOT ,9035,1753,14.364474787779512,43070.909999999996,4.9517741015402175,1137,12.24
21843,RED RETROSPOT CAKE STAND,4298,985,13.07288372495287,42862.74,10.869421319796954,502,5.82
22111,SCOTTIE DOG HOT WATER BOTTLE,9092,1473,16.116765696480346,42463.2,4.893550577053632,717,12.32
21754,HOME BUILDING BLOCK WORD,7231,1852,3.939581771517162,42453.11,5.963963282937365,682,9.8
21731,RED TOADSTOOL LED NIGHT LIGHT,27102,1060,60.59008004019011,41824.26,1.6490377358490567,415,36.72
21175,GIN + TONIC DIET METAL SIGN,19755,1397,78.93296827816013,40940.78,2.259413027916965,543,26.77
22457,NATURAL SLATE HEART CHALKBOARD ,14187,1649,19.530916196874347,40276.17,2.9584354154032746,874,19.22
22326,ROUND SNACK BOXES SET OF4 WOODLAND ,14630,1156,30.588470401243324,40219.82,2.9324567474048444,439,19.82
48138,DOORMAT UNION FLAG,6146,877,26.37451863110487,40053.72,7.668266818700114,467,8.33
82494L,WOODEN FRAME ANTIQUE WHITE ,14368,1790,10.493755305835954,39909.17,2.8997430167597766,631,19.47
20727,LUNCH BAG  BLACK SKULL.,25392,2045,35.68121682631998,39904.0,1.6399951100244499,705,34.41
21915,RED  HARMONICA IN BOX ,35229,890,151.51755160552958,39870.65,1.2519775280898877,467,47.74
71477,COLOUR GLASS. STAR T-LIGHT HOLDER,13874,658,64.52780404397411,39822.34,3.192735562310031,298,18.8
21232,STRAWBERRY CERAMIC TRINKET BOX,33899,1859,29.799999577965032,39682.67,1.2356750941366326,683,45.93
22502,PICNIC BASKET WICKER 60 PIECES,61,2,41.71930009000631,39619.5,649.5,1,0.08
21166,COOK WITH WINE METAL SIGN ,19652,1235,40.02601013605196,37029.34,1.977408906882591,475,26.63
82482,WOODEN PICTURE FRAME WHITE FINISH,15643,1672,18.67805386879047,37011.1,2.564078947368421,601,21.2
20728,LUNCH BAG CARS BLUE,23304,1820,37.84156059137552,36644.28,1.6495274725274724,702,31.58
84078A,SET/4 WHITE RETRO STORAGE CUBES ,1007,234,9.176723976437929,36259.65,38.497008547008555,151,1.36
22629,SPACEBOY LUNCH BOX ,20271,1119,44.750911971262475,36150.99,1.9303753351206436,456,27.47
23284,DOORMAT KEEP CALM AND COME IN,5338,652,28.934301654899958,35880.85,7.91196319018405,378,7.23
23298,SPOTTY BUNTING,7633,1014,16.524973676509628,35509.55,4.917840236686391,571,10.34
85066,CREAM SWEETHEART MINI CHEST,2948,818,9.25800903605654,35264.73,12.656833740831297,471,3.99
20713,JUMBO BAG OWLS,19463,929,47.049539673556424,35162.42,1.967599569429494,371,26.37
48194,DOORMAT HEARTS,5788,859,29.730962747807542,35069.4,7.629965075669383,448,7.84
22114,HOT WATER BOTTLE TEA AND SYMPATHY,8848,1309,12.21980137994322,34479.62,4.023521772345302,626,11.99
22960,JAM MAKING SET WITH JARS,8454,904,16.41846653544636,33833.72,4.181095132743363,583,11.46
22328,ROUND SNACK BOXES SET OF 4 FRUITS ,12356,993,51.89257898074554,33670.24,2.9206344410876133,400,16.74
22720,SET OF 3 CAKE TINS PANTRY DESIGN ,7010,1152,22.632439893424902,33298.3,4.953637152777778,640,9.5
20726,LUNCH BAG WOODLAND,20916,1607,39.46821640919914,33004.76,1.6512445550715618,585,28.34
22197,SMALL POPCORN HOLDER,42955,1059,171.94561252365966,32505.93,0.8353918791312559,426,58.2
22699,ROSES REGENCY TEACUP AND SAUCER ,11939,1069,30.67019334214338,32470.65,2.915397567820393,521,16.18
20725,LUNCH BAG RED RETROSPOT,20294,1539,21.835855894705624,32137.5,1.656367771280052,605,27.5
84029E,RED WOOLLY HOTTIE WHITE HEART.,9259,966,26.42585755467499,31876.47,3.784886128364389,500,12.55
20685,DOORMAT RED RETROSPOT,4806,759,18.984590752415194,31864.2,7.739288537549407,416,6.51
21755,LOVE BUILDING BLOCK WORD,5367,1506,3.7659411320445524,31590.41,5.9658432934926955,661,7.27
48187,DOORMAT NEW ENGLAND,5146,730,31.076308237733194,31461.34,7.720205479452055,389,6.97
22630,DOLLY GIRL LUNCH BOX,17340,1012,48.55512456969291,30921.64,1.9443280632411066,423,23.5
22727,ALARM CLOCK BAKELIKE RED ,8512,1160,29.513009240650565,30703.09,3.7613965517241383,473,11.53
85152,HAND OVER THE CHOCOLATE   SIGN ,16146,1312,29.837582542411504,30615.93,2.081425304878049,486,21.88
82486,WOOD S/3 CABINET ANT WHITE FINISH,3913,1014,3.67736779405159,30363.75,8.026528599605522,320,5.3
22382,LUNCH BAG SPACEBOY DESIGN ,18834,1890,16.756179698643187,30131.7,1.6465396825396825,774,25.52
22385,JUMBO BAG SPACEBOY DESIGN,16383,982,38.48706715953146,29810.15,1.979439918533605,412,22.2
21523,DOORMAT FANCY FONT HOME SWEET HOME,4825,572,30.522152003882123,29691.95,7.738181818181817,271,6.54
48185,DOORMAT FAIRY CAKE,4760,421,58.419653262776706,29116.96,7.754893111638955,219,6.45
20712,JUMBO BAG WOODLAND ANIMALS,15709,925,34.86411040004025,29105.5,1.9862594594594594,387,21.29
15036,ASSORTED COLOURS SILK FAN,40994,635,155.02464773993322,28766.32,0.7659527559055118,303,55.55
47590B,PINK HAPPY BIRTHDAY BUNTING,5652,815,19.672863653820453,28581.4,5.4121349693251535,428,7.66
20679,EDWARDIAN PARASOL RED,6029,623,44.28826484915162,28557.920000000002,5.819614767255216,271,8.17
20914,SET/5 RED SPOTTY LID GLASS BOWLS,10526,799,39.19271226760365,28513.3,2.9024405506883606,357,14.26
82483,WOOD 2 DRAWER CABINET WHITE FINISH,4774,1062,5.961506781830568,27952.22,6.194406779661017,361,6.47
22379,RECYCLING BAG RETROSPOT ,14259,1022,44.53495310072276,27893.78,2.09366927592955,423,19.32
22139,RETROSPOT TEA SET CERAMIC 11 PC ,5745,1150,7.054122378063107,27595.329999999998,4.975026086956522,652,7.78
22865,HAND WARMER OWL DESIGN,13675,1101,25.952549289642562,27514.63,2.1029791099000907,566,18.53
22188,BLACK HEART CARD HOLDER,10255,488,90.34925275557676,27324.45,3.838258196721312,292,13.9
22622,BOX OF VINTAGE ALPHABET BLOCKS,2833,514,11.164936582489517,27251.26,10.414902723735407,346,3.84
20725,LUNCH BAG RED SPOTTY,17456,1070,25.944722300812064,27237.6,1.6314392523364485,499,23.65
22666,RECIPE BOX PANTRY YELLOW DESIGN,9600,1291,24.427641572803783,27222.52,2.953152594887684,701,13.01
22077,6 RIBBONS RUSTIC CHARM,16026,1390,17.34651484131657,27031.04,1.7178992805755398,685,21.72
21928,JUMBO BAG SCANDINAVIAN PAISLEY,15358,727,41.62255972965089,26847.1,1.914484181568088,333,20.81
22659,LUNCH BOX I LOVE LONDON,15156,784,46.6357557110529,26596.72,1.925752551020408,293,20.54
23245,SET OF 3 REGENCY CAKE TINS,5844,721,27.56285717592456,26566.280000000002,4.932690707350902,472,7.92
23199,JUMBO BAG APPLES,13875,724,40.600973637524824,26426.3,2.0620027624309394,344,18.8
21977,PACK OF 60 PINK PAISLEY CAKE CASES,54592,1603,100.8033615250037,26407.35,0.5449906425452278,767,73.97
22467,GUMBALL COAT RACK,11460,940,22.532984506067642,26149.13,2.497053191489362,398,15.53
22492,MINI PAINT SET VINTAGE ,41507,618,125.33050306135958,25900.19,0.6521359223300971,356,56.24
72741,GRAND CHOCOLATECANDLE,19284,826,49.39553376161339,25895.4,1.421912832929782,510,26.13
84991,60 TEATIME FAIRY CAKE CASES,52828,1813,64.56341001706645,25785.92,0.5432928847214562,822,71.58
22752,SET 7 BABUSHKA NESTING BOXES,3273,585,11.038303843375223,25620.989999999998,8.411470085470086,323,4.43
22726,ALARM CLOCK BAKELIKE GREEN,6713,1052,15.437795974994595,24898.96,3.781159695817491,404,9.1
22386,JUMBO BAG PINK WITH WHITE SPOTS,13766,719,34.907232136564716,24450.6,1.9206675938803894,358,18.65
85099B,JUMBO BAG RED WHITE SPOTTY ,13879,471,57.243883625984616,24323.85,1.9092356687898089,321,18.81
23355,HOT WATER BOTTLE KEEP CALM,5313,731,17.334953498182195,24302.55,4.866142270861833,474,7.2
47566B,TEA TIME PARTY BUNTING,5612,661,22.10289937383419,24255.3,4.725340393343419,350,7.6
22149,FELTCRAFT 6 FLOWER FRIENDS,12174,1213,32.166650472265424,24248.29,2.0936026380873867,684,16.5
48138,DOOR MAT UNION FLAG,3733,638,10.386325256147682,24216.23,7.056379310344828,389,5.06
23201,JUMBO BAG ALPHABET,12533,757,33.78802705697536,24160.44,2.0582430647291945,396,16.98
22624,IVORY KITCHEN SCALES,2916,1066,4.0200669913327625,24137.48,8.530816135084429,579,3.95
84077,WORLD WAR 2 GLIDERS ASSTD DESIGNS,105185,921,318.3084390653356,24098.03,0.2619978284473398,482,142.53
20972,PINK CREAM FELT CRAFT TRINKET BOX ,20064,1238,37.31206275028714,23812.52,1.2567366720516961,568,27.19
37503,TEA TIME CAKE STAND IN GIFT BOX,2384,466,10.94146129389227,23784.8,10.618497854077253,256,3.23
84755,COLOUR GLASS T-LIGHT HOLDER HANGING,39259,1114,73.02599596198915,23598.510000000002,0.6429443447037702,524,53.2
20971,PINK BLUE FELT CRAFT TRINKET BOX,20500,1018,80.3297698481474,23554.3,1.2539292730844793,490,27.78
47590A,BLUE HAPPY BIRTHDAY BUNTING,4681,634,21.67590747560605,23531.47,5.431876971608832,355,6.34
22697,GREEN REGENCY TEACUP AND SAUCER,8500,945,13.084672652240318,23507.24,2.928878306878307,475,11.52
22866,HAND WARMER SCOTTY DOG DESIGN,11667,984,22.186777557919175,23436.66,2.0897154471544717,530,15.81
22197,POPCORN HOLDER,30919,653,158.18074421542963,23417.51,0.8432312404287902,295,41.9
84836,ZINC METAL HEART DECORATION,19328,1269,30.204290609276025,23331.43,1.2495665878644602,662,26.19
21108,FAIRY CAKE FLANNEL ASSORTED COLOUR,12532,410,218.32094721989176,23322.62,1.9980487804878047,325,16.98
22551,PLASTERS IN TIN SPACEBOY,14623,1170,26.85729637050111,23194.95,1.6505128205128203,616,19.81
21485,RETROSPOT HEART HOT WATER BOTTLE,4895,826,19.616520408014317,23085.53,4.938075060532688,502,6.63
22507,MEMO BOARD RETROSPOT  DESIGN,5208,739,31.349531843743062,23083.44,4.923924221921516,445,7.06
22084,PAPER CHAIN KIT EMPIRE,8437,713,24.26374100583454,23049.95,2.906381486676017,464,11.43
23173,REGENCY TEAPOT ROSES ,2662,357,35.39752487025729,23033.52,9.70313725490196,248,3.61
82583,HOT BATHS METAL SIGN,11797,837,33.623612253395024,23010.12,2.0745758661887694,323,15.99
71459,HANGING JAM JAR T-LIGHT HOLDER,29255,817,67.28825566415878,22805.99,0.8305875152998776,421,39.64
21930,JUMBO STORAGE BAG SKULLS,12305,1011,22.31802975434515,22795.28,1.9759742828882294,386,16.67
22158,3 HEARTS HANGING DECORATION RUSTIC,7982,656,29.69595430532401,22471.86,2.9539024390243904,374,10.82
22961,JAM MAKING SET PRINTED,15867,906,35.6102341280073,22328.95,1.4706291390728476,558,21.5
22867,HAND WARMER BIRD DESIGN,11000,938,20.521278547115028,22168.329999999998,2.1004264392324092,521,14.91
23243,SET OF TEA COFFEE SUGAR TINS PANTRY,4658,386,76.44035530211391,22109.08,4.887694300518135,275,6.31
82600,NO SINGING METAL SIGN,11194,976,22.479599363818686,22097.04,2.0697643442622953,375,15.17
84978,HANGING HEART JAR T-LIGHT HOLDER,19012,1101,22.24095236310712,22079.739999999998,1.2278837420526794,525,25.76
22383,LUNCH BAG SUKI  DESIGN ,13896,1092,21.120612614055922,22026.4,1.6415750915750915,463,18.83
21212,PACK OF 72 RETRO SPOT CAKE CASES,45129,1183,69.41815904916363,21838.23,0.5364412510566356,632,61.15
21231,SWEETHEART CERAMIC TRINKET BOX,18488,1198,21.466688915061223,21793.25,1.2468948247078464,500,25.05
21481,FAWN BLUE HOT WATER BOTTLE,7526,840,23.277683835194086,21779.5,3.1203333333333334,439,10.2
20914,SET/5 RED RETROSPOT LID GLASS BOWLS,7709,1022,14.903857925806381,21682.03,2.9468297455968693,442,10.45
21212,PACK OF 72 RETROSPOT CAKE CASES,44721,1374,91.0485985086091,21551.8,0.5452838427947598,772,60.6
84946,ANTIQUE SILVER TEA GLASS ETCHED,18604,799,34.608778569231475,21540.44,1.227171464330413,413,25.21
22734,SET OF 6 RIBBONS VINTAGE CHRISTMAS,8849,616,59.307806921885486,21490.17,2.7292532467532467,444,11.99
22171,3 HOOK PHOTO SHELF ANTIQUE WHITE,2999,544,18.344157691525336,21458.42,8.376727941176469,269,4.06
22835,HOT WATER BOTTLE I AM SO POORLY,4638,818,12.105861098840917,21398.28,4.77002444987775,451,6.28
22728,ALARM CLOCK BAKELIKE PINK,5833,781,29.37508279167948,21369.98,3.777695262483995,357,7.9
22087,PAPER BUNTING WHITE LACE,7752,678,15.869599397695362,21336.35,2.891445427728614,314,10.5
84406B,CREAM CUPID HEARTS COAT HANGER,6682,728,17.218827293464372,21256.0,3.38114010989011,318,9.05
20749,ASSORTED COLOUR MINI CASES,2972,729,9.63279784142474,21169.64,7.783772290809328,426,4.03
22607,WOODEN ROUNDERS GARDEN SET ,2406,646,6.933231241090727,20978.47,9.09470588235294,419,3.26
22113,GREY HEART HOT WATER BOTTLE,5623,942,10.733666246589813,20977.78,3.870615711252654,488,7.62
22556,PLASTERS IN TIN CIRCUS PARADE ,13112,1120,33.02548563445431,20950.16,1.6515714285714285,591,17.77
22090,PAPER BUNTING RETROSPOT,7632,663,17.401325832321355,20933.239999999998,2.9078280542986428,374,10.34
23202,JUMBO BAG VINTAGE LEAF,10695,779,24.422950785988,20921.55,2.078562259306804,377,14.49
84029G,KNITTED UNION FLAG HOT WATER BOTTLE,5724,775,11.443809688868855,20838.9,3.8243483870967743,386,7.76
22605,WOODEN CROQUET GARDEN SET,1710,549,8.976425988398079,20813.81,13.36233151183971,377,2.32
22090,PAPER BUNTING RETRO SPOTS,7595,615,30.38648543993676,20723.25,2.9139837398373984,367,10.29
23203,JUMBO BAG VINTAGE DOILY ,10620,628,34.59579784683932,20641.4,2.061926751592357,363,14.39
21314,SMALL GLASS HEART TRINKET POT,10447,717,40.94774045726854,20588.260000000002,2.086136680613668,369,14.16
22722,SET OF 6 SPICE TINS PANTRY DESIGN,5366,664,38.343285646886024,20506.3,3.9170180722891565,394,7.27
22554,PLASTERS IN TIN WOODLAND ANIMALS,12824,1111,23.062502602298096,20471.68,1.6482718271827181,587,17.38
22698,PINK REGENCY TEACUP AND SAUCER,7408,751,19.754498102841353,20329.64,2.925139813581891,400,10.04
48184,DOORMAT ENGLISH ROSE ,3158,464,26.328484156464665,20298.8,7.711163793103449,268,4.28
20711,JUMBO BAG TOYS ,11326,674,40.94957846880219,20283.78,1.9533382789317506,326,15.35
22969,HOMEMADE JAM SCENTED CANDLES,14012,577,75.76635534015682,20204.8,1.4492720970537263,472,18.99
37449,CERAMIC CAKE STAND + HANGING CAKES,2277,411,11.770787278231134,20204.579999999998,9.582457420924573,205,3.09
21790,VINTAGE SNAP CARDS,25120,1504,31.415090105790703,19957.34,0.8475531914893617,793,34.04
22585,PACK OF 6 BIRDY GIFT TAGS,16784,989,29.06540421727992,19950.85,1.2484327603640042,612,22.74
22139,RETRO SPOT TEA SET CERAMIC 11 PC ,4304,697,13.255049223586036,19921.27,4.89958393113343,465,5.83
84970S,HANGING HEART ZINC T-LIGHT HOLDER,25389,1150,34.31155712414768,19821.96,0.8483304347826086,616,34.4
22083,PAPER CHAIN KIT RETRO SPOT,7351,494,39.89417933114642,19804.55,2.897267206477733,324,9.96
22617,BAKING SET SPACEBOY DESIGN,4165,889,14.125077175250462,19719.21,4.9832170978627675,600,5.64
22294,HEART FILIGREE DOVE  SMALL,16260,739,36.25941602009422,19686.6,1.2456292286874153,414,22.03
22941,CHRISTMAS LIGHTS 10 REINDEER,2487,407,21.001408853164936,19590.9,8.442137592137591,315,3.37
22273,FELTCRAFT DOLL MOLLY,7203,711,50.881730242347146,19332.93,2.947116736990155,423,9.76
22570,FELTCRAFT CUSHION RABBIT,5420,680,24.107192253712288,19282.55,3.7321617647058822,351,7.34
21524,DOORMAT SPOTTY HOME SWEET HOME,2671,636,7.608908986441347,19215.5,7.825094339622642,355,3.62
48188,DOORMAT WELCOME PUPPIES,3345,368,38.482100328203806,19178.670000000002,7.803179347826087,220,4.53
22625,RED KITCHEN SCALES,2360,781,4.705238482959469,19149.63,8.440307298335467,440,3.2
21791,VINTAGE HEADS AND TAILS CARD GAME ,16199,1067,35.60465017050842,19147.65,1.2553514526710403,641,21.95
22568,FELTCRAFT CUSHION OWL,5312,774,15.40901951912983,19128.13,3.759832041343669,389,7.2
22569,FELTCRAFT CUSHION BUTTERFLY,5357,688,22.496630560251376,18865.21,3.730334302325581,360,7.26
22413,METAL SIGN TAKE IT OR LEAVE IT ,6814,773,53.44723495910031,18863.02,2.942393272962484,446,9.23
85150,LADIES & GENTLEMEN METAL SIGN,8078,894,17.08266098614166,18847.98,2.5220805369127515,369,10.95
22693,GROW A FLYTRAP OR SUNFLOWER IN TIN,17242,282,227.043165556176,18798.98,1.2356028368794325,197,23.36
22501,PICNIC BASKET WICKER LARGE,2055,497,10.630332419661302,18794.25,9.797122736418512,346,2.78
85048,15CM CHRISTMAS GLASS BALL 20 LIGHTS,2525,437,7.414260544450114,18618.75,7.75091533180778,309,3.42
21622,VINTAGE UNION JACK CUSHION COVER,3517,556,28.842975860078976,18495.47,4.949712230215828,329,4.77
22558,CLOTHES PEGS RETROSPOT PACK 24 ,13410,1027,18.781850414334027,18411.74,1.4597565725413828,541,18.17
21213,PACK OF 72 SKULL CAKE CASES,38530,1178,82.42798945256676,18319.18,0.5392444821731749,528,52.21
22499,WOODEN UNION JACK BUNTING,3165,636,7.420618883120716,18251.280000000002,5.9413679245283015,452,4.29
23206,LUNCH BAG APPLE DESIGN,11530,878,23.87516646732085,18220.5,1.6413439635535307,401,15.62
22384,LUNCH BAG PINK POLKADOT,11392,1116,16.87611868032438,18207.2,1.651290322580645,508,15.44
21908,CHOCOLATE THIS WAY METAL SIGN,9396,809,34.523483069592416,18041.239999999998,2.107663782447466,382,12.73
84949,SILVER HANGING T-LIGHT HOLDER,11635,622,34.24570589496947,18001.35,1.632958199356913,330,15.77
21340,CLASSIC METAL BIRDCAGE PLANT HOLDER,1702,384,8.783773251931105,17888.71,12.110182291666666,249,2.31
22561,WOODEN SCHOOL COLOURING SET,11158,856,24.387105897028896,17861.22,1.6494392523364485,556,15.12
21174,POTTERING IN THE SHED METAL SIGN,9247,866,24.515775605671514,17814.51,1.9918013856812935,402,12.53
22555,PLASTERS IN TIN STRONGMAN,11048,869,38.758731028775365,17664.44,1.6477445339470655,514,14.97
22456,NATURAL SLATE CHALKBOARD LARGE ,4016,596,23.471748359839392,17637.16,4.880536912751678,385,5.44
23344,JUMBO BAG 50'S CHRISTMAS ,8933,592,24.184508440464157,17636.04,2.070135135135135,391,12.1
22427,ENAMEL FLOWER JUG CREAM,3039,706,6.52018420917939,17471.23,5.912011331444759,460,4.12
21936,RED RETROSPOT PICNIC BAG,6292,705,16.399444610313996,17462.96,2.938879432624114,359,8.53
22061,LARGE CAKE STAND  HANGING STRAWBERY,2086,444,11.029363492453454,17354.85,9.548828828828828,219,2.83
22147,FELTCRAFT BUTTERFLY HEARTS,12605,1065,42.269167962877205,17238.05,1.4482816901408448,582,17.08
84947,ANTIQUE SILVER TEA GLASS ENGRAVED,15028,577,42.73502881985878,17162.93,1.2380069324090122,312,20.36
21479,WHITE SKULL HOT WATER BOTTLE ,4538,754,16.377021282872796,16917.32,3.8781432360742705,410,6.15
21136,PAINTED METAL PEARS ASSORTED,10255,722,21.954405869514737,16907.51,1.6879916897506926,449,13.9
22633,HAND WARMER UNION JACK,8364,831,19.142033826260402,16857.36,2.0868471720818293,473,11.33
22560,TRADITIONAL MODELLING CLAY,14393,667,41.99793748852463,16851.64,1.251544227886057,420,19.5
84945,MULTI COLOUR SILVER T-LIGHT HOLDER,21125,592,59.33460612063678,16833.35,0.8471959459459459,344,28.62
23203,JUMBO BAG DOILEY PATTERNS,8735,457,40.73642501127864,16737.1,2.0462800875273524,299,11.84
22169,FAMILY ALBUM WHITE PICTURE FRAME,2094,570,5.420021670518402,16676.94,8.373842105263158,276,2.84
22505,MEMO BOARD COTTAGE DESIGN,3605,662,12.286022850487946,16599.89,4.918519637462236,397,4.88
21218,RED SPOTTY BISCUIT TIN,4715,592,13.38548947074849,16431.45,3.7139527027027026,313,6.39
22847,BREAD BIN DINER STYLE IVORY,1049,435,3.331646376452919,16335.789999999999,16.50880459770115,259,1.42
84992,72 SWEETHEART FAIRY CAKE CASES,33936,1215,84.69121251109904,16178.47,0.5467901234567901,614,45.98
21527,RED RETROSPOT TRADITIONAL TEAPOT ,2266,514,13.312571725795323,15892.74,7.849863813229572,280,3.07
21164,HOME SWEET HOME METAL SIGN ,5839,632,27.695620966328686,15888.49,2.9307278481012657,356,7.91
22297,HEART IVORY TRELLIS SMALL,12939,666,30.850184692310755,15836.59,1.2510660660660662,391,17.53
22424,ENAMEL BREAD BIN CREAM,1300,560,5.040115081093584,15621.65,12.654785714285715,310,1.76
48173C,DOORMAT BLACK FLOCK ,2813,291,39.06328493464239,15618.36,7.661408934707905,166,3.81
22557,PLASTERS IN TIN VINTAGE PAISLEY ,9827,1019,26.520587101450857,15614.59,1.6611874386653582,580,13.32
22083,PAPER CHAIN KIT RETROSPOT,5514,588,12.686642942643315,15411.86,2.945646258503402,376,7.47
21877,HOME SWEET HOME MUG,13856,652,72.11831834535519,15399.56,1.314616564417178,323,18.78
22383,LUNCH BAG SUKI DESIGN ,9570,915,16.842467851247328,15332.9,1.6533224043715846,399,12.97
22690,DOORMAT HOME SWEET HOME BLUE ,2493,402,24.080221243239954,15329.57,7.726791044776119,278,3.38
71053,WHITE METAL LANTERN,4306,600,11.391153857235924,15309.64,3.6891666666666665,290,5.83
22662,LUNCH BAG DOLLY GIRL DESIGN,9715,883,21.754348888077644,15305.19,1.6511098527746317,426,13.16
22632,HAND WARMER RED RETROSPOT,7578,699,19.922175711672637,15272.52,2.091244635193133,421,10.27
84970L,SINGLE HEART ZINC T-LIGHT HOLDER,16445,828,33.379772668959426,15241.51,0.9765096618357487,463,22.28
21559,STRAWBERRY LUNCH BOX WITH CUTLERY,6418,811,15.86042353350889,15232.34,2.5467447595561032,353,8.7
22296,HEART IVORY TRELLIS LARGE,9416,760,22.3192997358249,15218.08,1.650894736842105,428,12.76
84946,ANTIQUE SILVER T-LIGHT GLASS,12949,537,33.01854043743409,15176.42,1.2427746741154562,348,17.55
72760B,VINTAGE CREAM 3 BASKET CAKE STAND,1632,446,7.227941617166109,15172.6,9.841973094170402,301,2.21
20685,DOOR MAT RED SPOT,2426,369,16.828918606756666,15093.48,7.176531165311653,245,3.29
22041,"RECORD FRAME 7"" SINGLE SIZE ",6845,323,29.624151798597676,15088.77,2.454953560371517,101,9.28
21843,RETRO SPOT CAKE STAND,1431,295,10.64540354454971,15083.45,10.86864406779661,207,1.94
84997D,PINK 3 PIECE MINI DOTS CUTLERY SET,4198,424,21.243262852066515,15067.14,3.73127358490566,238,5.69
20719,WOODLAND CHARLOTTE BAG,19027,1070,29.75972162919171,15030.64,0.8416168224299065,365,25.78
22634,CHILDS BREAKFAST SET SPACEBOY ,1627,466,5.053789308712001,15021.4,9.744635193133048,322,2.2
22502,PICNIC BASKET WICKER SMALL,2985,571,7.602677598738066,14945.6,5.235726795096322,335,4.04
22652,TRAVEL SEWING KIT,9353,729,39.14756016868864,14859.81,1.6529080932784637,440,12.67
21975,PACK OF 60 DINOSAUR CAKE CASES,30881,1159,67.95501371017406,14818.01,0.548360655737705,543,41.84
85014B,RED/WHITE DOTS RUFFLED UMBRELLA,3405,373,51.516982873076834,14796.15,5.878016085790884,247,4.61
22635,CHILDS BREAKFAST SET DOLLY GIRL ,1598,452,6.49619257895572,14787.949999999999,9.789601769911503,325,2.17
21430,SET/3 RED GINGHAM ROSE STORAGE BOX,4169,581,17.824532345908747,14719.35,3.705662650602409,323,5.65
21914,BLUE HARMONICA IN BOX ,11830,828,22.451926053707226,14667.47,1.2688526570048309,446,16.03
22170,PICTURE FRAME WOOD TRIPLE PORTRAIT,2309,510,7.081217815394881,14658.65,6.686,279,3.13
17003,BROCADE RING PURSE ,70082,393,607.1655086329856,14640.96,0.26536895674300254,215,94.96
21928,JUMBO BAG SCANDINAVIAN BLUE PAISLEY,7754,453,36.40330868207184,14626.73,2.0591832229580573,232,10.51
84997B,RED 3 PIECE MINI DOTS CUTLERY SET,4051,466,16.727102341516012,14609.91,3.732167381974249,268,5.49
21891,TRADITIONAL WOODEN SKIPPING ROPE,11721,687,55.38620609439872,14603.13,1.3205822416302766,483,15.88
82582,AREA PATROLLED METAL SIGN,7346,702,17.934601821384195,14563.1,2.096695156695157,258,9.95
84375,SET OF 20 KIDS COOKIE CUTTERS,7275,632,19.54781704684481,14558.97,2.0890506329113925,389,9.86
20750,RED RETROSPOT MINI CASES,2021,481,6.6406950360132155,14548.550000000001,7.777027027027027,307,2.74
22193,RED DINER WALL CLOCK,1775,554,5.833114804687258,14527.09,8.479584837545126,265,2.41
85014B,RED RETROSPOT UMBRELLA,2613,421,19.07285664034176,14439.12,6.0464133016627075,273,3.54
21889,WOODEN BOX OF DOMINOES,11803,888,26.138376420678014,14430.66,1.2633558558558557,595,15.99
21258,VICTORIAN SEWING BOX LARGE,1229,345,5.2003214751163975,14406.63,12.59304347826087,186,1.67
22487,WHITE WOOD GARDEN PLANT LADDER,1519,810,1.8086477383211943,14256.96,9.747543209876543,611,2.06
22993,SET OF 4 PANTRY JELLY MOULDS,11769,881,21.248226024152213,14151.42,1.2570034052213395,431,15.95
22759,SET OF 3 NOTEBOOKS IN PARCEL,8860,650,31.995988399727185,14138.4,1.6666153846153846,472,12.01
21484,CHICK GREY HOT WATER BOTTLE,4085,685,8.298355328424114,14071.27,3.6218540145985405,367,5.54
21165,BEWARE OF THE CAT METAL SIGN ,9080,797,22.802298597869015,14070.08,1.6638770388958593,321,12.3
22619,SET OF 6 SOLDIER SKITTLES,3762,582,13.000777301535972,13950.85,3.817216494845361,419,5.1
21770,OPEN CLOSED METAL SIGN,2896,581,33.48882625246193,13926.81,4.944509466437178,423,3.92
22384,LUNCH BAG PINK RETROSPOT,8738,744,18.126127513809152,13893.7,1.6429301075268816,375,11.84
84378,SET OF 3 HEART COOKIE CUTTERS,11007,957,30.409500271226335,13862.84,1.2920062695924766,601,14.91
22837,HOT WATER BOTTLE BABUSHKA ,3093,359,24.50213493412928,13807.25,4.617688022284123,210,4.19
84997C,BLUE 3 PIECE MINI DOTS CUTLERY SET,3820,450,19.528999876572374,13805.16,3.737155555555556,271,5.18
84997D,CHILDRENS CUTLERY POLKADOT PINK,3528,326,32.23727803844463,13788.300000000001,4.172576687116565,208,4.78
21380,WOODEN HAPPY BIRTHDAY GARLAND,4877,545,27.63558026921045,13770.15,2.9560917431192664,325,6.61
22606,WOODEN SKITTLES GARDEN SET,1022,340,11.037879033375932,13722.74,15.166911764705882,269,1.38
35004C,SET OF 3 COLOURED  FLYING DUCKS,2851,229,20.898740045237993,13577.15,5.1460698689956335,112,3.86
48111,DOORMAT 3 SMILEY CATS,2290,327,36.10469596013675,13552.78,7.597125382262997,173,3.1
22940,FELTCRAFT CHRISTMAS FAIRY,3286,559,16.285519662925076,13462.18,4.30169946332737,392,4.45
21217,RED SPOTTY ROUND CAKE TINS,1415,418,4.0974309194609,13458.25,9.837559808612438,277,1.92
21169,YOU'RE CONFUSING ME METAL SIGN ,8642,633,33.054412819032905,13438.58,1.661563981042654,278,11.71
47556B,TEA TIME TEA TOWELS ,5141,411,90.99379126762021,13363.35,2.942092457420925,209,6.97
84050,PINK HEART SHAPE EGG FRYING PAN,9547,564,38.05688972112785,13316.63,1.6119148936170213,308,12.94
22191,IVORY DINER WALL CLOCK,1629,478,16.49276887420469,13271.9,8.46265690376569,282,2.21
22271,FELTCRAFT DOLL ROSIE,4744,698,13.907003682736164,13244.46,2.945558739255014,400,6.43
79323P,PINK CHERRY LIGHTS,2234,230,12.860531828287597,13198.1,6.426086956521739,132,3.03
22295,HEART FILIGREE DOVE LARGE,8159,637,21.790549355879183,13184.07,1.653956043956044,381,11.06
22692,DOORMAT WELCOME TO OUR HOME,1935,460,15.638716580491172,13103.81,7.822369565217391,293,2.62
21094,SET/6 RED SPOTTY PAPER PLATES,17752,696,48.24789072828752,13068.56,0.8274137931034483,328,24.05
23200,JUMBO BAG PEARS,6729,473,26.636711434215545,13034.92,2.0720718816067656,262,9.12
23108,SET OF 10 LED DOLLY LIGHTS,2192,352,23.237030704450937,12972.73,6.147840909090909,271,2.97
23313,VINTAGE CHRISTMAS BUNTING,2748,366,13.627678865449713,12960.12,4.951311475409836,254,3.72
23356,LOVE HOT WATER BOTTLE,2325,459,13.376479978983113,12954.75,5.891176470588236,316,3.15
22236,CAKE STAND 3 TIER MAGIC GARDEN,1074,391,3.5568401072157076,12951.9,12.607289002557545,251,1.46
22730,ALARM CLOCK BAKELIKE IVORY,3451,619,13.684095181928505,12951.5,3.7518901453958,289,4.68
21390,FILIGRIS HEART WITH BUTTERFLY,10622,499,34.848093182756166,12849.14,1.251943887775551,280,14.39
22173,METAL 4 HOOK HANGER FRENCH CHATEAU,4538,720,11.665123084852683,12846.14,2.988861111111111,383,6.15
35970,ZINC FOLKART SLEIGH BELLS,7851,558,22.119565503991378,12806.27,1.7138709677419353,415,10.64
15044A,PINK PAPER PARASOL ,4894,194,251.37046150079382,12803.779999999999,2.95659793814433,116,6.63
22621,TRADITIONAL KNITTING NANCY,8365,736,14.129848920237094,12780.57,1.5821739130434782,507,11.33
21704,BAG 250g SWIRLY MARBLES,16824,470,127.10102416710492,12750.54,0.8466808510638297,287,22.8
22636,CHILDS BREAKFAST SET CIRCUS PARADE,1565,463,5.708863237430869,12716.380000000001,8.418963282937366,312,2.12
22352,LUNCH BOX WITH CUTLERY RETROSPOT ,5331,647,15.30231305887257,12669.04,2.54403400309119,316,7.22
22946,WOODEN ADVENT CALENDAR CREAM,869,209,6.4419708051380535,12588.45,16.29665071770335,152,1.18
22952,60 CAKE CASES VINTAGE CHRISTMAS,25179,826,65.63476778873411,12556.77,0.5424455205811138,520,34.12
22655,VINTAGE RED KITCHEN CABINET,75,52,0.5015060275070905,12550.0,184.23076923076923,45,0.1
C2,CARRIAGE,249,248,0.06350006350009525,12546.0,50.516129032258064,45,0.34
48116,DOORMAT MULTICOLOUR STRIPE,2273,193,46.9731427968596,12541.22,7.578549222797928,112,3.08
48187,DOOR MAT NEW ENGLAND,1953,423,10.788351345570394,12520.95,7.125791962174941,253,2.65
22150,3 STRIPEY MICE FELTCRAFT,6971,733,27.29691963196995,12515.65,1.9480354706684855,445,9.45
21871,SAVE THE PLANET MUG,11099,607,62.567029318279545,12515.44,1.2988962108731466,299,15.04
23301,GARDENERS KNEELING PAD KEEP CALM ,7722,762,17.348342158055733,12463.78,1.6639238845144355,405,10.46
62018,SOMBRERO ,9548,123,175.4330659513243,12413.8,1.7906504065040652,70,12.94
21259,VICTORIAN SEWING BOX SMALL ,2171,554,9.571596087133608,12409.960000000001,5.924025270758123,300,2.94
22749,FELTCRAFT PRINCESS CHARLOTTE DOLL,3407,632,10.064645782444249,12407.83,3.7497784810126586,383,4.62
21672,WHITE SPOT RED CERAMIC DRAWER KNOB,10290,635,24.163852667817817,12354.22,1.2650866141732284,278,13.94
48129,DOORMAT TOPIARY,2048,301,30.29606328749369,12345.7,7.785249169435216,183,2.78
22766,PHOTO FRAME CORNICE,4246,584,22.090304813789608,12280.18,2.9519349315068495,343,5.75
22355,CHARLOTTE BAG SUKI DESIGN,15411,964,24.74696085033332,12268.65,0.84649377593361,344,20.88
22627,MINT KITCHEN SCALES,1476,559,3.0458639612654372,12219.99,8.458121645796064,322,2.0
22303,COFFEE MUG APPLES DESIGN,5310,481,22.14273062994986,12179.95,2.5136798336798334,266,7.2
75049L,LARGE CIRCULAR MIRROR MOBILE,13566,238,88.04232775655838,12173.5,1.11890756302521,106,18.38
21912,VINTAGE SNAKES & LADDERS,3387,617,14.152129246635482,12157.97,3.7850243111831445,447,4.59
22485,SET OF 2 WOODEN MARKET CRATES,995,342,3.3575712395974895,12146.25,12.634210526315789,280,1.35
22776,SWEETHEART CAKESTAND 3 TIER,1292,466,3.459718557767619,12130.4,9.831759656652359,347,1.75
22909,SET OF 20 VINTAGE CHRISTMAS NAPKINS,15376,914,41.175542335043644,12124.119999999999,0.8435448577680525,578,20.83
21669,BLUE STRIPE CERAMIC DRAWER KNOB,9897,652,21.843107810805,12115.21,1.2873159509202454,262,13.41
85014A,BLACK/BLUE DOTS RUFFLED UMBRELLA,2944,285,58.828199274656455,12089.2,5.8522807017543865,184,3.99
85042,ANTIQUE LILY FAIRY LIGHTS,2668,285,14.308199097143874,12081.0,4.827192982456141,142,3.62
20724,RED RETROSPOT CHARLOTTE BAG,15168,919,29.555820824744128,12034.8,0.8483025027203482,390,20.55
23207,LUNCH BAG ALPHABET DESIGN,7533,660,25.29648404656163,11994.41,1.652969696969697,377,10.21
21217,RED RETROSPOT ROUND CAKE TINS,1268,352,8.529539451403181,11983.6,9.867613636363636,219,1.72
22366,DOORMAT AIRMAIL ,1943,320,25.22670543927108,11946.53,7.55490625,200,2.63
22553,PLASTERS IN TIN SKULLS,7363,921,13.271126424767607,11913.75,1.6473941368078175,507,9.98
21535,RED RETROSPOT SMALL MILK JUG,4943,726,14.362325575416547,11908.050000000001,2.5351239669421486,379,6.7
22846,BREAD BIN DINER STYLE RED ,771,309,3.4449486445791426,11879.06,16.35275080906149,189,1.04
21888,BINGO SET,3219,628,11.02448066832344,11877.45,3.7844745222929936,444,4.36
15056P,EDWARDIAN PARASOL PINK,2436,322,34.8383508035716,11872.81,5.843975155279503,186,3.3
84380,SET OF 3 BUTTERFLY COOKIE CUTTERS,9592,820,20.86069251516819,11818.65,1.2947439024390244,490,13.0
84212,"ASSORTED FLOWER COLOUR ""LEIS""",24665,259,215.0199386859373,11759.77,0.6215830115830117,140,33.42
22584,PACK OF 6 PANNETONE GIFT BOXES,4793,504,22.527030390276135,11725.48,2.546170634920635,408,6.49
21955,DOORMAT UNION JACK GUNS AND ROSES,2078,277,34.0042223026955,11722.24,7.6985559566787005,169,2.82
79323W, WHITE CHERRY LIGHTS,1986,216,10.457407151922762,11697.300000000001,6.38287037037037,136,2.69
20723,STRAWBERRY CHARLOTTE BAG,14542,996,23.58879215679429,11654.8,0.8501305220883534,356,19.7
23077,DOUGHNUT LIP GLOSS ,9642,308,36.69325758336524,11615.7,1.241818181818182,217,13.07
22654,DELUXE SEWING KIT ,2045,444,9.0384212217807,11611.27,5.995225225225226,300,2.77
23174,REGENCY SUGAR BOWL GREEN,2954,268,48.68456390700379,11567.24,4.126641791044777,190,4.0
21156,RETROSPOT CHILDRENS APRON,6437,528,38.09455129760586,11562.37,1.9600378787878785,335,8.72
22464,HANGING METAL HEART LANTERN,7388,656,13.349151697840037,11530.56,1.6208231707317073,397,10.01
22838,3 TIER CAKE TIN RED AND CREAM,844,220,10.597257569532722,11467.38,14.759272727272727,177,1.14
21668,RED STRIPE CERAMIC DRAWER KNOB,9391,621,21.843309261012532,11446.75,1.2771014492753623,255,12.72
22804,CANDLEHOLDER PINK HANGING HEART,4069,530,20.809234731197694,11400.75,2.9303207547169814,325,5.51
22192,BLUE DINER WALL CLOCK,1373,512,3.068400726334145,11358.78,8.46060546875,260,1.86
47567B,TEA TIME KITCHEN APRON,2128,324,14.07383297218334,11321.32,5.889845679012346,179,2.88
21080,SET/20 RED SPOTTY PAPER NAPKINS ,15165,790,44.28586405264348,11310.21,0.8353797468354429,481,20.55
22207,FRYING PAN UNION FLAG,2858,324,21.896577710459418,11283.86,4.2833950617283945,189,3.87
22365,DOORMAT RESPECTABLE HOUSE,1863,244,30.881729578344284,11282.69,7.567049180327869,146,2.52
21080,SET/20 RED RETROSPOT PAPER NAPKINS ,14329,906,25.358996299204883,11229.27,0.839326710816777,493,19.42
22646,CERAMIC STRAWBERRY CAKE MONEY BANK,8514,708,19.79525832858584,11187.26,1.4202824858757062,404,11.54
22082,RIBBON REEL STRIPES DESIGN ,6878,838,12.853362442230749,11166.78,1.6613126491646777,512,9.32
20969,RED FLORAL FELTCRAFT SHOULDER BAG,3090,519,17.720747289678652,11155.41,3.7783044315992296,285,4.19
22623,BOX OF VINTAGE JIGSAW BLOCKS ,2195,502,6.599664395606123,11129.42,5.319840637450199,334,2.97
22750,FELTCRAFT PRINCESS LOLA DOLL,3039,602,9.822518441613079,11094.51,3.7577242524916943,362,4.12
21906,PHARMACIE FIRST AID TIN,1642,313,27.323328620147556,11093.9,6.721629392971246,214,2.22
22088,PAPER BUNTING COLOURED LACE,4038,485,12.769291663070149,11086.9,2.904020618556701,266,5.47
21485,RED SPOT HEART HOT WATER BOTTLE,2362,416,7.318706274913724,11031.1,4.884375,282,3.2
21673,WHITE SPOT BLUE CERAMIC DRAWER KNOB,9171,567,26.086080467260153,11022.43,1.2676014109347442,263,12.43
84987,SET OF 36 TEATIME PAPER DOILIES,7832,646,23.262509108979604,11012.88,1.4528018575851394,406,10.61
22444,GROW YOUR OWN PLANT IN A CAN ,8960,329,24.20409778873148,10976.56,1.2442249240121581,249,12.14
22151,PLACE SETTING WHITE HEART,27085,665,81.04038557205853,10910.31,0.42383458646616534,361,36.7
47599A,PINK PARTY BAGS,5878,329,44.82609062721475,10841.48,2.0658358662613985,202,7.96
22301,COFFEE MUG CAT + BIRD DESIGN,4733,468,22.88314032330802,10831.29,2.5180982905982905,273,6.41
22631,CIRCUS PARADE LUNCH BOX ,5871,474,23.780103792168624,10791.83,1.940675105485232,270,7.96
72351B,SET/6 PINK  BUTTERFLY T-LIGHTS,5681,433,28.08418871085656,10779.64,2.0678060046189377,208,7.7
21671,RED SPOT CERAMIC DRAWER KNOB,8931,571,22.98410591366358,10762.47,1.2632224168126094,265,12.1
84988,SET OF 72 PINK HEART PAPER DOILIES,7595,622,20.584275926229672,10729.4,1.457540192926045,379,10.29
35400,WOODEN BOX ADVENT CALENDAR ,1239,335,5.37808517605219,10710.1,8.884477611940298,241,1.68
47591D,PINK FAIRY CAKE CHILDRENS APRON,5839,689,14.438915314461706,10704.21,1.9555732946298983,393,7.91
22667,RECIPE BOX RETROSPOT ,3841,654,17.23481937883944,10702.15,2.9243119266055047,338,5.2
21260,FIRST AID TIN,3370,445,28.238881109499175,10675.6,3.239438202247191,303,4.57
21428,SET3 BOOK BOX GREEN GINGHAM FLOWER ,2749,364,22.987720296118034,10667.05,4.186565934065935,228,3.72
22950,36 DOILIES VINTAGE CHRISTMAS,7744,303,54.72540541280425,10590.4,1.44009900990099,251,10.49
22649,STRAWBERRY FAIRY CAKE TEAPOT,2203,417,5.910105652915976,10577.95,4.91810551558753,198,2.99
21937,STRAWBERRY   PICNIC BAG,3801,503,17.242362775484352,10572.95,2.929324055666004,286,5.15
22616,PACK OF 12 LONDON TISSUES ,37084,648,155.36878498280737,10519.36,0.3112962962962963,319,50.25
22417,PACK OF 60 SPACEBOY CAKE CASES,20867,932,43.18473316175741,10465.49,0.5471995708154507,521,28.28
22943,CHRISTMAS LIGHTS 10 VINTAGE BAUBLES,2258,288,16.052250569768287,10432.08,4.924930555555556,215,3.06
21210,SET OF 72 RETRO SPOT PAPER  DOILIES,7488,450,29.33151577010533,10423.199999999999,1.4415555555555555,292,10.15
21844,RED RETROSPOT MUG,3787,299,23.238806584886262,10415.65,2.9018394648829435,195,5.13
22988,SOLDIERS EGG CUP ,9033,353,55.3635053505231,10415.22,1.2571104815864023,207,12.24
21172,PARTY METAL SIGN ,7444,820,17.571518082235958,10392.72,1.4598536585365853,420,10.09
22637,PIGGY BANK RETROSPOT ,4278,497,34.79271831683094,10377.02,2.5312072434607646,329,5.8
21868,POTTING SHED TEA MUG,8770,725,26.08621599405614,10353.86,1.2691862068965516,377,11.88
48185,DOOR MAT FAIRY CAKE,1640,319,10.667155851246022,10347.72,7.063793103448275,181,2.22
23209,LUNCH BAG VINTAGE DOILY ,6438,549,17.358448183685613,10347.66,1.6497814207650272,319,8.72
21326,AGED GLASS SILVER T-LIGHT HOLDER,17004,543,43.811386015469076,10338.6,0.6413443830570903,307,23.04
22580,ADVENT CALENDAR GINGHAM SACK,1785,389,6.747697245880862,10338.230000000001,6.002442159383034,275,2.42
23209,LUNCH BAG DOILEY PATTERN ,6477,467,20.26291947959933,10323.05,1.642291220556745,290,8.78
22109,FULL ENGLISH BREAKFAST PLATE,2872,395,12.609924299425519,10321.92,3.754683544303797,205,3.89
22768,FAMILY PHOTO FRAME CORNICE,1114,321,7.876382586439986,10310.19,9.90233644859813,243,1.51
21907,I'M ON HOLIDAY METAL SIGN,4990,700,8.562020519781344,10306.15,2.1022714285714286,381,6.76
22729,ALARM CLOCK BAKELIKE ORANGE,2797,506,15.07460737207509,10300.44,3.761106719367589,236,3.79
22488,NATURAL SLATE RECTANGLE CHALKBOARD,6453,656,12.739644635120582,10285.61,1.6465243902439022,426,8.74
22508,DOORSTOP RETROSPOT HEART,2695,584,30.811113623785914,10283.5,3.7782020547945203,400,3.65
21121,SET/10 RED POLKADOT PARTY CANDLES,8541,443,38.86882718437309,10238.49,1.246568848758465,301,11.57
22468,BABUSHKA LIGHTS STRING OF 10,1630,335,7.701573683166791,10229.64,6.662716417910448,196,2.21
22274,FELTCRAFT DOLL EMILY,3675,583,11.835009980126191,10227.31,2.949862778730703,344,4.98
22663,JUMBO BAG DOLLY GIRL DESIGN,5367,527,18.173286400986353,10206.78,2.007666034155598,268,7.27
21210,SET OF 72 RETROSPOT PAPER  DOILIES,7259,484,32.62545456506928,10177.119999999999,1.4581611570247934,313,9.84
23170,REGENCY TEA PLATE ROSES ,6563,328,47.33435539322661,10170.99,1.657560975609756,224,8.89
21524,DOOR MAT SPOTTY HOME SWEET HOME,1733,257,22.826883358058613,10121.69,7.219571984435798,170,2.35
22367,CHILDRENS APRON SPACEBOY DESIGN,5455,717,12.526779865634953,10120.289999999999,1.9611576011157599,450,7.39
22302,COFFEE MUG PEARS  DESIGN,4808,354,39.60191872672229,10043.41,2.508022598870056,212,6.51
21624,VINTAGE UNION JACK DOORSTOP,1710,352,34.66752537263534,9987.98,5.927301136363636,281,2.32
22791,T-LIGHT GLASS FLUTED ANTIQUE,8698,333,30.61110492229643,9985.63,1.2331531531531532,226,11.79
20828,GLITTER BUTTERFLY CLIPS,4220,516,21.535682599979,9951.0,2.530813953488372,261,5.72
23208,LUNCH BAG VINTAGE LEAF DESIGN,6191,604,15.147656338104367,9950.35,1.6450331125827813,305,8.39
23300,GARDENERS KNEELING PAD CUP OF TEA ,6285,642,32.35331983653993,9933.69,1.665467289719626,351,8.52
21429,RED GINGHAM ROSE JEWELLERY BOX,5930,781,16.15154671669173,9907.5,1.7133802816901407,418,8.04
21670,BLUE SPOT CERAMIC DRAWER KNOB,8061,585,20.302614458393126,9894.93,1.2715897435897436,260,10.92
22418,10 COLOUR SPACEBOY PEN,11892,476,25.501944840023825,9878.1,0.8598319327731092,331,16.11
48111,DOOR MAT 3 SMILEY CATS,1773,246,23.826278309434855,9861.69,6.942073170731708,125,2.4
84997C,CHILDRENS CUTLERY POLKADOT BLUE,2523,211,35.302274047468835,9827.25,4.119668246445499,150,3.42
21833,CAMOUFLAGE LED TORCH,5931,338,24.655594618759455,9797.310000000001,1.6845562130177514,210,8.04
21982,PACK OF 12 SUKI TISSUES ,31340,535,488.7677703003024,9774.28,0.3159252336448598,335,42.47
22620,4 TRADITIONAL SPINNING TOPS,7559,669,23.160149585951697,9763.68,1.34949177877429,449,10.24
22834,HAND WARMER BABUSHKA DESIGN,6378,495,28.195113868899963,9747.83,1.9692525252525255,297,8.64
23343,JUMBO BAG VINTAGE CHRISTMAS ,4905,393,23.63520090051547,9742.1,2.0784223918575067,286,6.65
22900, SET 2 TEA TOWELS I LOVE LONDON ,3511,345,37.06029870096187,9726.85,2.9922318840579707,203,4.76
48194,DOOR MAT HEARTS,1654,282,21.67413791154395,9715.06,7.282553191489361,188,2.24
23076,ICE CREAM SUNDAE LIP GLOSS,7896,248,29.1450059184802,9638.16,1.2449193548387096,202,10.7
21922,UNION STRIPE WITH FRINGE  HAMMOCK,1280,331,5.0572932805464275,9624.04,7.90178247734139,204,1.73
84997B,CHILDRENS CUTLERY RETROSPOT RED ,2492,232,26.966267428801636,9603.68,4.149827586206897,157,3.38
22970,LONDON BUS COFFEE MUG,4213,278,38.99395254977852,9582.15,2.4917266187050355,180,5.71
21257,VICTORIAN SEWING BOX MEDIUM,1267,361,7.965239772230126,9550.49,7.93016620498615,206,1.72
21086,SET/6 RED SPOTTY PAPER CUPS,15834,631,52.87330594471472,9513.3,0.6506973058637084,311,21.46
16014,SMALL CHINESE STYLE SCISSOR,29354,92,689.7430450736161,9512.68,0.39499999999999996,46,39.78
22966,GINGERBREAD MAN COOKIE CUTTER,7946,623,23.116906347985598,9497.91,1.2597431781701445,422,10.77
22795,SWEETHEART RECIPE BOOK STAND,1465,406,5.247158320202292,9465.55,6.690886699507389,227,1.99
22968,ROSE COTTAGE KEEPSAKE BOX ,1036,243,9.07205864563963,9409.199999999999,9.735185185185184,182,1.4
21216,"SET 3 RETROSPOT TEA,COFFEE,SUGAR",2061,288,12.778461946621526,9376.67,4.898194444444445,174,2.79
21974,SET OF 36 PAISLEY FLOWER DOILIES,6652,558,20.989376233242194,9374.96,1.465035842293907,355,9.01
20829,GLITTER HANGING BUTTERFLY STRING,4700,414,33.12250765724639,9350.39,2.1146135265700483,207,6.37
21890,S/6 WOODEN SKITTLES IN COTTON BAG,3296,418,27.719755832278636,9347.16,3.0644019138755985,335,4.47
48184,DOOR MAT ENGLISH ROSE ,1445,291,11.239348422240115,9343.43,7.1418556701030935,184,1.96
84792,ENCHANTED BIRD COATHANGER 5 HOOK,2201,439,10.326841162302495,9326.33,4.621936218678816,248,2.98
22064,PINK DOUGHNUT TRINKET POT ,6214,492,22.800769754967458,9302.1,1.6310975609756098,213,8.42
85099B,RED RETROSPOT JUMBO BAG ,5333,184,52.75849456825936,9289.35,1.9027173913043476,157,7.23
22120,WELCOME  WOODEN BLOCK LETTERS,967,316,2.923282344636887,9289.2,9.864525316455694,196,1.31
22740,POLKADOT PEN,11303,180,95.8975650667062,9276.83,0.8442222222222223,142,15.32
23240,SET OF 4 KNICK KNACK TINS DOILY ,2286,318,11.310456796717792,9237.3,4.137421383647799,230,3.1
22668,PINK BABY BUNTING,3290,381,12.529994404366239,9236.86,2.9567191601049867,296,4.46
84880,WHITE WIRE EGG HOLDER,1668,329,11.914250549245486,9227.8,6.042553191489362,185,2.26
84997D,PINK 3 PIECE POLKADOT CUTLERY SET,2558,258,29.710544187515616,9227.380000000001,3.7668992248062017,172,3.47
22840,ROUND CAKE TIN VINTAGE RED,1233,367,8.654340198095962,9211.630000000001,7.911198910081743,273,1.67
23171,REGENCY TEA PLATE GREEN ,5966,271,62.69030112708998,9184.9,1.6725830258302583,195,8.08
22978,PANTRY ROLLING PIN,2406,197,54.20657039422884,9180.53,3.752284263959391,153,3.26
21756,BATH BUILDING BLOCK WORD,1543,522,2.652629373139859,9164.78,5.987509578544062,327,2.09
22694,WICKER STAR ,4428,730,8.7558597925785,9115.8,2.095890410958904,484,6.0
22904,CALENDAR PAPER CUT DESIGN,3195,402,16.841782665570197,9110.289999999999,2.9624875621890547,269,4.33
85014A,BLACK/BLUE POLKADOT UMBRELLA,1622,357,11.155008074525597,9085.49,6.046834733893558,238,2.2
82552,WASHROOM METAL SIGN,6746,660,25.79643971595051,9080.01,1.3575151515151516,346,9.14
22380,TOY TIDY SPACEBOY  ,4654,551,16.695136504596512,9044.0,2.089255898366606,300,6.31
22767,TRIPLE PHOTO FRAME CORNICE ,977,280,7.986091820809761,9035.63,9.864785714285714,197,1.32
22300,COFFEE MUG DOG + BALL DESIGN,3923,415,22.184602841261146,9021.39,2.5226987951807227,254,5.32
22198,LARGE POPCORN HOLDER ,5700,416,23.328509806390105,9006.2,1.6365384615384615,212,7.72
23175,REGENCY MILK JUG PINK ,3062,272,48.38033456171027,8995.0,3.1948529411764706,206,4.15
22179,SET 10 LIGHTS NIGHT OWL,1400,301,7.541081286973652,8990.8,6.696843853820598,165,1.9
21745,GAOLERS KEYS DECORATIVE GARDEN ,2670,466,16.897409060822234,8980.54,3.7442274678111587,236,3.62
21735,TWO DOOR CURIO CABINET,765,202,10.008913076274826,8960.1,12.555940594059408,139,1.04
22992,REVOLVER WOODEN RULER ,4914,293,44.429553257649054,8944.439999999999,1.9620819112627985,217,6.66
22942,CHRISTMAS LIGHTS 10 SANTAS ,1181,217,8.422723330679426,8912.949999999999,7.815668202764977,176,1.6
22429,ENAMEL MEASURING JUG CREAM,2149,529,11.855581523292214,8867.29,4.252911153119093,364,2.91
85232B,SET/3 RUSSIAN DOLL STACKING TINS,1866,304,19.072572653382437,8864.3,4.90625,154,2.53
47570B,TEA TIME TABLE CLOTH,928,189,10.526933768750219,8852.880000000001,10.535714285714286,129,1.26
22131,FOOD CONTAINER SET 3 LOVE HEART ,4965,514,28.047349907229975,8846.17,1.973579766536965,276,6.73
22089,PAPER BUNTING VINTAGE PAISLEY,3196,430,14.55217637549489,8842.15,2.928325581395349,290,4.33
82001S,VINYL RECORD FRAME SILVER,2550,179,19.235849075336176,8831.2,3.6587150837988824,83,3.46
21892,TRADITIONAL WOODEN CATCH CUP GAME ,7273,622,28.2637209314887,8814.42,1.269983922829582,447,9.86
22549,PICTURE DOMINOES,6222,550,14.720233210533001,8813.74,1.4769090909090907,403,8.43
20970,PINK FLORAL FELTCRAFT SHOULDER BAG,2403,507,7.426801312766993,8796.77,3.7577317554240635,278,3.26
22144,CHRISTMAS CRAFT LITTLE FRIENDS,4289,546,12.538203608148725,8790.7,2.135970695970696,392,5.81
22741,FUNKY DIVA PEN,10297,196,39.98401924359024,8672.109999999999,0.8526530612244898,132,13.95
21035,SET/2 RED RETROSPOT TEA TOWELS ,3001,295,28.46242200093564,8670.71,3.2026779661016946,191,4.07
21558,SKULL LUNCH BOX WITH CUTLERY ,3630,496,12.887521907599847,8643.6,2.530040322580645,253,4.92
21781,MA CAMPAGNE CUTLERY BOX,595,318,2.5453079468100896,8609.25,14.866981132075471,150,0.81
22381,TOY TIDY PINK POLKADOT,4378,388,34.88403877600119,8587.48,2.114639175257732,177,5.93
84997B,RED 3 PIECE RETROSPOT CUTLERY SET,2362,246,21.57161393956244,8574.54,3.7646341463414634,169,3.2
23582,VINTAGE DOILY JUMBO BAG RED ,4434,237,98.82630952865013,8508.220000000001,2.0663713080168775,186,6.01
23581,JUMBO BAG PAISLEY PARK,4358,309,22.79957037674392,8498.04,2.059223300970874,230,5.91
22333,RETROSPOT PARTY BAG + STICKER SET,5526,352,29.582377114458474,8497.18,1.6343181818181818,210,7.49
20724,RED SPOTTY CHARLOTTE BAG,10648,588,27.81182307182584,8468.4,0.8389455782312926,282,14.43
22947,WOODEN ADVENT CALENDAR RED,773,163,5.477889290114921,8459.95,12.489877300613497,124,1.05
21985,PACK OF 12 HEARTS DESIGN TISSUES ,24766,747,195.12075485624365,8441.64,0.3116064257028112,493,33.56
79000,MOROCCAN TEA GLASS,11309,333,55.20952675813211,8407.609999999999,0.8265465465465466,195,15.32
22381,TOY TIDY PINK RETROSPOT  ,4279,413,19.352958464791556,8393.1,2.0798305084745765,241,5.8
22725,ALARM CLOCK BAKELIKE CHOCOLATE,2266,423,8.925587177402255,8367.84,3.786193853427896,217,3.07
23318,BOX OF 6 MINI VINTAGE CRACKERS,3645,335,20.378104361472317,8345.43,2.456955223880597,270,4.94
22121,NOEL WOODEN BLOCK LETTERS ,1411,392,9.745629212194748,8343.19,5.965637755102041,303,1.91
21385,IVORY HANGING DECORATION  HEART,10146,522,35.837937998533945,8324.58,0.8522413793103448,320,13.75
79323LP,LIGHT PINK CHERRY LIGHTS,1420,159,11.991093475784613,8311.0,6.44748427672956,107,1.92
22989,SET 2 PANTRY DESIGN TEA TOWELS,2693,317,26.448375970230845,8310.17,3.2294637223974765,241,3.65
21539,RED RETROSPOT BUTTER DISH,1745,443,5.521523988303134,8297.55,4.912076749435666,235,2.36
51008,AFGHAN SLIPPER SOCK PAIR,2567,72,53.898746940469216,8251.15,3.3944444444444444,44,3.48
35961,FOLKART ZINC HEART CHRISTMAS DEC,10651,406,80.73108494492742,8229.67,0.8445566502463054,262,14.43
84839,SWEETHEART KEY CABINET,1478,352,15.220888288810228,8201.7,6.602727272727273,219,2.0
84030E,ENGLISH ROSE HOT WATER BOTTLE,2018,412,7.859737315775727,8191.91,4.252208737864078,254,2.73
23319,BOX OF 6 MINI 50'S CRACKERS,3520,373,17.974875643534517,8169.48,2.463619302949062,300,4.77
21135,VICTORIAN  METAL POSTCARD SPRING,5773,391,36.24441081372114,8155.09,1.6795907928388747,251,7.82
23322,LARGE WHITE HEART OF WICKER,2892,517,9.555701674046707,8137.5,2.947562862669246,350,3.92
22844,VINTAGE CREAM DOG FOOD CONTAINER,990,358,4.650318655023389,8122.35,8.51905027932961,221,1.34
23082,SET 6 PAPER TABLE LANTERN HEARTS ,2260,269,12.479631076697114,8110.679999999999,3.722639405204461,205,3.06
21787,RAIN PONCHO RETROSPOT,10256,238,154.5546476126727,8096.48,0.8578991596638655,150,13.9
22895,SET OF 2 TEA TOWELS APPLE AND PEARS,2752,358,15.408804723533775,8091.74,3.107653631284916,232,3.73
23078,ICE CREAM PEN LIP GLOSS ,6607,213,27.865912503182862,8077.31,1.2450704225352112,159,8.95
22812,PACK 3 BOXES CHRISTMAS PANNETONE,4286,349,18.633988332977943,8066.599999999999,1.9967621776504298,266,5.81
20974,12 PENCILS SMALL TUBE SKULL,12699,712,39.77955736397409,8049.15,0.648314606741573,370,17.21
21777,RECIPE BOX WITH METAL HEART,1057,313,6.785050114367392,8046.150000000001,7.908466453674121,169,1.43
22357,KINGS CHOICE BISCUIT TIN,1873,316,39.59362326200854,8044.09,4.216677215189874,259,2.54
21933,PINK VINTAGE PAISLEY PICNIC BAG,3782,476,18.431128122193172,8034.86,2.252731092436975,294,5.12
22215,CAKE STAND WHITE TWO TIER LACE,1029,319,3.455807806928885,8007.3,8.148275862068965,245,1.39
23256,CHILDRENS CUTLERY SPACEBOY ,1980,320,12.032186458486537,7966.08,4.1516875,225,2.68
22751,FELTCRAFT PRINCESS OLIVIA DOLL,2195,418,14.28609899395287,7965.29,3.7751674641148325,269,2.97
21769,VINTAGE POST OFFICE CABINET,123,48,5.5731356008562996,7954.87,77.62666666666667,42,0.17
23080,RED METAL BOX TOP SECRET,998,225,10.729905545524296,7920.78,8.358977777777778,148,1.35
22771,CLEAR DRAWER KNOB ACRYLIC EDWARDIAN,6547,390,22.26120560078916,7917.11,1.246205128205128,201,8.87
21488,RED WHITE SCARF  HOT WATER BOTTLE,2157,306,16.54108295321646,7914.15,3.897712418300654,216,2.92
21935,SUKI  SHOULDER BAG,5021,453,19.439309478820032,7898.07,1.6318543046357616,234,6.8
37370,RETRO COFFEE MUGS ASSORTED,6948,351,41.20898760392761,7897.5,1.2206267806267805,184,9.41
84997C,BLUE 3 PIECE POLKADOT CUTLERY SET,2188,232,29.800991917577722,7889.360000000001,3.7651724137931035,160,2.96
20750,RED/WHITE DOT MINI CASES,1109,251,7.8829120754226745,7859.75,7.74601593625498,172,1.5
21381,MINI WOODEN HAPPY BIRTHDAY GARLAND,4893,387,43.43677409495734,7845.81,1.6850387596899226,234,6.63
48188,DOOR MAT WELCOME PUPPIES,1414,229,23.88523484127732,7835.1,7.0560262008733625,147,1.92
21121,SET/10 RED SPOTTY PARTY CANDLES,6495,354,41.825763733990875,7826.91,1.2457062146892657,249,8.8
21122,SET/10 PINK POLKADOT PARTY CANDLES,6464,383,33.44367901271785,7807.61,1.2506788511749347,261,8.76
21716,BOYS VINTAGE TIN SEASIDE BUCKET,3336,309,20.104124676924968,7744.58,2.521132686084142,241,4.52
22078,RIBBON REEL LACE DESIGN ,3801,392,22.42685610334867,7739.6,2.0942602040816327,246,5.15
21186,WHITE DOVE HONEYCOMB PAPER GARLAND,5017,280,30.431962465107755,7729.05,1.622142857142857,187,6.8
20718,RED SPOTTY SHOPPER BAG,6659,399,33.007668655910265,7711.95,1.2361904761904763,237,9.02
22079,RIBBON REEL HEARTS DESIGN ,4736,548,14.241832568172253,7670.64,1.6680291970802918,397,6.42
21533,RETROSPOT LARGE MILK JUG,1595,395,8.275771986893602,7592.85,4.887974683544304,251,2.16
21658,GLASS  BEURRE DISH,2007,352,6.674286025661768,7590.45,3.9128409090909098,166,2.72
23439,HAND WARMER RED LOVE HEART,3721,386,17.58075583055658,7574.099999999999,2.0941709844559586,268,5.04
21715,GIRLS VINTAGE TIN SEASIDE BUCKET,3229,321,20.196834172510815,7566.87,2.5183177570093456,255,4.38
21533,RETRO SPOT LARGE MILK JUG,1600,458,3.6566178575448576,7561.6,4.8888646288209605,263,2.17
21098,CHRISTMAS TOILET ROLL,6431,429,65.09758962159786,7534.29,1.2651981351981352,269,8.71
21874,GIN AND TONIC MUG,6122,455,43.58855552354463,7509.76,1.2770549450549449,211,8.3
23328,SET 6 SCHOOL MILK BOTTLES IN CRATE,2063,285,16.3392484611976,7495.29,3.7212280701754383,195,2.8
22796,PHOTO FRAME 3 CLASSIC HANGING,771,295,2.4031907380625745,7484.4,9.900847457627119,201,1.04
21875,KINGS CHOICE MUG,6681,328,76.17307595819105,7450.17,1.2792987804878049,218,9.05
22327,ROUND SNACK BOXES SET OF 4 SKULLS,2628,478,10.982499697126288,7440.6,2.938284518828452,256,3.56
85049E,SCANDINAVIAN REDS RIBBONS,5933,699,12.371554780070925,7427.48,1.2699570815450645,434,8.04
85067,CREAM SWEETHEART WALL CABINET,472,155,10.68336608239369,7417.259999999999,18.510129032258064,110,0.64
21523,DOOR MAT FANCY FONT HOME SWEET HOME,1117,193,11.317917707169112,7415.39,7.22419689119171,123,1.51
22212,FOUR HOOK  WHITE LOVEBIRDS,3709,619,11.991836463504654,7412.3099999999995,2.1001777059773827,323,5.03
22329,ROUND CONTAINER SET OF 5 RETROSPOT,4755,421,21.271458489559343,7408.75,1.6357482185273158,259,6.44
82551,LAUNDRY 15C METAL SIGN,5350,554,21.948189755319014,7401.59,1.378086642599278,306,7.25
22466,FAIRY TALE COTTAGE NIGHTLIGHT,4208,228,46.098561398497594,7389.599999999999,1.9271929824561402,146,5.7
21155,RED RETROSPOT PEG BAG,3244,436,19.370640750460794,7382.05,2.4446788990825685,247,4.4
72807C,SET/3 VANILLA SCENTED CANDLE IN BOX,1835,241,18.16717644925354,7364.91,4.211659751037344,164,2.49
22195,LARGE HEART MEASURING SPOONS,4519,526,12.506388445366872,7357.47,1.682851711026616,321,6.12
21737,SET 3 WICKER LOG BASKETS,397,163,8.259701971887024,7320.15,19.729141104294477,118,0.54
22275,WEEKEND BAG VINTAGE ROSE PAISLEY,902,285,5.3619844454252625,7315.95,8.365789473684211,168,1.22
21932,SCANDINAVIAN PAISLEY PICNIC BAG,3517,498,16.964815660199687,7260.76,2.2228915662650603,315,4.77
21035,SET/2 RED SPOTTY TEA TOWELS ,2533,330,19.36501923027902,7225.15,2.943939393939394,192,3.43
22748,POPPY'S PLAYHOUSE KITCHEN,3498,626,13.710356245211392,7192.01,2.1130191693290734,410,4.74
21531,RED RETROSPOT SUGAR JAM BOWL,3026,477,12.864648833642997,7179.0,2.5169811320754714,267,4.1
22665,RECIPE BOX BLUE SKETCHBOOK DESIGN,2535,511,9.234549069230688,7172.81,2.9550097847358123,326,3.43
85049A,TRADITIONAL CHRISTMAS RIBBONS,5802,575,18.428565227959485,7171.83,1.269391304347826,387,7.86
22689,DOORMAT MERRY CHRISTMAS RED ,1004,212,14.363461995908716,7171.64,8.246132075471698,182,1.36
22890,NOVELTY BISCUITS CAKE STAND 3 TIER,767,231,4.920363353626913,7164.469999999999,9.904848484848484,148,1.04
21527,RETRO SPOT TRADITIONAL TEAPOT ,960,223,6.704598587923431,7149.0,7.8154708520179375,150,1.3
21411,GINGHAM HEART  DOORSTOP RED,1943,512,6.977384041064881,7146.39,4.09412109375,358,2.63
23240,SET OF 4 KNICK KNACK TINS DOILEY ,1802,175,24.417883564445766,7132.7,4.1248571428571426,142,2.44
21870,I CAN ONLY PLEASE ONE PERSON MUG,5925,543,15.79129080032295,7124.67,1.237753222836096,243,8.03
23238,SET OF 4 KNICK KNACK TINS LONDON ,1775,237,13.126055022761378,7116.65,4.133122362869199,150,2.41
21976,PACK OF 60 MUSHROOM CAKE CASES,14053,726,35.95124288155826,7073.63,0.5469834710743802,404,19.04
22809,SET OF 6 T-LIGHTS SANTA,2452,330,10.301960295309366,7053.76,3.035090909090909,259,3.32
22628,PICNIC BOXES SET OF 3 RETROSPOT ,1515,251,16.698823586209496,7051.25,4.927689243027889,172,2.05
21463,MIRRORED DISCO BALL ,1320,280,7.032730152279219,7051.150000000001,5.789642857142858,169,1.79
20685,DOORMAT RED SPOT,1035,187,8.969639371375692,7050.21,7.329893048128342,159,1.4
23007, SPACEBOY BABY GIFT SET,449,142,4.588974334860611,7048.55,16.513380281690143,110,0.61
72351A,SET/6 TURQUOISE BUTTERFLY T-LIGHTS,3646,356,20.21540513674012,7035.59,2.072865168539326,174,4.94
22219,LOVEBIRD HANGING DECORATION WHITE ,8375,747,18.793736514036258,7009.55,0.8538286479250334,384,11.35
84692,BOX OF 24 COCKTAIL PARASOLS,17299,738,40.453063018638204,6964.39,0.42360433604336045,348,23.44
22371,AIRLINE BAG VINTAGE TOKYO 78,1522,507,4.178572771928616,6962.48,4.801597633136095,285,2.06
21497,FANCY FONTS BIRTHDAY WRAP,17450,483,70.6647165181976,6957.0,0.4176811594202898,330,23.64
23215,JINGLE BELL HEART ANTIQUE SILVER,3544,200,55.323367349379346,6955.8,2.14015,162,4.8
22784,LANTERN CREAM GAZEBO ,1474,327,4.9251236747107985,6932.82,4.955810397553517,234,2.0
48173C,DOOR MAT BLACK FLOCK ,1220,170,27.207367811113023,6922.9,6.999588235294118,109,1.65
21114,LAVENDER SCENTED FABRIC HEART,5591,471,14.870154300139914,6920.43,1.2674309978768579,359,7.58
23320,GIANT 50'S CHRISTMAS CRACKER,2628,315,9.015374594096663,6907.52,2.658634920634921,260,3.56
85064,CREAM SWEETHEART LETTER RACK,1538,239,33.81615798771192,6897.62,5.396820083682009,172,2.08
22489,PACK OF 12 TRADITIONAL CRAYONS,17090,619,48.23579136396033,6889.77,0.4249434571890145,417,23.16
22283,6 EGG HOUSE PAINTED WOOD,923,297,9.48693130057689,6881.6900000000005,7.942390572390572,196,1.25
21984,PACK OF 12 PINK PAISLEY TISSUES ,25150,357,574.2643322462353,6880.0,0.3185434173669468,256,34.08
85220,SMALL FAIRY CAKE FRIDGE MAGNETS,12236,5,4055.870214886073,6875.0,1.3,4,16.58
22550,HOLIDAY FUN LUDO,1921,347,14.507950751406876,6869.0,3.7895389048991355,275,2.6
21981,PACK OF 12 WOODLAND TISSUES ,25859,397,547.208772816881,6855.19,0.3123425692695214,282,35.04
22745,POPPY'S PLAYHOUSE BEDROOM ,3330,563,14.387859875977899,6820.15,2.106820603907638,377,4.51
22991,GIRAFFE WOODEN RULER,3708,239,46.663721839373196,6816.84,2.0506694560669456,185,5.02
22356,CHARLOTTE BAG PINK POLKADOT,8455,609,23.67990773674762,6812.09,0.8589655172413794,269,11.46
21122,SET/10 PINK SPOTTY PARTY CANDLES,5636,368,31.85035833994856,6807.88,1.2458695652173915,262,7.64
23321,SMALL WHITE HEART OF WICKER,4262,596,9.262956802918168,6798.1,1.6436241610738254,378,5.78
84997A,GREEN 3 PIECE MINI DOTS CUTLERY SET,1886,228,14.00552759833878,6762.54,3.730964912280702,154,2.56
22243,5 HOOK HANGER RED MAGIC TOADSTOOL,4471,186,83.84260468150507,6757.95,1.6327956989247312,111,6.06
22563,HAPPY STENCIL CRAFT,5857,492,36.48810620496564,6756.4,1.2477235772357724,293,7.94
21115,ROSE CARAVAN DOORSTOP,1161,358,8.041533909918442,6753.91,6.418603351955308,266,1.57
23493,VINTAGE DOILY TRAVEL SEWING KIT,3516,358,17.205184439419646,6736.2,1.9483240223463687,282,4.76
22813,PACK 3 BOXES BIRD PANNETONE ,3613,281,21.266867763346124,6735.95,1.9781138790035588,216,4.9
23083,SET 6 PAPER TABLE LANTERN STARS ,1859,212,12.83502216488132,6735.88,3.761132075471698,161,2.52
85065,CREAM SWEETHEART TRAYS,582,232,3.9113458886546493,6734.5,12.508620689655173,162,0.79
22055,MINI CAKE STAND  HANGING STRAWBERY,4491,499,14.092779204358925,6731.23,1.5796192384769536,252,6.09
22592,CARDHOLDER HOLLY WREATH METAL,1814,253,27.648422821604857,6730.6,3.8062450592885377,207,2.46
22938,CUPCAKE LACE PAPER SET 6,3631,253,16.37696937140942,6722.63,1.9313438735177866,237,4.92
82580,BATHROOM METAL SIGN,12594,940,32.29581053000312,6683.86,0.5543829787234043,443,17.07
23297,SET 40 HEART SHAPE PETIT FOUR CASES,4260,142,65.49993232631445,6677.0,1.6359154929577464,123,5.77
22465,HANGING METAL STAR LANTERN,4325,399,12.716638720247795,6656.83,1.5987719298245613,270,5.86
22085,PAPER CHAIN KIT SKULLS ,2482,193,44.60108035394663,6651.9,2.923834196891192,141,3.36
20718,RED RETROSPOT SHOPPER BAG,5596,472,22.37682506949372,6647.31,1.2611016949152543,280,7.58
10002,INFLATABLE POLITICAL GLOBE ,8479,302,62.33414534236184,6638.2699999999995,0.8409602649006622,164,11.49
22626,BLACK KITCHEN SCALES,802,305,3.979029911127799,6619.43,8.484852459016393,200,1.09
22779,WOODEN OWLS LIGHT GARLAND ,1730,194,22.035379043660175,6610.1,4.198247422680413,112,2.34
22618,COOKING SET RETROSPOT,696,225,4.35328283351443,6609.839999999999,9.865644444444444,180,0.94
11001,ASSTD DESIGN RACING CAR PEN,4273,183,45.68667884133527,6608.8099999999995,1.7286338797814207,118,5.79
85014D,PINK/BROWN DOTS RUFFLED UMBRELLA,1912,86,97.81803928647065,6607.6,5.823837209302326,73,2.59
21216,"SET 3 RED SPOT TIN TEA,COFFEE,SUGAR",1426,241,11.443400617998613,6605.1,4.891908713692946,127,1.93
84997A,CHILDRENS CUTLERY POLKADOT GREEN ,1688,166,20.649936107969797,6599.06,4.1891566265060245,114,2.29
21903,MAN FLU METAL SIGN,3342,346,31.828879294991992,6574.38,2.154132947976879,230,4.53
22567,20 DOLLY PEGS RETROSPOT,5385,435,28.751774691492972,6568.75,1.2773563218390804,287,7.3
22839,3 TIER CAKE TIN GREEN AND CREAM,476,185,4.823664979119852,6558.5599999999995,14.906864864864865,138,0.64
22588,CARD HOLDER GINGHAM HEART,2541,404,9.366684578421902,6539.27,2.6802227722772276,318,3.44
20685,RED SPOTTY COIR DOORMAT,1097,164,15.909086080012328,6538.75,6.542987804878049,132,1.49
23008,DOLLY GIRL BABY GIFT SET,419,120,4.784421205800113,6534.05,16.416666666666668,99,0.57
16156S,WRAP PINK FAIRY CAKES ,16586,417,63.278171184392235,6527.12,0.41529976019184656,271,22.47
23254,CHILDRENS CUTLERY DOLLY GIRL ,1621,270,14.25980342313768,6525.55,4.142592592592592,197,2.2
22349,DOG BOWL CHASING BALL DESIGN,1688,202,53.21103842359897,6515.62,3.750049504950495,144,2.29
22907,PACK OF 20 NAPKINS PANTRY DESIGN,8141,698,21.250635270741427,6497.87,0.84810888252149,445,11.03
47599B,BLUE PARTY BAGS ,3441,265,28.868559207065104,6476.54,2.077698113207547,170,4.66
22358,KINGS CHOICE TEA CADDY ,2286,389,8.935057375943286,6468.58,2.940951156812339,295,3.1
21033,JUMBO BAG CHARLIE AND LOLA TOYS,3411,293,34.02614687677155,6463.67,2.5903412969283277,163,4.62
23293,SET OF 12 FAIRY CAKE BAKING CASES,8228,467,37.300949664457114,6457.0,0.8238758029978587,323,11.15
22029,SPACEBOY BIRTHDAY CARD,16198,811,29.485325984332743,6440.06,0.4181381011097411,405,21.95
22738,RIBBON REEL SNOWY VILLAGE,4012,353,18.86734931918676,6431.68,1.6727762039660057,274,5.44
21361,LOVE LARGE WOOD LETTERS ,519,252,2.841151177143349,6422.85,12.707142857142857,181,0.7
23134,LARGE ZINC HEART WALL ORGANISER,1064,37,72.02754311349906,6414.48,7.6710810810810806,29,1.44
21563,RED HEART SHAPE LOVE BUCKET ,2701,305,22.32590928034361,6408.87,2.8496721311475413,180,3.66
48129,DOOR MAT TOPIARY,1020,190,15.036500656438944,6407.06,7.069526315789473,114,1.38
84568,GIRLS ALPHABET IRON ON PATCHES ,33217,72,471.5668566320849,6399.57,0.205,49,45.01
37450,CERAMIC CAKE BOWL + HANGING CAKES,2337,320,7.667788111951226,6398.55,2.87625,138,3.17
22493,PAINT YOUR OWN CANVAS SET,4025,348,30.805398301438217,6382.53,1.6708045977011492,233,5.45
22661,CHARLOTTE BAG DOLLY GIRL DESIGN,8034,543,26.453897423926385,6365.84,0.8435359116022099,246,10.89
20717,STRAWBERRY SHOPPER BAG,5335,507,24.180664259187754,6353.53,1.2579487179487179,283,7.23
22221,CAKE STAND LOVEBIRD 2 TIER PINK,884,139,26.05596184643114,6339.0,9.549280575539568,108,1.2
22528,GARDENERS KNEELING PAD,5363,453,18.047947215110188,6329.83,1.2369977924944813,284,7.27
37448,CERAMIC CAKE DESIGN SPOTTED MUG,4394,449,10.541952159315809,6308.0199999999995,1.4787750556792874,198,5.95
47502,POLKADOT CUTLERY 24 PCS IN TRAY,617,58,27.24592245421551,6307.15,11.591379310344827,40,0.84
22783,SET 3 WICKER OVAL BASKETS W LIDS,481,44,33.152500152850884,6277.17,15.383181818181818,38,0.65
48116,DOOR MAT MULTICOLOUR STRIPE,1037,192,13.840172159384293,6270.6900000000005,7.0346875,114,1.41
22669,RED BABY BUNTING ,2165,337,6.8191607837020864,6266.75,2.9428783382789323,263,2.93
22332,SKULLS PARTY BAG + STICKER SET,4065,338,47.07462225446618,6264.05,1.641715976331361,233,5.51
22141,CHRISTMAS CRAFT TREE TOP ANGEL,3060,444,11.214994277234343,6249.28,2.135022522522523,313,4.15
22360,GLASS JAR ENGLISH CONFECTIONERY,2284,304,15.294679435597633,6248.8,2.950657894736842,208,3.09
23553,LANDMARK FRAME CAMDEN TOWN ,557,62,40.559000511290726,6244.85,12.375,50,0.75
22645,CERAMIC HEART FAIRY CAKE MONEY BANK,4563,554,10.39091474997446,6241.69,1.4297833935018052,338,6.18
22220,CAKE STAND LOVEBIRD 2 TIER WHITE,711,244,3.483761638828955,6230.049999999999,9.41967213114754,190,0.96
22798,ANTIQUE GLASS DRESSING TABLE POT,2172,258,11.048670307107246,6228.360000000001,2.967519379844961,173,2.94
21876,POTTERING MUG,5303,404,41.66934005296458,6222.47,1.314579207920792,239,7.19
22826,LOVE SEAT ANTIQUE WHITE METAL,58,41,0.9740536370266669,6210.0,114.02439024390245,33,0.08
23382,BOX OF 6 CHRISTMAS CAKE DECORATIONS,1712,164,25.203027163089963,6155.04,3.710731707317073,136,2.32
23229,VINTAGE DONKEY TAIL GAME ,1750,215,14.975964224568415,6146.89,3.786511627906977,182,2.37
22780,LIGHT GARLAND BUTTERFILES PINK,1617,179,23.481979569649717,6142.09,4.1960335195530725,110,2.19
22526,WHEELBARROW FOR CHILDREN ,518,188,7.025067674651125,6133.62,12.628882978723404,153,0.7
21124,SET/10 BLUE POLKADOT PARTY CANDLES,5080,296,34.286243533641745,6131.12,1.2474324324324324,227,6.88
85175,CACTI T-LIGHT CANDLES,15302,411,48.58728734070388,6128.12,0.4162530413625304,199,20.73
37500,TEA TIME TEAPOT IN GIFT BOX,823,217,8.621052022564518,6126.7699999999995,8.516866359447004,147,1.12
22577,WOODEN HEART CHRISTMAS SCANDINAVIAN,12969,754,22.35761380415785,6124.849999999999,0.5788594164456233,516,17.57
82486,3 DRAWER ANTIQUE WHITE WOOD CABINET,707,187,4.1723685900869185,6124.13,8.914064171122995,129,0.96
23480,MINI LIGHTS WOODLAND MUSHROOMS,1717,176,19.11207461538114,6118.59,3.726477272727273,143,2.33
20975,12 PENCILS SMALL TUBE RED RETROSPOT,9493,470,55.61075117082344,6111.65,0.6493617021276595,317,12.86
22432,WATERING CAN PINK BUNNY,3340,426,13.2891061568052,6110.9,1.9404694835680751,261,4.53
85068,CREAM SWEETHEART SHELF + HOOKS,922,175,19.874950609764,6097.56,7.726228571428571,130,1.25
23541,WALL ART CLASSIC PUDDINGS ,821,118,19.605247016057355,6093.49,8.114915254237287,95,1.11
22810,SET OF 6 T-LIGHTS SNOWMEN,2079,284,9.958543316160439,6088.13,3.043098591549296,213,2.82
23103,JINGLE BELL HEART DECORATION,3679,318,11.286626740438681,6055.95,1.6481132075471698,223,4.99
85047,WHITE BEADED GARLAND STRING 20LIGHT,994,205,6.358687200772221,6043.099999999999,6.299268292682926,137,1.35
47591D,PINK FAIRY CAKE CHILD'S APRON,3325,353,15.052365886269964,6032.3099999999995,1.924900849858357,232,4.51
22582,PACK OF 6 SWEETIE GIFT BOXES,2459,259,24.797844782628562,6025.36,2.5454054054054054,225,3.33
22945,CHRISTMAS METAL TAGS ASSORTED ,7369,285,36.96234769359878,6025.21,0.8664912280701754,244,9.99
22224,WHITE LOVEBIRD LANTERN,2105,307,7.766126761313765,6016.95,2.9200325732899026,234,2.85
22644,CERAMIC CHERRY CAKE MONEY BANK,4583,469,12.678856186626431,6016.429999999999,1.436460554371002,304,6.21
22174,PHOTO CUBE,3928,310,34.5298725654189,6011.24,1.6889354838709676,178,5.32
22431,WATERING CAN BLUE ELEPHANT,3179,501,9.682898478972698,6004.75,1.9602195608782433,269,4.31
21201,TROPICAL  HONEYCOMB PAPER GARLAND ,2629,189,24.1045452255192,5980.35,2.488095238095238,109,3.56
21586,KINGS CHOICE GIANT TUBE MATCHES,2567,242,22.288722806912066,5977.95,2.514669421487603,172,3.48
47559B,TEA TIME OVEN GLOVE,4970,619,11.035356283748047,5977.87,1.257043618739903,303,6.73
22504,CABIN BAG VINTAGE RETROSPOT,269,76,5.123646590658348,5976.95,25.80263157894737,55,0.36
23307,SET OF 60 PANTRY DESIGN CAKE CASES ,11661,516,48.35463571118903,5974.389999999999,0.5563178294573643,366,15.8
21989,PACK OF 20 SKULL PAPER NAPKINS,8073,475,55.33522679095313,5973.09,0.8409473684210526,264,10.94
21980,PACK OF 12 RED SPOTTY TISSUES ,22641,226,714.631589816885,5922.51,0.28902654867256633,186,30.68
21124,SET/10 BLUE SPOTTY PARTY CANDLES,4883,314,29.928438862700283,5921.35,1.2457643312101911,242,6.62
22430,ENAMEL WATERING CAN CREAM,1288,304,12.019366573703993,5916.4400000000005,4.923453947368421,230,1.75
21107,CREAM SLICE FLANNEL PINK SPOT ,2157,230,20.900689621554136,5873.55,2.901304347826087,167,2.92
22596,CHRISTMAS STAR WISH LIST CHALKBOARD,6080,409,19.51241459465429,5853.92,1.0312713936430318,309,8.24
22900,SET 2 TEA TOWELS I LOVE LONDON ,1947,181,23.99876198975959,5839.75,3.2240331491712704,111,2.64
22187,GREEN CHRISTMAS TREE CARD HOLDER,1982,292,8.355674989122253,5838.0199999999995,3.384109589041096,230,2.69
22491,PACK OF 12 COLOURED PENCILS,7322,365,44.956593044474474,5831.36,0.8496438356164384,264,9.92
20676,RED RETROSPOT BOWL,5020,377,19.66294696004841,5827.19,1.243501326259947,227,6.8
21746,SMALL RED RETROSPOT WINDMILL,4896,335,21.546171379555307,5819.32,1.2506268656716417,203,6.63
84884A,ANT WHITE WIRE HEART SPIRAL,1654,269,19.021006851872784,5817.66,3.937546468401487,195,2.24
22354,RETROSPOT PADDED SEAT CUSHION,1613,186,10.402441143764836,5807.77,3.751182795698925,125,2.19
23172,REGENCY TEA PLATE PINK,3688,224,17.37630393671108,5793.28,1.6405357142857142,160,5.0
85062,PEARL CRYSTAL PUMPKIN T-LIGHT HLDR,3648,282,17.957328925785728,5792.07,1.6487234042553192,172,4.94
22979,PANTRY WASHING UP BRUSH,3913,306,42.04678084831725,5785.71,1.4965686274509804,225,5.3
22435,SET OF 9 HEART SHAPED BALLOONS,4716,454,13.582530895604265,5783.04,1.2524008810572689,303,6.39
85178,VICTORIAN SEWING KIT,5294,260,46.83438393808037,5777.54,1.248576923076923,177,7.17
20973,12 PENCIL SMALL TUBE WOODLAND,9091,535,51.76234894172863,5776.55,0.6578504672897196,309,12.32
23247,BISCUIT TIN 50'S CHRISTMAS,2048,271,16.639406981579818,5760.5199999999995,2.9715498154981552,231,2.78
20754,RETRO RED SPOTTY WASHING UP GLOVES,3011,339,19.34254288337579,5747.46,2.077020648967552,212,4.08
22142,CHRISTMAS CRAFT WHITE FAIRY ,4090,441,15.661461128102932,5741.94,1.4831065759637188,336,5.54
84032B,CHARLIE + LOLA RED HOT WATER BOTTLE,2788,408,16.966122239607493,5741.6,2.7595343137254904,288,3.78
22377,BOTTLE BAG RETROSPOT ,3212,289,34.067907666257284,5741.29,2.033702422145329,200,4.35
72802C,VANILLA SCENT CANDLE JEWELLED BOX,2140,236,33.25522932829671,5725.34,4.157457627118644,143,2.9
21498,RED RETROSPOT WRAP ,14022,438,36.237454794672395,5724.24,0.41776255707762555,300,19.0
22185,SLATE TILE NATURAL HANGING,3738,379,10.724405415784425,5723.6,1.6200263852242744,298,5.07
23485,BOTANICAL GARDENS WALL CLOCK ,259,80,13.279129670657134,5719.0,24.16,70,0.35
22414,DOORMAT NEIGHBOURHOOD WITCH ,1043,127,38.270887008285435,5709.31,7.789291338582677,74,1.41
22498,WOODEN REGATTA BUNTING,991,296,8.8519190266012,5704.45,5.943243243243243,211,1.34
22130,PARTY CONE CHRISTMAS DECORATION ,6896,366,21.98136251296747,5704.04,0.8468032786885246,298,9.34
23113,PANTRY CHOPPING BOARD,1138,43,117.42056054996125,5695.860000000001,4.92,39,1.54
79323W,WHITE CHERRY LIGHTS,962,98,15.980882224576456,5687.5,6.431632653061224,84,1.3
23296,SET OF 6 TEA TIME BAKING CASES,4877,323,34.12194198167073,5684.650000000001,1.2395975232198142,243,6.61
21918,SET 12 KIDS COLOUR  CHALK STICKS,14126,592,65.41434566749423,5681.2,0.4226351351351351,369,19.14
22849,BREAD BIN DINER STYLE MINT,369,147,2.9916947754238383,5676.3099999999995,16.28795918367347,98,0.5
20751,FUNKY WASHING UP GLOVES ASSORTED,2736,429,8.192603396263605,5652.12,2.096177156177156,264,3.71
22781,GUMBALL MAGAZINE RACK,768,226,3.9710951705405724,5633.54,7.659424778761061,160,1.04
23204,CHARLOTTE BAG APPLES DESIGN,7039,427,29.71099648838817,5632.15,0.8429976580796252,199,9.54
21625,VINTAGE UNION JACK APRON,838,247,8.93492892010232,5630.64,6.962874493927126,186,1.14
85174,S/4 CACTI CANDLES,1282,237,7.960522185532303,5606.82,4.920632911392405,126,1.74
22045,SPACEBOY GIFT WRAP,13642,442,34.24944692946436,5603.64,0.4188235294117647,279,18.49
22971,QUEENS GUARD COFFEE MUG,2365,235,18.6116453932587,5603.57,2.5219574468085106,164,3.2
22311,OFFICE MUG WARMER BLACK+SILVER ,1937,192,26.417855970772788,5576.95,3.386041666666667,120,2.62
23311,VINTAGE CHRISTMAS STOCKING ,2199,284,6.217562017375011,5564.25,2.545246478873239,246,2.98
22364,GLASS JAR DIGESTIVE BISCUITS,1893,226,47.06992580658653,5556.55,2.955044247787611,164,2.57
21988,PACK OF 6 SKULL PAPER PLATES,7649,358,64.85918952372543,5544.05,0.8382681564245809,209,10.36
22855,FINE WICKER HEART ,4612,350,12.576302036058513,5541.56,1.2380571428571427,271,6.25
22063,CERAMIC BOWL WITH STRAWBERRY DESIGN,2161,267,17.03144583640239,5532.55,2.8487265917602995,142,2.93
23312,VINTAGE CHRISTMAS GIFT SACK,1364,197,12.69779385225596,5523.0,4.139847715736041,168,1.85
22841,ROUND CAKE TIN VINTAGE GREEN,724,282,3.695346625667107,5501.08,7.9456028368794325,215,0.98
22348,TEA BAG PLATE RED SPOTTY ,6866,342,46.08649344419531,5496.02,0.8450584795321637,214,9.3
21561,DINOSAUR LUNCH BOX WITH CUTLERY,2320,345,12.035659296792167,5493.93,2.5487826086956518,208,3.14
84997A,GREEN 3 PIECE POLKADOT CUTLERY SET,1519,154,25.778612045221035,5473.05,3.7723376623376628,107,2.06
22331,WOODLAND PARTY BAG + STICKER SET,3460,349,16.196123880284222,5456.36,1.6479369627507163,225,4.69
22065,CHRISTMAS PUDDING TRINKET POT ,8257,347,75.36497846266316,5453.99,1.0287896253602307,249,11.19
20979,36 PENCILS TUBE RED RETROSPOT,4516,316,20.632322860854003,5450.4400000000005,1.2451898734177216,214,6.12
16161P,WRAP ENGLISH ROSE ,13198,440,29.972652338016506,5435.4,0.41895454545454547,289,17.88
22148,EASTER CRAFT 4 CHICKS ,2994,249,20.847357632293285,5430.3,1.9234939759036145,209,4.06
21110,LARGE CAKE TOWEL PINK SPOTS,1251,233,9.975456413101945,5426.45,6.289055793991416,173,1.7
21703,BAG 125g SWIRLY MARBLES,14289,466,82.24443119560516,5416.09,0.4216523605150214,293,19.36
23118,PARISIENNE JEWELLERY DRAWER ,765,225,7.207387083501801,5399.02,7.4600888888888885,154,1.04
21749,LARGE RED SPOT WINDMILL,2894,34,226.46048082637748,5390.4,2.048529411764706,30,3.92
23135,SMALL ZINC HEART WALL ORGANISER,1538,42,89.42825231025131,5378.8,5.191190476190476,31,2.08
23169,CLASSIC GLASS COOKIE JAR,1332,249,5.77068593564902,5350.2,4.114658634538153,191,1.8
22848,BREAD BIN DINER STYLE PINK,350,130,3.3523014282477406,5339.95,16.194076923076924,74,0.47
21768,WALL MOUNTED VINTAGE ORGANISER,447,124,18.174322343809706,5339.79,14.721129032258064,95,0.61
21207,SKULL AND CROSSBONES  GARLAND ,3480,213,47.57802241422251,5337.2,1.6312206572769952,167,4.72
37495,FAIRY CAKE BIRTHDAY CANDLE SET,1500,289,6.622387554090335,5337.0,3.722318339100346,206,2.03
22578,WOODEN STAR CHRISTMAS SCANDINAVIAN,12180,696,27.004982220845864,5333.28,0.5445114942528735,482,16.5
22168,ORGANISER WOOD ANTIQUE WHITE ,642,302,4.360506288629482,5323.8,8.479801324503311,249,0.87
22575,METAL MERRY CHRISTMAS WREATH,2807,311,15.141248319890149,5321.849999999999,1.9442122186495177,207,3.8
23531,WALL ART BIG LOVE ,960,98,26.39273532648494,5319.360000000001,6.744897959183674,77,1.3
21242,RED RETROSPOT PLATE ,3340,273,20.464010404297397,5310.5199999999995,1.6768131868131868,179,4.53
21432,SET OF 3 CASES WOODLAND DESIGN,927,229,6.134626919167188,5298.650000000001,5.895414847161572,152,1.26
22072,RED RETROSPOT TEA CUP AND SAUCER ,1561,311,5.052589321606902,5295.57,3.6098070739549843,167,2.12
22746,POPPY'S PLAYHOUSE LIVINGROOM ,2589,466,15.31216744075812,5292.0199999999995,2.1136695278969957,319,3.51
22964,3 PIECE SPACEBOY COOKIE CUTTER SET,2635,324,20.89523426265565,5288.74,2.13141975308642,228,3.57
22060,LARGE CAKE STAND HANGING HEARTS,714,146,10.427498981172898,5285.22,8.687260273972603,112,0.97
21667,GLASS CAKE COVER AND PLATE,329,141,1.9916492328386213,5272.55,16.595390070921983,119,0.45
22341,LOVE GARLAND PAINTED ZINC ,3332,141,82.28360462861859,5252.6,1.689432624113475,128,4.51
23583,LUNCH BAG PAISLEY PARK  ,3305,305,22.709101705238005,5251.25,1.6447540983606557,233,4.48
72756,FAIRY CAKE CANDLES,3841,125,98.13448441938267,5230.61,1.4707999999999999,112,5.2
22441,GROW YOUR OWN BASIL IN ENAMEL MUG,2515,394,7.317782976326337,5215.5,2.0968274111675127,295,3.41
22437,SET OF 9 BLACK SKULL BALLOONS,6332,365,45.41344898582574,5197.6,0.8482191780821917,258,8.58
23192,BUNDLE OF 3 ALPHABET EXERCISE BOOKS,3269,318,17.232689498909668,5197.17,1.6541509433962263,224,4.43
22854,CREAM SWEETHEART EGG HOLDER,1093,218,8.220733234364328,5177.95,4.917889908256881,169,1.48
22282,12 EGG HOUSE PAINTED WOOD,475,143,13.348841485102216,5176.67,12.688881118881119,92,0.64
21491,SET OF THREE VINTAGE GIFT WRAPS,2827,224,18.517322581468488,5167.05,1.925892857142857,184,3.83
22460,EMBOSSED GLASS TEALIGHT HOLDER,4259,290,19.59578063718246,5162.34,1.2678275862068966,206,5.77
21934,SKULL SHOULDER BAG,3258,346,15.397164181226929,5155.7,1.6303468208092486,164,4.41
22899,CHILDREN'S APRON DOLLY GIRL ,2566,342,13.075406956768592,5150.78,2.117251461988304,236,3.48
20676,RED SPOTTY BOWL,4383,346,18.967308065106632,5145.87,1.2373699421965318,212,5.94
79067,CORONA MEXICAN TRAY,1454,277,8.271614696644178,5143.7,3.724007220216606,160,1.97
23133,LARGE IVORY HEART WALL ORGANISER,759,134,16.07311491296178,5142.91,7.992164179104478,94,1.03
22564,ALPHABET STENCIL CRAFT,4526,313,51.16432021258971,5137.01,1.251884984025559,208,6.13
22660,DOORMAT I LOVE LONDON,831,148,20.25803733959345,5136.67,7.5822972972972975,96,1.13
22670,FRENCH WC SIGN BLUE METAL,4283,322,55.08638866835052,5136.36,1.258913043478261,218,5.8
84832,ZINC WILLIE WINKIE  CANDLE STICK,6166,453,15.996931419588973,5127.219999999999,0.8577483443708609,281,8.36
21587,COSY HOUR GIANT TUBE MATCHES,2053,266,7.989108950588436,5127.150000000001,2.5415413533834585,207,2.78
22333,RETRO SPORT PARTY BAG + STICKER SET,3339,219,50.43256397269648,5122.15,1.639041095890411,159,4.52
23158,SET OF 5 LUCKY CAT MAGNETS ,2536,187,21.532925873431406,5117.32,2.167593582887701,96,3.44
21498,RED SPOTS  WRAP ,12650,361,43.39042318592452,5105.0,0.41711911357340714,263,17.14
21078,SET/20 STRAWBERRY PAPER NAPKINS ,6539,546,20.158941398420122,5097.7699999999995,0.844029304029304,342,8.86
84520B,PACK 20 ENGLISH ROSE PAPER NAPKINS,6598,538,30.2795947063253,5096.74,0.8418029739776951,327,8.94
21900,"KEY FOB , SHED",8033,668,34.58970406398829,5094.29,0.6635928143712575,361,10.88
22763,KEY CABINET MA CAMPAGNE,645,119,37.24506469371896,5089.59,9.886806722689075,95,0.87
85232B,SET OF 3 BABUSHKA STACKING TINS,1050,141,28.79072904647181,5085.5,4.930141843971631,94,1.42
21154,RED RETROSPOT OVEN GLOVE ,4344,352,32.81542489214654,5083.88,1.2824147727272728,221,5.89
21452,TOADSTOOL MONEY BOX,1763,338,7.5498803668888845,5083.25,2.9428994082840236,228,2.39
22483,RED GINGHAM TEDDY BEAR ,1812,302,11.514543742935436,5080.68,2.9489403973509933,223,2.46
79029,GLASS HONEYPOT WASP CATCHER,2849,298,24.725388249322272,5073.15,1.9288590604026845,201,3.86
84971S,SMALL HEART FLOWERS HOOK ,6206,332,28.91129587472513,5053.259999999999,0.8506927710843374,180,8.41
22117,METAL SIGN HER DINNER IS SERVED ,1724,196,43.36806320706245,5051.6,2.881377551020408,142,2.34
23157,SET OF 6 NATIVITY MAGNETS ,2530,151,34.542527776142315,5031.55,2.150794701986755,111,3.43
23177,TREASURE ISLAND BOOK BOX,2428,217,44.14670688696935,5029.8,2.241705069124424,174,3.29
22165,"DIAMANTE HEART SHAPED WALL MIRROR, ",783,128,17.83062087663962,5020.41,11.117265625,82,1.06
21242,RED SPOTTY PLATE ,3135,247,21.99211013221656,5015.91,1.67834008097166,160,4.25
46000S,POLYESTER FILLER PAD 40x40cm,3451,369,10.890786959778234,5003.95,1.45,240,4.68
22595,CHRISTMAS GINGHAM HEART,6125,312,28.243350649004014,5000.33,0.8458333333333332,262,8.3
20975,12 PENCILS SMALL TUBE RED SPOTTY,7997,320,62.38401078895127,4998.05,0.6487499999999999,220,10.84
35832,WOOLLY HAT SOCK GLOVE ADVENT STRING,1687,164,9.036914916802463,4995.849999999999,3.002439024390244,132,2.29
21872,GLAMOROUS  MUG,5032,287,65.29779645721653,4993.0,1.2818118466898956,169,6.82
23132,SMALL IVORY HEART WALL ORGANISER,1008,141,19.328711497301022,4989.08,5.735531914893618,115,1.37
22951,60 CAKE CASES DOLLY GIRL DESIGN,9707,501,40.35491179754484,4983.61,0.5584231536926149,328,13.15
22845,VINTAGE CREAM CAT FOOD CONTAINER,831,289,5.214668004684218,4976.139999999999,6.363875432525951,185,1.13
22687,DOORMAT CHRISTMAS VILLAGE,837,113,42.14804629604979,4966.929999999999,8.035929203539823,97,1.13
40016,CHINESE DRAGON PAPER LANTERNS,15301,197,149.0197143734217,4961.12,0.44355329949238576,133,20.73
21730,GLASS STAR FROSTED T-LIGHT HOLDER,1047,262,3.965848550427464,4952.09,4.919198473282443,155,1.42
22030,SWALLOWS GREETING CARD,12340,609,49.2248126195146,4948.05,0.4184072249589491,353,16.72
22443,GROW YOUR OWN HERBS SET OF 3,648,239,4.015243798864413,4945.4400000000005,7.914058577405858,193,0.88
21749,LARGE RED RETROSPOT WINDMILL,2560,181,38.10557448234882,4941.0,2.076519337016575,133,3.47
35004B,SET OF 3 BLACK FLYING DUCKS,1228,121,11.477994276748877,4937.8,4.660743801652893,64,1.66
21528,DAIRY MAID TRADITIONAL TEAPOT ,831,215,14.685342742284861,4937.650000000001,6.866511627906976,145,1.13
85038,6 CHOCOLATE LOVE HEART T-LIGHTS,2502,294,16.967492447565977,4935.76,2.1045578231292517,191,3.39
22898,CHILDRENS APRON APPLES DESIGN,2626,351,10.731479678248295,4934.6,1.9465811965811965,249,3.56
22737,RIBBON REEL CHRISTMAS PRESENT ,2998,386,11.4143923212077,4925.54,1.6909326424870466,300,4.06
23154,SET OF 4 JAM JAR MAGNETS,2441,219,19.57686851205101,4922.01,2.0809589041095893,141,3.31
23556,LANDMARK FRAME COVENT GARDEN ,435,52,41.383443144763056,4912.05,12.38076923076923,46,0.59
21069,VINTAGE BILLBOARD TEA MUG,4901,181,103.9888593693006,4909.4,1.232707182320442,110,6.64
22335,HEART DECORATION PAINTED ZINC ,8034,350,50.58373490159015,4895.1,0.6508571428571429,242,10.89
23310,BUBBLEGUM RING ASSORTED,11891,214,63.64081219667411,4894.83,0.4292523364485981,146,16.11
22739,RIBBON REEL CHRISTMAS SOCK BAUBLE,2944,386,11.113146513733374,4893.84,1.6994300518134715,296,3.99
22632,HAND WARMER RED POLKA DOT,2592,46,293.8937992156203,4876.2,1.9858695652173914,28,3.51
22957,SET 3 PAPER VINTAGE CHICK PAPER EGG,1746,198,19.579520864581227,4872.3,2.92979797979798,179,2.37
22894,TABLECLOTH RED APPLES DESIGN ,541,175,5.349045001700161,4861.95,9.242285714285714,125,0.73
21155,RED SPOTTY PEG BAG,2561,294,22.689808056899366,4858.62,2.0435714285714286,179,3.47
23543,WALL ART KEEP CALM ,958,76,79.99001253446056,4853.5,7.835921052631579,64,1.3
22378,WALL TIDY RETROSPOT ,3046,289,22.96039709323359,4850.66,1.9972664359861594,167,4.13
22196,SMALL HEART MEASURING SPOONS,5773,586,16.315379123016825,4850.5,0.8579863481228669,303,7.82
85132C,CHARLIE AND LOLA FIGURES TINS,1919,192,11.49982808696149,4843.53,3.81453125,144,2.6
22186,RED STAR CARD HOLDER,1904,285,8.444504809498172,4840.84,2.6754736842105262,234,2.58
22842,BISCUIT TIN VINTAGE RED,761,213,5.6326717351603275,4837.55,6.659859154929578,177,1.03
22534,MAGIC DRAWING SLATE SPACEBOY ,11981,477,44.509828618498986,4833.3,0.41773584905660377,349,16.23
21832,CHOCOLATE CALCULATOR,2995,286,21.438878949463316,4833.2300000000005,1.6823076923076923,204,4.06
84937,KASHMIR FOLKART TUMBLERS,2486,83,75.57033609766206,4827.82,2.0901204819277113,50,3.37
22595,GINGHAM HEART DECORATION,5951,338,93.93985489306857,4817.33,0.86,251,8.06
22156,HEART DECORATION WITH PEARLS ,5717,427,16.40790674811455,4816.42,0.8554800936768149,259,7.75
23109,PACK OF SIX LED TEA LIGHTS,1715,177,15.247188564341611,4808.55,2.913728813559322,132,2.32
23126,FELTCRAFT GIRL AMELIE KIT,982,257,4.2342384834843045,4799.38,5.022217898832685,187,1.33
23263,SET OF 3 WOODEN HEART DECORATIONS,3717,418,9.866027691214871,4791.58,1.3180143540669855,269,5.04
23162,REGENCY TEA STRAINER,1362,142,13.541716438748884,4789.24,3.7471830985915493,96,1.85
21700,BIG DOUGHNUT FRIDGE MAGNETS,5727,328,22.510716765236545,4786.83,0.8460365853658537,186,7.76
22610,PENS ASSORTED FUNNY FACE,12170,224,90.9656110444875,4764.9800000000005,0.3729017857142857,157,16.49
84032A,CHARLIE+LOLA PINK HOT WATER BOTTLE,2280,350,15.311421338786138,4745.26,2.785457142857143,227,3.09
23554,LANDMARK FRAME OXFORD STREET,419,54,40.57973059656762,4730.650000000001,12.385185185185184,49,0.57
23555,LANDMARK FRAME NOTTING HILL ,419,49,42.632177413550075,4730.65,12.405102040816328,45,0.57
22433,WATERING CAN GREEN DINOSAUR,2622,350,13.66373426470552,4728.62,1.9389714285714286,207,3.55
22180,RETRO SPOT LAMP,490,177,2.666610489906484,4718.9,9.876271186440677,127,0.66
22243,"HOOK, 5 HANGER ,MAGIC TOADSTOOL RED",3081,142,49.909135796769924,4718.849999999999,1.634507042253521,98,4.17
22906,12 MESSAGE CARDS WITH ENVELOPES,2960,365,12.679439144869576,4716.0,1.642876712328767,274,4.01
84508A,CAMOUFLAGE DESIGN TEDDY,2221,62,69.93803444538281,4714.95,2.4483870967741934,28,3.01
85061W,WHITE JEWELLED HEART DECORATION,5858,344,40.85270809749224,4714.5199999999995,0.8508720930232557,201,7.94
21588,RETROSPOT GIANT TUBE MATCHES,2056,185,31.834030893278634,4713.6,2.523243243243243,127,2.79
22956,36 FOIL HEART CAKE CASES,2438,233,23.382311682765952,4699.37,2.059442060085837,189,3.3
82599,FANNY'S REST STOPMETAL SIGN,2312,359,7.869476851058051,4695.3,2.0840111420612817,185,3.13
23052,RECYCLED ACAPULCO MAT TURQUOISE,571,221,2.148679676480063,4694.75,8.246380090497738,147,0.77
21056,DOCTOR'S BAG SOFT TOY,525,179,5.959222637415247,4681.63,9.227988826815642,119,0.71
37446,MINI CAKE STAND WITH HANGING CAKES,3496,316,17.019944805947766,4677.4,1.4208860759493671,168,4.74
22244,3 HOOK HANGER MAGIC GARDEN,2623,141,38.46851763504135,4672.05,1.9202127659574468,89,3.55
23295,SET OF 12 MINI LOAF BAKING CASES,5957,365,35.87124012117228,4670.63,0.8245753424657534,250,8.07
20682,RED RETROSPOT CHILDRENS UMBRELLA,1462,267,7.286456630399327,4670.16,3.2912734082397,190,1.98
22412,METAL SIGN NEIGHBOURHOOD WITCH ,2286,312,12.538128837528962,4661.099999999999,2.0911858974358974,166,3.1
22399,MAGNETS PACK OF 4 CHILDHOOD MEMORY,3996,256,30.18667005516852,4659.84,1.238125,180,5.41
20978,36 PENCILS TUBE SKULLS,3789,404,12.925349410993135,4654.17,1.2471782178217823,253,5.13
22434,BALLOON PUMP WITH 10 BALLOONS,2521,268,20.138720034014536,4654.13,1.9469402985074626,203,3.42
22442,GROW YOUR OWN FLOWERS SET OF 3,858,165,24.42789289356559,4653.66,7.1531515151515155,140,1.16
21577,SAVE THE PLANET COTTON TOTE BAG,2210,332,15.200856175370863,4648.5,2.2349397590361444,241,2.99
22998,TRAVEL CARD WALLET KEEP CALM,11645,440,67.63565611916935,4641.32,0.42781818181818176,217,15.78
22509,SEWING BOX RETROSPOT DESIGN ,372,173,2.365071026945059,4640.4,14.400867052023122,142,0.5
22115,METAL SIGN EMPIRE TEA,2709,353,19.435465430697942,4639.53,2.1777903682719546,244,3.67
23314,VINTAGE CHRISTMAS TABLECLOTH,391,105,9.71962253747862,4638.52,12.439714285714286,87,0.53
22175,PINK OWL SOFT TOY,1654,297,11.527703853671646,4622.68,2.9367340067340066,160,2.24
84270,ASSTD DESIGN BUBBLE GUM RING,22410,385,109.08957253081851,4622.099999999999,0.20935064935064934,249,30.37
22688,DOORMAT PEACE ON EARTH BLUE,856,85,64.82922405301892,4621.360000000001,7.836705882352941,77,1.16
21896,POTTING SHED TWINE,2297,229,36.80739258950195,4618.08,2.0918340611353714,187,3.11
23165,LARGE CERAMIC TOP STORAGE JAR,2950,222,19.242622086116356,4617.9,1.6319819819819819,167,4.0
22472,TV DINNER TRAY DOLLY GIRL,1043,202,15.249762890398939,4614.57,4.844108910891089,130,1.41
21407,BROWN CHECK CAT DOORSTOP ,1128,331,4.44697363112,4606.25,4.216012084592145,231,1.53
23558,LANDMARK FRAME LONDON BRIDGE ,410,47,43.56389716250373,4604.2,12.401063829787235,43,0.56
22691,DOORMAT WELCOME SUNRISE,718,182,12.763780452257418,4602.26,7.752857142857143,124,0.97
22562,MONSTERS STENCIL CRAFT,3938,365,36.06011297409301,4600.54,1.2526575342465753,251,5.34
21544,SKULLS  WATER TRANSFER TATTOOS ,5750,371,36.67168984402831,4599.5,0.8446091644204851,229,7.79
22128,PARTY CONES CANDY ASSORTED,3867,188,34.11259283089088,4588.65,1.240904255319149,143,5.24
85049G,CHOCOLATE BOX RIBBONS ,3761,473,15.213305506073066,4570.5,1.2607822410147993,288,5.1
21116,OWL DOORSTOP,954,247,6.188541679764435,4569.54,4.94085020242915,164,1.29
23234,BISCUIT TIN VINTAGE CHRISTMAS,1632,233,14.956113342986276,4567.38,2.926051502145923,201,2.21
22073,RED RETROSPOT STORAGE JAR,1254,250,5.1249198250169155,4566.42,3.7211999999999996,173,1.7
23159,SET OF 5 PANCAKE DAY MAGNETS,2255,196,19.10524091043985,4562.7300000000005,2.0822448979591837,121,3.06
22242,"HOOK, 5 HANGER , MAGIC TOADSTOOL",2902,211,20.720956131888183,4560.3,1.635781990521327,141,3.93
22305,COFFEE MUG PINK PAISLEY DESIGN,2230,126,49.31924895474706,4559.8,2.5366666666666666,87,3.02
21955,DOOR MAT UNION JACK GUNS AND ROSES,725,165,15.659368336673788,4547.29,7.285818181818183,114,0.98
22350,ILLUSTRATED CAT BOWL ,1730,156,70.95181207032603,4540.86,2.5526923076923076,107,2.34
23286,BLUE VINTAGE SPOT BEAKER,4901,164,156.36352168189273,4528.29,0.8464634146341463,125,6.64
22222,CAKE PLATE LOVEBIRD WHITE,1219,297,6.237897555376001,4512.45,4.6180134680134675,203,1.65
21363,HOME SMALL WOOD LETTERS,911,337,2.52153015329479,4509.45,4.95,224,1.23
23569,TRADTIONAL ALPHABET STAMP SET,926,178,8.749081986103933,4497.3,4.9455056179775285,152,1.25
22119,PEACE WOODEN BLOCK LETTERS,749,290,2.9742341011169966,4492.31,6.65744827586207,214,1.01
21156,RED SPOTTY CHILDS APRON,2434,273,14.859768804989162,4482.6,1.9307692307692308,208,3.3
47568,ENGLISH ROSE DESIGN PEG BAG,2262,321,12.385260779629927,4478.78,2.08595015576324,179,3.07
21713,CITRONELLA CANDLE FLOWERPOT,2565,330,13.356686626770825,4472.25,2.050757575757576,232,3.48
22772,PINK DRAWER KNOB ACRYLIC EDWARDIAN,3776,214,29.342962249035622,4466.91,1.2488317757009346,105,5.12
22604,SET OF 4 NAPKIN CHARMS CUTLERY,1906,222,22.765166877462267,4466.71,2.5365315315315318,159,2.58
20682,RED SPOTTY CHILDS UMBRELLA,1430,214,9.90480334068646,4464.5,3.2336448598130842,153,1.94
22583,PACK OF 6 HANDBAG GIFT BOXES,1764,296,10.224515821036324,4455.6,2.547466216216216,250,2.39
85063,CREAM SWEETHEART MAGAZINE RACK,275,150,1.602919595745543,4455.25,16.723333333333333,104,0.37
22304,COFFEE MUG BLUE PAISLEY DESIGN,2330,142,49.479583142315064,4455.11,2.507957746478873,98,3.16
21614,SET OF 12 ROSE BOTANICAL T-LIGHTS,1607,181,21.53360757911673,4452.65,2.927900552486188,123,2.18
22199,FRYING PAN RED POLKADOT ,1153,143,31.113879150950545,4447.21,4.212517482517482,90,1.56
85184D,S/4 BLUE ROUND DECOUPAGE BOXES,8294,52,763.1472630482529,4445.139999999999,2.829615384615385,48,11.24
23010,CIRCUS PARADE BABY GIFT SET,285,89,4.9935862847914025,4444.75,16.47808988764045,73,0.39
21718,RED METAL BEACH SPADE ,3691,311,27.286862894624182,4412.57,1.2533118971061092,223,5.0
22218,CAKE STAND LACE WHITE,1113,183,10.39012910997722,4406.75,4.192622950819672,143,1.51
22027,TEA PARTY BIRTHDAY CARD,10808,637,21.72093980313241,4395.65,0.42012558869701727,335,14.64
84467,ENGLISH ROSE DESIGN QUILTED THROW,306,45,8.04419610085998,4391.1,21.212222222222223,40,0.41
22203,MILK PAN RED RETROSPOT,1227,271,16.415839509384462,4386.64,3.677158671586716,166,1.66
23285,PINK VINTAGE SPOT BEAKER,4679,132,181.46516980771432,4384.83,0.8465909090909091,108,6.34
22672,FRENCH BATHROOM SIGN BLUE METAL,2723,304,15.664220447910905,4382.67,1.6521052631578945,227,3.69
15044B,BLUE PAPER PARASOL ,1624,148,43.01414827292901,4376.4,2.9202702702702705,97,2.2
23176,ABC TREASURE BOOK BOX ,2088,187,34.17506015148892,4373.26,2.2636898395721925,159,2.83
22276,WASH BAG VINTAGE ROSE PAISLEY,1780,304,8.51122954180873,4372.5,2.5174342105263157,213,2.41
20977,36 PENCILS TUBE WOODLAND,3508,361,9.99488481054763,4357.64,1.2489473684210526,242,4.75
22241,GARLAND WOODEN HAPPY EASTER,3703,330,25.34568610232165,4354.3099999999995,1.2466060606060605,234,5.02
23198,PANTRY MAGNETIC  SHOPPING LIST,3063,382,10.70517226373265,4341.19,1.4806544502617802,259,4.15
21313,GLASS HEART T-LIGHT HOLDER ,5823,260,28.802227777002322,4338.75,0.8301538461538461,173,7.89
82581,TOILET METAL SIGN,8125,736,24.97851750030145,4337.97,0.551616847826087,371,11.01
22571,ROCKING HORSE RED CHRISTMAS ,5293,389,19.01470013413307,4336.8099999999995,0.8459897172236504,294,7.17
21471,STRAWBERRY RAFFIA FOOD COVER,1225,229,9.370084068259871,4324.95,3.729039301310044,165,1.66
21071,VINTAGE BILLBOARD DRINK ME MUG,3981,319,46.19427179886981,4299.7,1.215830721003135,163,5.39
21042,RED SPOTTY APRON ,764,177,7.768044420849676,4292.3,5.913276836158192,120,1.04
21243,PINK  SPOTTY PLATE ,2703,205,23.90267809443292,4291.59,1.6771219512195121,128,3.66
23275,SET OF 3 HANGING OWLS OLLIE BEAK,3613,278,28.442671227941762,4291.17,1.2882374100719425,171,4.9
22318,FIVE HEART HANGING DECORATION,1461,290,4.2051964716847055,4281.15,2.94448275862069,204,1.98
21578,WOODLAND DESIGN  COTTON TOTE BAG,1908,280,7.9366539669105025,4275.0,2.242857142857143,184,2.59
22374,AIRLINE BAG VINTAGE JET SET RED,894,343,2.5454154920048113,4273.34,4.924752186588921,226,1.21
21878,PACK OF 6 SANDCASTLE FLAGS ASSORTED,5383,295,48.01809946434171,4273.17,0.8482372881355932,225,7.29
23288,GREEN VINTAGE SPOT BEAKER,4505,135,179.37702063933358,4261.889999999999,0.8485925925925926,107,6.1
15044D,RED PAPER PARASOL,1544,190,14.414676607495952,4252.84,2.9333684210526316,105,2.09
22908,PACK OF 20 NAPKINS RED APPLES,5430,418,25.21513960940042,4246.44,0.8457894736842104,266,7.36
21967,PACK OF 12 SKULL TISSUES,15449,376,290.00413837839574,4246.29,0.30553191489361703,250,20.93
22593,CHRISTMAS GINGHAM STAR,5067,313,19.04918386049121,4246.11,0.875335463258786,247,6.87
23503,PLAYING CARDS KEEP CALM & CARRY ON,3432,334,10.731315724788331,4242.96,1.24811377245509,284,4.65
22361,GLASS JAR DAISY FRESH COTTON WOOL,1535,265,14.063382619528596,4242.65,2.9243396226415097,189,2.08
21564,PINK  HEART SHAPE LOVE BUCKET ,1897,255,21.509273576207335,4237.47,2.8632549019607842,134,2.57
22110,BIRD HOUSE HOT WATER BOTTLE,1866,334,13.13992403750858,4233.11,2.6974850299401196,217,2.53
22611,VINTAGE UNION JACK SHOPPING BAG,896,190,5.869233128917418,4227.6,4.908157894736842,135,1.21
21249,WOODLAND  HEIGHT CHART STICKERS ,1553,188,13.17675573003487,4215.349999999999,2.9090957446808514,155,2.1
20747,PICCADILLY TEA SET,309,70,8.318815511320537,4212.55,14.729999999999999,48,0.42
21916,SET 12 RETRO WHITE CHALK STICKS,10417,549,42.37527087929376,4211.9800000000005,0.42477231329690346,304,14.12
23530,WALL ART ONLY ONE PERSON ,1031,73,27.49694185292826,4211.55,4.749178082191781,59,1.4
23494,VINTAGE DOILY DELUXE SEWING KIT ,722,177,6.063533255607597,4194.900000000001,5.933050847457627,145,0.98
21506,"FANCY FONT BIRTHDAY CARD, ",10430,546,36.78407753887261,4186.92,0.4175824175824176,310,14.13
23167,SMALL CERAMIC TOP STORAGE JAR ,5666,184,107.59400901958543,4184.18,0.8270652173913042,129,7.68
22801,ANTIQUE GLASS PEDESTAL BOWL,1144,233,7.296996103776062,4175.85,3.760214592274678,173,1.55
22367,CHILDS APRON SPACEBOY DESIGN,2247,291,9.759602452376805,4174.35,1.9340206185567008,231,3.04
22348,TEA BAG PLATE RED RETROSPOT,5033,358,30.288425286246174,4171.19,0.8608938547486034,196,6.82
22653,BUTTON BOX ,2198,234,19.991396117122807,4158.36,1.9430769230769231,156,2.98
22180,RETROSPOT LAMP,424,181,2.031368491845429,4149.2,9.917955801104972,122,0.57
22299,PIG KEYRING WITH LIGHT & SOUND ,3795,128,40.44332864867875,4147.69,1.176875,103,5.14
20677,PINK POLKADOT BOWL,3563,281,19.535057714751137,4147.58,1.2566548042704626,163,4.83
15060B,FAIRY CAKE DESIGN UMBRELLA,1137,274,5.448011017072002,4138.17,3.7656204379562044,174,1.54
23389,SPACEBOY MINI BACKPACK,1030,203,12.430776965596113,4134.5,4.142118226600985,157,1.4
21590,KINGS CHOICE CIGAR BOX MATCHES ,3438,289,24.910456710343098,4128.78,1.2460553633217994,203,4.66
21609,SET 12 LAVENDER  BOTANICAL T-LIGHTS,1487,208,15.412896884600412,4127.45,2.925,142,2.01
21591,COSY HOUR CIGAR BOX MATCHES ,3325,369,12.52171555473148,4124.33,1.248970189701897,264,4.51
79341,WILLOW BRANCH LIGHTS.,703,64,37.400658761493105,4121.25,6.628125,49,0.95
23404,HOME SWEET HOME BLACKBOARD,969,136,17.821101724266846,4108.58,4.863676470588236,104,1.31
48189,DOORMAT FRIENDSHIP ,795,58,54.67511978526404,4099.43,7.27448275862069,52,1.08
22476,EMPIRE UNION JACK TV DINNER TRAY,1221,189,43.93497082735814,4079.47,4.943121693121693,145,1.65
22070,SMALL RED RETROSPOT MUG IN BOX ,1426,199,18.961620945471733,4078.51,3.808693467336683,156,1.93
22426,ENAMEL WASH BOWL CREAM,1182,274,5.0972258846296,4073.3,3.677007299270073,182,1.6
21534,DAIRY MAID LARGE MILK JUG,851,298,2.8384062144853464,4071.75,4.914765100671142,199,1.15
23397,FOOT STOOL HOME SWEET HOME ,434,176,3.65028018849861,4069.8999999999996,9.84772727272727,139,0.59
23241,TREASURE TIN GYMKHANA DESIGN,2005,287,15.66117914927554,4060.0,2.0751916376306623,183,2.72
21474,SWEETHEART CREAM STEEL FOLDIN BENCH,203,92,1.3221531180820494,4049.85,19.95,69,0.28
10135,COLOURING PENCILS BROWN TUBE,3887,252,47.64366269987469,4048.14,1.2218650793650794,178,5.27
22760,"TRAY, BREAKFAST IN BED",337,103,6.095955224021911,4041.15,12.522815533980582,82,0.46
22075,6 RIBBONS ELEGANT CHRISTMAS ,2801,261,21.415058150537966,4031.27,1.5908429118773946,201,3.8
22601,CHRISTMAS RETROSPOT ANGEL WOOD,4923,335,38.02161941271329,4016.0699999999997,0.8705671641791044,257,6.67
22833,HALL CABINET WITH 3 DRAWERS,118,11,22.579153700220516,4013.59,43.27090909090909,9,0.16
22127,PARTY CONES CARNIVAL ASSORTED,3445,150,57.26852054305365,3998.45,1.2398666666666667,128,4.67
21355,TOAST ITS - I LOVE YOU ,3339,282,30.27876527972271,3982.15,1.2429078014184398,213,4.52
22574,HEART WOODEN CHRISTMAS DECORATION,4684,314,21.68050368519964,3980.62,0.8735987261146497,253,6.35
21535,RETRO SPOT SMALL MILK JUG,1637,252,10.146927788881374,3969.15,2.5357142857142856,171,2.22
22959,WRAP CHRISTMAS VILLAGE,9663,281,34.54317789072157,3950.46,0.4180782918149466,251,13.09
23163,REGENCY SUGAR TONGS,1714,134,14.90272954100745,3949.7000000000003,2.4349253731343286,95,2.32
22053,EMPIRE DESIGN ROSETTE,4518,66,479.84206317746424,3948.92,1.2406060606060605,61,6.12
22721,SET OF 3 CAKE TINS SKETCHBOOK,908,247,7.118077601084767,3942.82,4.831295546558704,183,1.23
23129,HEART SHAPED HOLLY WREATH,942,165,8.779145314960756,3933.1800000000003,4.418727272727273,138,1.28
22851,SET 20 NAPKINS FAIRY CAKES DESIGN ,4992,460,18.497361751827395,3931.8599999999997,0.853,306,6.76
20982,12 PENCILS TALL TUBE SKULLS,4601,496,10.681538805855505,3899.93,0.8489516129032257,316,6.23
22278,OVERNIGHT BAG VINTAGE ROSE PAISLEY,799,244,5.700553167518513,3899.05,4.9471311475409845,164,1.08
22474,SPACEBOY TV DINNER TRAY,888,190,15.364662338907364,3898.44,4.767526315789474,143,1.2
85132A,CHARLIE + LOLA BISCUITS TINS,1183,147,11.647995496511752,3896.6499999999996,5.674013605442177,98,1.6
22612,TEA COSY VINTAGE UNION JACK,988,98,43.304644513980506,3885.93,3.746938775510204,83,1.34
72807B,SET/3 OCEAN SCENT CANDLE JEWEL BOX,955,166,10.940299008150225,3884.51,4.218192771084338,112,1.29
22790,"MIRROR, ARCHED GEORGIAN",200,1,1.0,3884.0,19.42,1,0.27
20677,PINK SPOTTY BOWL,3325,270,20.848920232775654,3882.6499999999996,1.238037037037037,161,4.51
20979,36 PENCILS TUBE RED SPOTTY,3225,204,21.910649739524224,3882.29,1.2434803921568627,144,4.37
23144,ZINC T-LIGHT HOLDER STARS SMALL,4894,238,30.46728581172827,3879.9800000000005,0.8369747899159663,180,6.63
23340,VINTAGE CHRISTMAS CAKE FRILL,2453,123,52.454398745522106,3879.4500000000003,1.645121951219512,112,3.32
23486,ANTIQUE HEART SHELF UNIT,267,68,18.049117212025923,3879.15,16.44705882352941,64,0.36
21844,RETRO SPOT MUG,1396,125,12.173964816559915,3878.2,2.902,102,1.89
37447,CERAMIC CAKE DESIGN SPOTTED PLATE,2693,266,9.253842856020164,3876.97,1.477781954887218,141,3.65
22548,HEADS AND TAILS SPORTING FUN,3315,386,17.42095358605994,3873.1,1.2533419689119172,293,4.49
23557,LANDMARK FRAME BAKER STREET ,347,29,55.404024324321874,3867.85,12.39310344827586,25,0.47
72802B,OCEAN SCENT CANDLE IN JEWELLED BOX,1478,190,25.18888599605157,3862.88,4.1466315789473684,119,2.0
23255,CHILDRENS CUTLERY CIRCUS PARADE,962,143,13.829027349715544,3852.44,4.164965034965035,116,1.3
46000M,POLYESTER FILLER PAD 45x45cm,2485,343,6.9961201803054065,3851.75,1.55,205,3.37
20961,STRAWBERRY BATH SPONGE ,3138,318,20.190297575408845,3850.66,1.274245283018868,177,4.25
21987,PACK OF 6 SKULL PAPER CUPS,6320,355,51.34799291329157,3848.7999999999997,0.6476338028169014,209,8.56
84509A,SET OF 4 ENGLISH ROSE PLACEMATS,1072,245,5.967622017688619,3842.84,3.7693061224489797,167,1.45
21901,"KEY FOB , BACK DOOR ",6014,594,27.691713505514052,3833.42,0.6605387205387205,315,8.15
21153,RED SPOTTY TABLECLOTH ,370,123,4.774412563572869,3832.5,10.632439024390244,91,0.5
21523,FANCY FONT HOME SWEET HOME DOORMAT,622,128,5.279188638149366,3822.5,6.4125,76,0.84
21143,ANTIQUE GLASS HEART DECORATION ,2003,157,14.663053724821161,3819.45,1.944267515923567,128,2.71
21068,VINTAGE BILLBOARD LOVE/HATE MUG,3901,260,57.77960375974041,3817.23,1.1899615384615385,149,5.29
22896,PEG BAG APPLES DESIGN,1586,265,9.654238279244503,3813.67,2.5858867924528304,171,2.15
21244,BLUE POLKADOT PLATE ,2395,186,21.159644905054336,3805.6299999999997,1.6758064516129032,128,3.25
21539,RETRO SPOTS BUTTER DISH,830,150,16.48455313831777,3793.5,4.88,111,1.12
22600,CHRISTMAS RETROSPOT STAR WOOD,4594,350,19.612906440875474,3793.3599999999997,0.8652285714285713,278,6.22
71038,WHITE HANGING BEADS CANDLE HOLDER,717,145,4.7781029916938484,3789.25,5.411379310344827,85,0.97
22747,POPPY'S PLAYHOUSE BATHROOM,1870,331,17.734006660037526,3789.0,2.0954682779456193,241,2.53
51014A,"FEATHER PEN,HOT PINK",6048,247,36.76179642567149,3787.7599999999998,0.6347368421052632,161,8.2
21524,SPOTTY  HOME SWEET HOME DOORMAT,650,109,18.31763297699008,3785.5,6.6,86,0.88
23205,CHARLOTTE BAG VINTAGE ALPHABET ,4750,325,27.47922464834942,3784.52,0.8527999999999999,192,6.44
22530,MAGIC DRAWING SLATE DOLLY GIRL ,9438,377,45.17508938999439,3781.8,0.416498673740053,281,12.79
22639,SET OF 4 NAPKIN CHARMS HEARTS,1598,254,7.2641958456609705,3776.2200000000003,2.5017716535433068,192,2.17
20967,GREY FLORAL FELTCRAFT SHOULDER BAG,1023,276,4.515520008660864,3771.09,3.7434420289855073,187,1.39
23283,DOORMAT VINTAGE LEAF,541,121,9.728030273531983,3766.57,8.092231404958678,100,0.73
23012,GLASS APOTHECARY BOTTLE PERFUME,1014,200,4.852093782106006,3763.64,3.8817000000000004,151,1.37
23050,RECYCLED ACAPULCO MAT GREEN,459,176,2.196033910272092,3763.55,8.240909090909092,116,0.62
23306,SET OF 36 DOILIES PANTRY DESIGN,2653,196,22.43632014253812,3761.9199999999996,1.454438775510204,172,3.59
22892,SET OF SALT AND PEPPER TOADSTOOLS,3084,248,12.002187341459718,3759.24,1.2446370967741935,145,4.18
21679,SKULLS  STICKERS,4691,269,54.591913386119025,3756.47,0.8471003717472119,181,6.36
22926,IVORY GIANT GARDEN THERMOMETER,649,202,4.445270579015861,3753.55,5.935148514851486,152,0.88
23193,BUFFALO BILL TREASURE BOOK BOX,1847,137,49.35363121955267,3750.57,2.265912408759124,109,2.5
23184,BULL DOG BOTTLE OPENER,778,199,5.54065409263425,3749.5,5.097939698492462,129,1.05
23534,WALL ART STOP FOR TEA ,688,154,10.933051664932773,3748.1800000000003,5.909285714285714,131,0.93
22573,STAR WOODEN CHRISTMAS DECORATION,4502,294,38.78087610074248,3739.34,0.8800680272108844,235,6.1
21955,UNION JACK GUNS & ROSES  DOORMAT,747,87,26.564774597172033,3737.4500000000003,6.29655172413793,49,1.01
22736,RIBBON REEL MAKING SNOWMEN ,2274,295,10.966698015001718,3735.26,1.6875593220338982,228,3.08
72349B,SET/6 PURPLE BUTTERFLY T-LIGHTS,1914,241,14.768658639439758,3734.04,2.076182572614108,123,2.59
20963,APPLE BATH SPONGE,3038,298,19.663388821978177,3729.29,1.2799328859060404,168,4.12
22782,SET 3 WICKER STORAGE BASKETS ,254,84,4.095181389619281,3712.2999999999997,19.985714285714284,75,0.34
22797,CHEST OF DRAWERS GINGHAM HEART ,222,125,2.79361022057769,3711.24,16.984719999999996,98,0.3
22800,ANTIQUE TALL SWIRLGLASS TRINKET POT,1003,189,9.813202423212404,3709.63,3.7835449735449735,149,1.36
21714,CITRONELLA CANDLE GARDEN POT,3357,324,25.73241381493453,3707.37,1.2383024691358024,230,4.55
85040B,SET/4 BLUE FLOWER CANDLES IN BOWL,2415,237,26.891058914817393,3703.95,1.6381856540084387,132,3.27
21810,CHRISTMAS HANGING STAR WITH BELL,6281,257,34.03693508385742,3698.65,0.7628015564202334,171,8.51
23309,SET OF 60 I LOVE LONDON CAKE CASES ,7670,307,61.448871317266125,3697.7,0.5688925081433225,178,10.39
21495,SKULLS AND CROSSBONES WRAP,9065,267,33.85930459524646,3695.3,0.41797752808988764,150,12.28
23351,ROLL WRAP 50'S CHRISTMAS,3054,275,12.53636197623552,3694.02,1.2438909090909092,242,4.14
20981,12 PENCILS TALL TUBE WOODLAND,4431,429,17.292606689788098,3691.47,0.8490909090909091,290,6.0
21034,REX CASH+CARRY JUMBO SHOPPER,3884,1950,2.1091153918761063,3689.7999999999997,0.95,800,5.26
72802A,ROSE SCENT CANDLE IN JEWELLED BOX,900,170,6.834170202222152,3689.2799999999997,4.2798823529411765,112,1.22
21470,FLOWER VINE RAFFIA FOOD COVER,1011,269,5.34667342536718,3687.18,3.782453531598513,160,1.37
22723,SET OF 6 HERB TINS SKETCHBOOK,1054,238,7.7922079748662,3686.14,3.7472268907563024,170,1.43
22272,FELTCRAFT DOLL MARIA,1343,280,9.216510902759575,3684.91,2.932,207,1.82
84950,ASSORTED COLOUR T-LIGHT HOLDER,5610,222,122.59984911714432,3677.14,0.7336486486486486,156,7.6
85184C,S/4 VALENTINE DECOUPAGE HEART BOX,1947,213,17.701105211188985,3675.55,2.657511737089202,159,2.64
23110,PARISIENNE KEY CABINET ,662,220,3.4482354816490246,3673.7,5.713636363636364,157,0.9
21472,LADYBIRD + BEE RAFFIA FOOD COVER,999,237,5.216509530317857,3669.45,3.743248945147679,161,1.35
85053,FRENCH ENAMEL CANDLEHOLDER,1845,283,9.840688998383703,3667.29,2.12565371024735,185,2.5
22284,HEN HOUSE DECORATION,2341,238,20.43355076360568,3665.25,1.6464285714285714,157,3.17
22594,CHRISTMAS GINGHAM TREE,4354,291,17.754900653490292,3661.12,0.8803780068728523,232,5.9
22980,PANTRY SCRUBBING BRUSH,2286,244,13.193838704019738,3656.94,1.674590163934426,198,3.1
21494,ROTATING LEAVES T-LIGHT HOLDER,2813,247,19.27788743982911,3655.28,1.4743724696356275,147,3.81
47580,TEA TIME DES TEA COSY,1533,266,13.1353015561578,3651.91,2.542142857142857,158,2.08
20675,BLUE POLKADOT BOWL,3116,278,18.044059522330304,3649.97,1.2427338129496404,180,4.22
21238,RED SPOTTY CUP,4473,365,17.47504532446991,3649.17,0.8453698630136987,201,6.06
21592,RETRO SPOT  CIGAR BOX MATCHES ,3101,189,46.48310317748447,3648.25,1.2429629629629628,157,4.2
21795,SET OF 3 BLUE STRIPE BASKET,436,76,37.352150646177485,3632.97,12.6725,64,0.59
22359,GLASS JAR KINGS CHOICE,1185,147,57.90145436574488,3631.8699999999994,2.96265306122449,111,1.61
85049C,ROMANTIC PINKS RIBBONS ,2927,468,8.66985985588882,3630.32,1.2517735042735043,303,3.97
22830,UTILTY CABINET WITH HOOKS,178,16,24.934246863835025,3623.2,24.37625,14,0.24
21064,BOOM BOX SPEAKER BOYS,721,106,38.84068064023322,3620.65,5.382075471698113,75,0.98
23064,CINDERELLA CHANDELIER ,220,22,23.06718964449805,3617.6,43.01136363636363,20,0.3
21243,PINK  POLKADOT PLATE ,2282,173,21.78498325366076,3614.66,1.6747398843930636,117,3.09
22544,MINI JIGSAW SPACEBOY,9209,262,54.82704238993679,3613.4,0.4150381679389313,196,12.48
22788,BROCANTE COAT RACK,459,68,25.913389036235362,3609.95,9.792794117647059,51,0.62
21911,GARDEN METAL SIGN ,2374,257,25.98080131023269,3609.9,1.6453307392996108,200,3.22
21244,BLUE  SPOTTY PLATE ,2272,181,23.49335028627078,3609.2799999999997,1.6780662983425416,120,3.08
21899,"KEY FOB , GARAGE DESIGN",5785,416,43.08286618174022,3601.73,0.6482692307692308,266,7.84
22458,CAST IRON HOOK GARDEN FORK,1487,151,33.225241076501035,3599.6099999999997,2.5394039735099336,121,2.01
22843,BISCUIT TIN VINTAGE GREEN,573,163,5.998308226739734,3591.73,6.695889570552148,134,0.78
22775,PURPLE DRAWERKNOB ACRYLIC EDWARDIAN,2949,188,24.79568748542004,3590.06,1.2572340425531916,98,4.0
21913,VINTAGE SEASIDE JIGSAW PUZZLES,988,205,14.001456848432843,3590.02,3.7739024390243903,170,1.34
20754,RETROSPOT RED WASHING UP GLOVES,1804,345,10.283327857101991,3581.76,2.0916811594202898,208,2.44
22398,MAGNETS PACK OF 4 SWALLOWS,4186,401,10.828059973652598,3573.95,0.8960598503740648,273,5.67
23049,RECYCLED ACAPULCO MAT RED,435,169,2.089265996347508,3572.75,8.24526627218935,103,0.59
23092,LARGE ANTIQUE WHITE PHOTO FRAME,507,125,11.81053657517508,3568.2599999999998,7.80144,96,0.69
22245,"HOOK, 1 HANGER ,MAGIC GARDEN",4371,278,26.425542332901706,3563.5499999999997,0.8435611510791367,166,5.92
21042,RED RETROSPOT APRON ,637,163,10.32664647198783,3556.15,5.934049079754601,109,0.86
35924,HANGING FAIRY CAKE DECORATION,2003,104,32.32540712012306,3554.4,2.0211538461538465,65,2.71
22704,WRAP RED APPLES ,8650,293,28.72180605668275,3553.0,0.41890784982935153,207,11.72
23299,FOOD COVER WITH BEADS SET 2 ,977,121,12.784212457334634,3545.17,3.7934710743801654,109,1.32
84598,BOYS ALPHABET IRON ON PATCHES,18241,41,505.57827311297945,3542.61,0.20609756097560974,30,24.72
22244,"HOOK, 3 HANGER ,MAGIC GARDEN",1919,141,19.718654347613285,3533.25,1.9308510638297873,106,2.6
20750, RED/WHITE DOT MINI CASES,478,140,4.235828194499822,3528.1800000000003,7.811,113,0.65
21181,PLEASE ONE PERSON  METAL SIGN,1787,151,25.87571073769792,3524.7,2.0768211920529804,124,2.42
22125,UNION JACK HOT WATER BOTTLE ,608,163,4.563761376041429,3514.6,5.925460122699387,117,0.82
22497,SET OF 2 TINS VINTAGE BATHROOM ,838,206,7.754478971249949,3511.5,4.245145631067961,160,1.14
22080,RIBBON REEL SPOTS DESIGN ,2157,246,11.830743879682293,3509.05,1.647560975609756,199,2.92
23236,STORAGE TIN VINTAGE DOILY ,1235,160,16.200462713711755,3502.15,2.9887500000000005,124,1.67
22353,LUNCH BOX WITH CUTLERY FAIRY CAKES ,1429,219,9.94771004771102,3498.15,2.537671232876712,142,1.94
70006,LOVE HEART POCKET WARMER,4184,176,76.82770739373017,3495.5,1.4014772727272726,141,5.67
23089,GLASS BON BON JAR,2135,137,34.516117789964184,3495.27,1.7758394160583941,101,2.89
21499,BLUE POLKADOT WRAP,8675,262,32.438553175091535,3493.5,0.4162595419847328,200,11.75
22744,MAKE YOUR OWN MONSOON CARD KIT,1391,259,10.754198204648825,3489.49,2.7963320463320462,196,1.88
22057,CERAMIC PLATE STRAWBERRY DESIGN,2903,173,37.283456426876924,3484.35,1.3855491329479768,113,3.93
71477,COLOURED GLASS STAR T-LIGHT HOLDER,996,43,43.1574803054151,3474.88,3.98139534883721,31,1.35
23081,GREEN METAL BOX ARMY SUPPLIES,437,111,7.085554163583664,3474.39,8.34018018018018,78,0.59
22591,CARDHOLDER GINGHAM CHRISTMAS TREE,1284,175,13.175453616354767,3474.14,2.960285714285714,148,1.74
22118,JOY WOODEN BLOCK LETTERS,765,248,11.615503700283943,3466.03,4.730564516129032,195,1.04
23111,PARISIENNE SEWING BOX,296,125,2.4281148933861987,3464.8,12.281600000000001,80,0.4
22334,DINOSAUR PARTY BAG + STICKER SET,2196,250,23.635649339053803,3460.24,1.64856,180,2.98
23349,ROLL WRAP VINTAGE CHRISTMAS,2847,252,14.32500927479012,3450.39,1.245,214,3.86
84558A,3D DOG PICTURE PLAYING CARDS,1207,174,22.82482987770664,3445.45,2.947701149425287,116,1.64
23085,ANTIQUE SILVER BAUBLE LAMP  ,369,78,6.350525240416799,3437.7,10.069230769230769,64,0.5
23112,PARISIENNE CURIO CABINET,471,183,2.3331746263720716,3437.3,7.453551912568306,134,0.64
85206A,CREAM FELT EASTER EGG BASKET,2148,287,12.060117396491766,3436.2000000000003,1.642334494773519,234,2.91
21992,VINTAGE PAISLEY STATIONERY SET,2064,314,10.672411551653772,3436.04,1.9305414012738855,242,2.8
23130,MISTLETOE HEART WREATH GREEN,838,162,7.171008095415631,3435.62,4.239876543209877,135,1.14
20692,FLORAL ELEPHANT SOFT TOY,879,118,17.862053297245136,3434.25,4.177966101694915,75,1.19
21743,STAR PORTABLE TABLE LIGHT ,1229,142,13.386266792780122,3433.55,2.924647887323944,117,1.67
23497,CLASSIC CHROME BICYCLE BELL ,2451,175,47.158755740809646,3431.35,1.4393142857142858,149,3.32
84968B,S/16 VINTAGE IVORY CUTLERY,276,76,4.796782547397531,3420.0,12.702631578947368,49,0.37
23194,GYMKHANA TREASURE BOOK BOX,1630,159,35.45026263555549,3417.83,2.2552201257861633,128,2.21
23535,WALL ART BICYCLE SAFETY,644,121,12.56464276984763,3412.52,5.89611570247934,102,0.87
21041,RED SPOTTY OVEN GLOVE DOUBLE,1232,133,21.028442044065883,3408.4,2.9349624060150377,78,1.67
21509,COWBOYS AND INDIANS BIRTHDAY CARD ,8455,499,15.308765165059746,3396.07,0.4177955911823647,264,11.46
23191,BUNDLE OF 3 RETRO NOTE BOOKS,2099,246,9.999844863571813,3393.35,1.6760162601626014,178,2.84
22320,BIRDS MOBILE VINTAGE DESIGN,578,169,5.435318581385051,3390.46,6.0083431952662725,130,0.78
22602,CHRISTMAS RETROSPOT HEART WOOD,4217,249,27.86307041757889,3384.77,0.8442570281124498,199,5.71
20748,KENSINGTON COFFEE SET,359,114,4.750840551879922,3371.25,12.162280701754385,86,0.49
22764,"RUSTIC WOODEN CABINET, GLASS DOORS",181,24,20.774104211664614,3362.5699999999997,23.5275,23,0.25
22356,"CHARLOTTE BAG , PINK/WHITE SPOTS",4216,262,32.35032149559954,3360.0,0.8425572519083969,166,5.71
84508A,CAMOFLAGE DESIGN TEDDY,1584,43,105.75148996643884,3358.7999999999997,2.4244186046511627,31,2.15
21717,EASTER TIN BUCKET,1405,143,12.28380055728652,3355.95,2.5059440559440556,122,1.9
21238,RED RETROSPOT CUP,4175,344,18.613655171895385,3355.05,0.8473546511627907,186,5.66
22425,ENAMEL COLANDER CREAM,692,241,3.1057825423801417,3352.0099999999998,4.953360995850622,179,0.94
23032,DRAWER KNOB CRACKLE GLAZE IVORY,2076,181,14.617167014037552,3348.6,1.6455801104972374,115,2.81
22047,EMPIRE GIFT WRAP,8225,260,36.651878357189105,3340.5,0.4179230769230769,211,11.14
48197,DOOR MAT BIRD ON THE WIRE,562,121,13.746429538933754,3337.8,7.0340495867768595,70,0.76
23294,SET OF 6 SNACK LOAF BAKING CASES,4264,295,34.19686564203539,3336.94,0.8247796610169491,214,5.78
22478,BIRDHOUSE GARDEN MARKER ,2537,216,34.308653418592094,3336.85,1.2521296296296296,176,3.44
23552,BICYCLE PUNCTURE REPAIR KIT ,1730,110,60.33315900118734,3336.7200000000003,2.062181818181818,93,2.34
22743,MAKE YOUR OWN FLOWERPOWER CARD KIT,1309,270,9.745225515590583,3334.5099999999998,2.8716296296296298,199,1.77
47505,MINATURE COLOURED GARDENING SET,716,162,5.649963881665161,3331.7,4.848456790123457,129,0.97
22777,GLASS CLOCHE LARGE,420,75,15.00720547657745,3324.35,8.386666666666667,66,0.57
72807A,SET/3 ROSE CANDLE IN JEWELLED BOX,815,139,9.223631777761051,3320.31,4.215179856115108,95,1.1
23189,SET OF 12 FORK CANDLES,1215,114,14.717895282490081,3319.35,2.858421052631579,89,1.65
22314,OFFICE MUG WARMER CHOC+BLUE,1020,185,6.938478178675619,3315.54,3.553567567567568,101,1.38
23210,WHITE ROCKING HORSE HAND PAINTED,2750,164,23.2021253418748,3311.5,1.2435975609756096,115,3.73
22445,PENCIL CASE LIFE IS BEAUTIFUL,1138,218,6.2407281244884665,3311.3,2.9947706422018348,144,1.54
84596B,SMALL DOLLY MIX DESIGN ORANGE BOWL,5484,516,16.51774909672616,3304.59,0.701937984496124,256,7.43
21067,VINTAGE RED TEATIME MUG,4517,181,76.0628996441191,3302.72,1.093756906077348,130,6.12
23571,TRADITIONAL NAUGHTS & CROSSES,2018,221,11.023362498500372,3300.9,1.6490950226244343,195,2.73
21500,PINK POLKADOT WRAP ,8125,260,26.488050048404762,3298.5,0.4165384615384615,191,11.01
23156,SET OF 5 MINI GROCERY MAGNETS,1631,186,15.785908724844063,3297.2200000000003,2.0946236559139786,117,2.21
18097C,WHITE TALL PORCELAIN T-LIGHT HOLDER,1534,160,27.917756009911166,3293.7,2.5075,110,2.08
22962,JAM JAR WITH PINK LID,4141,258,30.5611809009289,3293.65,0.8439534883720929,183,5.61
21787,RAIN PONCHO WITH RED SPOTS,4462,119,68.39291691316566,3288.7,0.8281512605042016,98,6.05
21556,CERAMIC STRAWBERRY MONEY BOX,1370,177,33.29073420755494,3281.1,2.5381355932203387,132,1.86
23091,ZINC HERB GARDEN CONTAINER,535,188,3.234611115443922,3279.82,6.293191489361702,155,0.72
22536,MAGIC DRAWING SLATE PURDEY,8378,322,61.811437916594386,3265.56,0.41618012422360245,233,11.35
23009,I LOVE LONDON BABY GIFT SET,209,61,4.46265622095721,3262.55,16.425409836065572,48,0.28
22807,SET OF 6 T-LIGHTS TOADSTOOLS,1192,188,8.89337095126352,3257.04,2.850744680851064,125,1.62
23332,IVORY WICKER HEART LARGE,1979,276,7.360088037223367,3255.75,1.6485507246376812,207,2.68
22778,GLASS CLOCHE SMALL,890,149,8.537632361147873,3255.66,3.8861073825503354,106,1.21
21902,"KEY FOB , FRONT  DOOR ",5225,424,42.133771361023385,3244.59,0.6598584905660378,250,7.08
22603,CHRISTMAS RETROSPOT TREE WOOD,3949,309,23.517818306932174,3239.65,0.8647249190938511,236,5.35
21559,STRAWBERRY LUNCHBOX WITH CUTLERY,1402,156,25.216990478000675,3236.7,2.521153846153846,113,1.9
22355,"CHARLOTTE BAG , SUKI DESIGN",4072,234,23.18818695441252,3233.7,0.8366666666666667,145,5.52
84352,SILVER CHRISTMAS TREE BAUBLE STAND ,198,118,1.3767380991724165,3232.1,16.72966101694915,90,0.27
20983,12 PENCILS TALL TUBE RED RETROSPOT,3807,349,14.154024031058384,3229.71,0.8496275071633237,245,5.16
84580,MOUSE TOY WITH PINK T-SHIRT,860,319,1.8027797388407463,3228.8,3.755956112852665,197,1.17
21794,CLASSIC FRENCH STYLE BASKET NATURAL,677,152,5.395409890939826,3226.87,5.299144736842106,123,0.92
21917,SET 12 KIDS  WHITE CHALK STICKS,7892,385,40.06213433760093,3226.38,0.42301298701298695,246,10.69
22967,SET 3 SONG BIRD PAPER EGGS ASSORTED,1159,131,22.49494756348044,3224.65,2.9286259541984734,122,1.57
22440,BALLOON WATER BOMB PACK OF 35,8296,266,128.11870382510708,3224.52,0.41796992481203005,187,11.24
22353,LUNCHBOX WITH CUTLERY FAIRY CAKES ,1371,156,19.539211069814698,3215.25,2.526923076923077,93,1.86
22352,LUNCHBOX WITH CUTLERY RETROSPOT ,1359,194,11.308439428478588,3214.35,2.468814432989691,114,1.84
22461,SAVOY ART DECO CLOCK,394,130,3.77453413427788,3214.3,10.863846153846154,82,0.53
23013,GLASS APOTHECARY BOTTLE TONIC,865,181,4.391380585871522,3211.09,3.885580110497238,135,1.17
22765,NEWSPAPER STAND,300,42,22.30560623893489,3210.2999999999997,14.471666666666666,36,0.41
21732,RED HANGING METAL STAR TLIGHT HLDR,923,58,55.25325567378753,3199.17,3.681724137931034,50,1.25
22769,CHALKBOARD KITCHEN ORGANISER,164,35,16.679983475396362,3198.8,24.290285714285712,32,0.22
22589,CARDHOLDER GINGHAM STAR,1225,199,8.146440895507482,3197.39,2.724321608040201,170,1.66
20675,BLUE SPOTTY BOWL,2700,259,16.435601584101658,3197.16,1.2411969111969112,157,3.66
23230,WRAP ALPHABET DESIGN,7925,232,35.80618215128197,3196.5,0.41732758620689653,178,10.74
21349,IVY HEART WREATH,492,128,4.969889651652871,3193.0,6.7,113,0.67
21211,SET OF 72 SKULL PAPER  DOILIES,2321,185,46.27610071151501,3192.6499999999996,1.4456756756756757,139,3.14
21112,"SWISS ROLL TOWEL, PINK  SPOTS",1411,102,28.434424587991312,3190.45,2.7137254901960786,86,1.91
22312,OFFICE MUG WARMER POLKADOT,995,189,7.006369627358577,3186.79,3.4635449735449737,104,1.35
23426,METAL SIGN DROP YOUR PANTS,1230,173,13.79857451661889,3186.78,2.854450867052023,126,1.67
20966,SANDWICH BATH SPONGE,2576,236,20.044663436324246,3182.0,1.2491949152542372,137,3.49
20702,PINK PADDED MOBILE,758,240,3.6419127654781698,3178.0,4.235416666666667,151,1.03
21584,RETRO SPOT SMALL TUBE MATCHES,2001,132,43.53077871288832,3176.85,1.6469696969696968,113,2.71
21845,DAIRY MAID STRIPE MUG,2419,144,17.185772234271795,3176.05,1.8861111111111113,104,3.28
21993,FLORAL FOLK STATIONERY SET,2051,285,11.360760936381862,3171.4,1.8304210526315787,208,2.78
23127,FELTCRAFT GIRL NICOLE KIT,645,172,4.008944677455725,3169.79,4.97,137,0.87
22822,CREAM WALL PLANTER HEART SHAPED,562,169,6.595047109707538,3169.41,5.93526627218935,139,0.76
22459,CAST IRON HOOK GARDEN TROWEL,1336,150,27.56452994269934,3164.96,2.5354,124,1.81
20886,BOX OF 9 PEBBLE CANDLES,1686,249,11.251156178443594,3161.4,1.9379518072289157,163,2.28
22579,WOODEN TREE CHRISTMAS SCANDINAVIAN,6566,478,12.440448215590026,3161.14,0.5830543933054393,344,8.9
84356,POMPOM CURTAIN,660,94,12.690677912533333,3155.0,6.056382978723405,58,0.89
23350,ROLL WRAP VINTAGE SPOT ,2584,252,12.726004062915694,3154.4,1.2466666666666668,205,3.5
22356,CHARLOTTE BAG PINK WITH WHITE SPOTS,3952,246,32.59892068762923,3151.2,0.8410162601626016,172,5.36
21469,POLKA DOT RAFFIA FOOD COVER,1091,176,13.600848665270279,3148.16,3.681306818181818,130,1.48
23239,SET OF 4 KNICK KNACK TINS POPPIES,812,158,8.620423352861076,3142.4,3.9050632911392404,125,1.1
21648,ASSORTED TUTTI FRUTTI SMALL PURSE,2612,122,23.45163974191301,3141.88,1.2390983606557375,96,3.54
23388,WOODLAND MINI BACKPACK,784,133,13.299728385182055,3133.6000000000004,4.1379699248120305,114,1.06
85040A,S/4 PINK FLOWER CANDLES IN BOWL,1905,329,6.974371392991477,3131.09,1.6724924012158056,193,2.58
22059,CERAMIC STRWBERRY DESIGN MUG,2269,175,38.35360240882193,3130.25,1.4749142857142858,106,3.07
22700,BLACK AND WHITE DOG BOWL,1377,92,59.07128327204038,3114.27,2.640217391304348,79,1.87
21054,NURSE'S BAG SOFT TOY,350,164,2.415503072864368,3112.5,8.94390243902439,119,0.47
21500,PINK SPOTS  WRAP ,7725,229,35.97225728616229,3102.5,0.41615720524017463,167,10.47
79323GR,GREEN CHERRY LIGHTS,524,76,10.336445484941038,3100.2000000000003,6.493421052631579,60,0.71
22494,EMERGENCY FIRST AID TIN ,2502,297,16.663253131186753,3099.4,1.2888215488215486,200,3.39
22702,BLACK AND WHITE CAT BOWL,1573,83,97.50933709068492,3097.7999999999997,1.9385542168674699,66,2.13
21154,RED SPOTTY OVEN GLOVE ,2556,255,20.269042647752627,3095.44,1.2470196078431373,171,3.46
23308,SET OF 60 VINTAGE LEAF CAKE CASES ,5955,312,41.39817879172739,3091.61,0.5637820512820513,209,8.07
22902,TOTE BAG I LOVE LONDON,1610,142,15.642679988386224,3091.54,2.059577464788733,102,2.18
20992,JAZZ HEARTS PURSE NOTEBOOK,6030,395,29.41325923458675,3069.62,0.5896455696202532,222,8.17
23353,6 GIFT TAGS VINTAGE CHRISTMAS ,3726,257,19.568214922742595,3068.82,0.8295719844357976,227,5.05
22059,CERAMIC STRAWBERRY DESIGN MUG,2534,209,20.462297124392443,3064.3799999999997,1.3533492822966509,112,3.43
21830,ASSORTED CREEPY CRAWLIES,7387,227,39.78116869075424,3059.95,0.42616740088105726,151,10.01
21986,PACK OF 12 PINK SPOT TISSUES ,8151,157,217.60420320764447,3058.93,0.29229299363057326,128,11.04
21466,RED FLOWER CROCHET FOOD COVER,823,241,3.663164742897862,3057.89,3.798298755186722,147,1.12
22531,MAGIC DRAWING SLATE CIRCUS PARADE  ,7504,337,66.83161063252312,3053.76,0.41964391691394654,249,10.17
22475,SKULL DESIGN TV DINNER TRAY,690,203,8.831951390330827,3052.9,4.7642364532019705,115,0.93
22122,SET OF 2 FANCY FONT TEA TOWELS,1053,161,14.330907939144975,3042.35,2.9475155279503107,113,1.43
84975,HEART SHAPED MIRROR,1923,169,22.20866456202687,3041.07,1.6757988165680473,115,2.61
21179,NO JUNK MAIL METAL SIGN,4039,368,25.735331786401023,3040.07,0.9829076086956521,231,5.47
23168,CLASSIC CAFE SUGAR DISPENSER,2633,210,16.19235380398336,3037.1,1.2297619047619048,132,3.57
21588,RETRO SPOT GIANT  TUBE MATCHES,1295,104,26.285911102327464,3034.9500000000003,2.5240384615384617,85,1.75
23342,MINT DINER WALL CLOCK,363,154,3.1801643633861527,3034.5,8.483441558441559,104,0.49
21364,PEACE SMALL WOOD LETTERS,439,144,14.899349899513313,3031.65,6.752638888888889,118,0.59
22076,6 RIBBONS EMPIRE  ,2100,243,11.480823366507368,3030.42,1.5456378600823044,197,2.85
37410,BLACK AND WHITE PAISLEY FLOWER MUG,25685,18,4642.215171942634,3019.5699999999997,1.045,13,34.8
21351,CINAMMON & ORANGE WREATH,986,137,7.777077380937779,3018.7,5.231751824817518,113,1.34
23253,16 PIECE CUTLERY SET PANTRY DESIGN,210,46,6.540989303064326,3018.2999999999997,15.65,43,0.28
21707,"FOLDING UMBRELLA , BLACK/BLUE  SPOT",768,62,38.72575067320963,3015.6,4.648387096774194,54,1.04
37501,TEA TIME TEA SET IN GIFT BOX,436,146,2.8839300325576143,3006.2000000000003,6.943150684931507,106,0.59
22863,SOAP DISH BROCANTE,1070,149,10.301570131751477,3002.9,2.928523489932886,120,1.45
85232D,SET/3 DECOUPAGE STACKING TINS,633,175,6.564161041643019,2998.95,4.926,120,0.86
22732,3D VINTAGE CHRISTMAS STICKERS ,2407,209,14.50367847696812,2995.59,1.3051674641148323,165,3.26
22862,LOVE HEART NAPKIN BOX ,708,187,3.3740341909748977,2993.0,4.247326203208556,143,0.96
20681,PINK SPOTTY CHILDS UMBRELLA,949,176,7.871085916599662,2991.25,3.2386363636363638,127,1.29
22136,LOVE HEART SOCK HANGER,1882,196,16.64146184155606,2990.1,1.643877551020408,117,2.55
22366,DOOR MAT AIRMAIL ,427,114,4.63501754826469,2988.53,7.3270175438596485,92,0.58
23065,LARGE DECO JEWELLERY STAND,246,88,5.583553622504345,2977.8,12.469318181818181,77,0.33
21936,RED/WHITE SPOT PICNIC BAG,1091,84,35.43039810080013,2974.45,2.911904761904762,73,1.48
21473,SWEETHEART CREAM STEEL TABLE RECT,149,86,1.0674259153755457,2972.5499999999997,19.95,65,0.2
23237,SET OF 4 KNICK KNACK TINS LEAF,739,116,11.442506697408566,2970.85,4.136206896551725,94,1.0
23346,SPACEBOY BEAKER,2567,140,55.430247919148,2970.75,1.2439285714285715,106,3.48
22176,BLUE OWL SOFT TOY,1027,218,6.092525290440901,2968.05,2.9426605504587156,124,1.39
22477,WATERING CAN GARDEN MARKER,2243,183,37.50508602592195,2967.45,1.2514754098360656,155,3.04
22402,MAGNETS PACK OF 4 VINTAGE COLLAGE,3398,243,27.26832799036262,2962.81,0.8713991769547325,158,4.6
21477,STRING OF 20 ROSE LIGHTS,262,37,24.471500860273245,2962.5,12.458108108108108,35,0.36
22107,PIZZA PLATE IN BOX,841,189,5.407231410378658,2957.3,3.6592063492063494,118,1.14
23323,WHITE WICKER STAR ,1422,278,5.548056070516755,2954.7,2.096402877697842,210,1.93
23014,GLASS APOTHECARY BOTTLE ELIXIR,798,162,4.767326106493982,2951.78,3.9079012345679014,122,1.08
21864,UNION JACK FLAG PASSPORT COVER ,1483,265,10.986871681351403,2947.02,2.084528301886792,166,2.01
22965,3 TRADITIONAl BISCUIT CUTTERS  SET,1423,219,11.233703560311342,2946.92,2.124383561643836,180,1.93
21333,CLASSIC WHITE FRAME,1007,197,4.459307594285195,2946.65,2.9439086294416246,150,1.36
22406,MONEY BOX KINGS CHOICE DESIGN,2380,173,63.720310161994234,2942.78,1.2328323699421966,142,3.22
21829,DINOSAUR KEYRINGS ASSORTED,14192,302,40.314213825836156,2940.0299999999997,0.2105960264900662,211,19.23
23236,DOILEY STORAGE TIN,1082,113,18.18594694387012,2934.98,2.8652212389380534,93,1.47
48189,DOOR MAT FRIENDSHIP ,431,149,3.0868967615033607,2934.31,7.14248322147651,117,0.58
84849B,FAIRY SOAP SOAP HOLDER,1819,227,15.359837347097947,2932.99,1.6825991189427312,123,2.46
22774,RED DRAWER KNOB ACRYLIC EDWARDIAN,2483,136,31.099600169760283,2918.71,1.2436029411764706,75,3.36
22194,BLACK DINER WALL CLOCK,353,142,3.5123609797944146,2918.05,8.458098591549296,100,0.48
84837,WHITE SWEETHEARTS CABINET 4 DRAWERS,239,134,1.9519103435996334,2915.25,12.615671641791044,109,0.32
21812,GARLAND WITH HEARTS AND BELLS,597,125,4.5221034215106926,2913.15,4.9332,103,0.81
22428,ENAMEL FIRE BUCKET CREAM,421,159,2.444674824432402,2910.9300000000003,6.980062893081761,126,0.57
23461,SWEETHEART BIRD HOUSE,829,89,65.4988888708007,2908.55,4.1359550561797755,75,1.12
21467,CHERRY CROCHET FOOD COVER,951,214,10.403328084052273,2905.27,3.7342056074766354,145,1.29
23188,VINTAGE  2 METER FOLDING RULER,1775,157,13.176641346883004,2902.4700000000003,1.6787898089171973,131,2.41
22313,OFFICE MUG WARMER PINK,952,108,25.4018720879557,2899.54,3.3494444444444444,74,1.29
21240,BLUE POLKADOT CUP,3655,272,28.123012434895443,2898.75,0.8423529411764706,176,4.95
22733,3D TRADITIONAL CHRISTMAS STICKERS,2296,222,10.69274333833305,2893.04,1.3036486486486487,185,3.11
22347,PIZZA SLICE DISH,2605,74,93.40528566336923,2891.4500000000003,1.2294594594594594,49,3.53
21041,RED RETROSPOT OVEN GLOVE DOUBLE,996,202,9.435570916602785,2890.2,2.948019801980198,141,1.35
21055,TOOL BOX SOFT TOY ,316,177,1.3268250893272284,2889.64,9.210338983050846,122,0.43
23242,TREASURE TIN BUFFALO BILL ,1430,190,17.196555644585207,2886.08,2.0739473684210528,132,1.94
21592,RETROSPOT CIGAR BOX MATCHES ,2760,288,23.691542765431542,2885.46,1.1584375,195,3.74
21705,BAG 500g SWIRLY MARBLES,2401,186,19.768039484543777,2883.21,1.5597849462365592,142,3.25
21447,12 IVORY ROSE PEG PLACE SETTINGS,2377,233,29.099822202421105,2882.33,1.2467381974248928,149,3.22
21584,RETROSPOT SMALL TUBE MATCHES,1761,232,11.628093153249758,2881.65,1.6482758620689655,165,2.39
82578,KITCHEN METAL SIGN,5391,552,23.501046555870204,2879.35,0.553768115942029,322,7.3
21519,GIN & TONIC DIET GREETING CARD ,7017,437,11.549809342924828,2868.66,0.4139588100686499,181,9.51
21100,CHARLIE AND LOLA CHARLOTTE BAG,2221,160,29.19967516727223,2864.05,1.5760625,119,3.01
23035,DRAWER KNOB CERAMIC IVORY,2035,166,16.230136847718057,2863.39,1.453855421686747,110,2.76
21537,RED RETROSPOT PUDDING BOWL,686,166,5.602534241156379,2862.5,4.2379518072289155,133,0.93
23393,HOME SWEET HOME CUSHION COVER ,763,203,2.940980854258383,2861.25,3.75,165,1.03
22794,SWEETHEART WIRE MAGAZINE RACK,362,183,1.350442679365846,2851.5,7.93688524590164,130,0.49
22309,TEA COSY RED  STRIPE,1208,170,14.451734425842158,2850.93,2.5713529411764706,117,1.64
15039,SANDALWOOD FAN,4146,182,50.85833475759967,2848.9,0.8306593406593407,127,5.62
21192,WHITE BELL HONEYCOMB PAPER ,1845,119,31.770062112042645,2842.25,1.6298319327731092,96,2.5
22172,METAL SHELF WITH RAIL ,339,157,2.0770712681751093,2839.0,8.472929936305732,124,0.46
23390,DOLLY GIRL MINI BACKPACK,713,147,12.635215921794307,2838.9500000000003,4.139115646258504,116,0.97
84968D,S/16 VINTAGE RED CUTLERY,253,17,28.593885607200136,2836.95,12.43235294117647,12,0.34
23283,DOORMAT VINTAGE LEAVES DESIGN ,426,88,10.776609796419475,2833.7000000000003,7.66625,75,0.58
18098C,PORCELAIN BUTTERFLY OIL BURNER,1123,184,10.265076355649427,2832.85,2.891304347826087,104,1.52
85049D,BRIGHT BLUES RIBBONS ,2283,379,9.017441400816077,2826.39,1.2494986807387862,263,3.09
22071,SMALL WHITE RETROSPOT MUG IN BOX ,1125,161,21.579500566984787,2825.37,3.689565217391304,139,1.52
84279B,CHERRY BLOSSOM DECORATIVE FLASK,777,188,10.57129488623496,2820.15,3.7289361702127657,140,1.05
21206,STRAWBERRY HONEYCOMB  GARLAND ,2058,192,18.079060303731733,2819.7,1.6083333333333334,117,2.79
21990,MODERN FLORAL STATIONERY SET,1786,236,13.961027099665891,2818.3,1.805169491525424,170,2.42
22154,ANGEL DECORATION 3 BUTTONS ,6808,239,40.68167565651299,2816.16,0.41949790794979075,163,9.22
22944,CHRISTMAS METAL POSTCARD WITH BELLS,4185,107,53.576312546596895,2813.0299999999997,0.8347663551401869,89,5.67
23182,TOILET SIGN OCCUPIED OR VACANT,3378,258,14.091110899732568,2807.69,0.8792635658914728,140,4.58
22037,ROBOT BIRTHDAY CARD,6751,475,9.887929415376773,2806.0,0.4201052631578947,270,9.15
22972,CHILDREN'S SPACEBOY MUG,1722,187,8.151412012440632,2802.26,1.653422459893048,145,2.33
21706,"FOLDING UMBRELLA , RED/WHITE SPOT",900,90,20.81216152675474,2799.0,4.516666666666667,73,1.22
21354,TOAST ITS - BEST MUM,2401,170,31.631046642972468,2797.25,1.2229411764705882,123,3.25
23329,DECORATIVE WICKER HEART LARGE,1701,232,7.8628514389601,2794.65,1.6482758620689655,168,2.3
22710,WRAP I LOVE LONDON ,7104,168,67.2764555497912,2787.68,0.41583333333333333,112,9.63
84909A,PINK PAISLEY QUILT ,208,29,12.095066779232296,2784.8,17.329310344827586,24,0.28
21507,"ELEPHANT, BIRTHDAY CARD, ",6890,399,16.81530663105821,2782.92,0.41609022556390973,230,9.34
22712,CARD DOLLY GIRL ,7009,345,33.59006299967613,2777.73,0.42771014492753623,209,9.5
23056,FLOWERS CHANDELIER T-LIGHT HOLDER,863,37,58.5092841892322,2770.91,6.1529729729729725,32,1.17
47504K,ENGLISH ROSE GARDEN SECATEURS,2580,268,16.322898895154594,2769.64,1.3644776119402986,210,3.5
21796,SET OF 3 RED STRIPE BASKETS,323,66,28.019843950522905,2769.44,12.660757575757575,57,0.44
84279P,CHERRY BLOSSOM  DECORATIVE FLASK,749,216,2.4738381328748664,2762.67,3.7316666666666665,156,1.01
21626,VINTAGE UNION JACK PENNANT,1415,161,6.561640360733167,2759.25,1.95,136,1.92
23290,SPACEBOY CHILDRENS BOWL,2367,174,27.656819072696205,2757.15,1.2419540229885058,125,3.21
21239,PINK  SPOTTY CUP,3390,299,17.019617869583822,2756.7,0.8456521739130435,163,4.59
85114B,IVORY ENCHANTED FOREST PLACEMAT,1753,158,25.8764305059344,2756.45,1.6424050632911393,99,2.38
23345, DOLLY GIRL BEAKER,2394,135,55.3497967475943,2754.5,1.2437037037037038,100,3.24
23354,6 GIFT TAGS 50'S CHRISTMAS ,3343,269,15.272382208597094,2750.9300000000003,0.8295910780669145,235,4.53
22925,BLUE GIANT GARDEN THERMOMETER,465,172,3.3489789898889777,2743.77,5.982034883720931,130,0.63
22674,FRENCH TOILET SIGN BLUE METAL,2267,246,16.36990535182804,2741.48,1.2510569105691056,182,3.07
23051,RECYCLED ACAPULCO MAT BLUE,335,133,2.1234673751494797,2741.35,8.237969924812031,95,0.45
22095,LADS ONLY TISSUE BOX,2820,196,36.20132669422169,2741.16,0.8948979591836735,125,3.82
22955,36 FOIL STAR CAKE CASES ,1404,163,15.444974073002884,2740.04,2.0379754601226994,131,1.9
22963,JAM JAR WITH GREEN LID,3450,221,24.676869362425894,2733.6,0.8435294117647059,169,4.67
22480,RED TEA TOWEL CLASSIC DESIGN,2272,249,15.128100930090469,2730.56,1.245421686746988,197,3.08
21820,GLITTER HEART GARLAND WITH BELLS ,740,138,7.385072761538579,2724.71,3.763840579710145,112,1.0
84813,SET OF 4 DIAMOND NAPKIN RINGS,379,69,8.58114072426168,2722.47,10.521159420289855,53,0.51
16161U,WRAP SUKI AND FRIENDS,6676,208,42.14089989633391,2721.92,0.4185576923076923,148,9.05
22285,"DECORATION HEN ON NEST, HANGING",1837,130,43.270805536837386,2718.4500000000003,1.6403846153846153,105,2.49
22067,CHOC TRUFFLE GOLD TRINKET POT ,1765,182,18.11387843141445,2717.13,1.5999999999999999,108,2.39
22242,5 HOOK HANGER MAGIC TOADSTOOL,1757,97,39.25686677954672,2707.05,1.6355670103092783,77,2.38
22757,LARGE RED BABUSHKA NOTEBOOK ,2532,226,28.044776670978763,2703.73,1.1777433628318585,161,3.43
21272,SALLE DE BAIN HOOK,2179,235,16.469418722165287,2703.11,1.2497021276595746,167,2.95
21328,BALLOONS  WRITING SET ,1632,380,4.248541414674109,2691.4,1.6662105263157894,257,2.21
23190,BUNDLE OF 3 SCHOOL EXERCISE BOOKS  ,1678,180,13.366620459943261,2691.14,1.6513333333333333,145,2.27
21949,SET OF 6 STRAWBERRY CHOPSTICKS,2343,135,83.6113491784625,2682.79,1.2670370370370372,91,3.17
22949,36 DOILIES DOLLY GIRL,1929,131,42.5905467003246,2681.85,1.446946564885496,121,2.61
22667,RECIPE BOX RETRO SPOT DESIGN,952,176,18.224402079871677,2674.0,2.938636363636364,138,1.29
22162,HEART GARLAND RUSTIC PADDED,925,138,13.03471469413566,2671.15,2.9471014492753627,92,1.25
21728,METAL MEDINA LANTERN ,294,36,33.74060715856446,2670.6,12.386111111111111,33,0.4
22990,COTTON APRON PANTRY DESIGN,602,142,10.097348558275185,2670.54,4.760140845070423,117,0.82
84510A,SET OF 4 ENGLISH ROSE COASTERS,2166,310,8.742624887634124,2670.54,1.2598709677419355,200,2.93
23147,SINGLE ANTIQUE ROSE HOOK IVORY,1843,254,5.092956517957275,2669.95,1.4492125984251967,170,2.5
21682,LARGE MEDINA STAMPED METAL BOWL ,548,141,6.185342349436815,2667.21,4.980567375886524,116,0.74
90057,DIAMANTE RING ASSORTED IN BOX.,1800,34,70.10336142741274,2660.88,1.6276470588235294,29,2.44
22066,LOVE HEART TRINKET POT,3406,260,20.156281295806416,2654.64,1.014846153846154,185,4.62
84968A,SET OF 16 VINTAGE ROSE CUTLERY,218,69,4.843501372080632,2649.9,12.671739130434784,44,0.3
22436,12 COLOURED PARTY BALLOONS,4157,260,19.105778036519595,2637.85,0.6538461538461539,173,5.63
21329,DINOSAURS  WRITING SET ,1615,375,4.988685951458723,2635.99,1.6639733333333333,253,2.19
23427,STOOL HOME SWEET HOME ,227,107,5.716098221250048,2635.9,12.30373831775701,87,0.31
22754,SMALL RED BABUSHKA NOTEBOOK ,3671,382,18.49926452386042,2635.81,0.806151832460733,237,4.97
22277,COSMETIC BAG VINTAGE ROSE PAISLEY,1303,190,14.324501368625732,2633.42,2.134842105263158,147,1.77
23211,RED ROCKING HORSE HAND PAINTED,2206,118,26.84667082913897,2631.5,1.2411016949152542,82,2.99
21360,JOY LARGE WOOD LETTERS,433,92,19.09694069249599,2631.35,9.241847826086955,81,0.59
22482,BLUE TEA TOWEL CLASSIC DESIGN,2233,205,19.26818456404417,2627.09,1.2416585365853658,154,3.03
22755,SMALL PURPLE BABUSHKA NOTEBOOK ,3543,403,14.347195481935026,2624.6,0.8190322580645161,243,4.8
84596F,SMALL MARSHMALLOWS PINK BOWL,4174,419,13.574479029142548,2623.46,0.7151551312649164,216,5.66
21765,HANGING METAL BIRD BATH,338,121,4.07414071793448,2613.9,7.900413223140497,103,0.46
21508,VINTAGE KID DOLLY CARD ,6472,409,12.596230098896587,2611.57,0.4152078239608802,215,8.77
21683,MEDIUM MEDINA STAMPED METAL BOWL ,910,133,11.876793073726104,2607.7,2.9439849624060153,96,1.23
22046,TEA PARTY  WRAPPING PAPER ,6350,207,25.261286433590662,2603.0,0.4184541062801932,147,8.6
22675,FRENCH KITCHEN SIGN BLUE METAL,2146,229,16.711621361078343,2599.91,1.2775545851528385,179,2.91
22671,FRENCH LAUNDRY SIGN BLUE METAL,1618,191,17.04970930806935,2599.46,1.681204188481675,140,2.19
22167,"WALL MIRROR , DIAMANTE OVAL SHAPE",387,100,9.940890962650839,2591.85,9.321,65,0.52
23053,RECYCLED ACAPULCO MAT PINK,318,129,2.5496522790737655,2589.9,8.231395348837209,105,0.43
21897,POTTING SHED CANDLE CITRONELLA,857,102,34.11345653711066,2588.27,2.9407843137254908,86,1.16
85049B,LUSH GREENS RIBBONS,2092,319,9.743031232498682,2585.36,1.2488087774294672,224,2.83
85183B,CHARLIE & LOLA WASTEPAPER BIN FLORA,1696,155,25.72992565383069,2583.5,2.0251612903225804,124,2.3
22473,TV DINNER TRAY VINTAGE PAISLEY,732,166,9.434348776585596,2580.44,4.595722891566265,120,0.99
22177,5 HOOK BLACKBOARD ORGANISER ,300,102,10.688963058944514,2579.64,9.875294117647059,90,0.41
23164,REGENCY CAKE SLICE,564,80,10.469848208975495,2579.21,4.922625,70,0.76
21214,SET OF 72 IVORY PAPER DOILIES,1884,127,37.21660403029885,2578.2,1.4421259842519685,106,2.55
22696,WICKER WREATH LARGE,1360,252,7.855344936093501,2577.2599999999998,1.9676190476190476,203,1.84
21439,BASKET OF TOADSTOOLS,2123,165,34.497884935755856,2576.23,1.2488484848484849,112,2.88
79164,BLACK WINE GLASS,3624,68,152.56288733419782,2573.7599999999998,1.2999999999999998,43,4.91
85132B,CHARLIE AND LOLA TABLE TINS,893,100,14.575650790259623,2573.35,4.39,73,1.21
21589,SWALLOW GIANT TUBE MATCHES,1115,87,23.97019890848585,2573.25,2.503448275862069,73,1.51
23534,STOP FOR TEA WALL ART,518,41,33.03313192656804,2572.7,5.775853658536586,40,0.7
21096,SET/6 FRUIT SALAD  PAPER PLATES,15776,101,979.4201858222241,2572.34,0.5442574257425743,91,21.38
22080,RIBBON REEL POLKADOTS ,1588,197,13.699632989932317,2572.2,1.6479695431472081,167,2.15
22145,CHRISTMAS CRAFT HEART STOCKING ,1260,173,10.403801124254642,2566.0,2.091329479768786,153,1.71
85049F,BABY BOOM RIBBONS ,2074,300,10.297862665320483,2565.14,1.2493666666666667,206,2.81
23212,HEART WREATH DECORATION WITH BELL,2163,149,23.794049911135133,2562.63,1.238724832214765,103,2.93
23100,SILVER BELLS TABLE DECORATION,2090,219,10.284114832488681,2562.1,1.246164383561644,180,2.83
22773,GREEN DRAWER KNOB ACRYLIC EDWARDIAN,2106,174,15.564547296639638,2561.46,1.2504597701149427,95,2.85
22572,ROCKING HORSE GREEN CHRISTMAS ,3115,275,15.526119440175766,2560.39,0.846690909090909,211,4.22
21788,KIDS RAIN MAC BLUE,3213,181,26.51915577618649,2559.0299999999997,0.8476795580110498,141,4.35
23395,BELLE JARDINIERE CUSHION COVER,683,176,4.603411355060083,2555.73,3.7473863636363633,141,0.93
21499,BLUE SPOTS  WRAP,6350,196,31.360023481126206,2555.0,0.41673469387755097,152,8.6
22519,CHILDS GARDEN BRUSH PINK,1320,205,13.369281406194933,2554.98,2.0779024390243905,142,1.79
22372,AIRLINE BAG VINTAGE WORLD CHAMPION ,526,228,2.5624437433857645,2554.08,4.944649122807017,163,0.71
21742,LARGE ROUND WICKER PLATTER ,429,191,1.8882386041435577,2552.55,5.95,156,0.58
21240,BLUE  SPOTTY CUP,3123,299,16.24434227423277,2542.23,0.846086956521739,169,4.23
22905,CALENDAR IN SEASON DESIGN,935,144,11.232443349747356,2541.64,2.852013888888889,111,1.27
37340,MULTICOLOUR SPRING FLOWER MUG,13083,96,715.0732565066692,2539.31,0.5329166666666666,79,17.73
20956,PORCELAIN T-LIGHT HOLDERS ASSORTED,2120,145,24.99918581049669,2538.43,1.2639310344827588,117,2.87
22349,"DOG BOWL , CHASING BALL DESIGN",695,118,6.246754915920274,2537.13,3.722542372881356,104,0.94
21980,PACK OF 12 RED RETROSPOT TISSUES ,8425,346,46.99499464469974,2533.77,0.3173121387283237,262,11.42
22762,CUPBOARD 3 DRAWER MA CAMPAGNE,177,107,1.6546264683545888,2531.75,14.785514018691588,91,0.24
20985,HEART CALCULATOR,2131,224,20.951145373768327,2531.53,1.2602678571428572,162,2.89
23266,SET OF 3 WOODEN STOCKING DECORATION,1964,292,6.426984080451798,2529.64,1.3111301369863015,201,2.66
23146,TRIPLE HOOK ANTIQUE IVORY ROSE,778,214,3.328331994558196,2526.02,3.2825233644859817,151,1.05
22208,WOOD STAMP SET THANK YOU,2082,319,7.681866975103234,2525.87,1.2248902821316614,237,2.82
82600,N0 SINGING METAL SIGN,1197,35,59.60842814470411,2523.7799999999997,2.091142857142857,30,1.62
22132,RED LOVE HEART SHAPE CUP,3044,239,18.494877022388504,2521.88,0.85,154,4.12
22415,WHITE TISSUE REAM,317,204,1.6496108852198907,2520.15,7.95,156,0.43
84012,MAGIC SHEEP WOOL GROWING FROM PAPER,1781,156,17.93858998786382,2516.75,1.6448717948717946,127,2.41
22518,CHILDS GARDEN BRUSH BLUE,1304,202,13.603134517675521,2515.38,2.0763366336633666,141,1.77
22930,BAKING MOULD HEART MILK CHOCOLATE,1040,146,13.543742879486453,2513.12,2.5655479452054792,120,1.41
22179,SET 10 NIGHT OWL LIGHTS,388,103,5.021920348840759,2510.34,6.759126213592234,59,0.53
21688,SILVER PLATE CANDLE BOWL SMALL,850,108,7.455904757264155,2507.5,2.95,97,1.15
22974,CHILDRENS DOLLY GIRL MUG,1550,164,16.039179361092184,2502.54,1.6851219512195124,128,2.1
23333,IVORY WICKER HEART MEDIUM,2009,226,8.40852332478429,2498.65,1.2481415929203539,179,2.72
84944,SET OF 6 KASHMIR FOLKART BAUBLES,911,151,8.776800646054001,2493.75,3.2513245033112583,122,1.23
21111,"SWISS ROLL TOWEL, CHOCOLATE  SPOTS",1208,130,12.256588896485828,2493.3,2.621538461538462,109,1.64
22152,PLACE SETTING WHITE STAR,6129,227,53.37759962374592,2493.11,0.424273127753304,154,8.3
21327,SKULLS WRITING SET ,1512,337,5.013134507690781,2492.4,1.649406528189911,212,2.05
84519A,TOMATO CHARLIE+LOLA COASTER SET,1139,158,12.141445468185479,2488.89,2.340759493670886,96,1.54
84849D,HOT BATHS SOAP HOLDER,1518,228,14.581582099261558,2484.78,1.6868421052631577,122,2.06
21923,RED/CREAM STRIPE FRINGE HAMMOCK,325,108,3.3222427127524594,2483.75,7.875925925925926,80,0.44
22200,FRYING PAN PINK POLKADOT ,600,120,8.848871171420871,2483.0,4.229166666666667,66,0.81
84968C,S/16 VINTAGE PISTACHIO CUTLERY,215,30,18.809541476992806,2482.05,12.629999999999999,20,0.29
22365,DOOR MAT RESPECTABLE HOUSE,358,104,3.7099365997694864,2479.86,7.296538461538462,79,0.49
21239,PINK  POLKADOT CUP,3090,257,19.136216065905288,2477.52,0.8464591439688716,166,4.19
22927,GREEN GIANT GARDEN THERMOMETER,428,140,4.274352874697015,2474.6,5.935714285714286,101,0.58
22664,TOY TIDY DOLLY GIRL DESIGN,1304,178,11.661686053150056,2474.38,2.1019662921348314,107,1.77
22028,PENNY FARTHING BIRTHDAY CARD,6083,366,14.953279787071748,2474.29,0.42311475409836063,203,8.24
85035C,ROSE 3 WICK MORRIS BOX CANDLE,1302,174,22.830798622834646,2470.82,2.9387356321839078,129,1.76
21486,PINK HEART DOTS HOT WATER BOTTLE,841,170,10.558522043733134,2466.87,3.628235294117647,127,1.14
21188,3D HEARTS  HONEYCOMB PAPER GARLAND,856,98,8.60657986168909,2463.6,2.9295918367346943,69,1.16
21171,BATHROOM METAL SIGN ,1810,227,18.028718659490483,2461.2999999999997,1.4244493392070483,142,2.45
22576,SWALLOW WOODEN CHRISTMAS DECORATION,2905,260,16.064446887971396,2456.77,0.87,191,3.94
21465,PINK FLOWER CROCHET FOOD COVER,695,157,15.338991635052345,2456.36,3.7685350318471333,117,0.94
22479,DAISY GARDEN MARKER,1832,155,40.256558869935674,2453.7,1.251741935483871,129,2.48
21422,PORCELAIN ROSE SMALL,3056,108,56.29349977568903,2448.36,0.8716666666666667,71,4.14
47480,HANGING PHOTO CLIP ROPE LADDER,1556,99,28.93555132868047,2441.68,1.7518181818181815,62,2.11
22073,RETRO SPOT STORAGE JAR,675,123,6.412546428628825,2439.09,3.7148780487804878,95,0.91
22816,CARD MOTORBIKE SANTA,5948,301,16.700177385149527,2438.4,0.41760797342192685,258,8.06
21224,SET/4 SKULL BADGES,1956,211,7.313914298147124,2437.4,1.2472985781990522,140,2.65
22449,SILK PURSE BABUSHKA PINK,729,159,3.5708061827605784,2437.08,3.336289308176101,111,0.99
23681,LUNCH BAG RED VINTAGE DOILY,1547,119,24.88822470192599,2432.55,1.6415966386554621,105,2.1
22439,6 ROCKET BALLOONS ,3699,314,12.071914118233785,2431.95,0.6707006369426751,216,5.01
22914,BLUE COAT RACK PARIS FASHION,529,150,7.611979843409025,2429.19,4.925466666666667,117,0.72
15044C,PURPLE PAPER PARASOL,862,161,8.74529154594645,2428.5,2.932608695652174,100,1.17
23407,SET OF 2 TRAYS HOME SWEET HOME,248,118,1.7413514277757545,2426.72,9.925254237288135,103,0.34
22792,FLUTED ANTIQUE CANDLE HOLDER,2951,171,19.548533623744397,2421.25,0.8606432748538011,128,4.0
22291,"SPRING DEC , HANGING CHICK CREAM",1872,121,28.299609649888957,2419.2,1.405371900826446,76,2.54
22503,CABIN BAG VINTAGE PAISLEY,105,35,3.531372004659679,2417.15,26.92142857142857,29,0.14
79320,FLAMINGO LIGHTS,527,76,9.4492829023382,2416.85,4.8578947368421055,50,0.71
22081,RIBBON REEL FLORA + FAUNA ,1455,214,4.834519757130489,2411.87,1.6873831775700934,170,1.97
21324,HANGING MEDINA LANTERN SMALL,938,128,27.915256849268463,2410.7,2.9269531250000003,101,1.27
21821,GLITTER STAR GARLAND WITH BELLS ,651,109,7.131644031015377,2408.85,3.740091743119266,86,0.88
22650,CERAMIC PIRATE CHEST MONEY BANK,1689,223,8.961008919020559,2403.45,1.4455156950672645,150,2.29
23542,WALL ART 70'S ALPHABET ,334,55,18.338236259000187,2399.58,8.062000000000001,44,0.45
85041,SET/4 PINK ORCHID CANDLES IN BOWL,1818,82,91.87522468309456,2397.7799999999997,1.6186585365853656,64,2.46
21653,GLASS ETCHED T-LIGHT HOLDER LARGE,1203,104,21.709361956644432,2397.2999999999997,2.080769230769231,75,1.63
23264,SET OF 3 WOODEN SLEIGH DECORATIONS,1842,264,6.393278206203369,2396.7,1.3229924242424242,177,2.5
21693,SMALL HAMMERED SILVER CANDLEPOT ,810,99,6.095102812351522,2387.1,2.945959595959596,84,1.1
22202,MILK PAN PINK RETROSPOT,660,117,9.75073961691743,2385.7200000000003,3.7284615384615387,67,0.89
22500,SET OF 2 TINS JARDIN DE PROVENCE,553,178,2.8886803333756768,2383.85,4.551123595505618,155,0.75
23535,BICYCLE SAFTEY WALL ART,458,39,30.130171928796546,2371.94,5.782307692307692,38,0.62
21792,CLASSIC FRENCH STYLE BASKET GREEN ,478,132,3.9722900946283493,2368.1,5.598484848484849,110,0.65
22891,TEA FOR ONE POLKADOT,549,155,4.140767714873404,2362.0099999999998,4.497741935483871,108,0.74
22937,BAKING MOULD CHOCOLATE CUPCAKES,915,136,6.707063067327365,2358.89,2.6142647058823525,119,1.24
22651,GENTLEMAN SHIRT REPAIR KIT ,2923,152,38.32562996890033,2356.63,0.8756578947368421,112,3.96
22419,LIPSTICK PEN RED,5641,295,31.958710967958968,2350.86,0.432406779661017,191,7.64
21898,POTTING SHED ROSE CANDLE,760,92,39.54406905008316,2349.88,2.950652173913044,73,1.03
21813,GARLAND WITH STARS AND BELLS,484,89,5.746451585306155,2345.4,4.926404494382022,76,0.66
22197,"POPCORN HOLDER , SMALL ",3070,82,83.55483119676795,2344.2999999999997,0.8373170731707317,66,4.16
23292,SPACEBOY CHILDRENS CUP,1951,160,21.989562096480427,2343.07,1.2651875000000001,112,2.64
22146,EASTER CRAFT IVY WREATH WITH CHICK,1343,101,25.894225052878273,2342.85,1.9113861386138613,93,1.82
22231,JIGSAW TREE WITH BIRDHOUSE,1948,224,11.738434274026393,2340.58,1.1977678571428572,166,2.64
84754,S/15 SILVER GLASS BAUBLES IN BAG,1958,167,19.18070839008,2338.06,1.2431736526946109,129,2.65
21204,DAISIES  HONEYCOMB GARLAND ,1478,146,24.7093142876315,2337.9,1.6404109589041096,109,2.0
22540,MINI JIGSAW CIRCUS PARADE ,6063,151,100.70284658964849,2337.06,0.4154304635761589,114,8.22
22217,T-LIGHT HOLDER HANGING LACE,2176,174,16.980351489937203,2336.02,1.150632183908046,152,2.95
82597,BOMBS AWAY METAL SIGN,1153,165,8.211375125314435,2332.74,2.082606060606061,106,1.56
23131,MISTLETOE HEART WREATH CREAM,575,104,8.38278023575448,2332.13,4.2142307692307694,86,0.78
22939,APRON APPLE DELIGHT,492,112,7.916634491569108,2330.4,4.93125,87,0.67
22315,200 RED + WHITE BENDY STRAWS,1930,298,14.05668365782368,2325.86,1.2461744966442954,191,2.62
21191,LARGE WHITE HONEYCOMB PAPER BELL  ,1210,116,16.114386841216323,2323.7,2.068189655172414,96,1.64
22495,SET OF 2 ROUND TINS CAMEMBERT ,879,191,8.819762248348177,2322.33,2.8193193717277487,165,1.19
51014C,"FEATHER PEN,COAL BLACK",3843,176,31.679125311780318,2321.47,0.6531250000000001,108,5.21
22818,CARD CHRISTMAS VILLAGE,5574,288,12.810584011580818,2319.48,0.4189583333333333,252,7.55
23341,PINK DINER WALL CLOCK,281,98,4.13094371560366,2317.1,8.456632653061224,75,0.38
22270,HAPPY EASTER HANGING DECORATION,631,134,7.452934656258647,2314.41,3.741940298507463,104,0.86
22811,SET OF 6 T-LIGHTS CACTI ,891,70,25.178160209848436,2310.93,2.9921428571428574,51,1.21
21924,BLUE/CREAM STRIPE FRINGE HAMMOCK,304,113,3.059177194517982,2307.8,7.870353982300885,82,0.41
22155,STAR DECORATION RUSTIC,5487,236,28.54695646481872,2304.54,0.42,165,7.43
85206B,PINK FELT EASTER EGG BASKET,1474,163,21.508353155744896,2303.3,1.6377300613496932,138,2.0
22613,PACK OF 20 SPACEBOY NAPKINS,2962,232,23.738604560285804,2302.48,0.8442241379310345,166,4.01
37502,TEA TIME MUG IN GIFT BOX,806,150,9.574537447720786,2300.9,2.942,97,1.09
22758,LARGE PURPLE BABUSHKA NOTEBOOK  ,2292,224,25.41652375311197,2299.64,1.168125,151,3.11
21948,SET OF 6 CAKE CHOPSTICKS,1990,115,89.84208113314213,2298.31,1.318695652173913,71,2.7
84509F,SET OF 4 NEW ENGLAND PLACEMATS,2744,33,463.3095024665019,2298.0,3.659090909090909,29,3.72
21686,MEDINA STAMPED METAL STOOL,61,29,1.9702216624062328,2296.9500000000003,39.087931034482764,10,0.08
23570,TRADITIONAL PICK UP STICKS GAME ,1836,241,6.4932271342433525,2295.0,1.25,203,2.49
85036A,GARDENIA 1 WICK MORRIS BOXED CANDLE,605,161,5.503154092785708,2293.17,3.970993788819876,117,0.82
22911,PAPER CHAIN KIT LONDON,817,143,11.353241379697137,2292.99,2.955874125874126,115,1.11
22789,T-LIGHT HOLDER SWEETHEART HANGING,1201,184,5.814934668045094,2292.09,1.9741304347826087,138,1.63
20668,DISCO BALL CHRISTMAS DECORATION,20550,314,114.60463471910076,2292.04,0.1186624203821656,181,27.85
84912A,PINK ROSE WASHBAG,891,98,60.34421653113556,2291.25,3.732142857142857,59,1.21
21747,SMALL SKULL WINDMILL,1983,129,39.299147129629645,2289.03,1.2396124031007751,83,2.69
22581,WOOD STOCKING CHRISTMAS SCANDISPOT,2998,272,17.76993892293781,2282.2799999999997,0.8076470588235294,208,4.06
21431,GREEN GINGHAM FLOWER JEWELLERY BOX,1412,226,13.339352623606308,2281.7999999999997,1.6482300884955752,167,1.91
84968E,S/16 VINTAGE BLACK CUTLERY,199,27,16.24369261767625,2278.05,12.55,20,0.27
21784,SHOE SHINE BOX ,231,135,1.4755048044180323,2275.25,9.93925925925926,78,0.31
23437, 50'S CHRISTMAS GIFT BAG LARGE,1885,109,37.76567684107749,2272.25,1.2480733944954128,106,2.55
22933,BAKING MOULD EASTER EGG MILK CHOC,876,92,24.216731234158402,2272.2,2.922826086956522,82,1.19
21642,ASSORTED TUTTI FRUTTI PEN,4217,194,29.574144356554207,2270.85,0.6241752577319587,150,5.71
23412,HEART MIRROR ANTIQUE WHITE,351,72,13.285529033130025,2269.14,7.394583333333333,64,0.48
22805,BLUE DRAWER KNOB ACRYLIC EDWARDIAN,1848,148,16.467443240860817,2266.68,1.2461486486486486,89,2.5
21464,DISCO BALL ROTATOR BATTERY OPERATED,534,214,2.378991903025534,2265.5,4.2453271028037385,127,0.72
23526,WALL ART DOG LICENCE ,474,63,21.969081751302028,2265.18,5.846507936507936,57,0.64
21973,SET OF 36 MUSHROOM PAPER DOILIES,1614,161,17.924825769919984,2253.9,1.4413043478260867,117,2.19
84795C,OCEAN STRIPE HAMMOCK ,294,106,3.2198285043592434,2253.3,7.893396226415095,70,0.4
85015,SET OF 12  VINTAGE POSTCARD SET,2709,144,30.974378934042416,2250.87,1.3216666666666665,133,3.67
23048,SET OF 10 LANTERNS FAIRY LIGHT STAR,560,88,21.380613099486343,2248.14,4.192500000000001,81,0.76
23400,SHELF WITH 4 HOOKS HOME SWEET HOME,448,96,15.951681427074613,2247.36,6.153333333333333,76,0.61
23489,VINTAGE BELLS GARLAND,784,133,5.43315182522823,2246.56,2.886992481203008,116,1.06
21789,KIDS RAIN MAC PINK,2754,180,20.91240042702205,2245.68,0.8487777777777777,138,3.73
22537,MAGIC DRAWING SLATE DINOSAUR,5563,291,39.93667519752294,2244.3,0.41876288659793814,224,7.54
22153,ANGEL DECORATION STARS ON DRESS,5389,201,31.280090786345085,2243.2200000000003,0.41940298507462687,136,7.3
72799E,IVORY PILLAR CANDLE SILVER FLOCK,1132,133,24.142762433062487,2242.84,2.698571428571429,105,1.53
23196,VINTAGE LEAF MAGNETIC NOTEPAD,1593,215,9.53644788671456,2242.65,1.4434883720930232,159,2.16
85035B,CHOCOLATE 3 WICK MORRIS BOX CANDLE,916,98,31.56048097866159,2242.12,3.492857142857143,75,1.24
21616,4 PEAR BOTANICAL DINNER CANDLES,1081,160,8.956040001905043,2241.25,2.346875,126,1.46
21203,BUTTERFLIES  HONEYCOMB GARLAND,1445,109,30.187501604853814,2240.25,1.6334862385321098,85,1.96
85034B,3 WHITE CHOC MORRIS BOXED CANDLES,1105,113,10.14073690024048,2232.73,2.4595575221238937,95,1.5
21352,EUCALYPTUS & PINECONE  WREATH,742,83,8.276250767738773,2232.7,4.174096385542168,77,1.01
22642,SET OF 4 NAPKIN CHARMS STARS   ,959,135,8.285281027376087,2230.7000000000003,2.4238518518518517,113,1.3
21462,"NURSERY A,B,C PAINTED LETTERS",397,157,2.7678569641097837,2230.15,6.3780254777070065,131,0.54
22742,MAKE YOUR OWN PLAYTIME CARD KIT,960,163,11.909124075018669,2227.44,2.775276073619632,132,1.3
21823,PAINTED METAL HEART WITH HOLLY BELL,2268,179,14.248507328213956,2224.24,1.1527932960893854,136,3.07
85034C,3 ROSE MORRIS BOXED CANDLES,1237,165,8.71473677759315,2223.73,2.183818181818182,130,1.68
84031A,CHARLIE+LOLA RED HOT WATER BOTTLE ,716,135,8.834526969635952,2223.32,4.19162962962963,95,0.97
85199S,SMALL HANGING IVORY/RED WOOD BIRD,5336,303,31.460584306652038,2222.9900000000002,0.4319801980198019,188,7.23
21437,24 HANGING EASTER EGGS FLORAL TUB,654,103,22.128727109518323,2222.1,3.7344660194174755,88,0.89
22609,PENS ASSORTED SPACEBALL,6758,153,33.64633999992326,2221.1,0.4026797385620915,118,9.16
22072,TEA CUP AND SAUCER RETRO SPOT,614,105,18.615430402874097,2218.98,3.7397142857142858,67,0.83
22897,OVEN MITT APPLES DESIGN,1549,219,8.841320589803848,2214.61,1.528538812785388,167,2.1
22713,CARD I LOVE LONDON ,5625,241,48.17062121533302,2214.28,0.4191701244813278,148,7.62
84912B,GREEN ROSE WASHBAG,870,86,64.39481502778293,2212.5,3.729651162790698,56,1.18
23316,RED REFECTORY CLOCK ,235,95,2.4661198106525,2212.25,9.817368421052631,75,0.32
21809,CHRISTMAS HANGING TREE WITH BELL,2868,153,28.261357617165622,2202.69,0.9520915032679738,118,3.89
21323,HANGING MEDINA LANTERN LARGE,704,54,50.88164697218807,2201.25,4.1685185185185185,46,0.95
72800E,4 IVORY DINNER CANDLES SILVER FLOCK,1268,234,7.533888321455258,2200.2,2.2464529914529914,139,1.72
23498,CLASSIC BICYCLE CLIPS ,1587,89,66.29740772990918,2200.15,1.4402247191011237,77,2.15
23188,VINTAGE  2 METRE FOLDING RULER,1321,129,13.739072472445175,2197.69,1.7389922480620155,102,1.79
85183A,CHARLIE & LOLA WASTEPAPER BIN BLUE,1497,134,29.51933891903044,2194.75,2.109328358208955,104,2.03
84840,SWEETHEART CARRY-ALL BASKET,263,126,1.4860408676471386,2194.7,8.45952380952381,110,0.36
22451,SILK PURSE BABUSHKA RED,668,120,7.571211877877934,2194.6,3.3433333333333333,88,0.91
22731,3D CHRISTMAS STAMPS STICKERS ,1756,172,14.023469283257759,2192.68,1.3111046511627906,138,2.38
22281,EASTER TREE YELLOW BIRDS,423,98,16.016484381209114,2192.25,5.915816326530612,83,0.57
21873,IF YOU CAN'T STAND THE HEAT MUG,1943,150,52.36786973670618,2191.75,1.2633999999999999,98,2.63
23054,RECYCLED ACAPULCO MAT LAVENDER,266,109,1.505737131284446,2189.7,8.242660550458716,81,0.36
23330,DECORATIVE WICKER HEART MEDIUM,1751,202,10.001188294502976,2181.19,1.2489603960396038,158,2.37
23079,TOADSTOOL BEDSIDE LIGHT ,246,104,2.554484700217347,2180.7,8.936538461538461,82,0.33
21680,WOODLAND  STICKERS,2652,150,35.027184074102706,2179.3199999999997,0.8482666666666666,110,3.59
22711,WRAP CIRCUS PARADE,5302,178,32.07300003588649,2178.84,0.4191011235955056,148,7.18
22776,SWEETHEART 3 TIER CAKE STAND ,222,123,1.696952604153605,2174.1,9.92642276422764,99,0.3
21819,GLITTER CHRISTMAS STAR ,3780,240,20.035637704916656,2173.7599999999998,0.6609999999999999,178,5.12
85227,SET OF 6 3D KIT CARDS FOR KIDS,2575,270,14.45839173490473,2172.1299999999997,0.8636666666666667,206,3.49
22375,AIRLINE BAG VINTAGE JET SET BROWN,471,195,2.6664717084430203,2171.25,4.702307692307692,135,0.64
22566,FELTCRAFT HAIRBAND PINK AND PURPLE,2654,247,48.32944746815959,2170.1,0.871578947368421,185,3.6
20960,WATERMELON BATH SPONGE,1739,144,16.093728901209,2169.95,1.2486805555555556,85,2.36
79072,TEATIME CAKE TIN WITH HANDLE,230,63,2.7891421398143317,2168.5,9.71190476190476,41,0.31
85014C,BLUE/BROWN DOTS RUFFLED UMBRELLA,539,65,29.625117656371362,2167.85,5.843846153846155,55,0.73
21696,SMALL SILVER TRELLIS CANDLEPOT,734,95,4.51107880965027,2165.3,2.95,80,0.99
21681,GIANT MEDINA STAMPED METAL BOWL ,228,75,4.706062794632794,2164.2,9.892,62,0.31
22831,WHITE BROCANTE SOAP DISH,751,120,12.93909185527391,2157.85,2.9466666666666668,101,1.02
22306,SILVER MUG BONE CHINA TREE OF LIFE,1578,150,10.30456991212275,2157.17,1.4821333333333333,125,2.14
23401,RUSTIC MIRROR WITH LACE HEART,443,70,19.87039267795137,2155.51,6.0931428571428565,59,0.6
21615,4 LAVENDER BOTANICAL DINNER CANDLES,1116,137,13.212371734579923,2154.5,2.1806569343065694,115,1.51
35001W,HAND OPEN SHAPE DECO.WHITE,750,110,16.943068089838807,2154.2400000000002,3.3954545454545455,78,1.02
22824,3 TIER SWEETHEART GARDEN SHELF,61,48,0.7646326703505257,2153.9500000000003,35.7,47,0.08
23265,SET OF 3 WOODEN TREE DECORATIONS,1665,258,6.016818794552404,2153.71,1.31984496124031,180,2.26
22091,EMPIRE TISSUE BOX,3039,242,27.857647182900962,2152.81,0.8621074380165289,184,4.12
22539,MINI JIGSAW DOLLY GIRL,5512,171,52.37257046308596,2150.57,0.41087719298245606,138,7.47
22952,72 CAKE CASES VINTAGE CHRISTMAS,4293,99,71.43320764174649,2148.99,0.5394949494949496,93,5.82
23406,HOME SWEET HOME KEY HOLDER,434,94,17.120136155987264,2148.54,6.1423404255319145,65,0.59
22376,AIRLINE BAG VINTAGE JET SET WHITE,449,194,1.9472573879342685,2148.09,4.868247422680412,145,0.61
21126,SET OF 6 GIRLS CELEBRATION CANDLES,2197,213,30.326207988401666,2147.93,1.2210328638497652,169,2.98
22735,RIBBON REEL SOCKS AND MITTENS,1318,161,13.381519424631916,2146.38,1.698447204968944,133,1.79
22829,SWEETHEART WIRE WALL TIDY,223,103,1.7772918778830433,2146.35,9.865533980582525,83,0.3
22525,CHILDRENS GARDEN GLOVES PINK,1741,241,7.975457253071701,2145.85,1.2468464730290456,189,2.36
85034A,3 GARDENIA MORRIS BOXED CANDLES,819,117,9.470462247029646,2145.11,2.994273504273504,92,1.11
21012,ANTIQUE ALL GLASS CANDLESTICK,1470,143,29.723231677084772,2143.08,2.027692307692308,112,1.99
22524,CHILDRENS GARDEN GLOVES BLUE,1735,234,7.864406315033733,2142.91,1.2467521367521368,188,2.35
22325,MOBILE VINTAGE HEARTS ,439,156,3.978659990303895,2137.35,4.941025641025641,129,0.59
21468,BUTTERFLY CROCHET FOOD COVER,619,121,17.87884694391886,2136.67,3.798099173553719,91,0.84
84795B,SUNSET CHECK HAMMOCK,283,83,3.7385145888679334,2135.85,7.841566265060242,56,0.38
21744,SNOWFLAKE PORTABLE TABLE LIGHT ,708,158,3.7104114472816905,2134.04,3.0758227848101267,131,0.96
21330,WOODLAND ANIMAL  WRITING SET ,1357,129,37.16666449403826,2133.05,1.6453488372093024,101,1.84
23445,ICE CREAM BUBBLES,2647,95,32.532344143229636,2131.01,0.8265263157894737,81,3.59
22708,WRAP DOLLY GIRL,5300,158,64.63839593069356,2130.0,0.4184810126582279,115,7.18
23252,VINTAGE RED ENAMEL TRIM JUG ,578,123,6.323174860559088,2123.34,3.7425203252032517,104,0.78
23093,SMALL PARISIENNE HEART PHOTO FRAME ,915,123,13.52298973967666,2122.67,2.472845528455285,105,1.24
84818,DANISH ROSE PHOTO FRAME,1691,153,13.411891252518574,2122.61,1.7669934640522873,122,2.29
17091J,VANILLA INCENSE IN TIN,3931,166,37.66407164404286,2122.19,0.731987951807229,108,5.33
85107,CUT GLASS T-LIGHT HOLDER OCTAGON,1169,66,38.186894711915606,2118.21,2.265151515151515,56,1.58
22409,MONEY BOX BISCUITS DESIGN,1590,120,69.20742783276152,2112.8999999999996,1.2483333333333335,104,2.15
85035A,GARDENIA 3 WICK MORRIS BOXED CANDLE,613,158,5.947067569344826,2112.17,3.800379746835443,113,0.83
22452,MEASURING TAPE BABUSHKA PINK,749,126,9.63934068745829,2111.35,2.91,96,1.01
21611,SET OF 12 LILY BOTANICAL T-LIGHTS,735,137,7.740151154103137,2110.65,2.941240875912409,93,1.0
23232,WRAP VINTAGE LEAF DESIGN,5251,135,59.11388882362462,2109.42,0.4173333333333333,118,7.12
22021,BLUE FELT EASTER EGG BASKET,1305,213,8.093666713649936,2106.45,1.6434272300469481,161,1.77
23233,WRAP POPPIES  DESIGN,5175,159,49.90138352172586,2105.5,0.41861635220125787,130,7.01
22983,CARD BILLBOARD FONT,5122,335,18.96142581560221,2103.75,0.42713432835820897,225,6.94
23501,KEY RING BASEBALL BOOT UNION JACK,1770,87,29.524064912907164,2103.3,1.2379310344827588,77,2.4
85045,GREEN CHRISTMAS TREE STRING 20LIGHT,457,72,14.646212529901664,2102.55,4.891666666666667,60,0.62
47570,ENGLISH ROSE TABLE CLOTH,207,67,6.111914205142087,2096.55,10.61776119402985,47,0.28
22200,FRYING PAN PINK POLKADOT,549,109,9.103241796912126,2094.29,3.979724770642202,68,0.74
85199L,LARGE HANGING IVORY & RED WOOD BIRD,3303,191,22.334488453585156,2092.23,0.6474869109947644,136,4.48
23046,PAPER LANTERN 9 POINT DELUXE STAR,347,34,40.73549521498398,2091.55,6.623529411764706,31,0.47
84469,ROSE DES PADDED FLOOR CUSHION,653,39,22.293163866882633,2090.68,4.370769230769231,35,0.88
21125,SET 6 FOOTBALL CELEBRATION CANDLES,2045,206,21.89084982773488,2087.77,1.2209708737864078,162,2.77
85054,FRENCH ENAMEL POT W LID,843,163,5.272330629987833,2083.91,2.8583435582822085,107,1.14
21109,LARGE CAKE TOWEL CHOCOLATE SPOTS,829,68,18.4611389769592,2082.15,4.020588235294118,51,1.12
23526,DOG LICENCE WALL ART,408,29,34.75005758934874,2081.64,5.745172413793104,28,0.55
21245,GREEN  SPOTTY PLATE ,1284,133,16.178944937312046,2077.7999999999997,1.682781954887218,89,1.74
23504,PLAYING CARDS JUBILEE UNION JACK,1661,199,8.378988685897971,2073.73,1.2489447236180904,164,2.25
21826,EIGHT PIECE DINOSAUR SET,1691,197,15.910442601545197,2072.71,1.2471065989847716,136,2.29
23536,VILLAGE SHOW WALL ART,386,18,48.02845017428514,2072.42,5.735555555555556,17,0.52
22024,RAINY LADIES BIRTHDAY CARD,5155,292,17.69365749920828,2069.53,0.42068493150684927,170,6.99
21866,UNION JACK FLAG LUGGAGE TAG,1659,300,7.786604138735827,2068.4,1.2676333333333334,190,2.25
23436,VINTAGE CHRISTMAS GIFT BAG LARGE ,1781,83,46.9580251602089,2066.65,1.239879518072289,82,2.41
22716,CARD CIRCUS PARADE,5020,341,12.084814696471746,2066.43,0.42202346041055716,244,6.8
21638,ASSORTED TUTTI FRUTTI NOTEBOOK,982,121,7.779449512063421,2062.2,2.1,84,1.33
21421,PORCELAIN ROSE LARGE ,1767,91,33.39296863248839,2060.55,1.2353846153846153,60,2.39
23029,DRAWER KNOB CRACKLE GLAZE GREEN,1272,136,11.686351274038358,2060.4,1.6470588235294117,97,1.72
22223,CAKE PLATE LOVEBIRD PINK,559,127,5.590893733421134,2060.25,4.627952755905512,89,0.76
21651,HANGING GLASS ETCHED TEALIGHT,1301,108,21.39149287597268,2060.25,1.6370370370370368,81,1.76
22350,CAT BOWL ,862,98,22.962972967332043,2057.7,2.5270408163265303,84,1.17
20665,RED SPOTTY PURSE ,698,123,4.011246351748489,2051.9,2.9434959349593495,100,0.95
84670,JAPANESE CROCHETED ANIMAL,5092,175,44.72054662725393,2045.04,0.4158857142857143,114,6.9
21288,STRIPEY CHOCOLATE NESTING BOXES,851,130,7.3759629916145375,2036.85,2.7946153846153847,105,1.15
84691,PACK 20 DOLLY PEGS,2616,180,31.675801877474306,2036.4,0.8406111111111111,124,3.54
21531,RETRO SPOT SUGAR JAM BOWL,853,142,8.439603095498597,2034.75,2.5183098591549293,105,1.16
22363,GLASS JAR MARMALADE ,735,131,14.975144801705962,2034.29,2.9503053435114506,99,1.0
22191,EAU DE NIL DINER WALL CLOCK,244,116,2.065784661301019,2033.2,8.470689655172414,91,0.33
21811,CHRISTMAS HANGING HEART WITH BELL,1647,140,16.951734579137355,2031.3899999999999,1.2486428571428572,108,2.23
22342,HOME GARLAND PAINTED ZINC ,1608,115,11.474596356999408,2029.2,1.3465217391304347,109,2.18
22920,HERB MARKER BASIL,3370,197,108.64036254817343,2027.0,0.6489847715736041,138,4.57
22973,CHILDREN'S CIRCUS PARADE MUG,1254,118,10.958192977687089,2026.78,1.6710169491525422,87,1.7
21804,WHITE CHRISTMAS GARLAND STARS TREES,543,111,4.723926239419824,2025.45,3.7402702702702704,92,0.74
22400,MAGNETS PACK OF 4 HOME SWEET HOME,2440,227,23.94154821816269,2024.81,0.8241409691629956,159,3.31
21655,HANGING RIDGE GLASS T-LIGHT HOLDER,1302,70,21.332699265939475,2024.7,1.6454285714285712,56,1.76
21709,FOLDING UMBRELLA  CHOC/WHITE  SPOT,524,40,47.43351622574971,2023.8,4.6325,35,0.71
23438, RED SPOT GIFT BAG LARGE,1686,92,41.048379040864255,2023.5,1.247717391304348,82,2.28
21408,SPOTTY PINK DUCK DOORSTOP,580,139,10.283607370191662,2017.34,4.1441726618705035,114,0.79
22471,TV DINNER TRAY AIR HOSTESS ,553,122,7.192953882621001,2017.33,4.61344262295082,91,0.75
22714,CARD BIRTHDAY COWBOY,5097,253,36.53056933261655,2016.93,0.418498023715415,187,6.91
84676,BATH DUCK WATERING CAN,832,98,18.653235477320127,2016.52,2.8837755102040816,76,1.13
23543,KEEP CALM WALL ART ,269,20,39.54674116589261,2015.97,7.9465,19,0.36
22336,DOVE DECORATION PAINTED ZINC ,4442,158,47.30036488508003,2014.76,0.5811392405063291,136,6.02
51014L,"FEATHER PEN,LIGHT PINK",3238,165,26.230068278448908,2014.56,0.6444242424242425,111,4.39
21274,EMBOSSED HEART 3 DRAWER SHELF,159,90,1.3743231224656813,2012.85,12.73,61,0.22
22292,"SPRING DEC , HANGING CHICK  YELLOW",1550,93,42.52859225768343,2009.8999999999999,1.4413978494623654,80,2.1
21808,"CHRISTMAS GARLAND STARS,TREES",801,81,11.431316634578888,2008.75,3.3796296296296298,70,1.09
84990,60 GOLD AND SILVER FAIRY CAKE CASES,4201,167,58.8549345924228,2006.23,0.5397604790419162,112,5.69
21246,RED SPOTTY BIG BOWL,408,87,3.5349100999311185,2002.8,4.941954022988505,68,0.55
40018F,CHERRY DESIGN PAPERLANTERNS,1064,98,34.60886007767792,2000.4399999999998,1.9393877551020409,69,1.44
23326,HANGING MINI COLOURED BOTTLES,3369,55,66.09090770149916,1999.59,0.6192727272727273,52,4.57
22129,PARTY CONES CANDY TREE DECORATION,2510,99,37.98799840855033,1998.56,0.8394949494949495,92,3.4
23152,IVORY SWEETHEART WIRE LETTER RACK ,541,150,4.616714114714299,1998.51,3.7428,108,0.73
47503J,SET/3 FLORAL GARDEN TOOLS IN BAG,280,42,6.661380017671819,1994.0,7.7023809523809526,31,0.38
21077,SET/20 WOODLAND PAPER NAPKINS ,2745,170,38.007732281626396,1990.53,0.830235294117647,111,3.72
22454,MEASURING TAPE BABUSHKA RED,707,108,10.493775867092415,1989.65,2.924074074074074,79,0.96
21106,CREAM SLICE FLANNEL CHOCOLATE SPOT ,698,121,5.601726416291249,1982.3,2.9136363636363636,98,0.95
23302,KNEELING MAT HOUSEWORK  DESIGN,1473,190,23.29649855428929,1980.71,1.5788947368421054,140,2.0
23403,LETTER HOLDER HOME SWEET HOME,595,111,15.869234267367666,1980.31,3.7067567567567568,80,0.81
23268,SET OF 2 CERAMIC CHRISTMAS REINDEER,1434,78,48.19959335098997,1980.1799999999998,1.5176923076923077,68,1.94
22514,CHILDS GARDEN SPADE BLUE,1022,193,12.928925460294774,1978.6799999999998,2.0843005181347154,151,1.38
21905,MORE BUTTER METAL SIGN ,1520,195,25.209411071178238,1977.8500000000001,1.6186153846153846,132,2.06
21617,4 LILY  BOTANICAL DINNER CANDLES,778,145,6.514741609423039,1970.0,2.95,102,1.05
17084R,ASSORTED INCENSE PACK,10625,66,285.39961147212193,1968.45,0.20318181818181819,29,14.4
23031,DRAWER KNOB CRACKLE GLAZE PINK,1216,136,11.867643346750208,1968.0,1.6470588235294117,93,1.65
23424,GINGHAM RECIPE BOOK BOX,409,103,3.869073736949603,1966.95,4.926699029126214,87,0.55
23490,T-LIGHT HOLDER HANGING LOVE BIRD,533,95,5.481680781305119,1965.63,3.740315789473684,83,0.72
23020,GLASS  SONGBIRD STORAGE JAR,165,69,2.755835473320247,1965.3,12.343478260869565,65,0.22
22935,BAKING MOULD ROSE MILK CHOCOLATE,673,52,22.008388295248913,1964.25,3.1634615384615383,46,0.91
15058C,ICE CREAM DESIGN GARDEN PARASOL,413,71,6.866710293988629,1963.35,6.597887323943662,56,0.56
23352,ROLL WRAP 50'S RED CHRISTMAS ,1593,163,9.46618452964788,1961.01,1.2474233128834356,151,2.16
16237,SLEEPING CAT ERASERS,9730,345,32.7785822861554,1959.3,0.20797101449275363,209,13.18
23396,LE JARDIN BOTANIQUE CUSHION COVER,521,144,4.569580978445433,1948.23,3.7468055555555555,114,0.71
23227,FILIGREE HEART BUTTERFLY WHITE ,1592,87,18.938772180020404,1947.06,1.26816091954023,61,2.16
21187,WHITE BELL HONEYCOMB PAPER GARLAND ,1251,112,28.50537752107569,1946.55,1.6357142857142857,90,1.7
23374,RED SPOT PAPER GIFT BAG,2444,122,34.20693816487181,1944.08,0.8175409836065574,108,3.31
21504,SKULLS GREETING CARD,4838,285,16.98081229395666,1942.68,0.4090526315789474,158,6.56
23251,VINTAGE RED ENAMEL TRIM MUG ,1633,101,20.94710925494527,1940.45,1.2396039603960396,80,2.21
22023,EMPIRE BIRTHDAY CARD,4812,312,11.51626193234529,1939.47,0.4116666666666667,177,6.52
20703,BLUE PADDED SOFT MOBILE,459,165,1.957078233143227,1938.25,4.234848484848484,122,0.62
22190,LOCAL CAFE MUG,1164,125,15.624843741154143,1935.9299999999998,1.95896,88,1.58
22932,BAKING MOULD TOFFEE CUP CHOCOLATE,866,63,29.720726043951565,1935.6,2.5,50,1.17
23360,SET 8 CANDLES VINTAGE DOILY,1024,102,15.851365040153075,1932.0,1.9441176470588233,88,1.39
20674,GREEN POLKADOT BOWL,1599,187,11.888882350610679,1931.56,1.2513903743315506,118,2.17
23500,KEY RING BASEBALL BOOT ASSORTED ,1580,88,17.056302364983047,1928.8,1.2428409090909092,76,2.14
23213,STAR WREATH DECORATION WITH BELL,1594,124,19.213263350916215,1921.94,1.2432258064516128,95,2.16
21824,PAINTED METAL STAR WITH HOLLY BELLS,2304,168,13.312522967124371,1918.1599999999999,1.0639285714285716,137,3.12
22803,IVORY EMBROIDERED QUILT ,51,30,1.0553639672872464,1915.65,38.41,22,0.07
23231,WRAP DOILEY DESIGN,4675,162,23.899860256861817,1915.5,0.4185185185185185,124,6.33
22913,RED COAT RACK PARIS FASHION,425,105,8.98329748475657,1914.3899999999999,4.914952380952381,84,0.58
21359,RELAX LARGE WOOD LETTERS,202,69,4.236809428649979,1913.8999999999999,12.906521739130435,57,0.27
21612,SET 12 WILDFLOWER BOTANICAL T-LIGHT,676,98,10.047813318984499,1912.6,2.9255102040816325,76,0.92
10133,COLOURING PENCILS BROWN TUBE,3307,203,19.94545187700605,1910.79,0.655320197044335,153,4.48
22515,CHILDS GARDEN SPADE PINK,990,168,13.810104655296719,1908.48,2.081964285714286,139,1.34
22251,BIRDHOUSE DECORATION MAGIC GARDEN,1605,187,13.61321804698829,1906.69,1.2276470588235293,141,2.17
21811,HANGING HEART WITH BELL,4112,146,27.400233423939092,1906.58,0.5571232876712329,106,5.57
85162B,BLACK RETRODISC LAMPSHADE,977,13,82.5064100073909,1905.15,1.9499999999999997,5,1.32
84459B,YELLOW METAL CHICKEN HEART ,1341,141,19.49857761159465,1903.05,1.4831914893617022,115,1.82
23197,SKETCHBOOK MAGNETIC SHOPPING LIST,1318,181,11.412622114292324,1900.9399999999998,1.5450276243093921,113,1.79
23161,REGENCY CAKE FORK,1608,68,26.959208935802426,1896.6,1.2283823529411766,58,2.18
23145,ZINC T-LIGHT HOLDER STAR LARGE,2030,149,12.35427298333871,1896.54,0.9608724832214764,126,2.75
22859,EASTER TIN BUNNY BOUQUET,1188,134,16.573731841063754,1895.4,1.6455223880597014,115,1.61
23315,IVORY REFECTORY CLOCK,202,76,3.332877161768582,1894.6999999999998,9.83157894736842,63,0.27
22362,GLASS JAR PEACOCK BATH SALTS,658,177,9.120990933198682,1893.98,2.9753107344632768,133,0.89
16169E,WRAP 50'S  CHRISTMAS,4563,150,23.720766536953878,1892.46,0.41919999999999996,143,6.18
21348,PINK SPOTS CHOCOLATE NESTING BOXES ,816,116,12.413128417987114,1891.2,2.7655172413793103,91,1.11
21482,MUSHROOM BLUE HOT WATER BOTTLE,665,137,8.163350798813632,1889.75,2.938321167883212,104,0.9
20984,12 PENCILS TALL TUBE POSY,5821,231,52.307570315305306,1887.29,0.44865800865800864,178,7.89
84797A,PINK HAWAIIAN PICNIC HAMPER FOR 4,349,25,18.700445627488843,1883.55,10.23,21,0.47
84536A,ENGLISH ROSE NOTEBOOK A7 SIZE,4478,425,12.143567742384175,1881.58,0.4219294117647059,227,6.07
23291,DOLLY GIRL CHILDRENS CUP,1548,145,20.59661607812632,1880.1399999999999,1.2695172413793103,104,2.1
22852,DOG BOWL VINTAGE CREAM,444,137,2.8530828204027467,1878.42,4.245401459854015,104,0.6
20983,12 PENCILS TALL TUBE RED SPOTTY,2239,210,15.960926457697102,1878.1899999999998,0.8493809523809523,156,3.03
85176,SEWING SUSAN 21 NEEDLE SET,2408,174,48.61952640948395,1875.4999999999998,0.8789655172413793,115,3.26
22996,TRAVEL CARD WALLET VINTAGE TICKET,4540,298,32.90234285186004,1875.12,0.4193959731543624,155,6.15
22931,BAKING MOULD HEART WHITE CHOCOLATE,792,111,17.6900005069564,1873.51,2.5514414414414412,95,1.07
21846,PINK DIAMANTE PEN IN GIFT BOX,944,88,21.8772580563172,1873.42,4.232954545454546,51,1.28
23274,STAR T-LIGHT HOLDER WILLIE WINKIE,1139,99,12.712980460588332,1870.1100000000001,1.7453535353535352,85,1.54
71459,HANGING JAM JAR T-LIGHT HOLDERS,2413,69,49.999991474850084,1867.33,0.8508695652173913,61,3.27
22903,CALENDAR FAMILY FAVOURITES,684,50,37.77616136331136,1865.88,2.8118,35,0.93
16016,LARGE CHINESE STYLE SCISSOR,2307,105,36.43182704693825,1864.75,0.840095238095238,57,3.13
23491,VINTAGE JINGLE BELLS HEART,226,77,2.4243157598841556,1864.5,8.25,64,0.31
21476,STEEL SWEETHEART ROUND TABLE CREAM,127,74,1.1167500581312597,1864.0,14.883108108108107,53,0.17
21538,DAIRY MAID  PUDDING BOWL,1296,44,180.5785861967355,1860.0,3.6931818181818183,40,1.76
23289,DOLLY GIRL CHILDRENS BOWL,1553,142,20.67794754645134,1854.85,1.245774647887324,111,2.1
22451,SILK PURSE RUSSIAN DOLL RED,575,83,14.715002409628376,1854.25,3.3403614457831323,59,0.78
22405,MONEY BOX POCKET MONEY DESIGN,1573,194,7.6296146501960065,1854.05,1.210618556701031,171,2.13
22799,SWEETHEART WIRE FRUIT BOWL,241,96,2.550520242768508,1853.1,8.184375000000001,85,0.33
21245,GREEN POLKADOT PLATE ,1150,125,16.61324772583615,1852.9399999999998,1.69512,83,1.56
23068,ALUMINIUM STAMPED HEART,771,126,8.008602517650274,1852.5500000000002,2.476984126984127,100,1.04
85106,CUT GLASS HEXAGON T-LIGHT HOLDER,1022,45,77.65472011124344,1849.0,2.3779999999999997,40,1.38
72799F,IVORY PILLAR CANDLE GOLD FLOCK,1065,76,55.54229461615778,1846.9499999999998,2.698684210526316,62,1.44
22521,CHILDS GARDEN TROWEL PINK,2196,330,7.390254443184595,1846.32,0.8484242424242425,257,2.98
21085,SET/6 WOODLAND PAPER CUPS,13712,58,1671.770886200248,1843.1200000000001,0.6363793103448276,42,18.58
82567,"AIRLINE LOUNGE,METAL SIGN",892,290,3.0781802888953402,1840.91,2.077724137931035,136,1.21
22520,CHILDS GARDEN TROWEL BLUE ,2185,334,7.282154165509567,1840.09,0.8484431137724551,256,2.96
21627,ELEPHANT CARNIVAL POUFFE,130,54,3.779380594746194,1837.8999999999999,14.827777777777776,31,0.18
23094,LE GRAND TRAY CHIC SET,147,74,1.7788193964032333,1837.5,12.5,65,0.2
21070,VINTAGE BILLBOARD MUG ,1908,166,36.67411720247992,1836.16,1.252710843373494,107,2.59
22199,FRYING PAN RED RETROSPOT,508,131,4.952113613651568,1834.5,3.9064885496183206,95,0.69
21619,4 VANILLA BOTANICAL CANDLES,1052,169,11.010129432790343,1832.5,2.2115384615384617,138,1.43
23357,HOT WATER BOTTLE SEX BOMB,432,89,5.970668003204866,1832.0,4.479213483146068,79,0.59
23066,SMALL DECO JEWELLERY STAND,229,70,6.102794391004992,1831.65,8.227142857142857,63,0.31
20770,ABSTRACT CIRCLE JOURNAL ,902,114,15.68131823715795,1831.2,2.4328947368421048,94,1.22
23235,STORAGE TIN VINTAGE LEAF,702,93,12.48086895058076,1831.1,2.7493548387096776,86,0.95
21692,SILVER LATTICE VANILLA CANDLE POT,493,113,5.985192959806629,1830.03,3.7436283185840704,81,0.67
21389,IVORY HANGING DECORATION  BIRD,2153,201,8.230815172749303,1826.9299999999998,0.8493532338308457,149,2.92
21058,PARTY INVITES WOODLAND,2216,211,18.085083147532682,1824.32,0.853696682464455,148,3.0
22695,WICKER WREATH SMALL,1378,189,8.373271402744233,1822.02,1.3874603174603175,151,1.87
22133,PINK LOVE HEART SHAPE CUP,2198,172,19.33357601952381,1819.9399999999998,0.8568023255813954,109,2.98
23075,PARLOUR CERAMIC WALL HOOK,443,72,7.282353207007463,1819.25,4.144444444444445,56,0.6
20686,DOLLY MIXTURE CHILDREN'S UMBRELLA,561,160,3.3999572231863238,1817.63,3.264875,117,0.76
21091,SET/6 WOODLAND PAPER PLATES,13668,35,2187.6737896871264,1817.16,0.8165714285714285,31,18.52
79323G,GOLD  CHERRY LIGHTS,300,51,7.232280577586932,1817.0,6.54607843137255,37,0.41
20674,GREEN SPOTTY BOWL,1497,176,11.040702440950502,1816.53,1.2456818181818183,119,2.03
22522,CHILDS GARDEN FORK BLUE ,2185,312,12.729816228264077,1815.1299999999999,0.8479166666666667,249,2.96
21761,WOOD AND GLASS MEDICINE CABINET,65,24,4.62017472534899,1814.75,29.575,21,0.09
85114A,BLACK ENCHANTED FOREST PLACEMAT,1179,83,24.850165154353572,1813.35,1.630722891566265,46,1.6
21741,COSY SLIPPER SHOES LARGE GREEN,618,134,5.257161885861353,1803.8999999999999,2.9440298507462686,108,0.84
23367,SET 12 COLOUR PENCILS SPACEBOY ,2778,234,25.986803670419956,1803.3,0.6495726495726496,184,3.76
21613,S/12 VANILLA  BOTANICAL T-LIGHTS,620,138,5.37396586800979,1802.6,2.9384057971014492,111,0.84
84856S,SMALL TAHITI BEACH BAG,457,29,39.53628999540783,1802.49,4.534137931034483,25,0.62
21287,SCENTED VELVET LOUNGE CANDLE ,4077,83,99.58687806479196,1799.82,0.6630120481927712,67,5.52
47591C,BLUE FAIRY CAKE CHILD'S APRON,991,142,11.721634425924716,1792.6499999999999,1.9288732394366195,108,1.34
84969,BOX OF 6 ASSORTED COLOUR TEASPOONS,418,105,3.653188681930834,1790.74,4.356285714285714,62,0.57
22496,SET OF 2 ROUND TINS DUTCH CHEESE,698,175,4.922372770786594,1790.54,2.8343428571428575,153,0.95
84327A,PINK JUMPER LARRY THE LAMB,949,117,16.990757009468094,1788.72,2.0614529914529913,78,1.29
84828,JUNGLE POPSICLES ICE LOLLY HOLDERS,1467,137,9.67878257410447,1788.15,1.243065693430657,92,1.99
21841,BABY MOUSE RED GINGHAM DRESS,427,125,4.267627579966452,1785.25,4.23,106,0.58
22523,CHILDS GARDEN FORK PINK,2122,319,8.86168634226969,1783.4199999999998,0.8483699059561128,248,2.88
21112,SWISS ROLL TOWEL PINK  SPOTS,666,27,58.54715390836031,1782.1799999999998,3.1581481481481486,21,0.9
20684,STRAWBERRY DREAM CHILDS UMBRELLA,560,158,5.243855897281164,1781.0,3.240506329113924,117,0.76
84763,ZINC FINISH 15CM PLANTER POTS,1467,149,14.415515680239352,1778.27,1.2461744966442954,106,1.99
21983,PACK OF 12 BLUE PAISLEY TISSUES ,6000,265,34.98522108952116,1776.84,0.3190566037735849,208,8.13
20931,BLUE POT PLANT CANDLE ,611,103,8.561498558494565,1776.25,3.3859223300970873,91,0.83
23371,SET 36 COLOUR PENCILS SPACEBOY ,1498,134,21.870036750373476,1775.22,1.2443283582089553,98,2.03
85162C,WHITE RETRODISC LAMPSHADE,898,41,26.63531948189169,1775.1,2.145121951219512,11,1.22
47585A,PINK FAIRY CAKE CUSHION COVER,913,83,39.883672311776536,1773.75,3.2078313253012047,66,1.24
84968C,SET OF 16 VINTAGE PISTACHIO CUTLERY,139,67,2.06201896381825,1772.25,12.75,50,0.19
23005,TRAVEL CARD WALLET I LOVE LONDON,4346,178,52.445356871444766,1767.72,0.4193258426966292,105,5.89
22291,HANGING CHICK CREAM DECORATION,1218,93,11.523194488517337,1766.1,1.45,73,1.65
21082,SET/20 FRUIT SALAD PAPER NAPKINS ,7062,119,395.8443547267843,1764.3,0.8332773109243697,94,9.57
22338,STAR DECORATION PAINTED ZINC ,5509,185,40.0473845366413,1763.25,0.43270270270270267,143,7.46
21557,SET OF 6 FUNKY BEAKERS,609,135,10.541224451425144,1758.39,3.0433333333333334,71,0.83
21540,DAIRY MAID BUTTER DISH,1193,34,187.85638738578982,1758.25,4.132352941176471,31,1.62
22454,MEASURING TAPE RUSSIAN DOLL RED,647,57,50.32767317010385,1755.05,2.942982456140351,46,0.88
22832,BROCANTE SHELF WITH HOOKS,165,74,1.9762098586449273,1752.95,10.728378378378379,68,0.22
85217,ASSORTED ICE CREAM FRIDGE MAGNETS,2811,137,26.235108434226124,1751.9099999999999,0.6447445255474452,96,3.81
23028,DRAWER KNOB CRACKLE GLAZE BLUE,1079,112,13.252907575398657,1751.79,1.6610714285714285,87,1.46
85216,ASSORTED CAKES FRIDGE MAGNETS,2790,150,25.557147439315276,1744.3799999999999,0.646,114,3.78
21424,WOODLAND STORAGE BOX LARGE ,782,61,21.363136627316152,1739.54,2.7686885245901642,51,1.06
21445,12 PINK ROSE PEG PLACE SETTINGS,1458,115,41.51379982483249,1733.58,1.2450434782608697,88,1.98
35001G,HAND OPEN SHAPE GOLD,600,62,18.111471044479764,1731.42,3.7051612903225806,46,0.81
22858,EASTER TIN KEEPSAKE,1086,113,18.592641415124508,1727.1,1.6446902654867257,104,1.47
23228,FILIGREE HEART BIRD WHITE ,1397,79,20.21585079026589,1726.3,1.3925316455696204,58,1.89
22853,CAT BOWL VINTAGE CREAM,536,123,3.4785763087905526,1726.2,3.2434959349593493,96,0.73
21200,MULTICOLOUR HONEYCOMB PAPER GARLAND,1287,76,31.585792386795593,1724.35,1.5684210526315787,64,1.74
22948,METAL DECORATION NAUGHTY CHILDREN ,1971,136,15.474230106393692,1724.31,0.9066911764705883,93,2.67
21088,SET/6 FRUIT SALAD PAPER CUPS,16503,105,976.8093513020896,1723.3300000000002,0.3534285714285714,95,22.36
23090,VINTAGE GLASS T-LIGHT HOLDER,2129,125,22.69749737519038,1722.7900000000002,0.8575999999999999,96,2.88
20764,ABSTRACT CIRCLES SKETCHBOOK ,597,145,9.438031403932133,1721.88,3.6902068965517243,107,0.81
20772,GARDEN PATH JOURNAL,926,131,14.659305702781767,1721.56,2.3989312977099235,105,1.25
84031B,CHARLIE LOLA BLUE HOT WATER BOTTLE ,544,111,8.254976410907274,1720.04,4.184774774774775,80,0.74
22466,FAIRY TALE COTTAGE NIGHT LIGHT,912,82,14.423395127706126,1717.1999999999998,1.9390243902439024,74,1.24
23359,SET OF 12 T-LIGHTS VINTAGE DOILY,915,70,12.043786573626084,1715.85,1.9285714285714286,67,1.24
21280,VINTAGE KITCHEN PRINT VEGETABLES,3316,53,241.4376420076814,1714.2,2.3264150943396227,44,4.49
20871,OPULENT VELVET SET/3 CANDLES,1202,78,33.24737501499849,1713.3,1.8384615384615386,72,1.63
23148,MINIATURE ANTIQUE ROSE HOOK IVORY,2065,237,6.5466026418536645,1711.5500000000002,0.829620253164557,142,2.8
23128,FELTCRAFT BOY JEAN-PAUL KIT,349,117,2.388849477738495,1711.23,4.9796581196581196,103,0.47
21039,RED SPOTTY SHOPPING BAG,671,103,4.982054221707879,1708.3500000000001,2.545631067961165,80,0.91
21947,SET OF 6 HEART CHOPSTICKS,1371,174,12.306412050484436,1708.17,1.3034482758620691,122,1.86
22074,6 RIBBONS SHIMMERING PINKS ,1741,156,17.2003363788832,1707.59,1.391153846153846,127,2.36
22210,WOOD STAMP SET BEST WISHES,1461,234,9.929173079645636,1707.56,1.2158547008547007,179,1.98
20716,PARTY FOOD SHOPPER BAG,1392,172,9.095500985371537,1705.8,1.2444767441860465,121,1.89
22098,BOUDOIR SQUARE TISSUE BOX,2762,240,29.471352186845113,1702.83,0.8666666666666667,161,3.74
22533,MAGIC DRAWING SLATE BAKE A CAKE ,4399,201,51.335093657224576,1699.26,0.4159701492537313,162,5.96
22227,HANGING HEART MIRROR DECORATION ,2607,230,12.028572559235645,1691.55,0.6617391304347827,109,3.53
22706,WRAP COWBOYS  ,4215,123,43.493371111788214,1690.3,0.4173983739837398,109,5.71
21640,ASSORTED TUTTI FRUTTI  FOB NOTEBOOK,2002,144,16.312644477593746,1689.2199999999998,0.8490972222222222,99,2.71
85172,HYACINTH BULB T-LIGHT CANDLES,4178,140,43.407268467467325,1688.52,0.4174285714285714,110,5.66
22227,"DECORATION, HANGING HEART+MIRROR ",2608,171,11.612920576694108,1688.0,0.6482456140350877,113,3.53
23358,HOT STUFF HOT WATER BOTTLE,527,67,6.768679031387232,1686.15,3.437761194029851,61,0.71
23073,GEORGIAN TRINKET BOX,141,59,3.750939878320809,1681.5,12.408474576271187,49,0.19
21677,HEARTS  STICKERS,1973,197,6.473239385062989,1677.83,0.875736040609137,144,2.67
21695,SMALL SILVER FLOWER CANDLE POT,572,75,6.446816380310629,1677.8,2.9286666666666665,65,0.78
23109,LED TEA LIGHTS,595,55,13.545657919970095,1676.35,2.8754545454545455,54,0.81
22513,DOORSTOP FOOTBALL DESIGN,556,144,10.342803390453767,1675.96,3.7363888888888885,106,0.75
22614,PACK OF 12 SPACEBOY TISSUES,5427,303,14.599350668156712,1673.6499999999999,0.3218811881188119,222,7.35
23155,KNICKERBOCKERGLORY MAGNET ASSORTED ,2094,111,20.067833368800333,1669.38,0.8220720720720721,84,2.84
90167,BEADED LOVE HEART JEWELLERY SET,2098,75,54.442127302533144,1667.86,0.8413333333333334,53,2.84
85221,ASSORTED COLOUR SILK COIN PURSE,3551,44,123.28574853896065,1667.5900000000001,0.8854545454545455,35,4.81
21547,CERAMIC BIRDHOUSE CRESTED TIT SMALL,684,92,27.323581711310087,1662.45,2.9206521739130435,69,0.93
21241,GREEN SPOTTY CUP,2029,206,14.5930713515188,1662.25,0.8468446601941747,125,2.75
22753,SMALL YELLOW BABUSHKA NOTEBOOK ,2176,336,9.043148560759615,1662.09,0.8096726190476191,205,2.95
22586,FELTCRAFT HAIRBAND PINK AND BLUE,1975,240,11.803551666283893,1660.03,0.8494583333333333,184,2.68
22354,RETRO SPOT PADDED SEAT CUSHION,467,52,9.28733141902871,1657.65,3.666923076923077,45,0.63
85059,FRENCH ENAMEL WATER BASIN,536,144,3.8238201607294013,1655.31,3.5215972222222223,108,0.73
21647,ASSORTED TUTTI FRUTTI LARGE PURSE,788,113,6.55806506877376,1654.8,2.1,91,1.07
84797B,BLUE SAVANNAH PICNIC HAMPER FOR 4,310,24,16.46581878941333,1654.5,8.450000000000001,22,0.42
84509B,SET OF 4 FAIRY CAKE PLACEMATS,459,119,4.082384053976874,1654.05,3.723109243697479,87,0.62
85049H,URBAN BLACK RIBBONS ,1627,214,11.701939632521539,1653.3,1.186588785046729,154,2.2
84968A,S/16 VINTAGE ROSE CUTLERY,133,48,3.6216816555551095,1652.55,12.7125,29,0.18
23160,REGENCY TEA SPOON,1392,60,25.593828705307267,1651.8,1.2289999999999999,50,1.89
22453,MEASURING TAPE BABUSHKA BLUE,585,82,10.914665855799338,1651.35,2.925609756097561,61,0.79
84581,DOG TOY WITH PINK CROCHET SKIRT,441,179,1.755431325210588,1650.19,3.748212290502793,125,0.6
21123,SET/10 IVORY POLKADOT PARTY CANDLES,1320,118,13.176610430479524,1647.06,1.239322033898305,78,1.79
84796B,BLUE SAVANNAH PICNIC HAMPER FOR 2,230,32,8.935025317219578,1645.3,10.325,28,0.31
22307,GOLD MUG BONE CHINA TREE OF LIFE,1153,102,12.020435747432122,1640.4099999999999,1.541078431372549,87,1.56
85060,WOOD FAN WITH FLOWER DESIGN,1391,74,30.355419605807626,1638.43,1.232027027027027,53,1.88
22279,POCKET BAG BLUE PAISLEY RED SPOT,1073,124,15.446758470085229,1636.86,1.5763709677419355,108,1.45
22438,BALLOON ART MAKE YOUR OWN FLOWERS,1323,136,19.96495704488045,1636.65,1.7183823529411764,117,1.79
22416,SET OF 36 DOILIES SPACEBOY DESIGN ,1188,95,28.431655149809178,1636.1999999999998,1.443684210526316,79,1.61
35953,FOLKART STAR CHRISTMAS DECORATIONS,3300,109,18.734930516943095,1636.1599999999999,0.6345871559633027,98,4.47
22319,HAIRCLIPS FORTIES FABRIC ASSORTED,2957,163,17.525247149809186,1635.01,0.6189570552147239,141,4.01
35971,ROSE FOLKART HEART DECORATIONS,1836,129,34.05292563328512,1633.45,1.2735658914728683,91,2.49
21357,TOAST ITS - DINOSAUR,1310,169,10.612650282232114,1630.42,1.246508875739645,105,1.78
21394,RED POLKADOT BEAKER ,3876,116,26.906947208777737,1629.52,0.46534482758620693,90,5.25
21593,SWALLOW CIGAR BOX MATCHES ,1390,95,58.967183919492854,1628.06,1.248,69,1.88
20846,ZINC HEART LATTICE T-LIGHT HOLDER,1321,131,9.948357551289119,1627.97,1.254885496183206,105,1.79
21643,ASSORTED TUTTI FRUTTI MIRROR,1320,103,11.790447756149922,1627.2,1.2444660194174757,76,1.79
21652,GLASS ETCHED T-LIGHT HOLDER MEDIUM,867,73,8.363188529169314,1625.85,1.9253424657534244,64,1.17
22211,WOOD STAMP SET FLOWERS,1281,208,6.41170593979033,1625.28,1.2276442307692308,161,1.74
23434,3 RAFFIA RIBBONS 50'S CHRISTMAS ,1782,135,18.49800311933656,1624.5,0.9046666666666667,129,2.41
84507B,STRIPES DESIGN MONKEY DOLL,1319,90,47.2497930822676,1622.85,2.3649999999999998,52,1.79
21687,SILVER PLATE CANDLE BOWL LARGE,446,83,9.302125174668806,1619.58,3.7326506024096386,55,0.6
21158,MOODY GIRL DOOR HANGER ,2509,271,24.956103596870516,1614.31,0.9521771217712178,184,3.4
23270,SET OF 2 CERAMIC PAINTED HEARTS ,1157,121,19.551169002553042,1612.85,1.4433884297520663,96,1.57
21161,KEEP OUT BOYS DOOR HANGER ,2285,166,77.85876246786003,1611.1699999999998,1.3766867469879518,120,3.1
22184,CAKE STAND VICTORIAN FILIGREE LARGE,268,71,4.697103007169393,1609.2,7.590845070422536,60,0.36
22035,VINTAGE CARAVAN GREETING CARD ,3930,244,12.777492671247064,1608.22,0.4209016393442623,152,5.33
23096,PETIT TRAY CHIC,993,117,11.821674559465777,1606.73,1.728974358974359,89,1.35
21865,PINK UNION JACK  PASSPORT COVER ,765,209,3.748641024767868,1601.58,2.0960765550239238,129,1.04
23214,JINGLE BELL HEART ANTIQUE GOLD,760,92,7.525589408069229,1599.8700000000001,2.1882608695652173,78,1.03
79323S, SILVER CHERRY LIGHTS,264,35,23.834407724897186,1594.8,6.712857142857143,31,0.36
22026,BANQUET BIRTHDAY  CARD  ,3880,261,9.252090514998791,1592.88,0.41402298850574715,140,5.26
22922,FRIDGE MAGNETS US DINER ASSORTED,1968,99,25.14053265524101,1592.7,0.8517171717171717,82,2.67
21659,GLASS CAKE STAND,110,56,2.123156190154697,1591.7,14.87142857142857,45,0.15
22161,HEART DECORATION RUSTIC HANGING ,5388,238,36.506338642128824,1590.98,0.3471848739495798,156,7.3
22535,MAGIC DRAWING SLATE BUNNIES ,3995,254,25.065941170064878,1588.6200000000001,0.417755905511811,201,5.41
35160,BUDDHA INCENSE HOLDER ASSORTED,2176,53,75.39700440242447,1587.24,0.8152830188679245,33,2.95
22928,YELLOW GIANT GARDEN THERMOMETER,259,91,3.9970074275723295,1583.17,6.3682417582417585,64,0.35
84459A,PINK METAL CHICKEN HEART ,1126,110,22.107712661707236,1582.7,1.4812727272727273,96,1.53
85231B,CINAMMON SET OF 9 T-LIGHTS,1868,291,7.649848372100421,1581.56,0.865189003436426,181,2.53
20990,SPRING FLOWER CHOPSTICKS SET/5,857,90,17.86543192670108,1581.1499999999999,1.94,54,1.16
22254,FELT TOADSTOOL LARGE,1294,114,18.51140880270573,1581.02,1.2483333333333333,95,1.75
79302M,"ART LIGHTS,FUNK MONKEY",589,77,9.954853661149464,1579.95,2.8564935064935066,40,0.8
21163,DO NOT TOUCH MY STUFF DOOR HANGER ,2734,223,50.17882053837606,1577.34,1.0295964125560537,158,3.7
22673,FRENCH GARDEN SIGN BLUE METAL,1280,169,8.86046779500671,1577.34,1.2609467455621302,130,1.73
85036C,ROSE 1 WICK MORRIS BOXED CANDLE,862,123,20.394669801465504,1575.68,3.0126016260162602,99,1.17
84509G,SET OF 4 FAIRY CAKE PLACEMATS ,686,104,12.931123912715572,1574.7,3.277884615384615,84,0.93
84535B,FAIRY CAKES NOTEBOOK A6 SIZE,2566,254,16.709721033177935,1570.97,0.6568503937007875,141,3.48
23101,SILVER STARS TABLE DECORATION,1942,191,12.080135661371283,1569.6200000000001,0.8265445026178011,175,2.63
22163,HEART STRING MEMO HOLDER HANGING,961,109,9.483089371607834,1569.19,2.2167889908256884,86,1.3
20996,JAZZ HEARTS ADDRESS BOOK,6123,271,64.76222465906156,1568.46,0.3014760147601476,179,8.3
23217,LAUREL HEART ANTIQUE SILVER,1290,86,26.437940651313085,1567.0,1.4022093023255815,64,1.75
21793,CLASSIC FRENCH STYLE BASKET BROWN,344,94,4.956918032014984,1564.44,4.999148936170213,81,0.47
85173,SET/6 FROG PRINCE T-LIGHT CANDLES,954,103,18.09991938290385,1563.27,2.317961165048543,70,1.29
10125,MINI FUNKY DESIGN TAPES,1970,126,20.154444938862763,1562.7,0.8158730158730159,87,2.67
23370,SET 36 COLOURING PENCILS DOILY,1289,104,21.585871983903072,1562.6100000000001,1.246346153846154,84,1.75
22286,"DECORATION , WOBBLY RABBIT , METAL ",1066,99,29.833151086185808,1561.5,1.6414141414141414,88,1.44
21123,SET/10 IVORY SPOTTY PARTY CANDLES,1252,75,12.892458861500995,1555.88,1.2449333333333334,60,1.7
22705,WRAP GREEN PEARS ,3700,147,2.0619652471058054,1554.0,0.42,114,5.01
22410,MONEY BOX HOUSEKEEPING DESIGN,1304,168,7.061100400442332,1552.73,1.219107142857143,134,1.77
23122,PARTY CHARMS 50 PIECES,2091,97,63.72548042714236,1552.65,0.8202061855670103,89,2.83
23244,ROUND STORAGE TIN VINTAGE LEAF,853,96,15.607602595271631,1552.51,1.9766666666666666,80,1.16
22602,RETROSPOT WOODEN HEART DECORATION,1850,169,13.323028914801538,1552.22,0.8615384615384615,132,2.51
21281,VINTAGE KITCHEN PRINT SEAFOOD,3644,37,351.25502144466213,1552.2,2.3216216216216212,34,4.94
22565,FELTCRAFT HAIRBANDS PINK AND WHITE ,1825,218,11.194325354257865,1549.6899999999998,0.8851834862385322,169,2.47
85114C,RED ENCHANTED FOREST PLACEMAT,961,132,9.696394540397176,1549.65,1.6454545454545453,79,1.3
21645,ASSORTED TUTTI FRUTTI ROUND BOX,939,116,9.193550147676419,1549.35,1.65,85,1.27
21786,RAIN HAT WITH RED SPOTS,4288,91,92.33752519544022,1548.96,0.409010989010989,65,5.81
23317,BLUE REFECTORY CLOCK ,161,70,2.0525699691510813,1547.9499999999998,9.872857142857141,56,0.22
20767,BLUE PAISLEY JOURNAL ,750,148,11.423011839493093,1546.52,2.516013513513513,112,1.02
21039,RED RETROSPOT SHOPPING BAG,612,97,11.116205161030926,1544.76,2.678969072164948,73,0.83
21276,TWO EMBOSSED HEART MINI DRAWERS,676,28,32.328996600018705,1544.2,3.8785714285714286,24,0.92
21895,POTTING SHED SOW 'N' GROW SET,529,70,28.834176437846484,1540.25,4.2021428571428565,61,0.72
23399,HOME SWEET HOME HANGING HEART,1815,185,8.340048215107467,1539.6299999999999,0.8492972972972973,146,2.46
21637,ASSORTED SANSKRIT MINI NOTEBOOK,1274,45,41.2392257125875,1537.78,1.2457777777777779,40,1.73
21548,CERAMIC BIRDHOUSE FINCH BLUE ROOF,641,78,29.683458787811873,1535.6,2.9153846153846152,55,0.87
21706,FOLDING UMBRELLA RED/WHITE POLKADOT,310,94,2.474948841587243,1535.53,5.041702127659574,70,0.42
85222,ASSORTED COLOUR SILK COSMETIC PURSE,1394,43,56.79672716851089,1535.4,1.8976744186046515,39,1.89
21657,MILK BOTTLE WITH GLASS STOPPER ,226,92,2.312949895545175,1534.7,6.9173913043478255,76,0.31
23273,HEART T-LIGHT HOLDER WILLIE WINKIE,928,98,5.689933381800974,1533.8400000000001,1.6793877551020406,88,1.26
79160,HEART SHAPE WIRELESS DOORBELL,813,142,15.052694377790504,1530.18,2.0797887323943662,51,1.1
16033,MINI HIGHLIGHTER PENS,15001,49,458.28375489427947,1530.12,0.1163265306122449,43,20.33
84519B,CARROT CHARLIE+LOLA COASTER SET,797,157,8.478888867451222,1528.79,1.9856050955414013,98,1.08
22934,BAKING MOULD EASTER EGG WHITE CHOC,560,69,14.079121204071757,1527.2,2.9152173913043478,65,0.76
21545,CERAMIC BIRDHOUSE BUTTERFLY SMALL,678,65,34.652727720361895,1527.05,2.891538461538462,52,0.92
23483,HANGING  BUTTERFLY T-LIGHT HOLDER,1310,67,22.747150059312826,1526.62,1.2280597014925374,57,1.78
22421,LIPSTICK PEN FUSCHIA,3725,247,26.475051960058753,1526.48,0.43748987854251015,172,5.05
75131,METAL TUBE CHIME ON BAMBOO,1210,62,56.49539134997081,1526.26,1.6220967741935484,40,1.64
82615,PINK MARSHMALLOW SCARF KNITTING KIT,567,76,14.808502773270666,1526.25,2.8973684210526316,60,0.77
22209,WOOD STAMP SET HAPPY BIRTHDAY,1263,195,6.6861320371171,1524.8200000000002,1.2383589743589742,159,1.71
22198,"POPCORN HOLDER , LARGE",954,67,15.409648249027349,1524.5,1.6380597014925373,52,1.29
79320, FLAMINGO LIGHTS,335,46,8.03509812835955,1523.8500000000001,4.828260869565217,30,0.45
22025,RING OF ROSES BIRTHDAY CARD,3817,204,23.492786470118663,1523.22,0.415,148,5.17
23372,SET 36 COLOUR PENCILS DOLLY GIRL,1294,103,24.46192315356329,1520.22,1.2426213592233009,76,1.75
22292,HANGING CHICK  YELLOW DECORATION,1088,93,30.603276659689413,1520.0,1.4478494623655915,77,1.47
21043,APRON MODERN VINTAGE COTTON,601,89,9.688654211448005,1519.95,3.5230337078651686,81,0.81
21618,4 WILDFLOWER BOTANICAL CANDLES,594,105,7.770541723800129,1519.0,2.783333333333333,86,0.8
21694,SMALL REGAL  SILVER CANDLEPOT ,540,61,16.380716371772603,1516.2,2.9368852459016392,51,0.73
15059A,ENGLISH ROSE EDWARDIAN PARASOL,505,1,1.0,1515.0,3.0,1,0.68
21109,"LARGE CAKE TOWEL, CHOCOLATE SPOTS",225,98,1.8118122366559608,1513.95,6.725510204081633,88,0.3
21099,SET/6 STRAWBERRY PAPER CUPS,13284,30,2364.18816568365,1506.6000000000001,0.6316666666666666,20,18.0
21092,SET/6 STRAWBERRY PAPER PLATES,12806,18,2937.155110611431,1504.94,0.7966666666666666,15,17.35
22587,FELTCRAFT HAIRBAND RED AND BLUE,1791,247,10.720855225973095,1503.6299999999999,0.8494736842105263,189,2.43
72803A,ROSE SCENT CANDLE JEWELLED DRAWER,715,91,42.580791555862476,1498.19,4.203956043956044,61,0.97
85036B,CHOCOLATE 1 WICK MORRIS BOX CANDLE,588,79,11.840550528004671,1498.06,3.0622784810126586,70,0.8
21283,NATURAL BARK CANDLE SMALL,491,69,8.254296977019013,1496.75,3.1847826086956523,59,0.67
21628,TRIANGULAR POUFFE VINTAGE ,106,40,4.067065974511065,1494.5,14.785,24,0.14
21610,SET 12 PEAR BOTANICAL T-LIGHTS,529,88,8.941051287131858,1493.35,2.9181818181818184,72,0.72
21710,FOLDING UMBRELLA  PINK/WHITE  SPOT,578,44,26.741302353954705,1493.1000000000001,4.2,40,0.78
21000,ROSE DU SUD COSMETICS BAG,616,40,78.6282392019559,1493.0,4.19375,37,0.83
22516,CHILDS GARDEN RAKE BLUE,786,128,15.459234874772614,1490.58,2.0763281250000003,106,1.07
85039B,S/4 IVORY MINI ROSE CANDLE IN BOWL,1255,112,18.586122107810304,1488.43,1.5186607142857143,84,1.7
23181,BULL DOG BOTTLE TOP WALL CLOCK,185,69,2.397871320832344,1484.25,8.184782608695652,60,0.25
21581,SKULLS  DESIGN  COTTON TOTE BAG,1027,129,21.180549413308725,1484.1499999999999,2.1515503875968993,104,1.39
21620,SET OF 4 ROSE BOTANICAL CANDLES,873,145,5.348246033250892,1481.25,2.0086206896551726,113,1.18
23226,FILIGREE HEART DAISY WHITE,1199,72,11.873938466679247,1478.59,1.24125,56,1.62
21927,BLUE/CREAM STRIPE CUSHION COVER ,1195,172,6.20249387202907,1478.55,1.2477906976744186,93,1.62
21215,IVORY PAPER CUP CAKE CASES ,2839,161,25.85891757232739,1477.99,0.5451552795031056,114,3.85
21275,ZINC TOP  2 DOOR WOODEN SHELF ,242,48,4.570759671174062,1477.9,11.137500000000001,45,0.33
22310,IVORY KNITTED MUG COSY ,943,85,21.849388969015305,1477.59,1.7299999999999998,50,1.28
22770,MIRROR CORNICE,100,63,1.0721537058036068,1477.3999999999999,14.915079365079364,49,0.14
22262,FELT EGG COSY CHICKEN,1734,198,9.119723601086905,1477.02,0.8578787878787878,135,2.35
21448,12 DAISY PEGS IN WOOD BOX,895,182,4.807776697699028,1476.75,1.6500000000000001,132,1.21
22804,PINK HANGING HEART T-LIGHT HOLDER,823,66,47.09539245696961,1476.1299999999999,3.186060606060606,50,1.12
21162,TOXIC AREA  DOOR HANGER ,2325,241,26.069380246668047,1475.9499999999998,0.9431535269709543,172,3.15
72008,FROSTED BOX 9 WHITE T-LIGHT CANDLES,3699,198,29.778620967536348,1470.42,0.4163636363636363,134,5.01
23394,POSTE FRANCE CUSHION COVER,392,121,2.822601617268573,1470.0,3.75,90,0.53
21541,DINOSAURS WATER TRANSFER TATTOOS ,1782,149,17.622497596795576,1469.8999999999999,0.845973154362416,119,2.41
21384,IVORY HANGING DECORATION  BUTTERFLY,1733,115,10.91893714634337,1466.81,0.8477391304347826,99,2.35
21294,ETCHED GLASS COASTER,2130,118,26.16379943710544,1465.3799999999999,0.8783050847457627,83,2.89
21785,RAIN PONCHO ,1972,79,52.64404976189318,1465.1999999999998,0.8322784810126582,71,2.67
84789,ENCHANTED BIRD PLANT CAGE,432,112,5.397458766175164,1464.0,3.6714285714285713,81,0.59
84795A,PASTEL STRIPE HAMMOCK ,194,57,4.1397879911329785,1458.3000000000002,7.844736842105264,34,0.26
22517,CHILDS GARDEN RAKE PINK,772,125,15.673618681741791,1458.18,2.0757600000000003,106,1.05
85016,SET OF 6 VINTAGE NOTELETS KIT,1450,70,48.60343604992566,1457.3999999999999,2.142857142857143,60,1.96
85185B,PINK HORSE SOCK PUPPET,504,133,4.049041472015971,1455.6,2.93796992481203,102,0.68
21205,MULTICOLOUR 3D BALLS GARLAND,596,114,7.90993000620084,1455.0,2.538157894736842,86,0.81
22802,FAUX FUR CHOCOLATE THROW,86,46,1.5145031550852857,1454.7,18.515217391304347,39,0.12
21146,ANTIQUE GLASS RIDGED HANGING BALL,775,52,17.788804162857453,1453.6499999999999,1.9384615384615385,47,1.05
21251,DINOSAUR HEIGHT CHART STICKER SET,546,102,11.831864226140038,1453.5,2.9334313725490198,91,0.74
22975,SPACEBOY CHILDRENS EGG CUP,1156,149,6.565317355816596,1453.47,1.2743624161073825,113,1.57
21972,SET OF 36 DINOSAUR PAPER DOILIES,1000,133,8.14508729398633,1450.0,1.45,105,1.36
23391, I LOVE LONDON MINI BACKPACK,359,69,9.19011571031445,1449.8500000000001,4.138405797101449,58,0.49
21925,UNION STRIPE CUSHION COVER ,1178,156,7.0530660199110695,1449.7,1.246346153846154,100,1.6
22449,SILK PURSE RUSSIAN DOLL PINK,447,79,9.248542609998514,1449.45,3.3398734177215195,58,0.61
23287,RED VINTAGE SPOT BEAKER,1774,148,18.618251043666437,1445.5,0.845608108108108,114,2.4
22986,GINGHAM ROSE WRAP,3515,121,34.38334171263497,1444.3,0.41933884297520657,112,4.76
84619,BLUE GINGHAM ROSE QUILT ,69,26,2.1529943370535407,1444.15,33.18076923076923,22,0.09
21542,WOODLAND WATER TRANSFER TATTOOS ,1748,146,17.405486731241975,1443.3999999999999,0.8472602739726027,112,2.37
21332,MOROCCAN BEATEN METAL MIRROR,262,42,7.50547612701203,1442.9,9.473809523809523,36,0.36
23462,ROCOCO WALL MIRROR WHITE,75,43,1.3468309056344425,1442.25,19.740697674418605,42,0.1
85177,BASKET OF FLOWERS SEWING KIT,1765,112,30.700601730087417,1442.11,0.8620535714285714,87,2.39
22450,SILK PURSE BABUSHKA BLUE,431,103,3.8723443089895064,1441.45,3.3461165048543693,76,0.58
22183,CAKE STAND VICTORIAN FILIGREE MED,282,63,5.459106457834684,1438.05,6.283333333333334,58,0.38
21550,CERAMIC BIRDHOUSE CRESTED TIT LARGE,285,59,15.697740384694603,1437.75,5.891525423728814,42,0.39
21262,WHITE GOOSE FEATHER CHRISTMAS TREE ,458,81,4.4106702830385105,1435.1,3.987037037037037,69,0.62
44230,SQUARE MIRROR CURTAIN,207,44,5.781202681081705,1434.18,7.6247727272727275,25,0.28
21446,12 RED ROSE PEG PLACE SETTINGS,1154,190,8.174993623625049,1433.38,1.246,122,1.56
21869,POTTING SHED COFFEE MUG,1245,104,23.539042853555845,1430.85,1.2116346153846154,82,1.69
90062,CARNIVAL BRACELET,113,39,2.359693019674067,1430.5,12.487179487179487,33,0.15
21066,VINTAGE RED MUG,2258,110,51.6794476017338,1429.96,1.0464545454545455,81,3.06
23267,SET OF 4 SANTA PLACE SETTINGS,1158,94,12.484151472069678,1427.34,1.2477659574468085,79,1.57
22052,VINTAGE CARAVAN GIFT WRAP,3446,124,17.53058845567977,1427.32,0.4180645161290322,105,4.67
23280,FOLDING BUTTERFLY MIRROR HOT PINK ,1838,129,29.226227253891732,1427.16,0.8349612403100775,84,2.49
22546,MINI JIGSAW PURDEY,3637,126,66.62063982576008,1425.19,0.4095238095238095,100,4.93
21634,ASSORTED MINI MADRAS NOTEBOOK,1718,49,42.80352797145022,1425.1,0.9340816326530613,42,2.33
21382,SET/4 SPRING FLOWER DECORATION,1132,115,15.854376397495757,1423.2,1.8978260869565218,78,1.53
79323B,BLACK CHERRY LIGHTS,231,48,6.183905844153975,1421.45,6.614583333333333,35,0.31
85198,ASSORTED FARMYARD ANIMALS IN BUCKET,3824,40,521.653377400977,1421.24,0.82575,37,5.18
22157,ANGEL DECORATION WITH LACE PADDED,1671,116,12.846233383522502,1420.35,0.85,88,2.26
22261,FELT EGG COSY WHITE RABBIT ,1753,161,35.40921380601733,1412.57,0.8677639751552796,126,2.38
21631,HIPPY CHIC DECORATIVE PARASOL,206,42,5.913232469183916,1412.1,10.654761904761905,38,0.28
40001,WHITE BAMBOO RIBS LAMPSHADE,1942,66,39.33409584026428,1411.3,0.8118181818181818,37,2.63
21356,TOAST ITS - FAIRY FLOWER,1148,182,6.678393143311165,1410.95,1.227967032967033,116,1.56
21986,PACK OF 12 PINK POLKADOT TISSUES,4952,223,88.11521202970275,1410.22,0.3251121076233184,170,6.71
48195,DOOR MAT GREEN PAISLEY ,253,73,13.918495081266688,1409.11,7.126301369863014,56,0.34
22137,BATHROOM SET LOVE HEART DESIGN,583,31,76.83246681572345,1407.85,2.9145161290322585,24,0.79
21292,SMALL STRIPES CHOCOLATE GIFT BAG ,2437,82,44.079690569997915,1407.1299999999999,0.7215853658536585,69,3.3
84006,MAGIC TREE -PAPER FLOWERS,1655,142,13.46603069278839,1406.75,0.85,86,2.24
22608,PENS ASSORTED FUNKY JEWELED ,5401,98,77.39494144915928,1406.29,0.3,75,7.32
84968E,SET OF 16 VINTAGE BLACK CUTLERY,116,35,5.465245425689976,1404.81,12.996,27,0.16
21495,SKULLS WRAP,3350,108,21.03356529009616,1403.0,0.41851851851851846,89,4.54
22676,FRENCH BLUE METAL DOOR SIGN 1,1119,154,8.857655901857733,1402.39,1.2731818181818182,71,1.52
21818,GLITTER CHRISTMAS HEART ,1670,145,16.239570776465467,1400.78,0.849103448275862,109,2.26
21894,POTTING SHED SEED ENVELOPES,1144,153,10.38855960288216,1400.13,1.2766666666666668,120,1.55
85194L,HANGING SPRING FLOWER EGG LARGE,1713,109,23.48919836195765,1399.8899999999999,0.8464220183486237,93,2.32
47503A,ASS FLORAL PRINT MULTI SCREWDRIVER,2846,196,16.040160873825094,1396.61,0.618061224489796,146,3.86
23368,SET 12 COLOUR PENCILS DOLLY GIRL ,2152,182,29.263177475230112,1396.4,0.6494505494505495,134,2.92
22293,"SPRING DEC , HANGING CHICK  GREEN",1087,73,35.15424806155312,1396.1499999999999,1.4417808219178083,64,1.47
22333,RETRO SPOT PARTY BAG + STICKER SET,933,31,119.46501714971059,1395.45,1.6370967741935485,30,1.26
22071,SMALL RETRO SPOT MUG IN BOX  WHITE,379,79,8.034189357788765,1395.33,3.7454430379746833,74,0.51
15058A,BLUE WHITE SPOTS GARDEN PARASOL,271,56,4.1375301623258105,1394.45,6.621428571428572,41,0.37
84795D,SEASIDE STRIPE HAMMOCK,179,73,2.3572647513732883,1387.05,7.9089041095890416,53,0.24
22343,PARTY PIZZA DISH RED RETROSPOT,2506,109,30.784644865535014,1380.94,0.6742201834862385,74,3.4
21662,VINTAGE GLASS COFFEE CADDY,238,79,5.501733225471621,1380.1000000000001,5.931012658227848,58,0.32
85170A,SET/6 IVORY BIRD T-LIGHT CANDLES,799,62,24.452097592619854,1378.32,1.966451612903226,45,1.08
22390,PAPERWEIGHT CHILDHOOD MEMORIES,795,73,19.16272542364735,1378.22,2.3650684931506847,56,1.08
85180A,RED HEARTS LIGHT CHAIN ,553,67,9.469797738043683,1377.53,3.731194029850746,60,0.75
84843,WHITE SOAP RACK WITH 2 BOTTLES,247,87,4.751679172520723,1376.05,5.905172413793103,66,0.33
22599,CHRISTMAS MUSICAL ZINC STAR,2562,133,25.136263414378078,1374.74,0.6460902255639097,114,3.47
22316,200 BENDY SKULL STRAWS,1224,95,32.65026250518263,1370.4,1.232,62,1.66
21282,NATURAL BARK CANDLE LARGE,337,59,6.75954203574633,1369.25,4.2076271186440675,49,0.46
22103,MIRROR MOSAIC T-LIGHT HOLDER ROUND,1598,50,92.08646336293884,1368.54,1.5675999999999999,43,2.17
20665,RED RETROSPOT PURSE ,467,99,2.6917879804020255,1368.05,2.941919191919192,78,0.63
84919,BLUE CUSHION COVER WITH FLOWER,254,19,37.05582954035676,1365.3,6.63421052631579,18,0.34
23546,WRAP PAISLEY PARK ,3250,120,6.938606322820256,1365.0,0.42,106,4.4
84665,SQUARE CHERRY BLOSSOM CABINET,226,47,4.240786934112175,1364.7,6.375531914893617,25,0.31
23348,CHILDRENS TOY COOKING UTENSIL SET,676,124,6.5721200236328166,1363.16,2.0706451612903227,95,0.92
84819,DANISH ROSE ROUND SEWING BOX,907,94,17.369920513377238,1359.79,2.9108510638297873,82,1.23
22976,CIRCUS PARADE CHILDRENS EGG CUP ,1083,119,6.543718631263027,1358.59,1.260168067226891,81,1.47
85167B,BLACK GRAND BAROQUE PHOTO FRAME,684,53,25.294621008415238,1358.4,3.611132075471698,38,0.93
21532,DAIRY MAID SUGAR JAM BOWL,1372,78,127.38798857702257,1358.3999999999999,2.082692307692308,58,1.86
20768,GREEN FERN JOURNAL ,702,117,13.148357705235568,1357.81,2.468034188034188,98,0.95
23086,ZINC  STAR T-LIGHT HOLDER ,1183,35,54.78557130786729,1357.79,1.232,30,1.6
22050,PINK PAISLEY ROSE GIFT WRAP,3300,115,23.236833250834295,1354.0,0.4186086956521739,100,4.47
22093,MOTORING TISSUE BOX,2315,250,25.290766923252157,1353.21,0.7906799999999999,179,3.14
16161U,"WRAP,SUKI AND FRIENDS",3325,109,36.855228246933116,1352.5,0.41706422018348627,86,4.51
21278,VINTAGE KITCHEN PRINT PUDDINGS,2695,70,200.66590230486617,1352.25,2.484285714285714,63,3.65
22912,YELLOW COAT RACK PARIS FASHION,296,99,7.269582911280302,1351.44,4.934040404040404,81,0.4
23414,ZINC BOX SIGN HOME,139,62,2.1014084571939255,1348.01,9.90290322580645,58,0.19
20766,GARDEN PATH SKETCHBOOK,475,125,9.416868872127225,1345.98,3.6837600000000004,100,0.64
22719,GUMBALL MONOCHROME COAT RACK,1195,106,14.059420172876417,1345.55,1.210566037735849,67,1.62
23334,IVORY WICKER HEART SMALL,2154,101,23.410727844683127,1345.5,0.6284158415841584,83,2.92
21279,VINTAGE KITCHEN PRINT FRUITS,3471,56,304.89649457249817,1343.85,2.4678571428571425,51,4.7
22396,MAGNETS PACK OF 4 RETRO PHOTO,1830,160,24.161065280150567,1342.94,0.8328749999999999,122,2.48
22559,SEASIDE FLYING DISC,1107,117,12.201991401589176,1340.85,1.2832478632478632,100,1.5
21579,LOLITA  DESIGN  COTTON TOTE BAG,959,92,26.65458074383685,1340.15,2.143478260869565,80,1.3
21426,WOODLAND STORAGE BOX SMALL,962,53,37.32775633926659,1338.6,1.9141509433962265,44,1.3
21675,BUTTERFLIES STICKERS,1571,161,5.6532915163596575,1336.9099999999999,0.8782608695652174,124,2.13
85071A,BLUE CHARLIE+LOLA PERSONAL DOORSIGN,1839,126,25.434835504537027,1336.4099999999999,1.1821428571428574,106,2.49
21991,BOHEMIAN COLLAGE STATIONERY SET,874,139,13.453217170493893,1333.98,1.798273381294964,109,1.18
21576,LETS GO SHOPPING COTTON TOTE BAG,601,145,2.8601168156622063,1333.67,2.270137931034483,118,0.81
21910,WAY OUT METAL SIGN ,1034,101,39.94099360678236,1331.7,1.637128712871287,84,1.4
23104,IVORY CAFE HANGING LAMP ,114,43,3.9574145054702465,1330.5,12.304651162790698,37,0.15
22099,CARAVAN SQUARE TISSUE BOX,2019,223,25.984520189140756,1329.17,0.8650224215246637,168,2.74
23250,VINTAGE RED TRIM ENAMEL BOWL ,1079,87,11.794223822874839,1328.59,1.2475862068965518,63,1.46
21561,DINOSAUR LUNCHBOX WITH CUTLERY,544,99,8.812530199541525,1327.8,2.536363636363636,82,0.74
22597,CHRISTMAS MUSICAL ZINC HEART ,1683,94,23.21663713292837,1327.59,0.8361702127659574,84,2.28
23232,WRAP VINTAGE PETALS  DESIGN,3275,104,29.76346727645579,1327.5,0.4176923076923077,95,4.44
20752,RETRO BLUE SPOTTY WASHING UP GLOVES,846,114,21.587399937238917,1326.6,2.045175438596491,93,1.15
22317,FIVE CATS HANGING DECORATION,450,97,2.9197087719008508,1324.02,2.996185567010309,83,0.61
23470,CARD HOLDER LOVE BIRD LARGE ,220,75,4.427595691072481,1323.4,6.2156,70,0.3
85160A,WHITE BIRD GARDEN DESIGN MUG,8800,22,1268.7954542643604,1323.2,1.1481818181818182,20,11.92
22051,BLUE SCANDINAVIAN PAISLEY WRAP,3175,116,16.804000648092984,1317.5,0.4193103448275862,95,4.3
21289,LARGE STRIPES CHOCOLATE GIFT BAG,1255,60,23.73247197383156,1315.15,1.1598333333333335,52,1.7
23034,DRAWER KNOB CERAMIC BLACK,935,80,15.741257368593645,1314.95,1.4425,57,1.27
21232,STRAWBERRY CERAMIC TRINKET POT,1036,76,14.895048040887646,1312.04,1.3380263157894736,57,1.4
22285,HANGING HEN ON NEST DECORATION,794,90,7.44957246006124,1310.1,1.65,72,1.08
84968F,SET OF 16 VINTAGE SKY BLUE CUTLERY,106,39,4.236114890524335,1308.3,12.703846153846154,33,0.14
21051,RIBBONS PURSE ,663,96,9.534511413530156,1308.23,2.0955208333333335,79,0.9
37441,ASSORTED WHITE EMBOSSED CHINA MUGS,674,39,32.38497760735493,1307.4,2.0615384615384618,31,0.91
22982,PANTRY PASTRY BRUSH,1044,146,7.569760589985816,1307.05,1.3150000000000002,120,1.41
21159,MOODY BOY  DOOR HANGER ,2060,215,27.58778051163091,1306.4399999999998,1.0305581395348837,146,2.79
20993,JAZZ HEARTS MEMO PAD,10945,24,1896.693701731623,1305.49,0.59875,23,14.83
21198,WHITE HEART CONFETTI IN TUBE,1190,83,15.270948912674209,1304.46,1.484578313253012,75,1.61
85103,SILVER T-LIGHT SETTING,211,39,8.536972064952934,1303.45,6.5858974358974365,33,0.29
84854,GIRLY PINK TOOL SET,280,58,6.617727205742993,1302.0,4.889655172413794,42,0.38
23271,CHRISTMAS TABLE SILVER CANDLE SPIKE,1603,76,20.044735057085987,1301.05,0.8368421052631578,68,2.17
23057,BEADED CHANDELIER T-LIGHT HOLDER,596,34,33.30141073917517,1298.44,4.523235294117647,31,0.81
35809A,ENAMEL PINK TEA CONTAINER,1037,111,9.855774030297251,1297.81,1.6027927927927927,76,1.41
21398,RED  SPOTTY COFFEE  MUG,692,44,24.887994337761494,1297.8,2.044318181818182,37,0.94
84616,SILVER ROCCOCO CHANDELIER,69,22,3.136504796371645,1297.75,23.55909090909091,19,0.09
21059,PARTY INVITES DINOSAURS,1550,198,11.031602415727663,1294.1,0.8473737373737373,158,2.1
47503K,ASSORTED FLORAL SECATEURS,3141,34,492.7242153643528,1293.75,1.8691176470588236,29,4.26
72816,SET/3 CHRISTMAS DECOUPAGE CANDLES,1202,75,41.87722509887662,1293.32,1.2458666666666667,65,1.63
22337,ANGEL DECORATION PAINTED ZINC ,2165,85,59.52962212515837,1292.05,0.6582352941176471,67,2.93
22393,PAPERWEIGHT VINTAGE COLLAGE,800,89,12.428426344859659,1289.23,2.1280898876404493,75,1.08
23055,IVORY CHANDELIER T-LIGHT HOLDER,560,38,32.08745162708222,1286.72,5.562894736842105,33,0.76
84510B,SET OF 4 FAIRY CAKES COASTERS ,1094,101,19.032114599765677,1285.8,1.2387128712871287,71,1.48
21837,CROSS STITCH ALPHABET CUSHION COVER,216,70,2.394092107382993,1285.2,5.95,61,0.29
21828,EIGHT PIECE SNAKE  SET,1060,149,17.35072636587714,1283.96,1.2461744966442954,107,1.44
35810A,ENAMEL PINK COFFEE CONTAINER,1117,105,8.48428843116205,1282.3600000000001,1.413047619047619,72,1.51
35241,ENAMEL BLUE RIM BISCUIT BIN,271,94,3.6481145018896095,1281.25,4.875531914893617,75,0.37
85006,SET 4 NURSERY DES ROUND BOXES,3047,35,337.9516971104479,1280.45,2.439142857142857,32,4.13
21661,VINTAGE GLASS TEA CADDY,219,79,2.5265227299266657,1279.0500000000002,5.9246835443037975,55,0.3
35004G,SET OF 3 GOLD FLYING DUCKS,347,65,6.946844884273281,1278.21,5.229692307692308,46,0.47
23119,PACK OF 6 LARGE FRUIT STRAWS ,2155,116,33.82927748256684,1275.71,0.6479310344827586,97,2.92
21358,TOAST ITS - HAPPY BIRTHDAY,1026,158,5.824117259531917,1275.3,1.2462025316455696,130,1.39
23000,TRAVEL CARD WALLET TRANSPORT,3042,206,17.171845296806804,1274.76,0.41970873786407764,125,4.12
23538,WALL ART VINTAGE HEART,326,27,41.00837243401169,1273.92,4.78925925925926,25,0.44
22308,TEA COSY BLUE STRIPE,515,98,8.57989885852217,1273.39,2.6391836734693874,75,0.7
21199,PINK  HEART CONFETTI IN TUBE,1170,94,16.15823437421211,1271.46,1.5170212765957447,86,1.59
23378,PACK OF 12 50'S CHRISTMAS TISSUES,3413,151,49.66703527427404,1270.59,0.3890728476821192,127,4.62
20738,GREEN MINI TAPE MEASURE ,1585,65,39.92715723183138,1270.55,0.842,46,2.15
20760,GARDEN PATH POCKET BOOK,5484,60,559.355355350534,1270.2,0.8305,47,7.43
22732,3D STICKERS VINTAGE CHRISTMAS,1060,38,32.06057566686909,1268.0,1.24,38,1.44
85141,JARDIN ETCHED GLASS FRUITBOWL,180,71,3.175040993730825,1267.4,8.042957746478873,57,0.24
21684,SMALL MEDINA STAMPED METAL BOWL ,1656,89,53.653267708993376,1258.01,0.863370786516854,65,2.24
21644,ASSORTED TUTTI FRUTTI HEART BOX,1006,122,6.843361354982897,1257.5,1.25,72,1.36
21842,PINK HEART CANDY BUTTON CALCULATOR,541,38,23.640819268885863,1257.15,2.5026315789473683,32,0.73
23469,CARD HOLDER LOVE BIRD SMALL,320,63,8.894183650913684,1255.76,4.122698412698413,61,0.43
17091A,LAVENDER INCENSE IN TIN,2073,110,37.38399460389146,1255.6499999999999,0.9342727272727273,78,2.81
22267,EASTER DECORATION EGG BUNNY ,1457,109,32.9018350694064,1255.43,1.0424770642201835,91,1.97
23249,VINTAGE RED ENAMEL TRIM PLATE,778,67,12.394958926283724,1254.9,1.6440298507462685,56,1.05
22068,BLACK PIRATE TREASURE CHEST,892,168,8.317035674242078,1254.18,1.5339285714285713,106,1.21
85200,BUNNY EGG BOX,1007,95,6.976251508251618,1253.95,1.2457894736842106,81,1.36
21807,WHITE CHRISTMAS STAR DECORATION,3000,138,20.074788760131067,1251.36,0.4195652173913043,114,4.07
35637A,IVORY STRING CURTAIN WITH POLE ,541,45,37.17250259929978,1250.95,3.816666666666667,41,0.73
21011,GLITTER SNOW PEAR TREE DECORATION,1774,109,18.013303499252075,1249.78,1.1653211009174311,84,2.4
23040,PAPER LANTERN 9 POINT SNOW STAR ,234,34,20.12199867457347,1249.5,5.726470588235294,30,0.32
20933,YELLOW POT PLANT CANDLE,493,43,47.29106874161602,1245.15,3.4511627906976745,38,0.67
22543,MINI JIGSAW BAKE A CAKE ,3198,87,71.70984258563657,1242.25,0.39954022988505744,72,4.33
23373,VINTAGE CHRISTMAS PAPER GIFT BAG,1563,88,28.964105537947752,1241.6599999999999,0.8177272727272726,86,2.12
23221,REINDEER HEART DECORATION SILVER,1461,114,15.850834426808035,1241.5900000000001,0.9132456140350877,85,1.98
22150, 3 STRIPEY MICE FELTCRAFT,662,115,8.822410960956022,1241.1,1.9395652173913043,96,0.9
22167, OVAL WALL MIRROR DIAMANTE ,139,67,2.8988682892917437,1239.05,9.86044776119403,46,0.19
23505,PLAYING CARDS I LOVE LONDON ,1058,106,19.199693019408745,1238.5,1.2420754716981133,93,1.43
23237,SET OF 4 KNICK KNACK TINS LEAVES ,304,53,6.584220482440828,1237.2,4.1273584905660385,51,0.41
85159B,"WHITE TEA,COFFEE,SUGAR JARS",638,68,8.476533739199192,1236.1,2.6544117647058822,53,0.86
22339,CHRISTMAS TREE PAINTED ZINC ,3308,107,41.379085386931905,1235.54,0.4539252336448598,86,4.48
22123,PING MICROWAVE APRON,557,92,6.1686269874790245,1233.95,2.7963043478260867,77,0.75
84748,FOLK FELT HANGING MULTICOL GARLAND,980,32,71.411009361754,1231.8,2.909375,27,1.33
84466,TOP SECRET PEN SET,1210,49,62.37260485769929,1231.7,1.213265306122449,34,1.64
22756,LARGE YELLOW BABUSHKA NOTEBOOK ,1127,172,10.453609318145473,1231.21,1.1716860465116279,124,1.53
22182,CAKE STAND VICTORIAN FILIGREE SMALL,359,65,6.624074681388743,1229.05,4.503846153846154,58,0.49
20825,GOLD WINE GLASS,360,6,112.95308760720089,1229.04,3.6300000000000003,5,0.49
85071B,RED CHARLIE+LOLA PERSONAL DOORSIGN,2291,141,27.913426372157183,1226.57,1.042695035460993,123,3.1
21689,SILVER VANILLA  FLOWER CANDLE POT,337,57,13.109811894905265,1226.31,3.731052631578947,49,0.46
21926,RED/CREAM STRIPE CUSHION COVER ,992,136,6.768245734811744,1224.8,1.2472058823529413,90,1.34
22917,HERB MARKER ROSEMARY,1902,199,17.142758495175663,1224.3,0.6494974874371859,138,2.58
85125,SMALL ROUND CUT GLASS CANDLESTICK,267,43,8.675521500819702,1222.95,4.852325581395349,32,0.36
21549,CERAMIC BIRDHOUSE RED ROOF SMALL,539,45,40.688109101090234,1222.85,2.898888888888889,36,0.73
22448,PIN CUSHION RUSSIAN DOLL RED,393,35,39.91173033692469,1220.55,3.338571428571429,29,0.53
22450,SILK PURSE RUSSIAN DOLL BLUE,371,67,7.768093947815613,1218.8500000000001,3.344029850746269,51,0.5
85232A,SET/3 POLKA DOT STACKING TINS,249,86,2.9981526459881405,1215.75,4.941860465116279,72,0.34
21867,PINK UNION JACK  LUGGAGE TAG,972,212,8.065922611455942,1214.21,1.2587264150943398,122,1.32
22181,SNOWSTORM PHOTO FRAME FRIDGE MAGNET,1485,106,23.182709190058777,1212.33,0.8463207547169811,85,2.01
85162A,SILVER RETRODISC LAMPSHADE,605,19,36.25107378929889,1211.75,3.2131578947368418,14,0.82
20893,HANGING BAUBLE T-LIGHT HOLDER SMALL,538,66,17.941994078561933,1210.35,2.502272727272727,41,0.73
84823,DANISH ROSE FOLDING CHAIR,120,29,3.5226221760322085,1210.0,12.363793103448277,29,0.16
20761,BLUE PAISLEY SKETCHBOOK,413,117,9.51094890799877,1207.37,3.703931623931624,93,0.56
72818,CHRISTMAS DECOUPAGE CANDLE,2341,112,46.883017117926556,1206.31,0.6994642857142858,82,3.17
22923,FRIDGE MAGNETS LES ENFANTS ASSORTED,1491,84,23.724256815457533,1204.95,0.8438095238095238,70,2.02
79191C,RETRO PLASTIC ELEPHANT TRAY,1566,132,24.322506376747274,1204.3799999999999,0.8433333333333333,107,2.12
23138,SINGLE WIRE HOOK IVORY HEART,870,77,28.417963617858327,1201.8999999999999,1.4448051948051948,60,1.18
23536,WALL ART VILLAGE SHOW ,227,56,9.449232085888623,1201.6100000000001,5.913035714285714,53,0.31
20704,MR ROBOT SOFT TOY,345,64,6.603551683849368,1200.95,5.3,60,0.47
21383,PACK OF 12 STICKY BUNNIES,1866,195,11.22768471433043,1200.8999999999999,0.6484615384615384,169,2.53
85032A,ROMANTIC IMAGES GIFT WRAP SET,1383,118,26.393759166913515,1200.55,0.9694915254237289,103,1.87
23444,Next Day Carriage,79,79,0.0,1200.0,15.189873417721518,63,0.11
21529,RETRO SPOT CERAMIC TOASTRACK,358,80,4.047111800290502,1199.1,3.425,69,0.49
22916,HERB MARKER THYME,1861,198,17.33507927855555,1197.65,0.6494949494949495,135,2.52
35649,VINTAGE BEAD COSMETIC BAG ,1776,22,367.9275526278019,1195.82,3.144090909090909,20,2.41
40003,WHITE BAMBOO RIBS LAMPSHADE,1129,48,33.3517613068561,1195.25,1.2,34,1.53
84830,LARGE ENGLISH ARBORETUM,113,7,37.02444494937802,1195.15,15.357142857142858,7,0.15
22269,EGG CUP NATURAL CHICKEN,1400,151,13.073603825946101,1194.64,1.059271523178808,107,1.9
21708,FOLDING UMBRELLA  CREAM/MULTI  SPOT,372,47,11.099999583302075,1193.4,4.503191489361702,43,0.5
21248,DOOR HANGER  MUM + DADS ROOM,1008,132,14.058369448887579,1192.8,1.4034090909090908,106,1.37
22977,DOLLY GIRL CHILDRENS EGG CUP,953,117,6.757199171439247,1192.46,1.2603418803418804,101,1.29
72232,FENG SHUI PILLAR CANDLE,6268,119,132.99962464861636,1190.9199999999998,0.19,72,8.49
22070,SMALL RETRO SPOT MUG IN BOX  RED,317,80,2.2414041146262074,1188.75,3.75,74,0.43
21190,PINK HEARTS PAPER GARLAND,756,87,14.91316754277176,1188.4,1.6339080459770117,71,1.02
22733,3D STICKERS TRADITIONAL CHRISTMAS ,980,36,19.8005932250398,1187.0,1.2394444444444443,36,1.33
22293,HANGING CHICK GREEN DECORATION,818,86,10.450718169576572,1186.1,1.45,64,1.11
21317,GLASS SPHERE CANDLE STAND MEDIUM,329,66,14.83601898109662,1181.25,5.307575757575758,56,0.45
22097,SWALLOW SQUARE TISSUE BOX,2021,219,30.118312914580343,1180.79,0.7829680365296804,158,2.74
77101A,UNION FLAG WINDSOCK,1052,70,37.73706570951681,1180.48,1.2255714285714288,55,1.43
22094,RED RETROSPOT TISSUE BOX,2453,173,31.957406708419807,1179.04,0.6329479768786127,133,3.32
20731,POSY CANDY BAG,4100,46,401.86203319025645,1179.0,1.1084782608695654,40,5.56
22677,FRENCH BLUE METAL DOOR SIGN 2,942,124,8.290379726745785,1177.51,1.259274193548387,65,1.28
84856L,LARGE TAHITI BEACH BAG,211,55,5.411796567457252,1177.45,5.902727272727273,46,0.29
21438,TUB 24 HANGING EASTER EGGS SPOTTY,360,34,36.562207385668835,1177.2,3.726470588235294,33,0.49
23366,SET 12 COLOURING PENCILS DOILY,1870,140,33.600503470999136,1177.1,0.6492857142857144,112,2.53
23598,PAPER BUNTING VINTAGE PARTY,420,42,16.834923051393538,1175.0,2.930952380952381,40,0.57
20986,BLUE CALCULATOR RULER,994,135,17.601139467611738,1173.76,1.2802222222222224,94,1.35
85098B,BLUE FLYING SINGING CANARY,328,85,5.5423755891195565,1172.4,3.731176470588235,61,0.44
22106,MIRROR MOSAIC HURRICANE LAMP ,427,36,27.394632193476752,1171.85,5.800000000000001,29,0.58
20762,GREEN FERN SKETCHBOOK ,416,111,9.908186210006043,1171.71,3.6717117117117115,88,0.56
20840,FRENCH FLORAL CUSHION COVER ,813,61,25.607760094338204,1170.83,1.3365573770491803,50,1.1
85231G,ORANGE SCENTED SET/9 T-LIGHTS,1404,212,9.092419456204045,1170.0,0.8518396226415095,139,1.9
47503E,ASS FLORAL PRINT SCISSORS,6828,22,1426.2606635953612,1169.4,1.2,21,9.25
22290,STANDING METAL RABBIT WITH EGG,657,69,35.74114810018253,1168.2,2.0862318840579714,60,0.89
23071,MARIE ANTOINETTE TRINKET BOX GOLD,312,17,36.07967082802757,1167.6,10.185294117647059,15,0.42
22048,BIRTHDAY BANQUET GIFT WRAP,2815,102,18.28988781040657,1166.3,0.4192156862745098,93,3.81
37342,POLKADOT COFFEE CUP & SAUCER PINK,1443,66,17.42048870076344,1165.89,0.860909090909091,51,1.96
23392,SPACEBOY ROCKET LOLLY MAKERS,587,79,15.921831121582716,1165.28,2.0726582278481014,70,0.8
21537,RETRO SPOTS PUDDING BOWL,281,67,5.444593665363249,1162.25,4.235074626865671,53,0.38
22389,PAPERWEIGHT SAVE THE PLANET,624,80,12.46808584173858,1160.16,2.20675,74,0.85
21774,DECORATIVE CATS BATHROOM BOTTLE,1261,109,30.64472855776674,1159.01,1.1990825688073394,79,1.71
22545,MINI JIGSAW BUNNIES,2922,124,41.873064461611136,1158.09,0.4120967741935484,100,3.96
84596G,SMALL CHOCOLATES PINK BOWL,1967,226,12.697705333929273,1157.93,0.709070796460177,118,2.67
22915,ASSORTED BOTTLE TOP  MAGNETS ,3054,142,29.875805927910523,1157.28,0.40049295774647886,116,4.14
15034,PAPER POCKET TRAVELING FAN ,9818,173,139.5148635938023,1156.12,0.13797687861271676,123,13.3
20729,RED SPOTTY CANDY BAG,4626,67,512.3672757285042,1154.9,1.227910447761194,39,6.27
21904,HOUSE WRECKING METAL SIGN ,735,131,14.53672935338618,1152.0,2.040839694656489,103,1.0
84536B,FAIRY CAKES NOTEBOOK A7 SIZE,2861,228,26.582468246081763,1149.68,0.42451754385964907,131,3.88
22918,HERB MARKER PARSLEY,1816,197,17.251384773343524,1148.4,0.6489847715736041,135,2.46
84968D,SET OF 16 VINTAGE RED CUTLERY,88,42,2.457537174961599,1146.42,13.331428571428571,38,0.12
22246,"GARLAND, MAGIC GARDEN 1.8M",610,69,12.06797315747687,1146.3,1.9413043478260867,57,0.83
20681,PINK POLKADOT CHILDRENS UMBRELLA,354,100,3.2017040917157056,1144.5,3.245,82,0.48
22040,BOTANICAL ROSE GIFT WRAP,2815,94,38.9271077899151,1144.3,0.41659574468085103,82,3.81
72817,SET OF 2 CHRISTMAS DECOUPAGE CANDLE,1197,118,9.244333375150418,1143.0900000000001,0.9921186440677967,92,1.62
85116,BLACK CANDELABRA T-LIGHT HOLDER,1173,53,30.706449921204257,1139.66,1.3243396226415094,40,1.59
20802,SMALL GLASS SUNDAE DISH CLEAR,895,76,13.756548679772386,1137.99,1.545,68,1.21
23142,IVORY WIRE KITCHEN ORGANISER,116,36,7.841687541088556,1137.65,10.330555555555556,34,0.16
23067,HANGING ENGRAVED METAL HEART,274,75,3.3671438427334315,1137.1000000000001,4.15,63,0.37
22731,3D STICKERS CHRISTMAS STAMPS,940,34,20.3095474681262,1137.0,1.2388235294117647,34,1.27
21063,PARTY INVITES JAZZ HEARTS,1363,198,11.05646061054942,1136.71,0.8552525252525253,143,1.85
85164B,BLACK BAROQUE CUCKOO CLOCK,113,41,2.861647146355382,1134.75,11.713414634146341,27,0.15
21157,RED SPOTTY WASHBAG,542,93,3.3153911695040787,1133.28,2.0955913978494625,59,0.73
21656,RIDGED GLASS POSY VASE ,821,83,11.055306691968443,1132.85,1.433132530120482,66,1.11
22739,"RIBBON REEL, XMAS SOCK/BAUBLE",700,46,17.856107630448047,1131.0,1.6456521739130436,45,0.95
85055,FRENCH ENAMEL UTENSIL HOLDER,316,80,4.221404169770642,1130.6,3.72,62,0.43
22481,BLACK TEA TOWEL CLASSIC DESIGN,1110,171,6.902998854762652,1130.24,1.1506432748538011,132,1.5
22265,EASTER DECORATION NATURAL CHICK,1781,143,22.59400620778187,1129.65,0.6486013986013986,107,2.41
37343,SPOTS DESIGN MUG W PINK INSIDE,784,51,22.995617655817576,1129.44,1.5978431372549018,41,1.06
21395,BLUE POLKADOT BEAKER ,2824,80,27.614617299676542,1129.4399999999998,0.429,64,3.83
22228,BUNNY WOODEN PAINTED WITH BIRD ,1477,178,7.196679672698566,1129.4099999999999,0.7698876404494381,148,2.0
23559,WOODLAND BUNNIES LOLLY MAKERS,563,75,13.251591779280128,1129.28,2.0722666666666667,69,0.76
23507,MINI PLAYING CARDS BUFFALO BILL ,2839,109,94.70366895402583,1128.18,0.41834862385321103,91,3.85
23405,HOME SWEET HOME 2 DRAWER CABINET,235,58,3.5014904785944854,1128.05,4.908620689655172,54,0.32
22985,"WRAP, BILLBOARD FONTS DESIGN",2890,71,97.24525612611757,1125.8,0.41774647887323946,65,3.92
85110,BLACK SILVER FLOWER T-LIGHT HOLDER,11512,19,1467.9336154660416,1124.68,0.45526315789473687,17,15.6
20733,GOLD MINI TAPE MEASURE ,1546,102,43.36301866890709,1123.7,0.8098039215686273,67,2.09
22924,FRIDGE MAGNETS LA VIE EN ROSE,1374,82,21.658722746337325,1121.1,0.8452439024390244,69,1.86
21649,ASSORTED TUTTI FRUTTI PHOTO FRAME,413,23,33.645853804902465,1120.75,2.9152173913043478,19,0.56
22232,JIGSAW TOADSTOOLS 3 PIECE,1003,112,9.577929202036724,1120.6299999999999,1.2412499999999997,94,1.36
21738,COSY SLIPPER SHOES SMALL  RED ,386,108,4.317328058481913,1119.5,2.9425925925925926,89,0.52
21773,DECORATIVE ROSE BATHROOM BOTTLE,1264,107,21.658207229558933,1118.96,1.151588785046729,87,1.71
21175,GIN AND TONIC DIET METAL SIGN,474,37,18.609791087605586,1118.46,2.5118918918918918,34,0.64
21130,COLOURFUL STANDING GNOME,706,39,76.08990349780314,1115.7,3.355128205128205,29,0.96
70007,HI TEC ALPINE HAND WARMER,1089,105,17.291759455155077,1114.89,1.4896190476190476,87,1.48
22252,BIRDCAGE DECORATION TEALIGHT HOLDER,929,111,11.54983504638441,1114.51,1.2397297297297298,83,1.26
21291,SMALL POLKADOT CHOCOLATE GIFT BAG ,1310,61,21.09866232519418,1113.5,0.85,50,1.78
23431,NATURAL HANGING QUILTED HEARTS ,1427,69,68.1394531896824,1113.13,0.8252173913043478,63,1.93
23506,MINI PLAYING CARDS SPACEBOY ,2694,132,59.25658459182283,1106.28,0.41909090909090907,114,3.65
21009,ETCHED GLASS STAR TREE DECORATION,885,82,8.8732331642481,1106.25,1.25,72,1.2
20765,CHRYSANTHEMUM SKETCHBOOK ,405,121,9.36546025190581,1104.79,3.725454545454545,96,0.55
15058A,BLUE POLKADOT GARDEN PARASOL,148,51,2.872315455939924,1104.6,7.8088235294117645,40,0.2
21822,GLITTER CHRISTMAS TREE WITH BELLS,868,101,8.809288527255516,1102.9,1.3844554455445546,73,1.18
23061,VINTAGE EMBOSSED HEART,886,84,6.7883755387821925,1102.46,1.2475,72,1.2
79163,BLACK CHAMPAGNE GLASS,1811,57,40.109233682113846,1102.1699999999998,0.9833333333333333,44,2.45
22166,"WALL MIRROR , RECT DIAMANTE, PINK/",177,21,20.500174215287604,1100.91,7.131428571428571,16,0.24
48197,DOORMAT BIRD ON THE WIRE,223,16,47.537309908463826,1100.15,7.236875,16,0.3
35598D,PINK/WHITE CHRISTMAS TREE 60CM,1642,52,53.43581311892092,1099.12,0.8001923076923076,43,2.22
23072,MARIE ANTOINETTE TRINKET BOX SILVER,326,22,36.9679866185871,1099.0,10.772727272727273,21,0.44
22808,SET OF 6 T-LIGHTS EASTER CHICKS,394,61,7.203179322335852,1098.9,2.859836065573771,58,0.53
22919,HERB MARKER MINT,1709,200,10.673687884949919,1098.85,0.6495000000000001,136,2.32
21779,MA CAMPAGNE MINI WOODEN CHEST,301,22,7.3315129578472575,1097.8000000000002,4.612272727272727,21,0.41
21397,BLUE  SPOTTY EGG CUP ,922,63,24.557570009096256,1097.78,1.243968253968254,53,1.25
21312,LARGE CHUNKY GLASS ROMAN BOWL,293,20,23.42125665197952,1097.75,4.79,19,0.4
22253,6 CROCHET STRAWBERRIES,937,72,31.19655680511108,1096.39,1.2420833333333334,62,1.27
85039A,SET/4 RED MINI ROSE CANDLE IN BOWL,1117,90,18.738828548785378,1095.35,1.4334444444444443,61,1.51
37482B,CUBIC MUG BLUE POLKA DOT,1249,7,231.72674794741695,1093.95,1.8214285714285714,5,1.69
84674,FLYING PIG WATERING CAN,444,93,6.649826791235709,1093.8,2.872043010752688,67,0.6
20658,RED SPOTTY LUGGAGE TAG,876,126,5.7589681615471955,1090.44,1.246984126984127,96,1.19
23225,CHERUB HEART DECORATION SILVER ,1296,69,29.31866980231167,1089.6000000000001,0.9579710144927536,46,1.76
22709,WRAP WEDDING DAY,2775,76,43.67317816724666,1089.5,0.415,68,3.76
22448,PIN CUSHION BABUSHKA RED,340,70,3.4944499029494764,1088.8600000000001,3.2768571428571427,54,0.46
22984,CARD GINGHAM ROSE ,2714,144,22.411697571451125,1088.8600000000001,0.4215277777777777,93,3.68
22422,TOOTHPASTE TUBE PEN,2080,154,21.553170839694452,1088.1,0.6533116883116883,119,2.82
22921,HERB MARKER CHIVES ,1688,174,18.361882446930224,1085.2,0.6494252873563219,121,2.29
22615,PACK OF 12 CIRCUS PARADE TISSUES ,3643,137,40.71828515842757,1084.09,0.3113138686131387,110,4.94
23539,WALL ART LOVES' SECRET ,229,33,15.986203805819947,1082.1100000000001,5.788181818181818,31,0.31
17096,ASSORTED LAQUERED INCENSE HOLDERS,6157,35,352.63348506617456,1081.65,0.19857142857142857,25,8.34
21396,RED SPOTTY EGG CUP ,909,59,19.763357459483025,1081.53,1.2403389830508476,45,1.23
22715,CARD WEDDING DAY,2646,168,14.765532773450214,1081.08,0.41785714285714287,125,3.59
85017B,ENVELOPE 50 BLOSSOM IMAGES,1859,119,30.820417950684778,1080.99,0.6221008403361344,98,2.52
22249,DECORATION WHITE CHICK MAGIC GARDEN,1291,147,7.9013758181227765,1080.71,0.8438095238095238,126,1.75
85130A,BEADED PEARL HEART WHITE LARGE,656,76,7.725010645538569,1080.0,1.6473684210526314,59,0.89
20734,SILVER MINI TAPE MEASURE ,1379,68,53.472784426058084,1079.85,0.8442647058823529,50,1.87
21806,WHITE CHRISTMAS HEART DECORATION,2590,108,20.891791296561745,1079.1599999999999,0.4194444444444444,95,3.51
16225,RATTLE SNAKE EGGS,1420,113,33.48530490757814,1078.64,1.1831858407079645,90,1.92
22233,JIGSAW RABBIT AND BIRDHOUSE,881,130,7.168260559675638,1077.35,1.2667692307692306,112,1.19
22094,RED POLKA DOT TISSUE BOX,943,62,63.41074457663377,1076.15,1.2438709677419355,58,1.28
23515,EMBROIDERED RIBBON REEL DAISY ,558,60,25.422064352294512,1075.3799999999999,2.0655,58,0.76
84562A,PINK/WHITE RIBBED MELAMINE JUG,143,64,2.764526926434996,1073.25,7.8754687500000005,48,0.19
23513,EMBROIDERED RIBBON REEL SUSIE ,556,62,24.976689290863007,1072.96,2.0706451612903227,59,0.75
85118,HEART T-LIGHT HOLDER,2027,62,61.575380621462244,1072.1499999999999,0.8991935483870968,55,2.75
84396,6 HOOK JEWELLERY STAND BLACK DRESS,516,28,25.72709851272774,1071.6,3.585,22,0.7
21955,  DOORMAT UNION JACK GUNS AND ROSES,167,51,2.987162073758631,1071.25,6.640196078431372,47,0.23
22214,CANDLE PLATE LACE WHITE,462,52,11.47658117800963,1069.3,2.4563461538461535,43,0.63
84279P, CHERRY BLOSSOM  DECORATIVE FLASK,308,26,39.459034258524184,1068.6,3.7084615384615387,22,0.42
23418,LAVENDER TOILETTE BOTTLE,533,60,10.53821402336562,1066.88,2.0655,55,0.72
23269,SET OF 2 CERAMIC CHRISTMAS TREES,748,77,13.193755643103474,1065.3999999999999,1.4474025974025975,63,1.01
21739,COSY SLIPPER SHOES SMALL GREEN,364,101,3.026810889106857,1064.59,2.912079207920792,83,0.49
85032D,YULETIDE IMAGES GIFT WRAP SET,1008,91,17.932732808551684,1063.06,1.266923076923077,89,1.37
21219,SET/4 BADGES BALLOON GIRL,848,104,4.5979506426258965,1062.94,1.2947115384615384,77,1.15
21413,PERIWINKLE T-LIGHT HOLDER,3134,34,508.8681123761111,1062.1,1.2161764705882354,25,4.25
22287,"DECORATION , WOBBLY CHICKEN, METAL ",763,60,38.06287913915055,1061.55,1.6358333333333333,58,1.03
84313C,ORANGE TV TRAY TABLE ,497,47,30.042538450649307,1061.15,3.2223404255319146,29,0.67
22740,POLKA DOT PEN,1248,24,13.551832861758717,1060.8,0.85,23,1.69
84658,WHITE STITCHED CUSHION COVER,198,57,3.737384795921067,1060.78,6.601578947368421,50,0.27
22815,CARD PSYCHEDELIC APPLES,2566,165,10.542252999244228,1060.44,0.41854545454545455,111,3.48
85131A,BEADED PEARL HEART WHITE ON STICK,1375,78,22.647558840014558,1060.43,1.0503846153846155,64,1.86
35471D,SET OF 3 BIRD LIGHT PINK FEATHER ,1950,213,9.994783385559817,1060.0,0.7223004694835681,158,2.64
23375,50'S CHRISTMAS PAPER GIFT BAG,1317,88,21.047537253831166,1059.9399999999998,0.8188636363636363,85,1.78
22686,FRENCH BLUE METAL DOOR SIGN No,909,81,20.52193947949365,1059.7,1.2549382716049384,46,1.23
21817,GLITTER CHRISTMAS TREE,1671,126,12.519539014790327,1058.79,0.693015873015873,102,2.26
22201,FRYING PAN BLUE POLKADOT ,266,50,20.083946274554307,1058.5,4.24,42,0.36
84910A,PINK PAISLEY CUSHION COVER ,412,40,47.07724149381172,1058.2,5.6274999999999995,37,0.56
21839,MUMMY MOUSE RED GINGHAM RIBBON,198,81,3.937003937005906,1058.1000000000001,5.431481481481481,71,0.27
22817,CARD SUKI BIRTHDAY,2578,169,12.304194786931317,1056.84,0.41786982248520704,104,3.49
21818,GLITTER HEART DECORATION,2434,141,19.435845157878088,1056.34,0.463049645390071,104,3.3
23529,DOLLY GIRL WALL ART,318,11,70.21887858041389,1055.94,3.6090909090909093,10,0.43
23369,SET 36 COLOUR PENCILS LOVE LONDON,901,98,22.25098545866585,1053.29,1.2441836734693879,80,1.22
22819,"BIRTHDAY CARD, RETRO SPOT",2568,168,14.559867266430768,1052.64,0.41821428571428565,125,3.48
20771,CHRYSANTHEMUM  JOURNAL,551,112,10.982490891305405,1051.96,2.472410714285714,91,0.75
84609,TALL ROCOCO CANDLE HOLDER,129,27,4.041451884327381,1051.5,8.407407407407407,23,0.17
85224,ASSORTED COLOUR SILK GLASSES CASE,1987,50,48.44850411540492,1051.14,1.335,35,2.69
22806,SET OF 6 T-LIGHTS WEDDING CAKE ,410,45,11.511303184700724,1049.9,2.7344444444444447,42,0.56
47587A,PINK FAIRY CAKE COASTER,2676,9,513.8628221617128,1049.6399999999999,0.38555555555555554,7,3.63
22062,CERAMIC BOWL WITH LOVE HEART DESIGN,711,99,11.823846223527486,1048.49,1.9180808080808083,68,0.96
21490,SET OF THREE 50'S GIFT WRAPS ,598,38,29.49364036857118,1047.6,1.9105263157894736,36,0.81
23511,EMBROIDERED RIBBON REEL EMILY ,524,86,15.246699088830182,1046.42,2.0732558139534887,83,0.71
21803,CHRISTMAS TREE STAR DECORATION,2489,102,17.649648583673265,1045.3799999999999,0.42,86,3.37
23432,PRETTY HANGING QUILTED HEARTS,1272,70,18.889435302452764,1045.2,0.8268571428571428,65,1.72
16046,TEATIME PEN CASE & PENS,9949,48,927.7843829569806,1043.53,0.7491666666666666,44,13.48
23542,70'S ALPHABET WALL ART,150,15,21.43428495258406,1043.1,7.986,14,0.2
84847,FLORAL BATHROOM SET,2315,37,255.29966494086688,1043.01,3.543513513513514,32,3.14
21246,RED RETROSPOT BIG BOWL,214,50,3.9950990383882363,1042.5,4.936,40,0.29
21090,SET/6 COLLAGE PAPER PLATES,2285,160,26.816209280744342,1042.03,0.556125,129,3.1
22532,MAGIC DRAWING SLATE LEAP FROG ,2740,159,35.35895406418768,1041.3600000000001,0.4164150943396226,129,3.71
22403,MAGNETS PACK OF 4 VINTAGE LABELS ,1601,161,14.544865265448903,1040.83,0.8977639751552795,137,2.17
22997,TRAVEL CARD WALLET UNION JACK,2477,182,13.136197343631869,1038.9,0.41967032967032963,101,3.36
84828,JUNGLE POPSICLES ICE LOLLY MOULDS,831,98,12.732157187052357,1038.66,1.320204081632653,74,1.13
21633,SUNFLOWER DECORATIVE PARASOL,127,34,5.669208824761372,1038.45,11.714705882352941,32,0.17
21410,COUNTRY COTTAGE  DOORSTOP GREEN,259,101,3.4217417833149195,1036.75,4.227722772277228,81,0.35
22204,MILK PAN BLUE RETROSPOT,290,56,19.007278168549632,1035.66,3.7435714285714283,42,0.39
16235,RECYCLED PENCIL WITH RABBIT ERASER,5088,164,54.86077763702224,1031.58,0.21164634146341463,124,6.89
20755,BLUE PAISLEY POCKET BOOK,5084,86,465.59503784005886,1031.0,0.8388372093023256,74,6.89
79066K,RETRO MOD TRAY,1272,174,9.97605264972083,1030.86,0.8786206896551724,103,1.72
72800F,4 IVORY DINNER CANDLES GOLD FLOCK,816,64,58.20734694259169,1029.72,2.29546875,51,1.11
85025C,PINK HEART SHAPE PHOTO FRAME,642,93,16.479278501070624,1029.1,1.6478494623655915,73,0.87
23231,WRAP  VINTAGE DOILY ,2450,93,6.762258793666496,1029.0,0.41999999999999993,80,3.32
21825,PAINTED METAL TREE WITH HOLLY BELLS,722,72,13.2760211906334,1027.6999999999998,1.4472222222222222,62,0.98
22340,NOEL GARLAND PAINTED ZINC ,1345,95,8.941078745751987,1027.41,0.8786315789473684,81,1.82
84989A,75 GREEN FAIRY CAKE CASES,2066,124,65.59841946053203,1027.1,0.5479032258064517,95,2.8
22256,FELT FARM ANIMAL CHICKEN,846,86,15.742681186631213,1025.58,1.243372093023256,78,1.15
23516,EMBROIDERED RIBBON REEL SOPHIE  ,291,42,15.014452967371396,1025.01,3.7280952380952384,39,0.39
84688,BEACH HUT DESIGN BLACKBOARD,388,47,14.914929907145396,1025.0,3.918085106382979,39,0.53
22102,MIRROR MOSAIC T-LIGHT HOLDER ,1738,41,155.52489801455914,1024.5,1.5690243902439025,35,2.36
22382,LUNCHBAG SPACEBOY DESIGN ,644,45,19.23989961963776,1022.6,1.641111111111111,44,0.87
84815,SET OF 3 DANISH ROSE PLANTERS,906,36,134.21826573586347,1022.5,4.152777777777778,34,1.23
21849,SILVER DIAMANTE PEN IN GIFT BOX,460,61,14.435573848992869,1020.34,4.326065573770491,46,0.62
22718,CARD CAT AND TREE ,2460,170,8.843930470147733,1020.24,0.4189411764705882,114,3.33
21195,PINK  HONEYCOMB PAPER BALL ,622,55,14.960284121971114,1018.6800000000001,1.9910909090909092,49,0.84
18007,ESSENTIAL BALM 3.5g TIN IN ENVELOPE,11335,53,653.4742369630617,1017.1800000000001,0.170188679245283,40,15.36
23026,DRAWER KNOB VINTAGE GLASS STAR,503,55,12.930609939236177,1016.97,2.106727272727273,43,0.68
23411, TRELLIS COAT RACK,217,47,7.499429518852292,1016.55,4.915957446808511,42,0.29
21209,MULTICOLOUR HONEYCOMB FAN,1354,84,22.149766656501466,1016.52,0.9890476190476191,66,1.83
20777,CHRYSANTHEMUM NOTEBOOK,3525,95,328.06263911754786,1016.25,1.6342105263157896,78,4.78
23544,WALL ART MID CENTURY MODERN ,164,20,25.02335750958755,1015.78,7.523000000000001,17,0.22
16047,POP ART PEN CASE & PENS,10587,23,1490.6088882424892,1015.59,0.7830434782608695,21,14.35
21883,STARS GIFT TAPE ,2038,165,13.156564743923452,1015.36,0.5967878787878788,132,2.76
72819,CUPID DESIGN SCENTED CANDLES,660,66,16.780941570722426,1015.1,2.1727272727272724,59,0.89
22101,MIRROR MOSAIC VOTIVE HOLDER,1088,50,63.17082767692501,1014.72,1.9416,44,1.47
23508,MINI PLAYING CARDS DOLLY GIRL ,2472,114,63.76801370197373,1013.0400000000001,0.4189473684210526,95,3.35
23327,HANGING CLEAR MINI BOTTLE,1710,35,55.913348325855104,1012.02,0.6185714285714285,33,2.32
21065,BOOM BOX SPEAKER GIRLS,516,61,18.785254652245918,1011.6,4.794262295081967,44,0.7
37479B,CUBIC MUG FLOCK BLUE ON BROWN,1240,24,124.85249267650299,1011.48,1.1633333333333333,20,1.68
21040,MODERN VINTAGE COTTON SHOPPING BAG,855,47,44.651616796216786,1011.45,2.110851063829787,43,1.16
21316,SMALL CHUNKY GLASS ROMAN  BOWL,669,34,30.819828906605597,1008.19,2.0011764705882356,33,0.91
21827,EIGHT PIECE CREEPY CRAWLIE SET,810,128,9.898786511964424,1007.94,1.24703125,89,1.1
21010,ETCHED GLASS BIRD TREE DECORATION,806,68,8.752423469731287,1007.5,1.25,62,1.09
23460,SWEETHEART WALL TIDY ,108,43,4.636152412462689,1007.0799999999999,9.900930232558139,41,0.15
15058B,PINK WHITE SPOTS GARDEN PARASOL,180,47,4.254507323115356,1007.0,7.132978723404255,36,0.24
22857,ASSORTED EASTER GIFT TAGS,1226,62,26.021062940473612,1004.66,0.8458064516129032,60,1.66
22202,MILK PAN PINK POLKADOT,286,40,15.667294040902611,1003.38,3.714,36,0.39
21786,POLKADOT RAIN HAT ,2578,135,34.33719407039502,1003.33,0.44362962962962965,82,3.49
23433,HANGING QUILTED PATCHWORK APPLES,1215,82,8.475277115947938,1003.1700000000001,0.8286585365853659,76,1.65
21802,CHRISTMAS TREE HEART DECORATION,2388,101,16.580460885280505,1002.9599999999999,0.42000000000000004,89,3.24
22678,FRENCH BLUE METAL DOOR SIGN 3,799,113,6.655712924890826,1001.18,1.2708849557522126,63,1.08
84569D,PACK 6 HEART/ICE-CREAM PATCHES,799,98,7.021839334939064,1001.17,1.2623469387755102,82,1.08
22258,FELT FARM ANIMAL RABBIT,1113,73,27.284906705762463,1000.77,1.1853424657534246,69,1.51
85179B,WHITE BITTY LIGHT CHAIN ,240,39,8.770580193070291,1000.0799999999999,4.542307692307692,33,0.33
23347,I LOVE LONDON BEAKER,827,71,26.074124333494904,999.75,1.247605633802817,51,1.12
85169A,IVORY LOVE BIRD CANDLE,913,101,9.810118034029157,999.0699999999999,1.205148514851485,79,1.24
23087,ZINC  HEART T-LIGHT HOLDER,830,49,20.023328231574986,997.1800000000001,1.237142857142857,43,1.12
23131,MISELTOE HEART WREATH CREAM,240,1,1.0,996.0,4.15,1,0.33
23376,PACK OF 12 VINTAGE CHRISTMAS TISSUE,2630,117,41.21612470920571,995.4599999999999,0.38940170940170943,104,3.56
23102,SILVER HEARTS TABLE DECORATION,1231,141,11.133526865556071,995.33,0.8268794326241135,128,1.67
22049,WRAP CHRISTMAS SCREEN PRINT,3450,113,19.403640488900606,994.75,0.2938053097345133,95,4.67
20832,RED FLOCK LOVE HEART PHOTO FRAME,1576,104,16.826798569901044,994.0999999999999,0.7022115384615385,86,2.14
21145,ANTIQUE GLASS PLACE SETTING,839,39,29.59184791269361,994.03,1.2402564102564102,34,1.14
85136C,RED SHARK HELICOPTER,125,80,1.7345611928224303,993.75,7.95,70,0.17
22416,36 DOILIES SPACEBOY DESIGN ,705,52,28.03458190887515,993.4499999999999,1.4461538461538461,49,0.96
23365,SET 12 COLOUR PENCILS LOVE LONDON,1529,131,21.04005072679305,991.45,0.649236641221374,107,2.07
23452,HEART MINI PORTRAIT FRAME,510,81,4.124452825661983,990.9,1.9462962962962964,69,0.69
85212,MINI PAINTED GARDEN DECORATION ,2766,96,56.23247095294393,990.62,0.4983333333333333,82,3.75
21399,BLUE POLKADOT COFFEE MUG,2113,70,25.53445688893415,989.9399999999999,0.732,56,2.86
21530,DAIRY MAID TOASTRACK,860,116,7.91483907992888,989.72,1.5872413793103448,88,1.17
84678,CLASSICAL ROSE SMALL VASE,541,66,9.879613348039484,989.5500000000001,2.3333333333333335,52,0.73
20752,BLUE POLKADOT WASHING UP GLOVES,471,156,3.0149544560753223,989.1,2.1,117,0.64
84559A,3D SHEET OF DOG STICKERS,1161,152,9.61273254843553,987.63,0.8551315789473684,107,1.57
17021,NAMASTE SWAGAT INCENSE,3714,82,111.64698420289702,982.44,0.2948780487804878,45,5.03
22856,ASSORTED EASTER DECORATIONS  BELLS,872,27,73.96559221630577,980.56,1.2359259259259259,25,1.18
85124C,GREEN JUICY FRUIT PHOTO FRAME,397,97,5.431548417629952,979.95,2.540721649484536,51,0.54
21202,DOLLY HONEYCOMB GARLAND,814,56,27.7508160638168,975.9,1.5642857142857143,53,1.1
22323,PINK POLKADOT KIDS BAG,474,73,6.9103852756220645,975.9,2.2335616438356167,57,0.64
37424,WHITE WITH BLACK CATS MUG,5153,47,436.2958920937823,975.41,0.8031914893617021,28,6.98
72815,3 WICK CHRISTMAS BRIAR CANDLE ,260,60,3.9172225834590484,975.0,3.75,53,0.35
22260,FELT EGG COSY BLUE RABBIT ,1187,113,28.784955114795796,973.0699999999999,0.8764601769911504,85,1.61
21752,GLASS CAKE STAND MIRRORED BASE,68,30,2.5452231571200645,972.6,14.803333333333333,28,0.09
20705,MRS ROBOT SOFT TOY,269,49,7.5804640606066895,972.55,5.386734693877551,47,0.36
20866,BLUE ROSE FABRIC MIRROR,963,87,28.85158215944922,972.29,1.263448275862069,76,1.3
23041,PAPER LANTERN 9 POINT SNOW STAR,234,42,5.609846992143486,971.1,4.15,40,0.32
22680,FRENCH BLUE METAL DOOR SIGN 5,775,109,6.692089649757702,969.97,1.2716513761467891,65,1.05
84559B,3D SHEET OF CAT STICKERS,1140,152,9.380125530444005,969.0,0.85,97,1.54
22321,BIRD DECORATION RED SPOT,1139,84,9.021194843091276,966.5899999999999,0.848452380952381,67,1.54
84969,ASSORTED COLOUR SET 6 TEASPOONS,227,63,2.7797637549867695,964.75,4.25,48,0.31
84800L,LARGE WHITE/PINK ROSE ART FLOWER,647,37,19.552808297334487,964.4300000000001,1.8548648648648647,32,0.88
85008,SET OF 3 CONEY ISLAND OVAL BOXES,259,90,4.431318006632465,961.8,4.7283333333333335,77,0.35
84687,BEACH HUT SHELF W 3 DRAWERS,292,52,11.458627789991375,961.4,5.084615384615385,43,0.4
23281,FOLDING BUTTERFLY MIRROR RED  ,1252,92,31.722338134846236,961.2800000000001,0.8228260869565218,56,1.7
85126,LARGE ROUND CUTGLASS CANDLESTICK,148,33,7.089257771979781,960.6,6.701515151515152,22,0.2
23121,PACK OF 6 COCKTAIL PARASOL STRAWS,2460,92,57.10966307743345,958.32,0.41608695652173916,81,3.33
22266,EASTER DECORATION HANGING BUNNY,2476,132,57.27516563623661,958.3,0.5265151515151515,101,3.36
72484,ROSES IN WHITE HEART CANDLE ,1805,56,68.89596665102552,958.2099999999999,0.9703571428571429,45,2.45
22860,EASTER TIN CHICKS PINK DAISY,580,88,8.78168989004815,957.0,1.65,85,0.79
84750B,BLACK SMALL GLASS CAKE STAND,564,55,13.59768251199335,956.64,1.7416363636363634,43,0.76
82001S,SILVER RECORD COVER FRAME,272,19,17.400678887072026,955.86,4.398421052631579,13,0.37
85197,SET OF 12 MINI BUNNIES IN A BUCKET,1667,75,154.9625563607992,955.26,2.0589333333333335,63,2.26
23518,EMBROIDERED RIBBON REEL RACHEL ,357,41,20.17454324444425,954.93,2.870487804878049,40,0.48
22701,PINK DOG BOWL,552,87,11.181200570191827,954.78,2.516666666666667,65,0.75
21250,SET OF SKULL WALL STICKERS,394,53,17.09758128863921,950.5,2.879245283018868,47,0.53
84664,CHERRY BLOSSOM BATHROOM CABINET,192,50,2.131972354991729,950.4,4.95,17,0.26
72753B,S/3 FLWR FAIRY LAVENDER CANDLES,444,13,52.809162957839916,949.95,3.0,11,0.6
22717,CARD DOG AND BALL ,2322,152,23.49417213023364,949.32,0.4188157894736842,118,3.15
23088,ZINC HEART FLOWER T-LIGHT HOLDER,760,57,5.552777082985894,947.18,1.306315789473684,52,1.03
22986,WRAP GINGHAM ROSE ,2276,82,20.016388949015393,943.92,0.41926829268292676,69,3.08
23033,DRAWER KNOB CERAMIC RED,679,59,17.452766682516053,943.75,1.4398305084745764,42,0.92
22597,MUSICAL ZINC HEART DECORATION ,2498,117,26.29517991733014,943.64,0.4867521367521367,90,3.38
22280,POCKET BAG PINK PAISELY BROWN SPOT,579,91,12.843949274542974,943.03,1.6514285714285715,79,0.78
78124,MAGAZINE RACK GEBRA ASSORTED ,718,26,59.84117440229723,942.5,1.5384615384615385,25,0.97
47504H,ENGLISH ROSE SPIRIT LEVEL ,989,105,16.802461445357064,940.83,1.3254285714285714,81,1.34
85019B,BLOSSOM  IMAGES NOTEBOOK SET,704,36,25.095753134680482,940.0,2.0,31,0.95
22105,MIRROR MOSAIC GOBLET CANDLE HOLDER,613,27,62.90151937434532,937.25,3.875925925925926,23,0.83
37492B,BLUE YELLOW FLOWER PIGGY BANK,488,43,26.137806700102363,937.2,3.5337209302325587,33,0.66
35648,VINTAGE BEAD PINK PURSE ,867,71,12.816190087940383,937.01,1.2153521126760565,48,1.17
23533,WALL ART GARDEN HAVEN ,210,31,14.786727556425626,936.34,5.151935483870968,27,0.28
35958,FOLKART ZINC STAR CHRISTMAS DEC,1100,70,27.02556109280532,935.0,0.85,58,1.49
85160B,BLACK BIRD GARDEN DESIGN MUG,6149,31,741.5101954069635,934.87,0.7616129032258064,28,8.33
23402,HOME SWEET HOME 3 PEG HANGER ,255,51,6.974238309665078,934.17,3.7409803921568625,44,0.35
21636,MADRAS NOTEBOOK MEDIUM,1003,91,14.437588304282544,934.05,1.1456043956043955,74,1.36
22995,TRAVEL CARD WALLET SUKI,2228,185,18.661115998079318,932.88,0.4193513513513513,90,3.02
23525,WALL ART BUFFALO BILL ,321,29,30.29371815419678,932.67,3.6427586206896554,24,0.43
23331,DECORATIVE WICKER HEART SMALL,1492,86,20.647043623645416,932.28,0.6290697674418605,67,2.02
20932,PINK POT PLANT CANDLE,305,56,7.016654584518291,932.05,3.444642857142857,54,0.41
21690,SILVER  CANDLEPOT JARDIN ,248,81,3.486924429251176,929.2,3.740123456790123,65,0.34
21425,SKULLS STORAGE BOX LARGE,450,58,22.184481967568882,928.14,2.8817241379310348,41,0.61
21562,HAWAIIAN GRASS SKIRT ,664,64,15.259137257435947,926.71,1.56375,47,0.9
22116,METAL SIGN HIS DINNER IS SERVED,735,127,10.393549526799262,924.69,1.6835433070866141,96,1.0
21814,HEART T-LIGHT HOLDER ,639,75,5.695802152652615,924.15,1.4473333333333334,59,0.87
23527,ANIMALS AND NATURE WALL ART,267,17,28.765788503625174,923.97,3.6958823529411764,16,0.36
23153,ZINC SWEETHEART WIRE LETTER RACK,248,78,2.8592233517439958,923.63,3.7883333333333336,67,0.34
21711,FOLDING UMBRELLA  WHITE/RED  SPOT,259,26,13.477331395289704,922.05,4.4884615384615385,24,0.35
23512,EMBROIDERED RIBBON REEL ROSIE,484,49,28.07032289110484,921.46,2.0622448979591836,46,0.66
20758,ABSTRACT CIRCLES POCKET BOOK,5378,76,550.4005782075709,920.9,0.8373684210526315,61,7.29
84817,DANISH ROSE DECORATIVE PLATE,1051,78,21.941909350541625,920.64,1.6226923076923079,70,1.42
23566,EGG CUP MILKMAID HEIDI,784,46,28.33682842893022,919.52,1.2408695652173913,44,1.06
21061,PARTY INVITES FOOTBALL,1303,126,26.322359377050578,919.27,0.8336507936507936,104,1.77
21702,SET 5 MINI GATEAUX  FRIDGE MAGNETS,2636,8,712.0094301141163,918.6800000000001,1.3425,5,3.57
21707,FOLDING UMBRELLA BLACKBLUE POLKADOT,184,70,1.993986819628706,918.02,5.083142857142857,61,0.25
22119, PEACE WOODEN BLOCK LETTERS,133,47,1.9925857020046813,917.1500000000001,6.937234042553191,45,0.18
22529,MAGIC DRAWING SLATE GO TO THE FAIR ,2295,137,34.08375950635041,916.38,0.41781021897810217,114,3.11
84929,ASSTD FRUIT+FLOWERS FRIDGE MAGNETS,2928,90,43.32038988484846,915.12,0.3605555555555556,82,3.97
20707,CRAZY DAISY HEART DECORATION,1279,64,64.9137381667223,914.12,1.34859375,48,1.73
15058B,PINK POLKADOT GARDEN PARASOL,121,44,3.313994287794547,913.95,7.868181818181818,35,0.16
21131,GOLD STANDING GNOME,253,29,22.416346955680318,910.25,4.008620689655173,18,0.34
84358,FLOOR LAMP SHADE WOOD BASE,113,22,10.753938169209741,909.63,9.284999999999998,11,0.15
23514,EMBROIDERED RIBBON REEL SALLY ,458,62,17.91542502225907,909.14,2.0706451612903227,57,0.62
85189,HANGING BUTTERFLY  EGG,1117,59,37.09534054148787,908.89,0.8455932203389831,53,1.51
21630,FLOOR CUSHION ELEPHANT CARNIVAL,104,47,1.9553290639636922,908.8,8.886170212765958,21,0.14
22324,BLUE POLKADOT KIDS BAG,447,67,7.394486192532947,906.81,2.258358208955224,52,0.61
72045D,ROSES ON BLUE TEACUP CANDLE ,536,3,281.7487060011693,905.84,1.6900000000000002,3,0.73
22786,CUSHION COVER PINK UNION JACK,163,60,2.139948254298091,903.89,5.940666666666667,50,0.22
22321,BIRD DECORATION RED RETROSPOT,1085,73,16.312329240054005,903.53,0.8482191780821918,58,1.47
22707,WRAP MONSTER FUN ,2150,81,6.054026310473158,903.0,0.41999999999999993,70,2.91
23510,MINI PLAYING CARDS GYMKHANA,2297,100,86.11942084376001,901.74,0.41879999999999995,90,3.11
85018D,YULETIDE IMAGES S/6 PAPER BOXES,762,63,16.13023037024689,901.5,2.023015873015873,57,1.03
21269,ANTIQUE CREAM CUTLERY SHELF ,106,58,0.819454911564458,901.0,8.5,52,0.14
46000P,POLYESTER FILLER PAD 65CMx65CM,212,48,3.5659938385725782,901.0,4.25,37,0.29
35962,12 ASS ZINC CHRISTMAS DECORATIONS,429,48,10.085604339533502,900.9,2.1,39,0.58
84405A,S/3 PINK COL METAL BASKET W HANDLE,122,45,4.048693516669197,900.3,11.016666666666667,40,0.17
20671,BLUE TEATIME PRINT BOWL ,731,106,8.360826167064294,900.0699999999999,1.2482075471698113,70,0.99
84625A,PINK NEW BAROQUECANDLESTICK CANDLE,788,61,11.406569864142934,898.6999999999999,1.848360655737705,40,1.07
21691,SILVER VANILLA FLOWER CANDLE POT,240,73,2.330232773630104,898.56,3.7450684931506846,56,0.33
23529,WALL ART DOLLY GIRL ,311,19,36.73359123671682,896.37,3.6110526315789473,18,0.42
84760L,LARGE HANGING GLASS+ZINC LANTERN,560,1,1.0,896.0,1.6,1,0.76
23419,HOME SWEET HOME BOTTLE ,437,61,7.559057101404584,895.0400000000001,2.0752459016393443,56,0.59
17109B,FLOWER FAIRY INCENSE LAVENDER,4541,16,964.1357593720918,892.9100000000001,1.184375,13,6.15
84666,SQUARE CHERRY BLOSSOM CABINET,226,33,6.937764463973663,892.7,3.9499999999999997,13,0.31
22939,ADULT APRON APPLE DELIGHT,179,40,7.732672938203889,891.9300000000001,5.8085,32,0.24
20778,GARDEN PATH NOTEBOOK ,3595,81,373.0205613602699,891.75,1.6314814814814815,66,4.87
84360,TABLE LAMP WHITE SHADE WOOD BASE,173,36,6.426816338901266,891.5500000000001,5.661111111111111,14,0.23
37475,SET/4 COLOURFUL MIXING BOWLS,94,51,1.5921375445558446,891.5,9.806862745098039,45,0.13
20773,BLUE PAISLEY NOTEBOOK,3303,98,306.8178951885154,889.95,1.6346938775510202,78,4.48
21725,SWEETIES  STICKERS,1047,110,11.277754199447362,889.9499999999999,0.85,81,1.42
85104,SILVER GLASS T-LIGHT SET,327,54,20.20033314377505,888.9300000000001,2.984814814814815,40,0.44
22512,DOORSTOP RACING CAR DESIGN,375,63,15.256335089682043,888.23,3.1346031746031744,54,0.51
21746,SMALL RED SPOT  WINDMILL,742,54,25.891781449154117,886.46,1.242962962962963,45,1.01
22096,PINK PAISLEY SQUARE TISSUE BOX ,1646,168,37.9603574378863,886.28,0.7545833333333333,129,2.23
23528,SPACEBOY WALL ART,306,13,43.9177553020328,885.9000000000001,3.582307692307692,12,0.41
22643,SET OF 4 NAPKIN CHARMS LEAVES   ,405,76,6.593710453444226,882.99,2.3596052631578943,72,0.55
22994,TRAVEL CARD WALLET RETROSPOT,2104,161,18.689945232531613,882.24,0.4196273291925466,89,2.85
22598,CHRISTMAS MUSICAL ZINC TREE,1562,95,24.319117683057886,881.72,0.6392631578947368,82,2.12
21291,SMALL SPOTTY CHOCOLATE GIFT BAG ,1049,65,7.549579713212771,881.5699999999999,0.8403076923076923,52,1.42
46775D,SUNSET COLOUR CHUNKY KNITTED THROW,52,32,1.0701220913160239,881.4,16.95,28,0.07
85111,SILVER GLITTER FLOWER VOTIVE HOLDER,2872,64,121.29126690974678,879.92,0.41,50,3.89
84974,S/2 ZINC HEART DESIGN PLANTERS,89,58,1.0296570241671823,879.55,9.932758620689654,52,0.12
72799A,BLACK PILLAR CANDLE SILVER FLOCK,612,18,75.48276001063772,877.8000000000001,2.4555555555555557,14,0.83
20934,SET/3 POT PLANT CANDLES,167,48,4.19213845461896,877.1500000000001,5.397916666666667,44,0.23
85019A,ROMANTIC IMAGES NOTEBOOK SET,639,41,23.964531718516948,876.75,2.274390243902439,37,0.87
23540,WALL ART THE MAGIC FOREST ,144,9,39.15992849840255,876.64,6.052222222222222,8,0.2
21708,FOLDING UMBRELLA CREAM POLKADOT,178,43,5.449252440424139,875.5,4.917441860465117,36,0.24
21805,WHITE CHRISTMAS TREE DECORATION ,2124,84,24.639849900072583,874.8,0.41857142857142854,77,2.88
23107,WHITE HEARTS WIRE PLANT POT HOLDER,324,59,3.592966699251288,873.5600000000001,2.7340677966101694,58,0.44
47504E,ENGLISH ROSE SCISSORS,4372,37,685.6630413740456,871.4,1.2202702702702701,31,5.92
84625C,BLUE NEW BAROQUE CANDLESTICK CANDLE,743,57,12.175744201779532,870.9499999999999,1.918421052631579,29,1.01
22679,FRENCH BLUE METAL DOOR SIGN 4,695,102,5.630064966575311,870.57,1.2731372549019608,59,0.94
20798,CLEAR MILKSHAKE GLASS,445,43,11.384792950268672,869.7,2.068604651162791,35,0.6
21726,MULTI HEARTS  STICKERS,1038,130,11.100656182423704,869.3,0.849,93,1.41
17033,"BROCADE PURSE,SMALL ARCH BUTTON",3279,68,85.09272301493576,867.55,0.2852941176470588,58,4.44
84637,KITCHEN FLOWER POTS WALL PLAQUE,487,33,41.95088668835731,867.25,4.8106060606060606,28,0.66
21189,WHITE HONEYCOMB PAPER GARLAND ,543,61,10.81003379278219,866.75,1.6401639344262295,53,0.74
35923,CANDY HEART HANGING DECORATION,1453,67,48.736523842175146,866.7099999999999,0.7694029850746268,51,1.97
22896,PEG BAG APPLE DESIGN,384,28,22.105566825034924,866.7,2.4857142857142853,27,0.52
35599D,PINK AND WHITE CHRISTMAS TREE 120CM,322,39,9.452702060697412,866.5799999999999,2.7664102564102566,23,0.44
84826,ASSTD DESIGN 3D PAPER STICKERS,1731,52,30.77835790346499,866.53,0.6521153846153845,48,2.35
22647,CERAMIC LOVE HEART MONEY BANK,1042,68,17.69175638747462,866.5,1.1688235294117648,60,1.41
23545,WRAP RED VINTAGE DOILY,2100,69,23.036721491661936,866.0,0.41884057971014493,63,2.85
22264,FELT FARM ANIMAL WHITE BUNNY ,1803,90,38.05184222385578,865.7099999999999,0.7605555555555555,80,2.44
21060,PARTY INVITES BALLOON GIRL,1208,123,26.05323444264385,864.1999999999999,0.8391869918699187,102,1.64
20617,FIRST CLASS PASSPORT COVER ,452,74,23.169753291836987,863.88,2.132702702702703,59,0.61
84791,GINGHAM HEART DECORATION,296,75,3.3526646656592956,863.6,2.944666666666667,66,0.4
20759,CHRYSANTHEMUM POCKET BOOK ,5734,44,795.2099261443345,863.5,0.8281818181818181,35,7.77
21391,FRENCH LAVENDER SCENT HEART,972,79,11.617134152069218,861.3,1.0234177215189872,70,1.32
23517,EMBROIDERED RIBBON REEL REBECCA ,312,51,13.132626635709293,860.88,2.8743137254901963,50,0.42
23002,TRAVEL CARD WALLET SKULLS,2052,142,19.70692266486549,860.4,0.41957746478873237,85,2.78
21945,STRAWBERRIES  DESIGN FLANNEL ,1518,75,69.09919231350231,859.64,0.8108,61,2.06
23099,FRENCH CARRIAGE LANTERN,132,55,1.727768845993348,858.9000000000001,6.584545454545455,46,0.18
22814,CARD PARTY GAMES ,2126,135,19.1458340889856,858.36,0.4173333333333333,101,2.88
22069,BROWN  PIRATE TREASURE CHEST ,603,84,8.099026736539017,858.33,1.537857142857143,62,0.82
84925F,PSYCHEDELIC WALL THERMOMETER,711,31,55.757173220953355,857.9300000000001,1.964516129032258,29,0.96
20780,BLACK EAR MUFF HEADPHONES,174,61,5.555285967958118,857.6,5.477540983606557,35,0.24
84796A,PINK HAWAIIAN PICNIC HAMPER FOR 2,150,25,9.246621004453466,856.5,10.638,23,0.2
20757,RED DAISY POCKET BOOK ,5301,56,641.0053262233889,856.23,0.8467857142857144,49,7.18
21815,STAR  T-LIGHT HOLDER ,592,61,5.902949156410666,855.9999999999999,1.4467213114754098,54,0.8
21720,CAKE SHOP  STICKER SHEET,1023,87,13.574056579698983,854.99,0.8470114942528736,73,1.39
23532,WALL ART WORK REST AND PLAY  ,205,26,23.10554379031478,853.47,4.470769230769231,23,0.28
22288,"DECORATION , HANGING METAL RABBIT",813,49,42.548461765843605,851.25,1.2387755102040816,45,1.1
21007,ETCHED GLASS DROPLET DECORATION,1905,39,66.38426353695678,851.23,0.7641025641025642,36,2.58
21721,CANDY SHOP  STICKER SHEET,1005,91,10.181586961997283,851.13,0.8471428571428572,73,1.36
20991,JAZZ HEARTS MAGNETIC MEMO PAD,7058,16,1687.5246516717914,850.9,0.609375,12,9.56
85129D,BEADED CRYSTAL HEART PINK SMALL,655,85,6.649066403158677,850.35,1.3474117647058823,59,0.89
84596E,SMALL LICORICE DES PINK BOWL,880,126,12.25005085833304,850.2,1.1152380952380954,90,1.19
85226A,WHITE/BLUE PULL BACK RACING CAR,1658,121,43.80385154833214,849.5,0.5489256198347108,95,2.25
21303,FILIGREE WALL MIRROR  ANTIQUE WHITE,92,26,3.849475488746686,848.8,12.55,24,0.12
21338,MARAKESH LANTERN SMALL ,196,12,46.237201341331065,848.35,5.7875000000000005,9,0.27
22255,FELT TOADSTOOL  SMALL,998,90,9.956810603965806,848.3,0.85,73,1.35
21284,RETROSPOT CANDLE  SMALL,1116,60,18.32031381568244,847.88,1.0978333333333334,55,1.51
85032B,BLOSSOM IMAGES GIFT WRAP SET,929,106,16.575111512541618,846.0,0.9099056603773585,95,1.26
20801,LARGE PINK GLASS SUNDAE DISH,902,73,13.761227600897886,845.86,1.3373972602739725,61,1.22
22821,GIFT BAG PSYCHEDELIC APPLES,1300,103,5.93116809719169,845.36,0.653495145631068,83,1.76
23525,BUFFALO BILL WALL ART ,246,15,30.633315197673266,845.22,3.6886666666666668,15,0.33
85124A,PINK JUICY FRUIT PHOTO FRAME,339,70,5.112178452481945,843.75,2.5307142857142852,43,0.46
21836,GINGHAM OVEN GLOVE RED HEART ,225,81,2.0,843.75,3.75,77,0.3
20774,GREEN FERN NOTEBOOK,3419,77,364.35358259671256,841.35,1.6305194805194805,68,4.63
20622,VIPPASSPORT COVER ,488,71,24.13233135233714,840.6800000000001,2.044647887323944,54,0.66
84782A,PINK 3 TIER GLASS PLATE STAND,119,26,4.579721187348216,840.45,9.903846153846153,24,0.16
21127,COLOURFUL FISHING GNOME,284,38,28.41082477574564,838.6,5.8,25,0.38
23178,JAM CLOCK MAGNET,309,55,9.47411856369354,838.47,2.8387272727272728,50,0.42
21299,EDWARDIAN TOILET ROLL UNIT ,161,29,8.75290240392356,838.35,8.501724137931035,25,0.22
84985A,SET OF 72 GREEN PAPER DOILIES,578,121,6.498060740592514,838.0999999999999,1.45,95,0.78
23179,CLOCK MAGNET MUM'S KITCHEN,304,40,12.247029990562755,837.88,2.9330000000000003,36,0.41
85025B,EAU DE NILE HEART SHAPE PHOTO FRAME,525,68,17.77961736592398,837.45,1.6470588235294117,55,0.71
21635,MADRAS NOTEBOOK LARGE ,395,40,22.520859276770558,836.25,3.0625,35,0.54
22250,DECORATION  BUTTERFLY  MAGIC GARDEN,1018,115,13.621605309124147,836.18,0.8432173913043478,98,1.38
21780,MA CAMPAGNE 4 DRAWER WALL SHELF,125,17,4.35805542172464,835.55,8.411764705882353,17,0.17
21261,GREEN GOOSE FEATHER CHRISTMAS TREE ,245,43,6.860983143908508,834.75,4.903488372093023,37,0.33
22143,CHRISTMAS CRAFT HEART DECORATIONS,420,54,20.244418440336123,834.0,2.090740740740741,51,0.57
20878,SET/9 CHRISTMAS T-LIGHTS SCENTED ,689,69,13.116550785870842,833.89,1.2417391304347827,61,0.93
90200D,PINK SWEETHEART BRACELET,199,55,3.7883393659379503,833.75,4.240909090909091,41,0.27
21062,PARTY INVITES SPACEMAN,1009,121,6.938484127204662,833.53,0.8450413223140496,102,1.37
23523,TREASURE AHOY WALL ART,270,16,29.65552225134469,833.46,3.585,15,0.37
72529W,WHITE ADVENT CANDLE,443,39,24.105565179115555,829.08,2.086923076923077,39,0.6
35599B,BLACK CHRISTMAS TREE 120CM,249,38,11.675100250558769,828.5699999999999,5.154736842105263,26,0.34
84820,DANISH ROSE TRINKET TRAYS,317,49,11.890300740548163,828.15,4.638979591836735,46,0.43
85124B,BLUE JUICY FRUIT PHOTO FRAME,331,84,4.189347335303176,827.85,2.5446428571428568,45,0.45
21392,RED SPOTTY PUDDING BOWL,3818,24,743.1499887620947,827.04,2.0033333333333334,20,5.17
21650,ASSORTED TUTTI FRUTTI BRACELET,2791,111,33.51766070347957,826.99,0.4013513513513514,84,3.78
21664,RIDGED GLASS STORAGE JAR CREAM LID,227,55,7.034451057723104,825.3299999999999,3.7369090909090907,44,0.31
84341B,SMALL PINK MAGIC CHRISTMAS TREE,1690,98,25.777022143917957,825.03,0.686938775510204,79,2.29
85130D,BEADED CRYSTAL HEART PINK LARGE,734,83,11.411891452758075,824.28,1.316024096385542,63,0.99
22682,FRENCH BLUE METAL DOOR SIGN 7,658,86,5.591521821389035,823.11,1.263372093023256,55,0.89
23502,PLAYING CARDS VINTAGE DOILY ,677,86,11.256158065310066,822.73,1.2451162790697674,78,0.92
22310,KNITTED MUG COSY IVORY COLOUR ,546,28,33.46695440336688,821.7,1.6214285714285714,20,0.74
23338,EGG FRYING PAN RED ,405,91,7.389577850314645,820.32,2.0749450549450548,62,0.55
23479,WIRE EGG BASKET ,109,40,2.8009842592404586,819.65,7.775,35,0.15
22893,MINI CAKE STAND T-LIGHT HOLDER,2006,94,31.939981750551734,819.48,0.4180851063829787,70,2.72
23186,FRENCH STYLE STORAGE JAR CAFE ,1982,71,38.67732686836168,819.4599999999999,0.3409859154929577,57,2.69
85135C,RED DRAGONFLY HELICOPTER,103,66,0.8966396734266803,818.85,7.950000000000001,57,0.14
22268,EASTER DECORATION SITTING BUNNY,1010,117,18.631452037088128,817.9399999999999,0.8455555555555555,89,1.37
22681,FRENCH BLUE METAL DOOR SIGN 6,652,88,5.4911346808828645,816.82,1.2768181818181819,49,0.88
20756,GREEN FERN POCKET BOOK,5679,44,795.3941657845241,816.7499999999999,0.8281818181818181,40,7.7
72598,SET/12 TAPER CANDLES,1042,92,17.631832286933573,815.14,0.8385869565217391,74,1.41
84660A,WHITE STITCHED WALL CLOCK,851,42,35.199819514372045,814.4,1.7083333333333333,34,1.15
84750A,PINK SMALL GLASS CAKE STAND,447,49,14.779818240116633,814.05,1.9255102040816325,42,0.61
17039,INLAID WOOD INCENSE HOLDER,3641,30,232.06011161399292,813.09,0.27399999999999997,20,4.93
22164,STRING OF STARS CARD HOLDER,303,42,8.324327305380779,812.25,2.9095238095238094,40,0.41
20833,SHAKER THROW  QUILTED,52,5,9.09945053286186,811.8,27.630000000000003,3,0.07
85159A,"BLACK TEA,COFFEE,SUGAR JARS",456,48,6.885074823061035,811.1999999999999,2.2479166666666663,41,0.62
21944,KITTENS DESIGN FLANNEL,1538,76,71.11284336340427,811.0999999999999,0.7793421052631578,53,2.08
85231L,LAVENDER SCENTED SET/9 T-LIGHTS,1018,103,22.682506419443893,810.6999999999999,0.8449514563106796,81,1.38
85145,JARDIN ETCHED GLASS LARGE BELL JAR,91,30,3.4589547288294993,809.05,9.403333333333334,27,0.12
22953,BIRTHDAY PARTY CORDON BARRIER TAPE,665,97,15.632491331306335,807.52,1.2729896907216496,73,0.9
47589,CONGRATULATIONS BUNTING,148,71,1.4416902666487341,806.6,5.45,59,0.2
35957,SMALLFOLKART BAUBLE CHRISTMAS DEC,3313,62,48.66668870085875,806.3399999999999,0.33096774193548384,51,4.49
21552,CERAMIC BIRDHOUSE BLACK ROSE  LARGE,162,33,12.92614510489215,805.6500000000001,5.86060606060606,25,0.22
85130B,BEADED CRYSTAL HEART GREEN LARGE,875,59,14.027254926445115,805.0500000000001,1.0622033898305085,50,1.19
84660B,BLACK STITCHED WALL CLOCK,727,44,26.29217642619598,804.65,2.162272727272727,26,0.99
85166B,BLACK METAL BAROQUE PHOTO FRAME,501,31,30.72794252163498,798.75,3.1048387096774195,28,0.68
23524,HORSE & PONY WALL ART,256,17,28.93844887911948,797.31,3.594705882352941,16,0.35
23022,SMALL BONNE JAM JAR  T-LIGHT HOLDER,416,23,22.49628867063563,795.6800000000001,2.0295652173913044,19,0.56
82616B,FRAPPUCINO SCARF KNITTING KIT,533,77,11.20357818049572,794.9300000000001,2.0223376623376623,57,0.72
21580,RABBIT  DESIGN  COTTON TOTE BAG,361,89,3.3485395410869314,794.25,2.2331460674157304,76,0.49
21331,MOROCCAN BEATEN METAL DISH LARGE,104,24,9.603743231572313,793.74,11.839166666666666,23,0.14
35598B,BLACK CHRISTMAS TREE 60CM,919,48,38.482927733611355,792.85,1.7520833333333334,37,1.25
22247,BUNNY DECORATION MAGIC GARDEN,971,107,13.46603059174177,792.0699999999999,0.8402803738317757,86,1.32
20867,PINK ROSE FABRIC MIRROR,844,77,28.104336413125758,791.72,1.2249350649350648,68,1.14
82616C,MIDNIGHT GLAMOUR SCARF KNITTING KIT,539,78,15.103268672996734,791.22,1.9470512820512822,57,0.73
21676,FLOWERS  STICKERS,1102,98,13.220619029200318,787.3599999999999,0.8837755102040816,75,1.49
20913,SET/5 BLUE SPOTTY LID GLASS BOWLS,295,30,37.49214477114146,787.05,2.936666666666667,26,0.4
84685,BEACH HUT KEY CABINET,359,54,7.8479835348033,786.25,3.240740740740741,46,0.49
21555,CERAMIC STRAWBERRY TRINKET TRAY,316,51,9.915683754221163,784.2,2.5441176470588234,38,0.43
85196,EASTER BUNNIES ON A STICK,1536,66,37.82329174730035,783.9599999999999,0.5401515151515153,59,2.08
85194S,HANGING SPRING FLOWER EGG SMALL,1680,97,16.84707343016917,783.8,0.5456701030927835,84,2.28
84767,ZINC POLICE BOX LANTERN,193,4,92.50360353341196,783.7,5.4625,4,0.26
23380,PACK OF 12 VINTAGE DOILY TISSUES,2087,94,46.146000138232154,783.6899999999999,0.3892553191489362,85,2.83
21264,WHITE GOOSE FEATHER TREE 60CM ,352,57,5.467837150809214,782.4,3.0728070175438598,51,0.48
20669,RED HEART LUGGAGE TAG,627,138,5.305443513890804,781.47,1.2486231884057972,103,0.85
21801,CHRISTMAS TREE DECORATION WITH BELL,1860,81,16.561585404517018,781.1999999999999,0.41999999999999993,69,2.52
21318,GLASS CHALICE BLUE SMALL ,936,78,13.817925493179679,780.3,1.241025641025641,70,1.27
23004,TRAVEL CARD WALLET PANTRY,1853,126,15.297093820888968,779.9,0.42976190476190473,73,2.51
21414,SCALLOP SHELL SOAP DISH,1614,21,326.12563311004635,779.4,2.017142857142857,17,2.19
85135B,BLUE DRAGONFLY HELICOPTER,98,77,0.5766592452804897,779.1,7.949999999999999,67,0.13
21724,PANDA AND BUNNIES STICKER SHEET,916,127,7.3448285675476574,778.5999999999999,0.85,81,1.24
84660C,PINK STITCHED WALL CLOCK,689,55,20.742561848862163,778.07,2.4009090909090913,29,0.93
23472, NINE DRAWER OFFICE TIDY,54,30,1.3493293353264109,777.9,14.786666666666665,29,0.07
22216,T-LIGHT HOLDER WHITE LACE,1069,62,21.522908484568568,775.57,0.8,48,1.45
23220,REINDEER HEART DECORATION GOLD,929,78,17.697447095545552,774.4300000000001,0.9106410256410257,55,1.26
84907,PINK YELLOW PATCH CUSHION COVER,359,11,58.19840672608268,774.1500000000001,5.577272727272727,9,0.49
21551,CERAMIC BIRDHOUSE BUTTERFLY LARGE,165,19,23.28101904885644,772.95,5.821052631578948,16,0.22
85163A,WHITE BAROQUE WALL CLOCK ,79,41,2.53367562942101,772.65,12.189024390243903,35,0.11
21632,VINTAGE PINK DECORATIVE PARASOL,102,32,3.979281017891905,772.5,11.375,30,0.14
85170D,SET/6 PINK BIRD T-LIGHT CANDLES,574,77,14.29256841724826,772.1899999999999,2.1102597402597403,48,0.78
85032C,CURIOUS IMAGES GIFT WRAP SET,793,101,16.588180212798427,772.1,0.9801980198019802,85,1.07
23409,PHOTO FRAME LINEN AND LACE LARGE,208,41,2.796339070127575,771.72,3.7275609756097565,39,0.28
84908A,PINK 5 PATCH FLOWER CUSHION COVER ,387,7,61.07840394584184,769.65,4.0928571428571425,4,0.52
22936,BAKING MOULD ROSE WHITE CHOCOLATE,258,35,16.349286212671963,766.88,3.3037142857142854,30,0.35
16259,PIECE OF CAMO STATIONERY SET,5473,55,65.78975286844891,766.09,0.14618181818181816,46,7.42
84659A,WHITE TRAVEL ALARM CLOCK,311,72,6.759086505677843,765.66,2.5254166666666666,55,0.42
85188A,GREEN METAL SWINGING BUNNY,904,81,9.659783628688915,765.28,0.8483950617283951,67,1.22
21444,BLUE CHALET BIRDFEEDER,273,20,45.87543202148503,763.75,3.6875,18,0.37
23458,DOLLY CABINET 3 DRAWERS ,51,30,0.466091599699399,762.4499999999999,14.95,30,0.07
22820,GIFT BAG BIRTHDAY,1172,77,21.676219917484257,761.98,0.6523376623376624,67,1.59
23550,WRAP ALPHABET POSTER  ,1850,63,22.691693511703434,761.0,0.41873015873015873,60,2.51
47593B,SCOTTIE DOGS BABY BIB,1730,111,26.084292894198526,760.14,0.5923423423423423,77,2.34
37327,ASSTD MULTICOLOUR CIRCLES MUG,1535,55,20.790197767994492,759.59,0.5814545454545454,42,2.08
22420,LIPSTICK PEN BABY PINK,1818,155,18.308081274849233,758.87,0.45129032258064516,111,2.46
23423,PANTRY 3 HOOK ROLLING PIN HANGER,202,51,2.7782065028627767,757.5,3.75,47,0.27
22985,WRAP BILLBOARD FONTS DESIGN,1800,62,13.725610550408721,756.0,0.42,52,2.44
21298,EDWARDIAN 2 DRAWER WALL CABINET ,52,14,2.2677868380553634,755.8,19.37857142857143,14,0.07
84908B,BLUE 5 PATCH FLOWER CUSHION COVER,385,5,59.43904440685432,755.75,2.95,2,0.52
23519,EMBROIDERED RIBBON REEL CLAIRE,219,19,21.417460221491748,755.01,3.701578947368421,18,0.3
23487,SWEET HEART CAKE CARRIER,78,42,1.5233376156614786,754.0,9.869047619047619,41,0.11
35646,VINTAGE BEAD PINK EVENING BAG,533,53,9.796810890715767,753.88,1.8050943396226415,37,0.72
21629,SQUARE FLOOR CUSHION VINTAGE RED,96,46,1.4881171841031835,753.2,7.906521739130435,25,0.13
22547,MINI JIGSAW DINOSAUR ,1864,112,16.81422453514127,752.43,0.42803571428571424,84,2.53
23017,APOTHECARY MEASURING JAR,64,21,2.710649193019828,751.4000000000001,12.178571428571429,20,0.09
22825,DECORATIVE PLANT POT WITH FRIEZE,96,34,2.1807781240606436,751.2,7.9147058823529415,32,0.13
17165B,ASS COL LARGE SAND GECKO P'WEIGHT,809,60,37.66961265415566,750.63,1.0295,43,1.1
72755C,FLOWER FAIRY OIL BURNER SET ROSE,588,13,61.16528678664319,750.0,1.7115384615384615,12,0.8
20775,DAISY NOTEBOOK ,3509,54,456.85989309058954,749.85,1.622222222222222,43,4.75
82613D,METAL SIGN CUPCAKE SINGLE HOOK,852,126,7.040941495486037,749.6,1.1314285714285715,98,1.15
22058,CERAMIC LOVE HEARTS DESIGN MUG,503,99,5.224894819128368,749.47,1.49,71,0.68
22683,FRENCH BLUE METAL DOOR SIGN 8,598,83,5.855493639277891,749.32,1.278433734939759,56,0.81
84922,PINK BUTTERFLY WASHBAG,335,10,93.69127790544623,748.75,4.025,9,0.45
17012C,ORIGAMI LAVENDER INCENSE/CANDL SET ,777,56,37.27834492034217,747.25,1.3901785714285713,47,1.05
23106,ZINC HEARTS PLANT POT HOLDER,275,49,3.9833838553139103,746.15,2.769591836734694,48,0.37
37330,SPOTS MUG,426,17,17.778043298670745,744.3,1.8441176470588234,15,0.58
20989,URBAN CHIC CHOPSTICKS SET/5,397,48,14.562761579545793,744.15,1.9437499999999999,29,0.54
21641,ASSORTED TUTTI FRUTTI KEYRING BALL,1541,48,70.82740171242577,741.13,0.6722916666666666,43,2.09
21503,TOYBOX  WRAP ,1801,64,22.47387703111156,740.42,0.41875,57,2.44
21014,SWISS CHALET TREE DECORATION ,1662,112,13.911271968209366,737.66,0.5596428571428571,91,2.25
21300,ANTIQUE EDWARDIAN DRESSER,52,11,3.8233730942953783,737.4,16.13181818181818,11,0.07
21851,LILAC DIAMANTE PEN IN GIFT BOX,383,46,21.412410054634808,736.67,4.604782608695652,34,0.52
84247E,PACK/12 XMAS FUN CARD,256,56,8.22160599851423,736.0,2.942857142857143,56,0.35
21286,RETROSPOT CANDLE  LARGE,690,37,13.522031849738608,735.82,1.324054054054054,34,0.93
84625D,WHITE NEWBAROQUE CANDLESTICK CANDLE,639,47,12.512010880798538,734.25,2.0117021276595746,36,0.87
21456,2 PICTURE BOOK EGGS EASTER CHICKS,718,52,40.78448304582559,732.5,1.239423076923077,42,0.97
21458,2 PICTURE BOOK EGGS EASTER BUNNY,718,57,39.00588767331103,732.5,1.2403508771929825,51,0.97
22230,JIGSAW TREE WITH WATERING CAN,1366,126,23.71949837527352,731.02,0.6944444444444444,96,1.85
21398,RED POLKADOT COFFEE  MUG,1541,53,25.873842639745238,730.9499999999999,0.7771698113207548,47,2.09
71279,PINK GLASS CANDLEHOLDER,251,53,3.6434923198039333,730.85,2.9424528301886794,34,0.34
47503F,ASS FLORAL PRINT TORCH,2567,11,753.1001623592007,729.9499999999999,1.5227272727272727,10,3.48
21554,CERAMIC BIRDHOUSE RED ROOF LARGE,163,19,27.103332696826303,729.85,5.821052631578948,17,0.22
21285,RETROSPOT CANDLE  MEDIUM,726,50,13.285314894150408,729.62,1.5353999999999999,39,0.98
21880,RED RETROSPOT TAPE,1548,112,14.690325483312568,727.4399999999999,0.5596428571428571,95,2.1
21320,GLASS CHALICE GREEN  LARGE ,358,37,14.01795288203677,726.66,2.2159459459459456,31,0.49
85180B,PINK HEARTS LIGHT CHAIN ,279,34,12.73691702330148,726.63,3.8252941176470587,29,0.38
22408,MONEY BOX CONFECTIONERY DESIGN,614,76,9.316312801238817,726.35,1.2269736842105263,71,0.83
90147,CHUNKY SILVER NECKLACE PASTEL FLOWE,73,39,1.0557982058859339,726.3499999999999,9.95,24,0.1
22785,SQUARECUSHION COVER PINK UNION FLAG,108,44,1.5166447891614192,725.8,6.7318181818181815,42,0.15
85230F,JASMINE VOTIVE CANDLE,2944,61,126.98056303221428,725.12,0.2768852459016394,48,3.99
85187,S/12 MINI RABBIT EASTER,451,91,7.253982948716423,724.9499999999999,1.6456043956043955,75,0.61
22493, PAINT YOUR OWN CANVAS SET,480,17,23.977931029815487,724.8,1.5794117647058823,13,0.65
23335,EGG FRYING PAN IVORY ,358,82,7.472603782281095,722.5600000000001,2.074390243902439,62,0.49
84821,DANISH ROSE DELUXE COASTER,1306,68,20.36279811251458,722.5,0.7079411764705883,50,1.77
85121C,RETRO LAUNDRY TUB PISTACHIO,85,42,1.1993513539205212,722.5,8.5,39,0.12
21185, HOME SWEET HOME  BLACKBOARD,117,33,3.929781395724426,722.3100000000001,6.323939393939394,31,0.16
84596L,BISCUITS SMALL BOWL LIGHT BLUE,1262,130,14.79128496488197,720.9399999999999,0.783923076923077,78,1.71
20941,FROG CANDLE,928,70,26.751505830180747,719.62,1.185142857142857,54,1.26
16011,ANIMAL STICKERS,3427,100,33.22371521255942,718.47,0.2095,74,4.64
84600,NEW BAROQUE JEWELLERY BOX ,94,39,2.7598431373992858,717.3000000000001,7.8730769230769235,31,0.13
21376,LARGE  TALL CAMPHOR WOOD TOADSTOOL ,171,38,7.907403304943224,717.15,4.95,35,0.23
37423,WHITE WITH BLACK CATS PLATE,6091,25,815.17523065085,716.23,0.7532,17,8.25
84631,FRUIT TREE AND BIRDS WALL PLAQUE,253,24,29.396804272731337,715.35,6.7,19,0.34
22492,MINI PAINT SET VINTAGE  BOY+ GIRL,1188,17,130.71432704228582,714.5999999999999,0.6441176470588236,17,1.61
84638,SMALL KITCHEN FLOWER POTS PLAQUE,356,31,28.959593652469106,714.2,5.353225806451613,27,0.48
20850,ZINC HEART LATTICE PLANTER BOWL,820,23,144.01029278102823,713.8,2.8434782608695657,19,1.11
35965,FOLKART HEART NAPKIN RINGS,375,82,5.48180038868208,713.37,2.402439024390244,62,0.51
16015,MEDIUM CHINESE STYLE SCISSOR,1572,65,39.79238789788048,711.38,0.4870769230769231,40,2.13
90200E,GREEN SWEETHEART BRACELET,170,53,3.6181087843812594,710.5,4.240566037735849,36,0.23
21208,PASTEL COLOUR HONEYCOMB FAN,981,77,14.564197809230143,709.89,0.892077922077922,65,1.33
23006,TRAVEL CARD WALLET FLOWER MEADOW,1693,130,12.354245031733603,709.62,0.4195384615384615,88,2.29
21129,SILVER FISHING GNOME ,105,42,2.0981989954220843,709.3000000000001,7.463095238095238,24,0.14
20769,DAISY JOURNAL ,403,62,15.38335272245964,708.47,2.4574193548387093,48,0.55
22685,FRENCH BLUE METAL DOOR SIGN 0,567,74,6.485551965878489,708.15,1.249189189189189,52,0.77
85130C,BEADED CRYSTAL HEART BLUE  LARGE,650,62,10.727231985998923,707.86,1.1367741935483873,51,0.88
21344,MOROCCAN BEATEN METAL DISH,164,24,10.561071531054885,707.8,7.908333333333332,21,0.22
85136A,YELLOW SHARK HELICOPTER,89,68,0.7776227251834181,707.55,7.95,64,0.12
23123,COCKTAIL SWORDS 50 PIECES,899,68,24.81324007925818,705.2500000000001,0.8235294117647058,64,1.22
20936,FORKED CACTUS CANDLE,309,55,7.846893485560856,704.3299999999999,2.8769090909090913,42,0.42
23564,EGG CUP MILKMAID INGRID,587,42,22.016056330621016,703.51,1.2449999999999999,39,0.8
21417,COCKLE SHELL DISH,424,58,11.744661940197947,702.88,1.915,41,0.57
10134,COLOURING PENCILS BROWN TUBE,612,50,32.61435767465937,702.3,1.2424,44,0.83
85208,SET/12 FUNKY FELT FLOWER PEG IN BAG,353,59,12.779956728413776,701.94,2.0930508474576275,56,0.48
84849A,HELLO SAILOR BLUE SOAP HOLDER,430,69,11.910382183249434,700.78,1.6830434782608694,52,0.58
21374,MIRRORED WALL ART SKULLS,454,61,9.851437441923444,700.0,2.192622950819672,57,0.62
22676,"FRENCH BLUE METAL DOOR SIGN, 1",560,68,8.282543496890032,700.0,1.25,55,0.76
20892,SET/3 TALL GLASS CANDLE HOLDER PINK,86,23,3.0632334565759374,699.7,10.593478260869565,21,0.12
22486,PLASMATRONIC LAMP,85,25,3.13581462037113,698.89,10.739600000000001,22,0.12
21719,LOVELY BONBON STICKER SHEET,824,94,8.199692535430161,698.8399999999999,0.8486170212765957,69,1.12
20776,ABSTRACT CIRCLES NOTEBOOK,3187,54,413.31980814078753,698.55,1.622222222222222,50,4.32
37461,FUNKY MONKEY MUG,710,67,23.334237883868965,697.9,1.2141791044776118,35,0.96
21654,RIDGED GLASS FINGER BOWL,1129,63,23.047147739909434,696.2099999999999,0.8411111111111111,53,1.53
23187,FRENCH STYLE STORAGE JAR BONBONS,2338,75,25.4353304683866,695.06,0.3154666666666667,66,3.17
21427,SKULLS STORAGE BOX SMALL,441,74,15.47108588089247,694.5,2.05472972972973,55,0.6
22104,MIRROR MOSAIC CANDLE PLATE,1026,41,75.95475225582598,694.26,1.3195121951219513,31,1.39
21393,BLUE  SPOTTY PUDDING BOWL,2672,24,507.95289636691336,694.08,2.017916666666667,20,3.62
72755D,FLOWER FAIRY OIL BURNER SET SUMMER,533,13,56.06246516163912,693.25,1.9423076923076923,12,0.72
85093,CANDY SPOT EGG WARMER HARE,1044,60,17.019629743627487,692.74,0.887,57,1.41
85214,TUB 24 PINK FLOWER PEGS,419,137,3.3971580323023303,691.35,1.65,94,0.57
21133,PAINTED BIRD ASSORTED CHRISTMAS,409,41,7.798999310418129,691.21,1.6899999999999997,38,0.55
21942,SKULLS DESIGN FLANNEL,1322,64,76.79517568139622,691.2,0.81140625,41,1.79
23183,MOTHER'S KITCHEN SPOON REST ,178,59,2.038352321613006,690.71,4.056610169491526,45,0.24
23222,CHRISTMAS TREE HANGING GOLD,776,66,18.198106922729504,690.64,0.9616666666666667,49,1.05
84707A,SILVER JEWELLED MIRROR TRINKET TRAY,91,40,2.396445016675475,689.49,9.70075,36,0.12
79342B,BROWN FLOWER LIGHTS,109,24,7.168646507788147,688.95,6.695833333333333,22,0.15
72131,COLUMBIAN CANDLE RECTANGLE,746,57,24.47832911967702,688.38,1.6482456140350878,42,1.01
21723,ALPHABET HEARTS STICKER SHEET,807,94,9.748900764578188,685.9499999999999,0.8499999999999999,66,1.09
82607A,GLASS BONBON JAR PARFUME AUX FLEURE,568,88,7.74137872853407,684.73,1.2435227272727274,65,0.77
84715,SET OF 6 ICE CREAM SKITTLES,232,39,3.1283821104334253,684.4000000000001,2.95,35,0.31
23115,RED APPLES CHOPPING BOARD   ,144,38,6.027674441686813,684.0,4.928947368421053,38,0.2
23114,VINTAGE LEAF CHOPPING BOARD  ,144,41,5.644120618925115,684.0,4.930487804878049,40,0.2
85127,SMALL SQUARE CUT GLASS CANDLESTICK,138,38,3.4202975422297173,683.1,4.95,30,0.19
79030G,"TUMBLER, NEW ENGLAND",472,52,5.759378213464672,683.04,1.5530769230769228,38,0.64
17165D,ASS COL LARGE SAND FROG P'WEIGHT,716,93,14.372214245184713,682.32,1.0346236559139785,62,0.97
21443,OLIVE CHALET BIRDFEEDER,251,20,46.024564379424476,681.25,3.6875,18,0.34
20803,SMALL PINK GLASS SUNDAE DISH,1091,61,24.469095038882372,680.91,1.0755737704918034,50,1.48
84971L,LARGE HEART FLOWERS HOOK   ,568,44,21.15372107770649,680.36,1.2413636363636362,37,0.77
85023B,EAU DE NILE JEWELLED PHOTOFRAME,292,37,16.018710906283914,679.8,2.5256756756756755,32,0.4
21480,PINK STRIPE HOT WATER BOTTLE,245,39,9.150636210118536,679.55,2.9192307692307695,35,0.33
23562,SET OF 6 RIBBONS PERFECTLY PRETTY  ,243,37,9.520564118850372,678.27,2.8791891891891894,37,0.33
84925D,LA PALMIERA WALL THERMOMETER,452,26,55.147131873254786,677.45,2.321153846153846,24,0.61
21255,"FRENCH BOTTLE , LAVENDER",422,55,9.595628915089112,677.1,1.6427272727272726,46,0.57
72800A,S/4 BLACK DINNER CANDLE SILVER FLOC,661,34,59.46742993283297,676.71,2.226176470588235,19,0.9
21850,BLUE  DIAMANTE PEN IN GIFT BOX,321,43,13.963129744010185,675.75,4.245348837209303,29,0.43
84842,HELLO SAILOR BATHROOM SET,1495,26,195.04199547789702,675.05,3.456153846153846,22,2.03
21222,SET/4 BADGES BEETLES,530,85,4.661511758727065,672.18,1.3496470588235294,70,0.72
21286,RETRO SPOT CANDLE  LARGE,272,30,7.109650233083315,672.0,2.52,24,0.37
21391,FRENCH EMROIDR LAVENDER SCENT HEART,320,56,4.849420905312624,672.0,2.1,51,0.43
84689,S/2 BEACH HUT TREASURE CHESTS,305,34,16.924941778007636,671.65,4.3161764705882355,29,0.41
35951,FOLKART BAUBLE CHRISTMAS DECORATION,1339,40,22.102311632206696,671.51,0.7497499999999999,35,1.81
22965,3 TRADITIONAL COOKIE CUTTERS  SET,354,10,57.37246726435948,671.3999999999999,2.05,10,0.48
72799C,PINK PILLAR CANDLE SILVER FLOCK,452,39,38.108375891533576,670.28,2.39974358974359,32,0.61
21265,PINK GOOSE FEATHER TREE 60CM,315,28,14.219509289861042,670.25,3.0928571428571425,26,0.43
23223,CHRISTMAS TREE HANGING SILVER ,745,68,9.33846774405995,670.11,0.9460294117647059,51,1.01
85071C,"CHARLIE+LOLA""EXTREMELY BUSY"" SIGN",1197,99,33.098212205585014,669.8199999999999,1.1292929292929292,85,1.62
23025,DRAWER KNOB VINTAGE GLASS BALL,317,46,3.191852550684948,669.61,2.1245652173913046,40,0.43
85213,MINI  ZINC GARDEN DECORATIONS ,1270,49,68.2912990842336,669.5799999999999,0.6857142857142857,48,1.72
22036,DINOSAUR BIRTHDAY CARD,1618,110,9.713648257412038,668.76,0.41727272727272724,77,2.19
84615,PINK ROUND BUTTERFLY MIRROR ,235,18,14.566166366425282,667.8299999999999,3.861666666666667,13,0.32
72753A,S/3 FLWR FAIRY LILLY CANDLES,312,11,47.48741460065546,666.9000000000001,2.6318181818181823,10,0.42
84029C,BROWN FURRY HOT WATER BOTTLE,191,38,7.346581636068548,665.05,3.7078947368421056,27,0.26
23568,EGG CUP HENRIETTA HEN CREAM ,580,28,35.6192386040207,664.52,1.2349999999999999,24,0.79
37492D,PURPLE GREEN FLOWER PIGGY BANK,359,24,34.5687458321212,664.35,3.7750000000000004,18,0.49
21457,2 PICTURE BOOK EGGS EASTER DUCKS,663,48,42.51140335126114,663.75,1.2385416666666667,45,0.9
21478,SILVER SKULL HOT WATER BOTTLE ,179,77,3.400625168691155,662.61,3.745324675324675,57,0.24
23024,LARGE BONNE JAM JAR  T-LIGHT HOLDER,254,10,20.977236339528723,662.0600000000001,2.73,8,0.34
23597,PAPER BUNTING PAISLEY PARK,246,28,17.025812957926764,661.7,2.9071428571428575,28,0.33
85231E,STRAWBERRY SCENTED SET/9 T-LIGHTS,815,94,15.173823171226926,661.55,0.8458510638297871,77,1.1
23547,WRAP FLOWER SHOP  ,1575,62,3.175003175004762,661.5,0.42,57,2.13
17109C,FLOWER FAIRY INCENSE ROSE,3124,15,644.3566522028738,661.23,1.238,13,4.23
72750B,FLOWER FAIRY SET 3 CANDLES LAVENDER,302,29,14.872114945617689,660.9,3.1913793103448276,25,0.41
84620,BLUE GINGHAM ROSE CUSHION COVER,111,46,1.3916590731373146,660.45,5.95,41,0.15
72800B,S/4 PURPLE DINNER CANDLE BLK FLOCK,636,28,65.41256937931908,660.12,2.266428571428571,17,0.86
35095B,RED VICTORIAN FABRIC OVAL BOX,1824,92,52.57743816790667,659.87,0.41434782608695647,73,2.47
23140,TRIPLE WIRE HOOK IVORY HEART,160,35,5.001680389897886,658.54,4.256857142857143,29,0.22
23042,PAPER LANTERN 7 POINT SNOW STAR,99,25,4.015387071420803,658.35,6.65,25,0.13
21220,SET/4 BADGES DOGS,516,83,4.67752329913266,658.31,1.3228915662650602,65,0.7
20783,HEART EAR MUFF HEADPHONES,130,34,7.613666294138631,658.26,5.440588235294118,20,0.18
84976,RECTANGULAR SHAPED MIRROR,652,42,24.811718410852144,656.9,1.208095238095238,40,0.88
84686,BEACH HUT MIRROR,344,37,18.642640586785124,654.54,3.4072972972972972,33,0.47
21308,LOUVRE VANITY MIRROR,129,3,71.88184749990779,653.85,6.966666666666666,3,0.17
84595E,LARGE TORTILLA DESIGN RED BOWL,350,27,20.98805792584382,653.1,2.738888888888889,22,0.47
20862,PINK PATCH PENCIL CASE BLUE HEART,316,28,21.53181477765048,652.53,2.0853571428571427,21,0.43
35647,VINTAGE BEAD PINK SHADE ,525,44,21.67776454543004,652.5,1.2329545454545454,19,0.71
23482,PEARLISED IVORY HEART LARGE ,415,36,23.834532104384188,651.15,1.6388888888888888,32,0.56
20894,HANGING BAUBLE T-LIGHT HOLDER LARGE,227,61,4.7473892739096915,650.45,2.9368852459016392,47,0.31
21084,SET/6 COLLAGE PAPER CUPS,2486,140,24.225520590755412,650.4,0.35285714285714287,113,3.37
22248,DECORATION  PINK CHICK MAGIC GARDEN,773,91,7.975481352765034,648.73,0.8457142857142856,77,1.05
16169K,WRAP FOLK ART,2050,59,61.94006926063038,648.25,0.3615254237288135,56,2.78
22383,LUNCHBAG SUKI  DESIGN ,405,32,16.49361435574777,648.25,1.6437499999999998,29,0.55
47591B,SCOTTIES CHILDRENS APRON,423,77,15.03121609450022,647.55,1.6432467532467532,62,0.57
21758,VINTAGE SHELLS PRINT,101,45,1.597662433846791,647.45,6.438888888888889,34,0.14
85028S,FRENCH CHATEAU SMALL FRUITBOWL,429,33,26.90608667197815,646.65,3.1196969696969696,29,0.58
23408,PHOTO FRAME LINEN AND LACE SMALL,310,59,2.418272540607156,644.8000000000001,2.08,53,0.42
21350,GINGHAM HEART WREATH,224,43,6.073196928326345,644.8,2.9406976744186046,39,0.3
23524,WALL ART HORSE & PONY ,209,34,20.286033937305877,644.67,3.6908823529411765,27,0.28
22033,BOTANICAL ROSE GREETING CARD,1552,107,7.791352041672699,644.64,0.41775700934579435,80,2.1
23120,PACK OF 6 SMALL FRUIT STRAWS,1617,84,43.862291349285876,644.58,0.41857142857142854,69,2.19
22229,BUNNY WOODEN PAINTED WITH FLOWER ,860,118,6.5242502204255075,644.52,0.752542372881356,101,1.17
22785,CUSHION COVER PINK UNION FLAG,101,22,9.801161694552873,643.35,6.713636363636363,22,0.14
23325,RUSTIC STRAWBERRY JAM POT SMALL,408,27,13.74586184816063,642.0,1.6203703703703705,24,0.55
16169M,WRAP DAISY CARPET ,2060,60,61.49594630891844,640.95,0.35483333333333333,56,2.79
21319,GLASS CHALICE GREEN  SMALL ,474,48,13.490146127940625,640.26,1.5241666666666667,44,0.64
22638,SET OF 4 NAPKIN CHARMS CROWNS ,357,59,10.251028087740274,640.12,2.3466101694915253,56,0.48
85163B,BLACK BAROQUE WALL CLOCK ,68,37,2.619515577709333,639.6,12.177027027027027,26,0.09
84766,SILVER ROCOCO CANDLE STICK,200,27,7.391571391478786,638.0,4.57962962962963,24,0.27
20998,ROSE DU SUD OVEN GLOVE,217,58,2.6856365499003996,637.35,2.9431034482758625,52,0.29
22034,ROBIN CHRISTMAS CARD,1533,83,16.587783742788012,635.22,0.4192771084337349,71,2.08
23298,"BUNTING , SPOTTY ",146,7,23.667337347975103,634.7,4.721428571428572,7,0.2
85019C,CURIOUS  IMAGES NOTEBOOK SET,421,23,31.12501885009827,634.25,2.9456521739130435,18,0.57
85031A,ROMANTIC IMAGES SCRAP BOOK SET,386,38,20.65878036716811,634.2,3.7815789473684216,36,0.52
17164B,ASS COL SMALL SAND GECKO P'WEIGHT,1584,81,39.496835316262995,633.24,0.41740740740740745,64,2.15
84869,CANDY BUTTON PHOTO ALBUM,295,21,21.836840866929883,631.25,3.6642857142857146,18,0.4
40018E,TEA TIME PAPER LANTERNS,334,48,11.803278183899796,630.5,1.9445833333333333,37,0.45
22640,SET OF 4 NAPKIN CHARMS 3 KEYS ,298,70,5.547386678860895,629.82,2.450285714285714,58,0.4
23551,PACK OF 12 PAISLEY PARK TISSUES ,1614,97,10.74242520628907,629.4599999999999,0.38999999999999996,88,2.19
84709B,PINK OVAL JEWELLED MIRROR,111,42,3.5805806081261737,629.25,5.919047619047619,32,0.15
23019,SMALL APOTHECARY MEASURING JAR ,81,28,3.2356725297187787,629.05,8.078571428571427,26,0.11
84033,FLAG OF ST GEORGE ,381,45,7.981797473570155,628.65,1.65,41,0.52
22446,PIN CUSHION BABUSHKA PINK,219,61,3.2525735922001204,627.2900000000001,3.2862295081967217,40,0.3
72023F,RED ORGANIC CANDLE IN GLASS,613,40,39.37224552840132,627.05,1.22,34,0.83
16169N,WRAP BLUE RUSSIAN FOLKART,2025,56,63.589529379869184,626.25,0.3501785714285714,52,2.74
71101E,STANDING FAIRY POLE SUPPORT ,777,48,15.647250115282645,626.13,0.8364583333333333,34,1.05
85218,S/5 MINI ICE CREAM FRIDGE MAGNETS,1992,2,1374.6155826266483,625.1999999999999,0.875,2,2.7
22999,TRAVEL CARD WALLET RETRO PETALS,1489,91,30.112203684632757,623.94,0.4193406593406593,61,2.02
22510,GINGHAM BABUSHKA DOORSTOP,270,60,6.236850574187726,623.86,2.8263333333333334,53,0.37
35954,SMALL FOLKART STAR CHRISTMAS DEC,1975,67,28.568555615717436,621.81,0.3410447761194029,58,2.68
85028L,FRENCH CHATEAU LARGE FRUIT BOWL ,269,25,28.550072971301958,621.75,5.042,22,0.36
85230E,STRAWBRY SCENTED VOTIVE CANDLE,2421,65,29.11938291822925,621.45,0.2752307692307692,44,3.28
23224,CHERUB HEART DECORATION GOLD,719,59,19.56199215603563,620.45,0.9328813559322033,44,0.97
20898,VINTAGE NOTEBOOK TRAVELOGUE,307,39,22.789863267389048,620.05,2.862820512820513,35,0.42
22056,CERAMIC PLATE LOVE HEART DESIGN,596,25,56.710287132641696,619.84,1.4308,23,0.81
84708B,PINK JEWELLED PHOTO FRAME ,126,46,2.426106003076587,618.1,4.9195652173913045,36,0.17
22837,HOT WATER BOTTLE BABUSHKA LARGE,136,14,8.259526634122578,618.0,4.621428571428572,14,0.18
22677,"FRENCH BLUE METAL DOOR SIGN, 2",493,65,7.230344709305679,616.25,1.25,56,0.67
85170C,SET/6 EAU DE NIL BIRD T-LIGHTS,428,48,16.847038168041912,615.83,1.9860416666666667,40,0.58
84932C,SMALL ORIENTAL BLUE FOLDING STOOL,282,34,5.535173544484214,615.4,3.105882352941176,31,0.38
17107D,"FLOWER FAIRY,5 SUMMER B'DRAW LINERS",241,63,2.6551209348538976,614.5500000000001,2.55,52,0.33
84761,IVORY HANGING BIRD PLANTER ,245,46,4.371901939665197,613.9499999999999,2.5402173913043478,33,0.33
20897,VINTAGE NOTEBOOK PARIS DAYS,298,37,24.378891080816828,613.9000000000001,2.8932432432432433,29,0.4
21415,CLAM SHELL SMALL ,320,56,5.259499754001102,613.6899999999999,2.0151785714285717,41,0.43
23216,LAUREL HEART ANTIQUE GOLD,518,41,22.672401833022654,613.51,1.348048780487805,32,0.7
22511,RETROSPOT BABUSHKA DOORSTOP,287,67,5.77561742770325,613.37,2.734776119402985,63,0.39
16244B,MAXWELL 2 TONE BLUE 60 PAGE PHOTO A,309,8,85.70537156028037,612.85,2.91875,8,0.42
84534B,FAIRY CAKE NOTEBOOK A5 SIZE,721,107,5.5018632325925205,612.8499999999999,0.85,69,0.98
35651,VINTAGE BEAD PINK SCARF ,337,38,6.410173723798328,612.75,2.4789473684210526,32,0.46
23453,OVAL  MINI PORTRAIT FRAME,315,48,4.635231638270684,611.85,1.9437499999999999,40,0.43
90175A,WHITE GLASS CHUNKY CHARM BRACELET,69,28,2.4567690745599764,611.1,8.719642857142857,20,0.09
22684,FRENCH BLUE METAL DOOR SIGN 9,489,66,5.164903075201294,610.65,1.249090909090909,45,0.66
23492,VINTAGE JINGLE BELLS WREATH,74,26,2.509060504528461,610.5,8.25,24,0.1
47594B,SCOTTIES DESIGN WASHBAG,313,83,3.558998561546934,610.3499999999999,1.95,67,0.42
23070,EDWARDIAN HEART PHOTO FRAME,147,33,2.3330627548743346,610.0500000000001,4.15,29,0.2
90209C,PINK ENAMEL+GLASS HAIR COMB,330,24,27.487942020488532,609.0,2.0416666666666665,15,0.45
16156N,"WRAP, FRIENDSHIP ON GREEN",1450,55,5.7295970912694045,609.0,0.42,51,1.96
84601A,NEW BAROQUE IVORY CUSHION COVER ,254,12,42.46674278096029,607.7,2.7750000000000004,9,0.34
22678,"FRENCH BLUE METAL DOOR SIGN, 3",486,59,7.223856509083105,607.5,1.25,50,0.66
20763,DAISY SKETCHBOOK ,245,59,7.891098344341563,606.86,3.5450847457627117,54,0.33
35915B,BLUE KNITTED HEN ,434,32,50.160347724781246,606.66,1.6381249999999998,31,0.59
23435,3 RAFFIA RIBBONS VINTAGE CHRISTMAS,676,44,28.766979543406013,606.28,0.9072727272727273,40,0.92
85044,RED REINDEER STRING OF 20 LIGHTS,131,26,6.193420826850177,605.75,4.86923076923077,26,0.18
35095A,BLUE VICTORIAN FABRIC OVAL BOX,1665,78,56.15720673370309,605.57,0.415,61,2.26
85135A,YELLOW DRAGONFLY HELICOPTER,76,50,1.5417985786550903,604.2,7.95,40,0.1
72814,SET OF 3 CHRISTMAS BRIAR CANDLES,171,29,9.033053698130024,602.85,3.722413793103448,26,0.23
84932A,SMALL GREEN PEONY FOLDING STOOL,262,24,16.07027140991731,602.6,3.860416666666667,22,0.36
21366,MIRRORED WALL ART PHOTO FRAMES,153,27,18.15107540785224,602.25,4.231481481481482,24,0.21
22981,PANTRY APPLE CORER,435,75,16.78883155150664,601.9499999999999,1.4473333333333334,58,0.59
84986B,SET OF 36 SILVER PAPER DOILIES,415,68,6.448740952859339,601.75,1.45,58,0.56
84952C,MIRROR LOVE BIRD T-LIGHT HOLDER,343,25,23.242418118603755,601.65,3.134,18,0.46
21197,MULTICOLOUR  CONFETTI IN TUBE,412,32,12.645922458986917,601.56,1.5990624999999998,29,0.56
21378,SMALL TALL CAMPHOR WOOD TOADSTOOL,522,57,18.996982348411667,601.5,1.5064912280701752,47,0.71
85017A,ENVELOPE 50 ROMANTIC IMAGES,924,54,42.52797821220296,599.64,0.8340740740740741,45,1.25
21284,RETRO SPOT CANDLE  SMALL,365,35,8.451542547285166,599.57,1.6694285714285715,31,0.49
90200B,BLACK SWEETHEART BRACELET,141,45,2.1383936196891518,599.25,4.25,28,0.19
21775,DECORATIVE FLORE BATHROOM BOTTLE,511,80,6.813043614357627,598.91,1.239625,63,0.69
85031B,BLOSSOM IMAGES SCRAP BOOK SET,408,26,24.928328031810285,598.8,3.3846153846153846,25,0.55
21253,SET OF PICTURE FRAME  STICKERS,225,51,6.099758915197338,598.59,2.866470588235294,41,0.3
23282,FOLDING BUTTERFLY MIRROR IVORY ,735,102,10.739340315022318,597.7800000000001,0.8747058823529411,67,1.0
23027,DRAWER KNOB VINTAGE GLASS HEXAGON,287,27,11.077170383437444,596.96,2.08,26,0.39
21386,IVORY HANGING DECORATION  EGG,1097,87,11.084617795426068,596.6899999999999,0.620919540229885,72,1.49
23471,SIX DRAWER OFFICE TIDY,64,26,2.21324683179747,596.0,9.753846153846153,26,0.09
21247,SET OF RED SALAD SERVERS ,400,61,5.1946273211332965,596.0,1.49,44,0.54
84578,ELEPHANT TOY WITH BLUE T-SHIRT,160,80,1.2221582901064612,595.68,3.7365000000000004,67,0.22
23124,18PC WOODEN CUTLERY SET DISPOSABLE,503,24,33.48780331724511,595.15,1.24125,23,0.68
20831,GOLD PHOTO FRAME,394,52,14.428112745807452,594.84,1.943269230769231,34,0.53
84507C,BLUE CIRCLES DESIGN MONKEY DOLL,425,63,16.080411098468538,594.15,2.415079365079365,27,0.58
72772,SET/4 SCENTED CANDLES IN RAMEKINS,454,8,92.63098833543772,592.5,1.875,8,0.62
21558,SKULL LUNCHBOX WITH CUTLERY ,250,42,15.09151333301614,592.5,2.539285714285714,32,0.34
17012B,ORIGAMI JASMINE INCENSE/CANDLE SET,617,48,20.138868508997597,590.8499999999999,1.3385416666666667,43,0.84
85017C,ENVELOPE 50 CURIOUS IMAGES,931,58,41.041452050931156,590.11,0.7906896551724137,44,1.26
84663A,GRASS HOPPER WOODEN WALL CLOCK ,345,39,16.940357390032364,589.79,3.290512820512821,34,0.47
20735,BLACK MINI TAPE MEASURE ,824,63,33.979738548853476,588.0,0.8123809523809524,30,1.12
21816,CHRISTMAS TREE T-LIGHT HOLDER,405,42,6.592018191172762,587.25,1.45,34,0.55
17012A,ORIGAMI VANILLA INCENSE/CANDLE SET ,644,35,35.26137697087782,586.6,1.3257142857142856,30,0.87
20714,POSY SHOPPER BAG,1513,12,134.61761220268139,586.25,0.5975,10,2.05
22289,"DECORATION , HANGING METAL CHICKEN",601,31,53.39705199063261,586.25,1.2322580645161292,26,0.81
23520,EMBROIDERED RIBBON REEL RUBY ,165,30,12.86199963002482,585.63,3.734666666666667,30,0.22
17109D,FLOWER FAIRY INCENSE BOUQUET,1253,37,77.32189648266315,584.87,1.3005405405405406,33,1.7
21076,SET/20 COLLAGE PAPER NAPKIN ,759,75,24.26206024985445,584.67,0.8443999999999999,60,1.03
21750,LARGE SKULL WINDMILL,284,49,7.574572572750489,584.4,2.0948979591836734,41,0.38
84684,BEACH HUT PHOTO FRAME,574,21,35.84457188101615,583.1,1.9023809523809523,17,0.78
22043,CHRISTMAS CARD SCREEN PRINT ,2112,93,16.546758939941977,583.0799999999999,0.3006451612903226,86,2.86
21263,GREEN GOOSE FEATHER TREE 60CM,286,45,10.979641399086091,581.7,2.3055555555555554,39,0.39
35811A,ENAMEL PINK SUGAR CONTAINER,391,47,9.81371352613209,581.58,1.887659574468085,24,0.53
84934,ASSTD DESIGN POP ART SLIM PEN,684,12,59.86955517091835,581.4,0.85,12,0.93
22680,"FRENCH BLUE METAL DOOR SIGN, 5",465,56,7.641798081739529,581.25,1.25,51,0.63
21440,12 MINI TOADSTOOL PEGS,465,89,5.773672238132416,581.25,1.25,72,0.63
20854,BLUE PATCH PURSE PINK HEART,363,84,9.860668755010549,581.15,1.6476190476190478,66,0.49
22538,MINI JIGSAW GO TO THE FAIR,1409,62,29.827465258804743,580.74,0.41629032258064513,56,1.91
21134,VICTORIAN METAL POSTCARD CHRISTMAS,351,44,9.133349665371219,579.15,1.65,40,0.48
21221,SET/4 BADGES CUTE CREATURES,454,61,5.110527011845042,578.39,1.2698360655737704,55,0.62
22042,CHRISTMAS CARD SINGING ANGEL,1625,97,10.544578907187184,577.62,0.38680412371134015,89,2.2
82616A,BUBBLE GUM SCARF KNITTING KIT,306,46,10.924421960409717,576.3,2.7282608695652173,42,0.41
22641,SET OF 4 NAPKIN CHARMS INSTRUMENT,255,51,7.110555533852471,576.17,2.473333333333333,48,0.35
84858C,PINK RIVIERA HANDBAG,344,27,30.958523857416058,575.7,4.905555555555556,22,0.47
85144,JARDIN ETCHED GLASS CHEESE DISH,219,41,10.415396670548752,575.45,3.889024390243902,37,0.3
22685,"FRENCH BLUE METAL DOOR SIGN, 0",460,54,7.442206866704285,575.0,1.25,45,0.62
84762B,PINK PICNIC BARBECUE BUCKET,82,21,4.158181837110565,574.3000000000001,9.15,19,0.11
22100,SKULLS SQUARE TISSUE BOX,943,82,22.93643928149224,574.17,0.9668292682926829,71,1.28
20839,FRENCH PAISLEY CUSHION COVER ,507,60,4.147390439496518,574.0899999999999,1.3456666666666666,53,0.69
22679,"FRENCH BLUE METAL DOOR SIGN, 4",459,54,7.452364446875676,573.75,1.25,48,0.62
21709,FOLDING UMBRELLA CHOCOLATE POLKADOT,116,39,2.2181924776146653,573.61,5.0605128205128205,38,0.16
21416,CLAM SHELL LARGE,746,18,169.35317160309145,572.7,3.578333333333333,15,1.01
21307,SET/4 BUTTERFLY MIRROR MAGNETS,726,54,34.441455202676714,572.3,1.7077777777777778,41,0.98
37351,ORANGE FLOWER MUG ,5395,7,2025.4489802087269,571.7099999999999,0.9628571428571429,7,7.31
20658,RED RETROSPOT LUGGAGE TAG,457,102,5.789595297261848,571.25,1.25,72,0.62
21392,RED POLKADOT PUDDING BOWL,3708,14,973.7400424803687,571.17,1.592857142857143,12,5.02
75013B,"STRING OF 8 BUTTERFLIES,PINK",360,62,11.836091941533741,571.05,1.650806451612903,48,0.49
21710,FOLDING UMBRELLA PINKWHITE POLKADOT,116,44,2.0241668868015004,570.8100000000001,5.032045454545455,42,0.16
85078,SCANDINAVIAN 3 HEARTS NAPKIN RING,2044,86,29.134040901688973,570.1999999999999,0.38465116279069766,63,2.77
85188B,PINK METAL SWINGING BUNNY,669,53,9.907701773201763,568.65,0.85,48,0.91
16169C,WRAP BLUE REINDEER,1350,43,18.170016556435208,567.0,0.42,42,1.83
22699,TEACUP AND SAUCER REGENCY ROSES,210,14,17.571830603816746,566.7,2.835714285714286,13,0.28
20619,TROPICAL PASSPORT COVER ,373,68,13.398031317913306,566.33,2.149264705882353,46,0.51
85113,POLKA DOT PISTACHIO PAIL,279,44,7.246308384332374,566.22,2.0906818181818183,36,0.38
20849,ZINC HEART LATTICE DOUBLE PLANTER,670,20,128.10501448749812,566.1,3.5100000000000002,15,0.91
22414,DOOR MAT NEIGHBOURHOOD WITCH ,79,35,2.0770858707058104,565.89,7.371142857142857,30,0.11
90200C,BLUE SWEETHEART BRACELET,133,41,2.754818395147655,565.25,4.25,32,0.18
82613B,"METAL SIGN,CUPCAKE SINGLE HOOK",638,94,7.7165822570346085,565.1,1.1440425531914895,73,0.86
22288,HANGING METAL RABBIT DECORATION,452,43,11.460848661801903,565.0,1.25,37,0.61
21223,SET/4 BADGES WOODLAND ANIMAL,482,36,32.50782567565431,564.5,1.2447222222222223,33,0.65
85146,JARDIN ETCHED GLASS SMALL BELL JAR,115,29,3.212506349306562,564.25,5.191379310344828,23,0.16
85119,WATERING CAN SINGLE HOOK PISTACHIO,412,39,35.208248788118475,564.12,1.6748717948717946,36,0.56
84993A,75 GREEN PETIT FOUR CASES,1343,127,11.41950412083223,564.06,0.42,88,1.82
85088,CANDY SPOT HAND BAG,273,45,9.389065206640407,563.77,2.1811111111111114,38,0.37
84569A,PACK 3 IRON ON DOG PATCHES,450,66,5.279595237717176,563.71,1.2683333333333333,59,0.61
79315W,FLYING SAUCER TABLE LIGHT IN WHITE,191,7,30.037278425950895,563.45,2.95,6,0.26
20863,BLUE PATCH PENCIL CASE PINK HEART,284,42,16.189140479164518,563.19,2.0707142857142857,35,0.38
90160C,TURQ+RED BOUDICCA LARGE BRACELET,81,32,2.436077955741896,562.95,6.95,25,0.11
21322,GLASS SPHERE CANDLE STAND LARGE ,299,13,32.30067078766838,562.45,4.273076923076923,12,0.41
47583A,SET OF 3 WICKER BASKET ROSE,70,5,29.068883707497267,561.8,21.36,5,0.09
47421,ASSORTED COLOUR LIZARD SUCTION HOOK,1437,79,28.865326528982777,561.78,0.41468354430379745,23,1.95
21442,GREEN BIRDHOUSE DECORATION,883,80,16.63490591908198,561.67,0.771375,66,1.2
21365,MIRRORED WALL ART STARS,444,62,8.083972299794157,561.6,1.5822580645161293,51,0.6
84859A,SILVER DISCO HANDBAG,284,52,7.742071310376976,560.76,2.9780769230769235,40,0.38
84086C,PINK/PURPLE RETRO RADIO,190,34,6.055889430252492,560.5,2.95,25,0.26
82613A,"METAL SIGN,CUPCAKE SINGLE HOOK",448,81,5.621579893039604,560.0,1.25,63,0.61
37474,SET/4 2 TONE EGG SHAPE MIXING BOWLS,58,40,1.153589715093382,559.5799999999999,9.876999999999999,33,0.08
23428,IVORY RETRO KITCHEN WALL CLOCK,70,26,2.05463827997496,559.5,8.107692307692307,25,0.09
21147,JINGLE BELLS TREE DECORATION,331,47,7.183790469759924,559.14,2.051276595744681,33,0.45
22683,"FRENCH BLUE METAL DOOR SIGN, 8",447,55,7.707751138265143,558.75,1.25,48,0.61
22950,SET OF 36 DOILIES VINTAGE CHRISTMAS,444,2,296.98484809834997,557.4,1.35,2,0.6
20782,CAMOUFLAGE EAR MUFF HEADPHONES,101,51,1.6551760761735455,556.25,5.5245098039215685,39,0.14
85084,HOLLY TOP CHRISTMAS STOCKING,605,65,24.38168054408568,554.5699999999999,0.8629230769230769,53,0.82
84247G,"DECOUPAGE,GREETING CARD,",1332,87,9.62954555283529,554.4,0.41931034482758617,54,1.8
22999,TRAVEL CARD WALLET VINTAGE LEAF,1320,97,13.846296662699292,554.4,0.42000000000000004,65,1.79
90199C,5 STRAND GLASS NECKLACE CRYSTAL,94,28,9.17409511417999,553.9,6.319285714285714,24,0.13
85230B,CINNAMON SCENTED VOTIVE CANDLE,2095,66,24.369786215444737,553.79,0.2778787878787879,49,2.84
16162L,THE KING GIFT BAG,8083,17,1232.425105110198,553.79,0.5182352941176471,16,10.95
84931B,BLUE SCOTTIE DOG W FLOWER PATTERN,219,52,4.429564394382578,553.0500000000001,2.5326923076923076,44,0.3
22684,"FRENCH BLUE METAL DOOR SIGN, 9",442,50,7.841178586963381,552.5,1.25,46,0.6
84773,RED ROSE AND LACE C/COVER,187,47,3.1793447622873194,551.65,2.95,34,0.25
23456,MEDIUM PARLOUR PICTURE FRAME ,136,34,4.060153751380418,550.0,4.126470588235295,31,0.18
85205B,PINK FELT EASTER RABBIT GARLAND,215,44,3.8532131508163,548.25,2.55,36,0.29
22092,BLUE PAISLEY TISSUE BOX,903,133,10.948953617901289,548.05,0.7463157894736843,105,1.22
22703,PINK CAT BOWL,310,74,4.49253772649614,547.92,1.8358108108108107,57,0.42
20856,DENIM PATCH PURSE PINK BUTTERFLY,332,90,3.1467637895250684,547.8,1.65,70,0.45
84805B,BLUE CLIMBING HYDRANGA ART FLOWER,339,8,44.963278667946675,547.65,2.3,7,0.46
22682,"FRENCH BLUE METAL DOOR SIGN, 7",438,53,7.5629434222098455,547.5,1.25,47,0.59
84876D,BLUE HEART COMPACT MIRROR,324,28,11.009856094288027,547.5,2.5892857142857144,24,0.44
85186A,EASTER BUNNY GARLAND OF FLOWERS,1302,82,11.153685372122844,546.84,0.42,76,1.76
47594A,CAROUSEL DESIGN WASHBAG,280,74,3.124232597370618,546.0,1.9499999999999997,65,0.38
23549,WRAP BIRD GARDEN ,1300,51,3.5007002100700237,546.0,0.42,46,1.76
37333,"RETRO ""TEA FOR ONE"" ",120,34,8.08753359458208,545.4,4.488235294117647,26,0.16
22391,PAPERWEIGHT HOME SWEET HOME,305,50,4.500566857720961,545.3100000000001,2.1302,45,0.41
23381,PACK OF 12 VINTAGE LEAF TISSUES ,1474,65,52.39844573443582,544.62,0.3889230769230769,59,2.0
23069,EDWARDIAN PHOTO FRAME,87,31,1.4240635481772967,543.75,6.25,27,0.12
20819,SILVER TEDDY BEAR,208,50,6.34504466782817,543.71,3.6242,39,0.28
85031C,CURIOUS IMAGES SCRAP BOOK SET,343,28,23.46727429768875,543.45,3.7607142857142857,23,0.46
84806B,WHITE CANDYSTUFT ARTIFICIAL FLOWER,433,30,12.794619918175556,543.37,1.3736666666666666,28,0.59
16049,TEATIME GEL PENS ASST,3144,25,150.3643574787589,542.88,0.27599999999999997,22,4.26
84859C,PINK DISCO HANDBAG,302,38,16.34087458114815,542.64,2.9357894736842107,29,0.41
84051,ASS COLOUR GLOWING TIARAS,697,53,23.294433328434675,542.05,0.8420754716981131,50,0.94
45008C,DECORATIVE NET CANOPY CREAM,68,20,4.147288270665544,541.6,8.6005,16,0.09
84932D,SMALL ORIENTAL RED FOLDING STOOL,237,19,17.639502452836524,540.75,3.3289473684210527,16,0.32
21304,ARCHED GREY MIRROR,84,16,7.523297149521611,540.6,9.3375,16,0.11
21441,BLUE BIRDHOUSE DECORATION,855,84,16.414921741084264,540.2099999999999,0.7936904761904762,67,1.16
35653,VINTAGE BEAD NOTEBOOK,183,56,2.2359953767115273,539.85,2.95,42,0.25
21293,MIRRORED DOVE WALL DECORATION,256,43,5.752653583852755,539.63,2.147209302325581,29,0.35
22246,MAGIC GARDEN FELT GARLAND ,270,37,7.745482069728938,539.5799999999999,2.1856756756756757,32,0.37
21016,LIGHT BIRD HOUSE TREE DECORATION,804,70,14.33930733995363,538.92,0.807,58,1.09
85027L,FRENCH CHATEAU LARGE PLATTER ,190,40,5.714354395191651,538.5,4.65,36,0.26
22108,PING! MICROWAVE PLATE,197,49,3.9395949237536216,537.89,3.1455102040816327,34,0.27
21397,BLUE POLKADOT EGG CUP ,1090,53,18.801093906352143,537.76,0.6496226415094339,51,1.48
84920,PINK FLOWER FABRIC PONY,145,54,1.3984367832538989,537.35,3.7203703703703703,43,0.2
22044,CHRISTMAS CARD STACK OF PRESENTS,1909,85,17.82157129327671,536.8199999999999,0.3144705882352941,80,2.59
37345,ASSTD HEARTS DESIGN MUGS,318,6,111.26724585429442,536.1,1.9000000000000001,5,0.43
21419,CONCH SHELL,1252,13,331.6500124668032,535.8,3.4284615384615384,12,1.7
20935,ROUND CACTUS CANDLE,293,40,10.24416657019734,535.55,2.6425,35,0.4
23454,THREE MINI HANGING FRAMES,129,47,2.0795911503109052,535.35,4.15,39,0.17
85129A,"WHITE PEARL BEADED HEART, SMALL",428,67,6.210829310458827,535.0,1.25,51,0.58
85092,CANDY SPOT TEA COSY,374,14,63.84407516806813,534.7,2.6,14,0.51
20657,TROPICAL LUGGAGE TAG,1692,71,143.96527219293378,534.14,1.2414084507042253,54,2.29
16169P,WRAP GREEN RUSSIAN FOLKART ,1750,48,68.60275980222859,533.75,0.3577083333333333,46,2.37
85096,HILDA CANDY SPOT RABBIT,142,51,2.7225996803804713,532.5,3.75,42,0.19
23324,RUSTIC STRAWBERRY JAM POT LARGE ,261,33,8.548989839315944,531.84,2.073030303030303,32,0.35
21666, RIDGED GLASS T-LIGHT HOLDER,940,12,138.94625078087068,531.8,0.6166666666666667,11,1.27
85030,FRENCH CHATEAU OVAL PLATTER,211,29,11.432711688471992,531.4499999999999,5.05344827586207,26,0.29
84762C,GREEN PICNIC BARBECUE BUCKET,78,18,3.412778753967126,531.3,8.616666666666667,18,0.11
23473,WOODLAND SMALL RED FELT HEART,665,43,28.007948563296317,530.83,0.8274418604651163,41,0.9
35915C,PEACH KNITTED HEN ,388,23,59.15718994788076,530.76,1.6334782608695653,23,0.53
22134,LADLE LOVE HEART RED ,1351,72,46.39557198867682,529.98,0.4175,57,1.83
84712B,PINK JEWELLED PHOTO FRAME,67,36,1.1988751341576767,529.47,7.905833333333334,29,0.09
84682,CLASSICAL ROSE DISH,283,40,12.484631578105367,528.85,2.6950000000000003,31,0.38
21373,MIRRORED WALL ART SNOWFLAKES,629,57,9.35407648392763,528.15,1.0096491228070175,52,0.85
47367B,PAIR PADDED HANGERS PINK CHECK,151,39,5.322145823569797,527.85,3.708974358974359,35,0.2
84584,PINK GINGHAM CAT WITH SCARF,207,50,3.0573431176064467,527.85,2.55,47,0.28
21173,LOO ROLL  METAL SIGN ,321,61,6.337459110569635,527.25,1.6467213114754096,44,0.43
22425,ENAMEL COLLANDER CREAM,115,21,6.577378258995354,527.25,4.8500000000000005,21,0.16
90082D,DIAMANTE BOW BROOCH BLACK COLOUR,83,35,1.6464884966946773,527.05,6.35,28,0.11
21454,PAINTED PINK RABBIT ,619,88,7.035948520124878,526.15,0.85,78,0.84
22681,"FRENCH BLUE METAL DOOR SIGN, 6",420,47,7.7946588605920715,525.0,1.25,43,0.57
20730,STRAWBERRY CANDY BAG,1659,41,217.73574552206347,524.25,1.2139024390243902,34,2.25
79190B,RETRO PLASTIC POLKA TRAY,1389,96,42.412250743834555,523.38,0.41791666666666666,57,1.88
37494A,FAIRY CAKE CERAMIC BUTTER DISH,192,25,10.884698740280626,523.1999999999999,2.9019999999999997,18,0.26
21893,POTTING SHED SEED TIN,164,13,32.423084527176165,523.0,4.138461538461538,13,0.22
23272,TREE T-LIGHT HOLDER WILLIE WINKIE,352,35,6.1258509955897615,522.74,1.5637142857142856,34,0.48
23499,SET 12 VINTAGE DOILY CHALK ,1244,96,11.948060108271852,522.48,0.42,86,1.69
21879,HEARTS GIFT TAPE,1366,94,17.76168531167464,522.38,0.5314893617021277,81,1.85
22166,WALL MIRROR RECTANGLE DIAMANTE PINK,126,20,21.13888908100299,521.7,7.7,16,0.17
21215, IVORY PAPER CUP CAKE CASES ,1146,24,99.09470656682534,521.1,0.5283333333333334,22,1.55
22898,CHILDRENS APRON APPLE DESIGN,290,25,14.840822079655828,520.5,1.9140000000000001,25,0.39
22054,MINI CAKE STAND HANGING HEARTS,321,55,4.871548679012306,520.05,1.6427272727272726,45,0.43
20699,MOUSEY LONG LEGS SOFT TOY,208,46,2.7466272686072655,519.6,2.5304347826086953,42,0.28
23451,SQUARE MINI PORTRAIT FRAME,268,45,4.602151451201707,519.0,1.9433333333333334,38,0.36
17013D,ORIGAMI ROSE INCENSE IN TUBE,1048,21,53.92393231386669,515.46,1.0,17,1.42
84799,SPRIG LAVENDER ARTIFICIAL FLOWER,667,29,19.080655873722698,515.03,1.0210344827586206,26,0.9
84916,HAND TOWEL PALE BLUE W FLOWERS,230,30,18.058016336878993,514.5,4.663333333333333,28,0.31
22983,"CARD, BILLBOARD FONT",1266,75,18.441990863977427,514.44,0.4176,67,1.72
22584,PACK OF 6 PANETTONE GIFT BOXES,226,14,37.08795604393,513.91,2.69,14,0.31
84313B,BLUE TV TRAY TABLE ,158,45,5.328406815542446,513.74,3.9237777777777776,24,0.21
20823,GOLD WINE GOBLET,248,17,17.20123114608883,513.2,3.013529411764706,14,0.34
23016,GLASS TWIST BON BON JAR,69,19,3.286513287763078,512.85,7.723684210526316,19,0.09
47469,ASSORTED SHAPES PHOTO CLIP SILVER ,1094,33,82.19075419873927,512.38,0.6290909090909091,21,1.48
84913A,SOFT PINK ROSE TOWEL ,110,32,2.3953920818535015,511.5,4.65,26,0.15
21015,DARK BIRD HOUSE TREE DECORATION,1431,92,15.047444476863204,511.39,0.46184782608695646,80,1.94
22201,FRYING PAN BLUE POLKADOT,142,54,3.5887470683533764,510.5,3.9074074074074074,41,0.19
85121B,RETRO LAUNDRY TUB PINK,60,27,1.577079416890439,510.0,8.5,27,0.08
84782C,GREEN 3 TIER GLASS PLATE STAND,74,18,3.393573318683574,509.9,9.616666666666667,18,0.1
72800D,S/4 BLUE DINNER CANDLE SILVER FLOCK,413,32,44.22913896822962,508.95,2.2609375,26,0.56
84569B,PACK 3 FIRE ENGINE/CAR PATCHES,407,63,5.300107719006975,508.75,1.25,54,0.55
90058B,CRYSTAL STUD EARRINGS ASSORTED COL ,1081,28,13.502645243485757,508.7,0.47714285714285715,27,1.46
85232A,SET/3 POLKADOT STACKING TINS,106,37,3.9169302192332136,507.9,4.931081081081081,31,0.14
23060,HEART BEADED TRELLIS DECORATION,244,41,4.455060153983306,507.52000000000004,2.08,34,0.33
84520D,PACK OF 20 FAIRY CAKE PAPER NAPKINS,619,61,13.320205285672554,505.98999999999995,0.8465573770491803,53,0.84
23219,LAUREL STAR ANTIQUE SILVER ,404,52,7.557921139156015,504.6,1.3117307692307691,41,0.55
37352,BIRD IN TREE MUG ,4643,8,1627.4099437449681,504.55,1.10625,6,6.29
72122,COFFEE SCENT PILLAR CANDLE,531,97,6.2734440028071825,504.45,0.95,80,0.72
16236,KITTY PENCIL ERASERS,2425,147,16.878848784698278,503.65,0.20965986394557823,108,3.29
21285,RETRO SPOT CANDLE  MEDIUM,248,23,9.404817535995873,502.8,2.0673913043478263,20,0.34
23139,SINGLE WIRE HOOK PINK HEART,406,23,50.98628041457657,502.38,1.2482608695652175,20,0.55
21117,BLOND DOLL DOORSTOP,328,26,17.88647963815557,502.08000000000004,1.912692307692308,23,0.44
84804B,BLUE DELPHINIUM ARTIFICIAL FLOWER,355,20,28.15161021850681,501.96999999999997,2.5040000000000004,17,0.48
20830,SILVER PHOTO FRAME,296,47,13.674659034962412,501.59999999999997,2.073404255319149,36,0.4
90200A,PURPLE SWEETHEART BRACELET,118,43,2.330879899827469,501.5,4.25,32,0.16
20888,SET 3 JARDIN DE FEMME SCENT CANDLES,359,11,69.48420356782214,499.81,2.3536363636363635,10,0.49
22394,PAPERWEIGHT KINGS CHOICE ,337,47,10.770973774023547,499.35,2.1227659574468083,43,0.46
16048,TEATIME ROUND PENCIL SHARPENER ,3413,70,106.79649287438777,498.66,0.19285714285714287,59,4.62
21194,PINK  HONEYCOMB PAPER FAN,501,62,9.245820299982386,498.64,1.298225806451613,51,0.68
72728,ROSE SCENT CANDLES IN GLASS,614,51,19.831248860637828,498.5,0.8449019607843137,44,0.83
84414B,FUSCHIA/GREEN STRIPE WOOLLY BLANKET,77,8,10.809222252978506,497.15,10.825,7,0.1
85230A,OPIUM SCENTED VOTIVE CANDLE,1992,48,45.304642568923036,497.03999999999996,0.2683333333333333,31,2.7
84657,GREEN ROSE CUSHION COVER,245,19,20.21246792574135,496.25,3.6184210526315788,14,0.33
23398,HANGING HEART BONHEUR,587,63,9.823975604193393,495.83,0.847936507936508,53,0.8
23528,WALL ART SPACEBOY,156,21,15.295657647095233,495.48,3.654285714285714,20,0.21
85186C,BUNNY EGG GARLAND,1179,83,12.108008875548267,495.18,0.42,75,1.6
72800B, 4 PURPLE FLOCK DINNER CANDLES,324,52,9.421742448678522,495.16,2.2499999999999996,40,0.44
21377,SMALL CAMPHOR WOOD FIELD  MUSHROOM,444,43,22.526937240549273,494.76,1.4783720930232558,37,0.6
21026,SPACE OWL,396,56,6.5445526074109015,493.62,1.2898214285714287,48,0.54
85117,NIGHTINGALE COATHOOK WHITE,317,40,13.29813462916452,493.45,1.6300000000000001,29,0.43
79337,BLUE FLOCK GLASS CANDLEHOLDER,1191,19,91.0854620864865,491.95,0.7810526315789473,16,1.61
90161C,ANT COPPER LIME BOUDICCA BRACELET,99,34,2.4041333984420366,490.05,4.95,28,0.13
21711,FOLDING UMBRELLA WHITE/RED POLKADOT,100,28,6.657930784263405,489.4,4.9,27,0.14
21899,GARAGE KEY FOB,730,116,8.34267941671469,489.2,0.7091379310344827,81,0.99
20910,VINTAGE PHOTO ALBUM PARIS DAYS,80,28,4.352217703860751,488.79999999999995,6.321428571428571,11,0.11
84827,ASS DES PHONE SPONGE CRAFT STICKER,1025,30,32.37504715303005,488.49,0.5513333333333333,23,1.39
51020B,STRIPY DESIGN SHOWER CAP,1084,60,36.80404669472291,488.12,0.962,40,1.47
22322,BIRD DECORATION GREEN  SPOT,574,47,8.551471193570618,487.9,0.8499999999999999,42,0.78
35964,FOLKART CLIP ON STARS,1005,58,20.712220251716037,487.53,0.835344827586207,50,1.36
85091,CANDY SPOT BREAD BASKETS,337,14,49.264535981723256,487.35,3.485714285714286,14,0.46
72586,SET OF 6 HALLOWEEN GHOST T-LIGHTS,1160,68,24.279395080210104,487.2,0.42,65,1.57
84846A,SCENTED CANDLE IN DIGITALIS TIN,232,42,4.215176385732145,487.2,2.1,39,0.31
35972,DAISY FOLKART HEART DECORATION,389,52,8.676066662377318,486.25,1.25,43,0.53
20652,BLUE SPOTTY LUGGAGE TAG ,1056,45,92.66449746752579,486.0,1.2062222222222223,40,1.43
17084N,FAIRY DREAMS INCENSE ,2391,67,31.489396462178163,485.86,0.20776119402985074,42,3.24
23413,VINTAGE COFFEE GRINDER BOX,102,23,3.4486636009345806,485.7,4.880434782608695,20,0.14
20865,PATCHWORK PENCIL CASE BUTTERFLY ,247,30,19.025723663491494,485.49,2.059,24,0.33
84952B,BLACK LOVE BIRD T-LIGHT HOLDER,311,21,23.623333904466254,485.36,3.0742857142857143,15,0.42
21160,KEEP OUT GIRLS DOOR HANGER ,763,49,43.375780492497576,485.22999999999996,1.2712244897959184,44,1.03
85215,ASSORTED CHEESE FRIDGE MAGNETS,755,47,15.371351465744358,484.99,0.6474468085106383,33,1.02
22263,FELT EGG COSY LADYBIRD ,722,45,43.562888477754235,484.34,0.855111111111111,34,0.98
21740,COSY SLIPPER SHOES LARGE RED,164,49,3.1724794483715946,483.8,2.95,44,0.22
84875D,BLUE SQUARE COMPACT MIRROR,371,37,6.84140371596391,483.75,1.722972972972973,17,0.5
84913B,MINT GREEN ROSE TOWEL,104,30,1.7564331673207403,483.6,4.65,27,0.14
85185D,FROG SOCK PUPPET,168,45,4.190899230909324,483.59999999999997,2.9322222222222227,38,0.23
23660,HENRIETTA HEN MUG ,293,31,4.193953661144572,483.45000000000005,1.65,30,0.4
20864,DENIM PATCH PENCIL CASE BUTTERFLY,247,27,19.790642123728972,483.33,2.0514814814814817,20,0.33
84798B,PURPLE FOXGLOVE ARTIIFCIAL FLOWER,322,9,49.80657029393255,482.7,2.0777777777777775,8,0.44
85071D,CHARLIE+LOLA MY ROOM DOOR SIGN,838,89,32.274676601704904,482.34,1.0934831460674157,78,1.14
22861,EASTER TIN CHICKS IN GARDEN,292,38,9.389773802525218,481.8,1.65,36,0.4
22038,BOTANICAL LAVENDER GIFT WRAP ,1150,45,3.726779962499649,481.0,0.4182222222222222,43,1.56
20794,BLUE  TILE HOOK,190,31,3.6308119889254438,480.9,2.5354838709677416,27,0.26
84592,CROCHET ROSE PURSE WITH SUEDE BACK,163,38,2.8083648675018154,480.85,2.95,33,0.22
84984B,RED PEONY CUSHION COVER ,309,10,60.57401349680497,480.85,3.9300000000000006,7,0.42
21666,RIDGED GLASS T-LIGHT HOLDER,738,57,9.773179502801785,479.7,0.65,40,1.0
84218,BOX/12 CHICK & EGG IN BASKET,254,91,6.417885569972028,479.7,1.947142857142857,74,0.34
90160D,PINK BOUDICCA LARGE BRACELET,69,21,2.951996902824546,479.55,6.950000000000001,18,0.09
23169,CLASSIC GLASS SWEET JAR,119,14,6.357914510519697,479.45,4.092857142857143,14,0.16
84989B,75 BLACK FAIRY CAKE CASES,985,46,32.76961742356716,479.34999999999997,0.538695652173913,34,1.33
72267,PREMIUM CHURCH CANDLE,247,41,10.043624357964731,479.34000000000003,2.08,38,0.33
84917,WHITE HAND TOWEL WITH BUTTERFLY,183,17,8.849642731239959,477.85,3.738235294117647,16,0.25
22892,SALT AND PEPPER SHAKERS TOADSTOOLS,393,26,14.876362251778957,477.57,1.2426923076923078,26,0.53
84706D,CHERRY BLOSSOM TABLE CLOCK ,216,14,14.129697507319527,477.2,3.9499999999999997,14,0.29
72750C,"F.FAIRY S/3 CANDLE/GLASS, ROSE",232,15,21.293415033984658,476.4,2.75,12,0.31
84875B,GREEN SQUARE COMPACT MIRROR,367,35,7.257334742384783,476.25,1.4642857142857142,16,0.5
21311,SET/4 BIRD MIRROR MAGNETS ,682,76,11.837762946559932,476.11,1.125921052631579,62,0.92
35600D,PINK AND WHITE CHRISTMAS TREE 180CM,140,12,13.144880326114757,476.0,5.866666666666666,11,0.19
23021,GLASS BONNE JAM JAR,117,25,4.327431878916948,475.95000000000005,4.134,24,0.16
79030G,TUMBLER NEW ENGLAND,1220,41,29.69577452080083,475.79999999999995,0.39,35,1.65
21665,TRIANGULAR RIDGED GLASS POSY HOLDER,766,43,20.211095271979282,475.1,0.6430232558139536,35,1.04
84762A,WHITE PICNIC BARBECUE BUCKET,54,24,2.3265948246871155,474.9,10.15,24,0.07
37492C,GREEN BLUE FLOWER PIGGY BANK,241,24,21.160831673198697,472.65,3.7750000000000004,19,0.33
22697,TEACUP AND SAUCER REGENCY GREEN,174,13,18.35546449761152,472.5,2.8576923076923078,13,0.24
23180,MUM'S KITCHEN CLOCK,104,36,2.0809033447420693,471.90000000000003,4.766666666666667,29,0.14
22951,72 CAKE CASES DOLLY GIRL DESIGN,943,25,67.75785317338993,471.84999999999997,0.5448000000000001,25,1.28
22541,MINI JIGSAW LEAP FROG,1192,41,51.47202650173317,471.56,0.4214634146341464,34,1.62
85144,JARDIN ETCHED GLASS BUTTER DISH,68,31,2.7497800498550142,471.4,7.191935483870967,25,0.09
23527,WALL ART ANIMALS AND NATURE ,148,26,13.722300771428182,471.0,3.6726923076923077,25,0.2
85020,ROUND PINK HEART MIRROR,224,44,7.1749505526800545,470.4,2.1,36,0.3
21620,S/4 ROSE    BOTANICAL  CANDLE,126,39,4.331412425899763,469.5,3.7371794871794872,33,0.17
16238,PARTY TIME PENCIL ERASERS,2232,136,15.269660350941518,469.42,0.2250735294117647,104,3.02
16202B,PASTEL BLUE PHOTO ALBUM ,1034,18,140.91516940102747,469.21,3.191111111111111,13,1.4
72800C,S/4 PINK DINNER CANDLE SILVER FLOCK,389,26,48.922371789790205,468.87,2.2619230769230767,22,0.53
22897,OVEN MITT APPLE DESIGN,337,30,11.412888459478863,468.65,1.4366666666666668,30,0.46
16239,BALLERINA HEART DECORATION.,338,13,78.95146188218006,468.4,2.6884615384615387,13,0.46
23377,PACK OF 12 DOLLY GIRL TISSUES,1200,81,10.2787537074189,468.0,0.39,69,1.63
84675,FROG KING WATERING CAN,187,44,7.188896477077655,467.65,2.910227272727273,39,0.25
21002,ROSE DU SUD DRAWSTRING BAG,110,26,5.71529661387888,467.5,4.25,25,0.15
23136,IVORY WIRE SWEETHEART LETTER TRAY,127,44,2.2226729047337646,467.05,3.7290909090909095,39,0.17
21459,YELLOW EASTER EGG HUNT START POST,250,37,11.533539028525569,465.9,1.9418918918918917,33,0.34
23218,LAUREL STAR ANTIQUE GOLD,372,33,14.904430396849973,465.81,1.383939393939394,27,0.5
21128,GOLD FISHING GNOME,96,28,3.4472594743648006,464.71000000000004,6.3967857142857145,22,0.13
84596J,MIXED NUTS LIGHT GREEN BOWL,676,68,17.017008482683924,464.03000000000003,0.9570588235294117,50,0.92
85129C,BEADED CRYSTAL HEART BLUE SMALL,370,49,7.740750460199245,463.85,1.320204081632653,37,0.5
20845,ZINC HEART LATTICE 2 WALL PLANTER,73,21,4.319942680395744,463.55,6.35,15,0.1
47310M,"SMALL POP BOX,FUNKY MONKEY",401,47,12.012404935749773,462.85,1.2287234042553192,23,0.54
85109,PINK BOUDOIR T-LIGHT HOLDER,4203,18,597.6672544642408,462.15,0.69,17,5.7
51020A,SUMMER FUN DESIGN SHOWER CAP,1302,49,55.221523581540794,462.06,0.8189795918367347,37,1.76
22407,MONEY BOX FIRST ADE DESIGN,384,55,11.017647307322568,461.76,1.2430909090909092,49,0.52
84926E,FLOWERS TILE COASTER,1077,48,24.8646602588339,461.63,0.6260416666666667,40,1.46
20696,FLORAL SOFT CAR TOY,123,34,2.4122754991457684,461.25,3.75,28,0.17
85226C,BLUE PULL BACK RACING CAR,952,67,58.44384440547956,461.2,0.5480597014925374,54,1.29
23691,WRAP KEEP CALM BIRTHDAY,1125,36,29.504842217604118,460.5,0.4183333333333333,34,1.52
72132,COLUMBIAN CUBE CANDLE,548,27,39.64536524935778,460.2,1.684074074074074,22,0.74
23455,SMALL PARLOUR PICTURE FRAME,164,33,6.11087579895902,459.56,2.877878787878788,30,0.22
22193,RED WALL CLOCK,60,1,1.0,459.0,7.65,1,0.08
22191,IVORY WALL CLOCK,60,1,1.0,459.0,7.65,1,0.08
23561,SET OF 6 RIBBONS PARTY,167,13,15.651656748547708,458.63,2.8592307692307695,13,0.23
21884,CAKES AND BOWS GIFT  TAPE,1232,68,37.988422985801876,457.35999999999996,0.5538235294117647,61,1.67
84247L,FAWN AND MUSHROOM GREETING CARD,1088,82,5.365755111191634,456.96,0.42,62,1.47
85203,HANGING WOOD AND FELT BUTTERFLY ,1089,118,11.582045504465386,454.5,0.4189830508474576,94,1.48
72225C,LAVENDER SCENT CAKE CANDLE,1877,35,93.79391856439234,454.09,0.2694285714285714,25,2.54
72789,BASKET/8 SCENTED LOVE TOKEN CANDLES,121,45,2.851014350767605,453.75,3.75,42,0.16
90209B,GREEN ENAMEL+GLASS HAIR COMB,248,19,19.98742294602763,453.6,2.026315789473684,9,0.34
72801G,S/4 BURGUNDY WINE DINNER CANDLES,777,21,123.9334498833951,453.33,1.170952380952381,19,1.05
23548,WRAP MAGIC FOREST ,1075,43,0.0,451.5,0.42,42,1.46
21536,DAIRY MAID  SMALL  MILK JUG,215,57,2.322387501962836,451.5,2.1,42,0.29
17012F,ORIGAMI SANDLEWOOD INCENSE/CAND SET,493,47,15.747839521144439,451.45,1.0957446808510638,38,0.67
21881,CUTE CATS TAPE,1183,65,38.68995347632251,450.75,0.5952307692307692,49,1.6
90203,SILVER CHARM NECKLACE 70CM,60,24,1.6681153124565982,450.0,7.5,18,0.08
84924A,WAKE UP COCKEREL CALENDAR SIGN ,117,46,1.9288052921620842,449.88,3.9113043478260865,41,0.16
21507,ELEPHANT BIRTHDAY CARD ,1080,72,11.97062131419616,449.88,0.45819444444444446,63,1.46
84865,NEW BAROQUE BLACK PHOTO ALBUM,64,37,1.6608004871923232,449.65,7.75,26,0.09
84683,CLASSICAL ROSE CANDLESTAND,509,30,21.449995311201697,449.05,1.13,18,0.69
22452,MEASURING TAPE RUSSIAN DOLL PINK,152,41,2.9175666439605483,448.4,2.95,30,0.21
21847,GREEN  DIAMANTE PEN IN GIFT BOX,252,23,25.273914437382714,448.2,4.145652173913044,20,0.34
23560,SET OF 6 RIBBONS COUNTRY STYLE,163,20,12.687644217484728,447.07,2.87,20,0.22
21256,"FRENCH BOTTLE, BRASSERIE DES ARTIST",282,35,10.767442366971387,446.09999999999997,1.6385714285714283,31,0.38
35810B,ENAMEL BLUE RIM COFFEE CONTAINER,307,50,5.119032115148172,446.03000000000003,1.669,43,0.42
72800D,4 BLUE DINNER CANDLES SILVER FLOCK,205,44,7.581934409297681,445.35,2.5011363636363635,29,0.28
21393,BLUE POLKADOT PUDDING BOWL,2564,15,643.216855974347,445.05,1.6266666666666667,14,3.47
16012,FOOD/DRINK SPONGE STICKERS,2118,63,20.999561110182192,444.78,0.21,53,2.87
17164D,ASS COL SMALL SAND FROG P'WEIGHT,1144,30,73.34036538907003,444.48,0.415,26,1.55
23074,EMBOSSED HEART TRINKET BOX,221,35,7.634177903933571,444.02000000000004,2.0634285714285716,32,0.3
20661,BLUE SPOTTY PURSE ,433,31,53.17611235067098,443.34999999999997,2.8603225806451613,29,0.59
23125,6PC WOOD PLATE SET DISPOSABLE,405,16,73.3673122037328,443.25,1.236875,15,0.55
21399,BLUE  SPOTTY  COFFEE MUG,227,25,11.968430696350016,443.09999999999997,2.072,23,0.31
84972L,GIANT PINK HEART MEMO HOLDER,112,44,1.7314403931683982,442.40000000000003,3.95,41,0.15
84948,SILVER HANGING T-LIGHT HOLDER DOME,268,34,5.541932197141927,442.2,1.65,28,0.36
47574A,ENGLISH ROSE SCENTED HANGING FLOWER,440,61,25.436269874661498,442.0,1.7254098360655739,44,0.6
82613C,"METAL SIGN,CUPCAKE SINGLE HOOK",526,71,8.28178287359626,441.7,1.1214084507042255,56,0.71
85184C,SET 4 VALENTINE DECOUPAGE HEART BOX,151,45,4.416680960525756,441.53000000000003,3.0673333333333335,38,0.2
21403,BLUE EGG  SPOON,2151,108,20.294156886609453,440.58,0.23055555555555554,80,2.91
23045,PAPER LANTERN 5 POINT STAR MOON ,106,18,7.028420363812733,439.90000000000003,4.15,17,0.14
62096A,PINK/YELLOW FLOWERS HANDBAG,337,52,7.6427343033744055,439.45,1.3576923076923075,47,0.46
84809A,WHITE CHRYSANTHEMUMS ART FLOWER,259,18,16.68792761563206,439.14,2.0077777777777777,18,0.35
16161M,WRAP  PINK FLOCK,1050,39,6.748819059987712,439.0,0.41794871794871796,36,1.42
82605,OLD DOC RUSSEL METAL SIGN,209,84,2.826271108079087,438.9,2.1,62,0.28
84569C,PACK 4 FLOWER/BUTTERFLY PATCHES,351,50,5.040610588216552,438.75,1.25,45,0.48
20804,GLASS CHICKEN BUTTER DISH,283,24,28.506260436226473,438.15,1.6416666666666666,21,0.38
20868,SILVER FABRIC MIRROR,789,46,40.85800201309915,437.66,0.7671739130434783,40,1.07
21540,DAIRY MAID CERAMIC BUTTER DISH,105,39,3.0101044408689996,437.25,4.237179487179487,27,0.14
20689,RETRO SISTERS EXPRESSO CUPS,400,27,64.340462826243,436.0,5.598148148148148,25,0.54
23425,STORAGE TIN HOME SWEET HOME,237,35,3.4307066180540216,435.43,2.052857142857143,35,0.32
72586,"S/6 HALLOWEEN GHOST T LIGHTS, 5CM H",1036,40,93.86810167900761,435.12,0.42000000000000004,39,1.4
23565,EGG CUP MILKMAID HELGA ,348,31,8.872089860603513,435.0,1.25,28,0.47
23509,MINI PLAYING CARDS FUN FAIR ,1040,55,66.73864800883472,433.2,0.4178181818181818,51,1.41
37444A,YELLOW BREAKFAST CUP AND SAUCER,2684,26,354.6831044966543,433.16,1.6500000000000001,16,3.64
23043,PAPER LANTERN 9 POINT HOLLY STAR L,69,16,4.061506288722613,431.25,6.25,15,0.09
84858B,BLUE RIVIERA HANDBAG,326,9,43.70577129446916,431.0,2.816666666666667,8,0.44
90154,LAZER CUT NECKLACE W PASTEL BEADS,58,6,20.742870261047933,430.7,8.666666666666666,6,0.08
90161B,ANT COPPER TURQ BOUDICCA BRACELET,87,26,2.513042899630767,430.65,4.950000000000001,21,0.12
85169C,EAU DE NIL LOVE BIRD CANDLE,397,38,21.976273899577382,429.96999999999997,1.2131578947368422,27,0.54
72127,COLUMBIAN CANDLE ROUND ,358,61,8.917165861109433,429.64,1.2375409836065574,49,0.49
20653,CHERRY BLOSSOM LUGGAGE TAG,1927,31,322.5604952846513,428.89,1.286451612903226,26,2.61
23379,PACK OF 12 RED APPLE TISSUES,1175,51,59.43230124580866,428.01,0.38862745098039214,49,1.59
16045,POPART WOODEN PENCILS ASST,9300,73,114.57684705593246,428.0,0.04767123287671233,65,12.6
84801A,PINK HYDRANGEA ART FLOWER,272,15,27.357074474613032,427.44,1.976,14,0.37
21455,PAINTED YELLOW WOODEN DAISY,502,67,6.2725306244125,426.7,0.85,60,0.68
17012D,ORIGAMI ROSE INCENSE/CANDLE SET ,426,51,9.30553282603799,426.7,1.25,41,0.58
22344,PARTY PIZZA DISH PINK POLKADOT,1109,53,34.26808846131416,426.28999999999996,0.620943396226415,38,1.5
23522,DOG AND BALL WALL ART,252,4,68.67313885355759,425.88,2.26,3,0.34
85230G,ORANGE VOTIVE CANDLE,1680,46,31.082498920299745,425.76,0.2691304347826087,32,2.28
16168M,FUNKY MONKEY GIFT BAG MEDIUM,1578,53,50.698824713063345,425.16,0.389811320754717,42,2.14
21167,WHITE SAGE INCENSE,2058,50,29.85499650521719,424.68,0.209,32,2.79
20715,LITTLE FLOWER SHOPPER BAG,400,1,1.0,424.0,1.06,1,0.54
84876B,GREEN HEART COMPACT MIRROR,327,28,14.282995773085148,423.75,1.5178571428571428,22,0.44
22124,SET OF 2 TEA TOWELS PING MICROWAVE,179,39,5.334682690302004,422.96999999999997,2.54974358974359,29,0.24
16008,SMALL FOLDING SCISSOR(POINTED EDGE),3141,85,59.21267276729281,422.96,0.15623529411764706,64,4.26
22686,"FRENCH BLUE METAL DOOR SIGN, No",337,35,6.996157408706222,421.25,1.25,33,0.46
22840,"CAKE TIN, ROUND, VINTAGE RED,CREAM",59,10,5.2588549662027715,421.05,7.55,10,0.08
23058,CHRISTMAS HANGING SNOWFLAKE,486,44,7.291136847760406,421.02000000000004,1.1129545454545455,39,0.66
84597C,RETRO PINK BALL ASHTRAY ,352,36,7.4799202100828825,420.8,1.2277777777777779,21,0.48
23117,POPPY FIELDS CHOPPING BOARD,85,39,1.5021352323976216,420.75,4.95,39,0.12
84596K,JELLY BABIES YELLOW SMALL BOWL,358,64,12.379859155031317,420.14,1.2440625,48,0.49
20700,GREEN CAT FLORAL CUSHION COVER ,288,12,46.41708149534452,420.0,3.125,11,0.39
84770,ROUND GEORGIAN SILVER MIRROR,135,16,7.667844112482552,419.25,3.825,14,0.18
17129F,BLUE GLASS GEMS IN BAG,624,25,25.48607462909893,418.38,0.8116,14,0.85
90120D,WHITE MURANO TWIST BRACELET,102,20,6.560648234980892,418.25,4.1375,16,0.14
20621,ECONOMY PASSPORT COVER ,199,29,18.360913722071665,417.90000000000003,2.1,23,0.27
72750A,FLOWER FAIRY SET OF 3 LILY CANDLES,206,8,38.65506804694937,417.7,2.45,6,0.28
20851,ZINC HEART LATTICE TRAY OVAL ,334,28,54.113001498872066,417.7,5.755357142857143,21,0.45
84859B,BLUE DISCO HANDBAG,279,15,50.617331870756345,417.43,2.402,14,0.38
72780,BLACK SILOUETTE CANDLE PLATE,513,43,14.713769626145968,417.33,0.8409302325581395,36,0.7
21518,BANK ACCOUNT  GREETING  CARD ,1016,70,10.527731298527517,416.64,0.4165714285714286,58,1.38
23336,EGG FRYING PAN PINK ,199,64,2.6910621464749704,415.97,2.1120312500000002,46,0.27
47422,ASSORTED MONKEY SUCTION CUP HOOK,1076,66,28.01701114953045,415.92,0.41363636363636364,28,1.46
20943,SET/6 GINGERBREAD STAR T-LIGHTS,332,48,5.081603588972775,415.0,1.25,46,0.45
84510F,SET OF 4 NEW ENGLAND COASTERS ,1092,31,179.07869958529767,415.0,1.2193548387096773,23,1.48
20654,FIRST CLASS LUGGAGE TAG ,339,85,5.003556158342971,414.63,1.2410588235294118,65,0.46
85169D,PINK LOVE BIRD CANDLE,374,45,11.510513419996485,413.98,1.208888888888889,39,0.51
72799B,PURPLE PILLAR CANDLE BLACK FLOCK,313,9,77.08725215263834,413.35,1.8166666666666669,7,0.42
22322,BIRD DECORATION GREEN POLKADOT,486,45,5.949025894287995,413.09999999999997,0.85,37,0.66
85227,SET/6 3D KIT CARDS FOR KIDS,545,29,43.89466231001606,412.84999999999997,0.8427586206896551,27,0.74
90160B,RED BOUDICCA LARGE BRACELET,60,23,2.4815524912438223,412.55,6.756521739130435,19,0.08
23023,RIDGED BONNE JAM JAR T-LIGHT HOLDER,260,23,12.495216476020282,411.44,1.7039130434782608,23,0.35
16169F,WRAP BLIZZARD,975,34,8.987265698839273,409.5,0.42,34,1.32
84798A,PINK FOXGLOVE ARTIIFCIAL FLOWER,186,9,46.35730794599704,409.5,2.5,9,0.25
20857,BLUE ROSE PATCH PURSE PINK BUTTERFL,248,76,2.604449633749296,409.2,1.65,57,0.34
22031,BOTANICAL LAVENDER BIRTHDAY CARD,963,80,3.033332753744091,409.17,0.43899999999999995,65,1.3
20694,FLORAL PINK MONSTER,112,26,4.379673328176254,408.48,3.7084615384615387,23,0.15
90195A,PURPLE GEMSTONE BRACELET,51,26,1.2159200378567412,408.45,8.257692307692308,24,0.07
22323,BAG FOR CHILDREN VINTAGE PINK ,96,1,1.0,408.0,4.25,1,0.13
22324,BAG FOR CHILDREN VINTAGE BLUE ,96,1,1.0,408.0,4.25,1,0.13
23422,PANTRY HOOK BALLOON WHISK ,196,31,5.081909724858647,407.68,2.08,29,0.27
23415,HOME SWEET HOME HOOK,326,45,6.523229664248014,405.6,1.3699999999999999,42,0.44
84508B,STRIPES DESIGN TEDDY,159,65,1.8627161722768022,405.45,2.55,40,0.22
84595B,LARGE TRIFLE DESIGN L BLUE BOWL,229,15,26.418247661868296,405.15000000000003,3.05,13,0.31
62094B,TURQ ICE CREAM BUM BAG ,251,27,13.752803392021614,405.05,2.281481481481481,20,0.34
21663,VINTAGE GLASS SUGAR CADDY,69,25,2.4027761721253467,404.55,5.93,21,0.09
22346,PARTY PIZZA DISH GREEN POLKADOT,1005,40,40.35876767451068,404.31,0.6035,26,1.36
22204,MILK PAN BLUE POLKADOT,123,42,2.212964650317308,403.75,3.4523809523809526,33,0.17
84984A,GREEN PEONY CUSHION COVER,255,12,41.74843491895017,403.75,3.8000000000000003,8,0.35
20793,BLUE TILED TRAY,273,15,61.3819424354008,402.75,6.35,13,0.37
84857C,PINK MONTE CARLO HANDBAG,193,14,11.109099329472572,402.54999999999995,2.8857142857142857,13,0.26
21336,GOLD WASHBAG,1788,24,243.17161590656235,401.64,2.715,13,2.42
21379,CAMPHOR WOOD PORTOBELLO MUSHROOM,498,45,28.162192579930462,401.52,1.1331111111111112,37,0.67
84932B,SMALL PINK PEONY FOLDING STOOL,189,17,17.92652487565973,401.3,3.105882352941176,17,0.26
71270,PHOTO CLIP LINE,320,55,7.569654107002729,401.21,1.2719999999999998,29,0.43
79071B,ENGLISH ROSE METAL WASTE BIN,136,60,2.5369584529689084,401.2,2.95,51,0.18
20997,ROSE DU SUD CUSHION COVER ,81,28,1.5236235005501102,400.95,4.95,25,0.11
20618,QUEEN OF THE SKIES PASSPORT COVER ,193,74,3.122247028775988,400.38,2.0889189189189192,50,0.26
90143,SILVER BRACELET W PASTEL FLOWER,54,18,1.8786728732554485,400.0,7.222222222222222,15,0.07
16243B,BROWN COZY SQUARE PHOTO ALBUM,205,1,1.0,399.75,1.95,1,0.28
21882,SKULLS TAPE,921,72,22.996593440315355,398.72999999999996,0.5783333333333334,61,1.25
21001,ROSE DU SUD WASHBAG ,67,31,1.5936702752566352,398.65000000000003,5.95,29,0.09
D,Discount,196,5,85.41779674049197,397.89,41.378,5,0.27
20701,PINK CAT FLORAL CUSHION COVER ,282,13,45.14492333102475,397.5,3.173076923076923,12,0.38
72128,COLUMBIAN CANDLE ROUND,686,81,20.082384332888044,397.46,0.8048148148148148,61,0.93
90149,SILVER FLOWR PINK SHELL NECKLACE,60,7,17.405527310379913,395.28,7.337142857142857,6,0.08
84726,LILLIES CANVAS PICTURE,233,5,49.25241110849296,394.85,2.17,4,0.32
84563A,PINK & WHITE BREAKFAST TRAY,92,33,2.5218740025719937,394.40000000000003,5.131818181818182,26,0.12
22343,PARTY PIZZA DISH RED WHITE SPOT ,464,22,59.97849542477631,394.4,0.85,21,0.63
20662,FIRST CLASS HOLIDAY PURSE ,697,25,81.9600105742632,394.27,2.9388,23,0.94
21553,CERAMIC BIRDHOUSE FINCH BLUE  LARGE,75,27,5.063696835418333,393.6,5.877777777777778,24,0.1
84951A,SET OF 4 PISTACHIO LOVEBIRD COASTER,393,41,9.364762703229852,393.32,1.3051219512195122,33,0.53
20889,JARDIN DE FEMME SCENTED CANDLE,656,12,114.94214618536131,392.0,2.029166666666667,12,0.89
20753,RETRO PINK SPOT WASHING UP GLOVES,187,38,4.749859622092791,391.1,2.057894736842105,30,0.25
47562,ENGLISH ROSE IRONING BOARD COVER,104,42,1.4689982523042493,390.0,3.75,16,0.14
84016,FLAG OF ST GEORGE CAR FLAG,978,46,43.87580187686789,389.76,0.41847826086956524,43,1.33
21371,MIRRORED WALL ART POPPIES,368,41,9.312593099878383,389.4,1.2841463414634147,33,0.5
47591B,SCOTTIES DES CHILD'S APRON,236,61,4.566090267161705,389.4,1.65,52,0.32
16044,POP-ART FLUORESCENT PENS,6192,2,4310.522938113194,388.8,0.24,2,8.39
35004S,SET OF 3 SILVER FLYING DUCKS,136,16,7.420691791650336,388.4,4.425,12,0.18
84007,MAGIC GARDEN MOUNT FUJI,152,37,4.532498598294714,387.6,2.55,30,0.21
40046A,RED DAISY PAPER LAMPSHADE,321,34,10.237160995151031,387.57,1.2388235294117647,26,0.43
84804A,CREAM DELPHINIUM ARTIFICIAL FLOWER,215,17,22.715471535031437,387.53,2.6876470588235297,15,0.29
23537,WALL ART I LOVE LONDON ,86,19,5.521356727921052,387.3,4.8236842105263165,18,0.12
20838,FRENCH LATTICE CUSHION COVER ,391,39,6.127965144737257,387.28999999999996,1.1817948717948719,36,0.53
23103,BELL HEART DECORATION,252,9,43.68065933568311,387.0,1.6277777777777775,9,0.34
72800C,4 PINK DINNER CANDLE SILVER FLOCK,257,42,9.20551897280391,385.51,2.2190476190476187,33,0.35
22698,TEACUP AND SAUCER REGENCY PINK,144,9,21.840329667841555,384.0,2.816666666666667,9,0.2
46776B,WOVEN BERRIES CUSHION COVER ,194,20,26.493494732818746,383.1,4.3950000000000005,16,0.26
22785,SQUARECUSHION COVER PINK UNION JACK,150,29,9.335297705549166,382.14,6.103793103448275,27,0.2
79030D,"TUMBLER, BAROQUE",479,16,88.16988809489705,382.11,1.505625,15,0.65
84509A,ENGLISH ROSE PLACEMATS,107,25,4.401893531954932,382.05,3.718,19,0.14
22446,PIN CUSHION RUSSIAN DOLL PINK,114,26,2.2816997712569123,381.90000000000003,3.3500000000000005,24,0.15
85090,CANDY SPOT APRON,82,36,1.1366897079077878,381.3,4.65,26,0.11
20659,ECONOMY LUGGAGE TAG,287,91,3.4186517060355075,380.81,1.352197802197802,55,0.39
72750B,"F.FAIRY S/3 CANDLE/GLASS,LAVENDER",193,9,37.23946532615336,380.35,2.3944444444444444,8,0.26
84802B,PURPLE ANEMONE ARTIFICIAL FLOWER,405,16,46.29286302084444,379.65000000000003,1.53125,16,0.55
85167A,WHITE GRAND BAROQUE PHOTO FRAME,174,12,18.407014473243123,379.5,3.5,12,0.24
85097B,BLUE ROCKING SINGING CANARY,101,37,2.479344096156713,378.75,3.75,25,0.14
22032,BOTANICAL LILY GREETING CARD,903,74,2.9838824104127624,378.42,0.4183783783783783,64,1.22
72801E,S/4 FESTIVE GREEN DINNER CANDLES,717,21,124.64119933404274,378.33,1.170952380952381,17,0.97
85211,S/4 GROOVY CAT MAGNETS,279,54,7.21829436812504,377.97,1.5029629629629628,43,0.38
35969,FOLKART CROWN TABLE DECORATIONS,450,40,16.19552011498463,376.74,1.4594999999999998,36,0.61
85007,SET OF 3 VINTAGE TEA TIME BOXES,139,20,6.9696711392628625,376.35,3.9,16,0.19
23457,LARGE PARLOUR PICTURE FRAME,77,27,2.3485462558079444,375.75,4.933333333333334,25,0.1
21252,SET OF MEADOW  FLOWER STICKERS,161,16,12.24455661372296,375.65,2.743125,14,0.22
16218,CARTOON  PENCIL SHARPENERS,4525,70,66.75719267859549,375.6,0.098,60,6.13
22286,DECORATION WOBBLY RABBIT METAL ,753,45,23.286164444696652,375.57,0.6699999999999999,35,1.02
21418,STARFISH SOAP DISH,161,36,3.3078790020288666,375.35,2.3544444444444443,24,0.22
71403,"PINK/WHITE ""KEEP CLEAN"" BULLET BIN",127,27,4.121377801870994,374.65,2.95,20,0.17
84951B,SET OF 4 BLACK LOVEBIRD COASTERS,356,38,11.92866421155266,374.54,1.3107894736842105,29,0.48
84422,PINK/BLUE DISC/MIRROR STRING,749,25,94.76395235883034,374.31,0.7132,19,1.01
84661B,BLACK SQUARE TABLE CLOCK,207,26,9.689089819919182,374.29,2.191923076923077,21,0.28
72803B,OCEAN SCENT CANDLE JEWELLED DRAWER,88,36,2.67735951419565,374.0,4.25,28,0.12
23128,DOLLCRAFT BOY JEAN-PAUL ,82,12,10.46060430492629,373.9,4.883333333333334,12,0.11
20781,GOLD EAR MUFF HEADPHONES,77,41,1.9130489009852765,373.17,5.230975609756097,34,0.1
22135,LADLE LOVE HEART PINK,935,58,37.192754239731755,372.54,0.4179310344827586,40,1.27
84680,CLASSICAL ROSE URN,94,17,11.175406296075009,372.3,7.06764705882353,14,0.13
47021G,SET/6 BEAD COASTERS GAUZE BAG GOLD,631,46,30.65047619240615,371.65,1.0443478260869565,28,0.86
22345,PARTY PIZZA DISH BLUE POLKADOT,1032,50,35.42324844804955,371.46,0.5912,33,1.4
46126A,ELVIS WALLHANGING / CURTAIN,297,34,13.634423510230565,371.25,1.25,23,0.4
16219,HOUSE SHAPE PENCIL SHARPENER,3206,66,92.85307842228049,371.01,0.12515151515151515,58,4.34
23039,T-LIGHT HOLDER SILVER HEART HANDLE,192,23,5.5808821040484755,370.79999999999995,1.9369565217391302,22,0.26
84563B,BLUE & WHITE BREAKFAST TRAY,96,37,2.385831551512427,370.2,4.40945945945946,27,0.13
84931A,PINK SCOTTIE DOG W FLOWER PATTERN,146,47,2.2768594174126124,369.6,2.5404255319148934,42,0.2
21375,LARGE CAMPHOR WOOD FIELD MUSHROOM ,93,29,3.2664890538491416,368.25,4.798275862068966,26,0.13
21520,BOOZE & WOMEN GREETING CARD ,890,68,7.911328160128564,368.04,0.4173529411764706,61,1.21
35915A,CREAM KNITTED HEN,288,1,1.0,365.76,1.27,1,0.39
84901,BLACK FACE LAMB WITH PANTS,98,56,0.8790490729915326,365.34,3.737142857142857,44,0.13
22447,PIN CUSHION BABUSHKA BLUE,117,29,2.770801310357318,364.65000000000003,3.2051724137931035,26,0.16
85204,HANGING WOOD AND FELT FLOWER,2150,81,62.36125587709008,364.62,0.2962962962962963,69,2.91
90161D,ANT COPPER PINK BOUDICCA BRACELET,74,24,2.282574188835104,363.85,4.847916666666667,18,0.1
22511,DOORSTOP RUSSIAN DOLL RETROSPOT,100,35,3.5408777338465707,363.48,3.7294285714285715,31,0.14
46776A,WOVEN BUBBLE GUM CUSHION COVER,190,20,26.56174534531708,363.3,4.3950000000000005,19,0.26
46776F,WOVEN ROSE GARDEN CUSHION COVER ,172,17,28.442666789836128,363.0,4.514705882352941,13,0.23
84905,PINK BUTTERFLY CUSHION COVER ,145,17,9.02162434832846,362.55,4.079411764705883,16,0.2
35922,EASTER BUNNY WREATH,76,21,4.1530252885841,362.2,4.916666666666667,20,0.1
90082B,DIAMANTE BOW BROOCH RED COLOUR,57,24,1.8371173070873836,361.95,6.349999999999999,18,0.08
90198B,VINTAGE ROSE BEAD BRACELET BLACK,85,32,2.2231824762220134,361.25,4.25,22,0.12
22559,SEASIDE FRISBEE ,303,21,12.59988662080508,360.51,1.231904761904762,21,0.41
21678,PAISLEY PATTERN  STICKERS,515,46,17.36742745002506,358.78999999999996,0.8193478260869564,39,0.7
22259,FELT FARM ANIMAL HEN,478,35,26.00785272492415,358.46,1.155142857142857,31,0.65
21017,RED BIRD HOUSE TREE DECORATION,548,39,32.56083271755283,358.28,0.8025641025641026,32,0.74
16216,LETTER SHAPE PENCIL SHARPENER,4135,79,180.23160925960352,358.18,0.12607594936708863,69,5.6
47579,TEA TIME BREAKFAST BASKET,170,44,3.338227555684402,357.0,2.1,37,0.23
22555,PLASTERS IN TIN MR STRONG ,228,11,25.223365790833345,357.0,1.6318181818181818,11,0.31
37482P,CUBIC MUG PINK POLKADOT,532,44,22.46839452748474,356.52,1.028181818181818,36,0.72
84918,CREAM CUSHION COVER WITH FLOWERS,103,14,13.07732707843937,355.85,6.235714285714286,13,0.14
84509B,FAIRY CAKE PLACEMATS,100,22,4.827769599655653,355.8,3.713636363636364,20,0.14
84800M,MEDIUM WHITE/PINK ROSE ART FLOWER,249,26,8.467221867522202,355.53000000000003,1.5853846153846154,25,0.34
35004P,SET OF 3 PINK FLYING DUCKS,84,21,4.08656334834051,354.6,5.040476190476191,17,0.11
21729,SMALL MARAKESH METAL  LANTERN ,114,24,6.529198632497612,354.5,3.2291666666666665,19,0.15
22039,BOTANICAL LILY GIFT WRAP,850,30,14.283661593084148,353.0,0.41466666666666663,27,1.15
78033,FLAG OF ST GEORGE CHAIR,73,14,4.610666086179062,352.75,5.464285714285714,13,0.1
79191B,RETRO PLASTIC POLKA TRAY,451,53,19.723690013543685,351.66999999999996,0.8458490566037735,46,0.61
72487,ROSES WHITE ROUND CANDLE,826,13,126.29305561841433,351.62,0.9776923076923077,13,1.12
84809B,PINK CHRYSANTHEMUMS ART FLOWER,296,8,48.26119411227676,351.6,1.7875,7,0.4
18094C,WHITE AND BLUE CERAMIC OIL BURNER,312,39,5.53933303984476,351.6,1.1884615384615385,21,0.42
23337,EGG FRYING PAN MINT ,169,60,2.174518584295459,351.52000000000004,2.08,49,0.23
84741C,CITRUS GARLAND FELT FLOWERS ,180,48,3.0701029160100837,351.0,1.95,42,0.24
21529,RED RETROSPOT TOASTRACK,104,35,2.64002801105588,349.8,3.4214285714285713,32,0.14
35471A,SET OF 3 BIRD L.BLUE FEATHER,360,56,8.966315028750953,349.2,1.1857142857142857,41,0.49
72750A,"F.FAIRY S/3 CANDLE/GLASS,LILY/VALLY",177,8,39.75078615574791,349.15000000000003,2.45,8,0.24
23057,GEMSTONE CHANDELIER T-LIGHT HOLDER,78,7,16.324098458297488,347.7,4.835714285714286,7,0.11
47563A,RETRO LONGBOARD IRONING BOARD COVER,224,62,5.522991701491459,347.5,1.9758064516129032,39,0.3
16258A,SWIRLY CIRCULAR RUBBERS IN BAG,1026,76,23.56805747899757,347.19,0.4244736842105263,58,1.39
84402D,PINK DRESS JEWELLERY STAND ,371,11,31.692557199099312,346.85,1.6136363636363635,9,0.5
46000R,POLYESTER FILLER PAD 45x30cm,239,59,4.724929223383648,346.55,1.45,42,0.32
23576,SNACK TRAY RED VINTAGE DOILY,185,30,8.489682717491753,346.35,1.94,28,0.25
23150,IVORY SWEETHEART SOAP DISH,139,40,2.3313636374998237,346.11,2.49,33,0.19
17129D,CLEAR COLOUR GLASS GEMS IN BAG,518,19,38.18644626516813,344.53999999999996,0.7615789473684211,12,0.7
21736,GOLD SCROLL GLASS T-LIGHT HOLDER,178,23,7.287706905245223,343.02,2.0256521739130435,22,0.24
79336,LIGHT PINK FLOCK GLASS CANDLEHOLDER,832,16,78.25087858931681,342.83,0.85625,13,1.13
17181,CIRCLE OF FRIENDS CANDLE HOLDER,294,30,16.56419070745998,341.7,2.1533333333333333,26,0.4
21757,LIGHTHOUSE PRINTED METAL SIGN,69,32,1.2471742253538987,341.55,4.95,15,0.09
37444C,PINK BREAKFAST CUP AND SAUCER ,1596,17,253.7860522056278,341.48,1.9923529411764709,14,2.16
20615,BLUE SPOTTY PASSPORT COVER,222,39,15.753285114630346,341.2,2.067948717948718,32,0.3
84509C,SET OF 4 POLKADOT PLACEMATS ,96,32,4.0080564029255195,340.8,3.725,29,0.13
20666,ECONOMY HOLIDAY PURSE,871,22,116.70298445235487,340.65,2.679090909090909,22,1.18
22813,PACK 3 BOXES BIRD PANETTONE ,177,14,24.4528027113368,340.33,2.551428571428571,11,0.24
23044,PAPER LANTERN 9 POINT HOLLY STAR S,82,20,4.655500425359912,340.3,4.15,19,0.11
75149N,STRING CRYSTALS NATURAL,272,25,6.893958707931652,340.0,1.25,18,0.37
21027,NINJA RABBIT PINK,276,48,4.795831523312719,339.3,1.2420833333333332,39,0.37
82076,BEECH WOOD PHOTO FRAME ,271,6,15.315569420255542,338.75,1.25,5,0.37
79323S,SILVER CHERRY LIGHTS,59,11,7.283855123116155,338.45000000000005,6.395454545454545,8,0.08
37444B,BLUE BREAKFAST CUP AND SAUCER ,1996,17,326.17385295719396,338.44,2.6182352941176474,14,2.7
84926D,LA PALMIERA TILE COASTER,762,39,21.81844482113598,337.89,0.7589743589743589,29,1.03
84081,WHITE CERAMIC PARTY SET (5PCS),94,15,9.28490838993707,337.58,4.078,14,0.13
84497,BUTTONS AND STRIPES NOTEBOOK ,90,34,2.1016927224181083,337.5,3.75,29,0.12
20903,VINTAGE KEEPSAKE BOX TRAVELOGUE,103,19,8.288652145310774,337.25,5.655263157894736,19,0.14
20976,12 PENCILS SMALL TUBE POSY,518,64,11.207592027176004,336.7,0.65,51,0.7
23661,MILK MAIDS MUG ,204,24,4.452649431127691,336.6,1.6499999999999997,23,0.28
23127,DOLLCRAFT GIRL NICOLE,68,12,3.1718458443950364,336.6,4.95,12,0.09
85086A,CANDY SPOT HEART DECORATION,396,50,5.162027761669333,336.59999999999997,0.85,44,0.54
82081,PINK HEARTS PHOTO ALBUM,159,12,8.812439554918429,336.25,3.0416666666666665,11,0.22
21004,ROSE DU SUD CHILDS APRON,79,34,1.296161892135348,335.75,4.25,28,0.11
84915,HAND TOWEL PINK FLOWER AND DAISY,208,18,24.166632860016918,335.5,4.08,15,0.28
84249D,FAIRY CAKE GREETINGS CARD,809,55,9.314808455661158,335.46,0.4189090909090909,48,1.1
22029,SPACE BOY BIRTHDAY CARD,805,53,10.53758219928444,333.78000000000003,0.41886792452830185,51,1.09
17109A,FLOWER FAIRY INCENSE LILY,709,13,85.78618321600064,333.61,1.1861538461538461,12,0.96
72801C,4 ROSE PINK DINNER CANDLES,528,22,51.20732834458829,332.15999999999997,1.0904545454545453,20,0.72
20695,FLORAL BLUE MONSTER,82,26,4.415357812837439,332.0,4.173076923076923,24,0.11
23484,HEART TRELLIS TRIPLE T-LIGHT HOLDER,118,21,4.984738613770941,331.42,2.870952380952381,20,0.16
85024B,EAU DE NILE JEWELLED PHOTOFRAME,218,21,30.84878634642892,330.90000000000003,1.6404761904761902,19,0.3
23420,PANTRY HOOK TEA STRAINER ,159,28,5.004098849044181,330.72,2.08,26,0.22
37464,ROBOT MUG IN DISPLAY BOX,275,47,8.027070296148866,330.07,1.2419148936170212,45,0.37
72814,SET/3 CHRISTMAS BRIAR CANDLES,88,21,3.7231579018226935,330.0,3.75,18,0.12
84925A,WAKE UP COCKEREL WALL THERMOMETER,177,15,36.67268348901828,328.95,2.493333333333333,14,0.24
72811,SMALL ZINC/GLASS CANDLEHOLDER,441,20,35.17845482977509,328.77,1.2994999999999999,18,0.6
47592A,CAROUSEL DES CHILD'S OVERALL,156,32,5.160332572428303,327.59999999999997,2.1,28,0.21
23236,DOILEY BISCUIT TIN,120,13,11.64870412072981,327.59999999999997,2.8592307692307695,13,0.16
35912B,WHITE/PINK CHICK DECORATION,283,26,18.621121175862474,326.39,1.2353846153846153,22,0.38
90120B,BLUE MURANO TWIST BRACELET,77,21,3.087609647175843,325.5,4.166666666666667,17,0.1
22045,SPACE BOY GIFT WRAP,775,27,11.401129548678718,325.5,0.42,26,1.05
90209A,PURPLE ENAMEL+GLASS HAIR COMB,173,10,17.062304129929878,325.5,1.9949999999999999,7,0.23
85087,CANDY SPOT CUSHION COVER,113,21,5.352347059713061,325.11,2.947142857142857,21,0.15
23521,WALL ART CAT AND BIRD ,118,18,6.6969898613193655,324.98,2.7544444444444447,18,0.16
82011C,BATHROOM SCALES FOOTPRINTS IN SAND,95,42,2.741368038482939,324.25,3.673809523809524,36,0.13
23521,CAT AND BIRD WALL ART,270,4,115.13904637437292,323.64,2.005,3,0.37
84898F,YELLOW FLOWERS FELT HANDBAG KIT,154,47,2.5597395219009096,323.4,2.1,37,0.21
20655,QUEEN OF SKIES LUGGAGE TAG,264,94,3.1324750451500423,321.02,1.2656382978723404,55,0.36
23205,CHARLOTTE BAG ALPHABET  DESIGN,400,22,20.847830453839425,320.5,0.838181818181818,22,0.54
85112,S/3 TEAR DROP CUT GLASS DECORATION,429,23,59.50218383742671,320.25,1.2173913043478262,20,0.58
21038,SET/4 MODERN VINTAGE COTTON NAPKINS,156,49,2.2700355117243864,319.8,2.1124489795918366,39,0.21
84801B,WHITE HYDRANGEA ART FLOWER,202,16,16.345743584595144,319.8,2.009375,14,0.27
21243,PINK POLKADOT PLATE ,202,18,22.054892895990104,318.34,1.6766666666666667,18,0.27
23523,WALL ART TREASURE AHOY ,87,22,2.9677195466147586,317.97,3.708181818181818,21,0.12
23116,VEGETABLE GARDEN CHOPPING BOARD,70,17,8.395552043650676,317.7,4.902941176470589,17,0.09
84933C,LARGE BLUE ORIENTAL FOLDING STOOL,136,6,33.58372621771841,317.0,4.716666666666667,6,0.18
90002D,FLOWER BURST SILVER RING CRYSTAL,91,21,10.52299070290064,316.25,3.7261904761904763,17,0.12
47597,NEW ENGLAND TEATOWELS,124,43,2.3320673673760086,316.2,2.55,34,0.17
23421,PANTRY HOOK SPATULA,152,26,5.112277830418121,316.16,2.08,24,0.21
16207B,PINK HEART RED HANDBAG,211,13,32.80791024065651,315.96,2.5200000000000005,12,0.29
90201B,BLACK ENAMEL FLOWER RING,107,18,3.455127855337922,315.65,2.95,14,0.14
47504G,ENGLISH ROSE TAPE MEASURE,256,47,5.686782962495991,315.44,1.2459574468085106,38,0.35
23037,CANDLE HOLDER SILVER MADELINE,193,18,5.062033485323458,315.29,1.7299999999999998,17,0.26
17011F,ORIGAMI SANDLEWOOD INCENSE+FLOWER,380,15,47.920569199258814,315.15,1.4233333333333333,15,0.51
90198A,VINTAGE ROSE BEAD BRACELET RASPBERR,74,26,2.110778201371384,314.5,4.25,21,0.1
84933A,LARGE GREEN PEONY FOLDING STOOL,131,6,36.7826952066684,314.34999999999997,4.716666666666666,5,0.18
22395,PAPERWEIGHT VINTAGE PAISLEY,214,33,6.4523310328574865,313.86,1.937272727272727,31,0.29
46000U,POLYESTER FILLER PAD 30CMx30CM,251,51,4.967265393573819,313.75,1.25,39,0.34
20902,VINTAGE KEEPSAKE BOX PARIS DAYS,69,15,7.890319566224353,313.34999999999997,6.003333333333333,11,0.09
23130,MISELTOE HEART WREATH ,80,5,18.110770276274835,312.8,4.07,5,0.11
85170B,SET/6 BLACK BIRD T-LIGHT CANDLES,237,33,13.182503900659734,312.78000000000003,1.885757575757576,19,0.32
20940,SET/6 GARDEN GNOME T-LIGHT CANDLES,113,18,8.187548333440134,312.55,2.905555555555556,15,0.15
23339,EGG FRYING PAN BLUE ,150,58,2.3770428537097636,312.0,2.08,43,0.2
85202,HANGING WOOD AND FELT HEART,745,100,8.497622959369044,311.46,0.4194,79,1.01
35967,FOLK ART METAL STAR T-LIGHT HOLDER,786,59,9.248374839464764,310.08,0.39610169491525427,50,1.07
35911A,MULTICOLOUR RABBIT EGG WARMER,260,42,6.507924232540853,309.65,1.503809523809524,38,0.35
84933B,LARGE PINK PEONY FOLDING STOOL,136,6,36.46185221113522,309.15,3.408333333333333,5,0.18
21946,PARTY TIME DESIGN FLANNEL,579,30,45.50494478625372,307.81,0.7833333333333333,25,0.78
84706A,ENGLISH ROSE TABLE CLOCK,136,6,31.007525968168867,307.2,5.449999999999999,6,0.18
23478,WOODLAND LARGE PINK FELT HEART,278,10,57.87496100310661,307.18,1.2289999999999999,9,0.38
20688,BEAUTY SPEED EXPRESSO CUPS,462,9,138.45486629223257,306.9,4.45,9,0.63
23575,SNACK TRAY PAISLEY PARK,164,24,9.309493362512628,305.4,1.9375,22,0.22
21943,CAKES AND RABBITS DESIGN FLANNEL ,387,41,8.249390221367289,304.83,0.8353658536585366,37,0.52
23131,MISELTOE HEART WREATH WHITE,78,4,19.209372712298546,304.5,4.050000000000001,4,0.11
62095B,TURQOISE ICE CREAM SUNHAT,289,19,26.846433546228198,304.09000000000003,1.456315789473684,18,0.39
79303B,BLUE STAR BLOCK TABLE LAMP,103,4,43.022281049087425,303.85,2.95,4,0.14
22786,PILLOWCUSHION COVER PINK UNION JACK,51,17,1.5,303.45,5.95,17,0.07
21306,SET/4 DAISY MIRROR MAGNETS,669,57,16.027349745033458,302.9,1.0250877192982457,48,0.91
72801G,4 BURGUNDY WINE DINNER CANDLES,529,32,43.52380466573029,302.69,1.1203125,28,0.72
72753D,S/3 FLWR FAIRY SUMMER CANDLES,144,9,21.166010488516726,302.4,2.1,9,0.2
85147,JARDIN ETCHED GLASS CANDLEHLDR LONG,61,19,2.0433889978394295,301.95,4.95,14,0.08
22453,MEASURING TAPE RUSSIAN DOLL BLUE,102,27,2.3750843439814178,300.9,2.95,22,0.14
22852,ENAMEL DOG BOWL CREAM,76,3,22.03028218914441,300.48,4.206666666666667,3,0.1
84535A,ENGLISH ROSE NOTEBOOK A6 SIZE,575,49,45.185163268398576,300.15000000000003,0.6453061224489796,44,0.78
23396,LA JARDIN BOTANIQUE CUSHION COVER,80,23,1.5036188231122247,300.0,3.75,23,0.11
21132,SILVER STANDING GNOME   ,72,29,2.308689944770355,300.0,4.043103448275862,25,0.1
84984C,ORIENTAL BLUE CUSHION COVER ,218,7,47.132538553277506,299.7,3.192857142857143,6,0.3
84673B,BLUE FLY SWAT,420,80,7.728788858235802,299.46,0.76025,65,0.57
23440,PAINT YOUR OWN EGGS IN CRATE,164,5,62.32736156777375,299.36,2.022,5,0.22
17001,HEAVENS SCENT FRAGRANCE OILS ASSTD,1211,23,88.14379197221496,299.34999999999997,0.27956521739130435,20,1.64
79190A,RETRO PLASTIC 70'S TRAY,711,73,8.693911338881994,298.62,0.42,42,0.96
84522,PINK PARTY SUNGLASSES,178,20,22.209291559591616,298.5,1.9125,19,0.24
21028,NINJA RABBIT BLACK,237,40,5.195597248558704,297.64,1.387,31,0.32
20670,VIP HOLIDAY PURSE,664,22,87.41397750476445,296.48,2.955454545454546,20,0.9
84877B,GREEN ROUND COMPACT MIRROR,227,15,11.26224201649455,296.25,1.5833333333333333,13,0.31
21420,OYSTER TRINKET BOX,114,26,6.505855350847716,295.62,3.0415384615384613,21,0.15
21697,SET 5 MINI DOUGHNUT FRIDGE MAGNET ,372,7,83.67283225242741,295.08000000000004,1.4914285714285713,6,0.5
23126,DOLLCRAFT GIRL AMELIE KIT,66,8,12.848012631198204,294.7,4.8500000000000005,8,0.09
84533B,FAIRY CAKES ROUND NESTING BOXES,52,19,1.6276126096272243,293.8,5.813157894736842,17,0.07
16244A,MAXWELL 2 TONE PINK 60 PAGE PHOTO A,142,6,36.13124225191637,293.0,3.483333333333333,6,0.19
72801F,S/4 FESTIVE RED DINNER CANDLES,234,25,5.422791409105339,292.5,1.25,20,0.32
84800S,SMALL WHITE/PINK ROSE ART FLOWER,388,19,33.05267813905164,292.03999999999996,1.0989473684210527,19,0.53
22952,SET 72 CAKE CASES VINTAGE CHRISTMAS,672,4,288.0,291.6,0.5175000000000001,4,0.91
72130,COLUMBIAN CANDLE ROUND,741,52,24.56513949545926,291.57,0.5742307692307692,39,1.0
21401,BLUE PUDDING SPOON,1388,92,12.16159707368667,291.06,0.24717391304347824,72,1.88
20826,SILVER APERITIF GLASS,355,14,24.84910505386506,290.72,1.3478571428571429,11,0.48
85169B,BLACK LOVE BIRD CANDLE,280,46,6.8987151362700105,290.24,1.1958695652173912,31,0.38
47503G,ASS FLORAL PRINT TAPE MEASURE,235,25,8.660254037844387,289.19,1.2424,21,0.32
90120A,PINK MURANO TWIST BRACELET,68,21,2.4475449312476756,289.0,4.25,14,0.09
84802A,WHITE ANEMONE ARTIFICIAL FLOWER,171,21,7.1922577420842915,288.99,1.6900000000000002,21,0.23
82011B,BATHROOM SCALES RUBBER DUCKS,84,39,2.3230930101059744,287.8,3.6679487179487182,23,0.11
90192,JADE DROP EARRINGS W FILIGREE,58,19,1.5082618476808298,287.1,4.95,10,0.08
17091B,JASMINE TEA INCENSE IN TIN,264,44,8.800105707610351,286.8,1.2227272727272727,35,0.36
23695,DOILY THANK YOU CARD,703,44,13.47950836927588,286.62,0.41727272727272724,41,0.95
84760S,SMALL HANGING GLASS+ZINC LANTERN,197,25,5.238638499966697,285.65,1.45,24,0.27
37413,ICON MUG REVOLUTIONARY,701,81,16.144782821260833,283.71,0.4112345679012346,52,0.95
84247N,PACK/12 BLUE FOLKART CARDS,96,39,3.3860872765678107,283.2,2.95,33,0.13
20950,SET/6  ANGEL T-LIGHTS WHITE/GOLD,652,66,10.01309166351755,282.96999999999997,0.4577272727272727,57,0.88
22546,MINI JIGSAW FIDO,672,10,60.71573107523288,282.24,0.42000000000000004,10,0.91
21880,RED AND WHITE SPOT TAPE,434,35,9.19462758737885,282.09999999999997,0.65,35,0.59
85179A,GREEN BITTY LIGHT CHAIN,139,26,6.716798688019809,281.31,3.5561538461538467,24,0.19
21402,RED  EGG  SPOON,1589,103,14.389948794515425,280.98,0.24524271844660192,81,2.15
84625B,BLCK NEW BAROQUE CANDLESTICK CANDLE,180,17,9.766388940707639,279.0,2.3323529411764707,15,0.24
62096B,PURPLE/TURQ FLOWERS HANDBAG,209,47,4.853544247957621,278.75,1.3840425531914893,42,0.28
21025,SPACE FROG,221,36,5.404510168251158,278.5,1.3455555555555554,30,0.3
20663,QUEEN OF THE SKIES HOLIDAY PURSE ,1037,15,174.95789969780347,277.19,2.742,13,1.41
44235,ASS COL CIRCLE MOBILE ,752,16,115.40941613808353,276.96000000000004,0.4125,12,1.02
23579,SNACK TRAY I LOVE LONDON,149,24,9.690780767516,276.15,1.9375,22,0.2
46118,FUNKY MONKEY CUSHION COVER,324,36,8.39727847068833,275.4,0.85,23,0.44
35920,FOUR RABBIT EASTER DECORATIONS,1065,20,213.45377288278306,275.25,1.1949999999999998,18,1.44
84977,WIRE FLOWER T-LIGHT HOLDER,220,41,3.0964180722326202,275.0,1.25,34,0.3
79051A,SMOKEY GREY COLOUR D.O.F. GLASS,695,39,18.566908586701675,274.99,0.44384615384615383,30,0.94
84673A,PINK FLY SWAT,457,72,16.249082073508394,274.01,0.6466666666666667,57,0.62
35637C,PINK STRING CURTAIN WITH POLE,97,16,11.43368561167687,273.34999999999997,4.11875,14,0.13
21030,SPACE CADET RED,219,40,4.431747354642931,272.37,1.27075,37,0.3
84429A,MEDIUM PINK BUDDHA HEAD ,92,27,2.7352296944647043,271.4,2.95,22,0.12
84192,ASSORTED COLOUR METAL CAT ,226,39,7.990716610968951,271.1,1.2402564102564102,29,0.31
85131D,BEADED CRYSTAL HEART PINK ON STICK,488,24,21.588375830860755,270.94,0.77,17,0.66
47351B,BLUE  VOILE LAMPSHADE,98,14,11.961476626107792,269.9,2.9214285714285717,11,0.13
72793,BLACK BOX MIRROR LANTERN,55,10,7.011894655987543,268.75,5.5600000000000005,5,0.07
90201A,PURPLE ENAMEL FLOWER RING,91,20,3.940010686600522,268.45,2.95,16,0.12
23203,JUMBO BAG VINTAGE DOILEY ,143,6,37.938986104885124,268.44,2.0316666666666667,6,0.19
21698,MOCK LOBSTER FRIDGE MAGNET,450,48,9.327664185043123,268.34,0.6843750000000001,38,0.61
35638B,PINK/BLUE STRING CURTAIN ,115,8,20.859650045003153,268.25,3.45,7,0.16
85039C,S/4 BLACK MINI ROSE CANDLE IN BOWL,413,39,18.75986470145065,267.96999999999997,1.364102564102564,27,0.56
16202A,PASTEL PINK PHOTO ALBUM ,660,19,93.55915663083803,266.45,3.694210526315789,16,0.89
20847,ZINC HEART LATTICE CHARGER LARGE,71,20,3.1701734968294715,266.25,3.75,17,0.1
84482,BUTTONS DESIGN JEWELLERY BOX,71,29,1.5717644065678844,266.25,3.75,22,0.1
23481,PEARLISED IVORY HEART SMALL ,217,30,7.636948900296972,266.21,1.2429999999999999,23,0.29
35981C,WHITE SNOW SCANDINAVIAN STOCKING ,563,65,9.787231674286343,266.14,0.4870769230769231,55,0.76
23489,"GARLAND, VINTAGE BELLS",92,10,4.732863826479693,265.88,2.89,10,0.12
84926A,WAKE UP COCKEREL TILE COASTER,651,42,13.702857099266812,265.59,0.6785714285714286,29,0.88
37482P,CUBIC MUG PINK POLKA DOT,104,18,2.8399576541075717,265.2,2.55,17,0.14
85195,HANGING HEART BASKET,145,16,23.242113357724882,265.14,2.074375,14,0.2
35968,FOLK ART METAL HEART T-LIGHT HOLDER,701,57,11.117818568600173,264.03999999999996,0.3768421052631579,49,0.95
84576,BLUE CAT BISCUIT BARREL PINK HEART,84,21,3.847076812334269,264.0,4.173809523809524,19,0.11
37343,POLKADOT MUG PINK ,178,22,9.923080795173064,262.86,1.5754545454545452,18,0.24
47586A,PINK FAIRY CAKE CUSHION COVER,199,28,10.239138005220317,262.65,2.1249999999999996,23,0.27
90201C,RED ENAMEL FLOWER RING,89,19,2.8490277401821635,262.55,2.95,16,0.12
84509G,FAIRY CAKE PLACEMATS ,75,21,5.005711024134619,262.05,3.711904761904762,18,0.1
84806A,PINK CANDYSTUFT ARTIFICIAL FLOWER,319,20,14.485837003232174,261.90999999999997,1.135,19,0.43
23194,GYMKHANNA TREASURE BOOK BOX,120,14,2.138089935299395,261.84000000000003,2.189285714285714,14,0.16
84623,PINK GINGHAM ROSE FLOOR CUSHION,53,12,4.420167280531222,261.35,6.7,8,0.07
21196,ROUND WHITE CONFETTI IN TUBE,158,18,6.557936866706816,260.7,1.65,16,0.21
90120C,GREEN MURANO TWIST BRACELET,61,17,2.0633353923142184,259.25,4.25,12,0.08
84924F,PSYCHEDELIC METAL SIGN CALENDAR,973,8,221.1979963097057,259.15,1.7650000000000001,8,1.32
16254,TRANSPARENT ACRYLIC TAPE DISPENSER,912,20,192.65988575452695,258.36,0.898,17,1.24
23032,DOORKNOB CRACKED GLAZE IVORY,174,5,61.09991816688464,258.3,1.6099999999999999,5,0.24
20800,LARGE GLASS SUNDAE DISH CLEAR,996,2,698.6214998123089,258.2,1.4,2,1.35
85129B,BEADED CRYSTAL HEART GREEN SMALL,210,36,5.704634707223342,258.08,1.3066666666666666,26,0.28
84613C,BLUE NEW BAROQUE FLOCK CANDLESTICK,62,12,9.814954576223638,258.06,4.580000000000001,11,0.08
22268,DECORATION SITTING BUNNY,1335,43,31.078206640952093,257.60999999999996,0.20534883720930233,32,1.81
22287,DECORATION WOBBLY CHICKEN,521,29,23.67410091613179,256.11,0.6506896551724138,25,0.71
77081,FLOWER WINDMILL,219,18,16.614132892351194,255.51,1.228888888888889,17,0.3
23137,ZINC WIRE SWEETHEART LETTER TRAY,80,20,5.201214433086505,253.24,3.4539999999999997,18,0.11
90085,CRYSTAL STILETTO PHONE CHARM,297,17,24.5843386301595,252.45,0.85,14,0.4
22134,MINI LADLE LOVE HEART RED ,630,55,38.76989008372834,252.24,0.4636363636363636,28,0.85
85033S,SET/6 SILVER REINDEER T-LIGHTS,242,40,7.541169058523405,252.2,0.975,34,0.33
21341,KASBAH LANTERN WITH GLASS ,56,15,5.662743740155179,250.8,4.623333333333334,15,0.08
20836,FRENCH PAISLEY CUSHION COVER,224,22,3.14167628347191,250.0,1.1209090909090909,18,0.3
84671B,CROCHET BEAR WITH BLUE STRIPES,98,25,3.426854728950927,249.9,2.55,20,0.13
85089,CANDY SPOT BUNNY,87,19,2.693939483641098,249.45000000000002,2.886842105263158,15,0.12
16052,TEATIME PUSH DOWN RUBBER,810,21,65.6060755026327,249.35,0.3871428571428571,18,1.1
79030A,"TUMBLER, ENGLISH ROSE",151,20,3.734265234568276,249.15,1.65,18,0.2
84952A,CLEAR LOVE BIRD T-LIGHT HOLDER,84,14,6.816270128269452,249.11,3.807857142857143,13,0.11
45016,DECORATIVE NET CANOPY LEOPARD,73,9,9.006170724070865,248.75,3.611111111111111,8,0.1
22328,"ROUND SNACK BOXES ,SET 4, FRUITS ",84,5,10.73312629199899,247.8,2.95,5,0.11
23476,WOODLAND LARGE RED FELT HEART,198,18,2.9901800063856085,247.5,1.25,18,0.27
23168,CLASSIC SUGAR DISPENSER,216,12,10.85440840479949,247.32,1.1975,12,0.29
23474,WOODLAND SMALL BLUE FELT HEART,297,28,6.516868628381021,246.51000000000002,0.83,26,0.4
35914,PINK CHICK EGG WARMER + EGG CUP,175,30,5.477750188392747,246.25,1.6,25,0.24
84924D,LA PALMIERA METAL SIGN CALENDAR,760,12,144.1793916261855,246.0,3.1666666666666665,11,1.03
21321,GLASS CHALICE BLUE  LARGE ,108,13,12.009611535381536,245.25,2.480769230769231,10,0.15
90201D,GREEN ENAMEL FLOWER RING,83,16,4.0202611855450385,244.85,2.95,12,0.11
35979,SIX STRING SCANDINAVIAN HEART DECS,83,20,3.4377930497095925,244.85,2.95,19,0.11
22176,BLUE OWL DECORATION,96,1,1.0,244.8,2.55,1,0.13
22175,PINK OWL DECORATION,96,1,1.0,244.8,2.55,1,0.13
84508C,BLUE CIRCLES DESIGN TEDDY,96,36,2.0563490531938955,244.8,2.55,22,0.13
72739B,WHITE CHOCOLATE SCENT CANDLE,351,10,41.08108513118362,244.35,0.89,10,0.48
47481,50CM METAL STRING WITH  7 CLIPS,316,35,23.93555774093739,244.11999999999998,0.8451428571428571,31,0.43
21388,IVORY HANGING DECORATION  CHICKEN,287,27,6.731945359187662,243.95,0.85,27,0.39
20615,BLUE POLKADOT PASSPORT COVER,236,40,7.608362470806678,243.84,1.5602500000000001,32,0.32
22257,FELT FARM ANIMAL SHEEP,322,27,28.184728442525703,243.14,1.1885185185185188,23,0.44
35833P,4 PINK FLOCK CHRISTMAS BALLS,161,43,3.6455649719299443,241.75,1.3755813953488372,32,0.22
23149,ANTIQUE IVORY WIRE BOWL SMALL,97,19,2.5142866636285897,241.53,2.49,17,0.13
79190D,RETRO PLASTIC DAISY TRAY,575,73,6.039097627312131,241.5,0.42,44,0.78
18096C,WHITE ROUND PORCELAIN TLIGHT HOLDER,106,13,12.102659169552739,241.5,2.503846153846154,12,0.14
16156L,"WRAP, CAROUSEL",575,22,5.3300179088902615,241.5,0.42,20,0.78
23495,SET OF 3 PANTRY WOODEN SPOONS,192,24,6.769496802312689,240.0,1.25,21,0.26
84984D,ORIENTAL RED CUSHION COVER ,132,10,30.61154466319311,239.8,3.97,9,0.18
21722,SWEET PUDDING STICKER SHEET,282,40,13.245124889306755,239.7,0.85,33,0.38
23324,RUSTIC STRAWBERRY JAMPOT LARGE ,120,6,14.53272169966796,238.56,2.0416666666666665,6,0.16
23028,DOORKNOB CRACKED GLAZE BLUE,162,3,78.0,238.5,1.5833333333333333,3,0.22
46776C,WOVEN FROST CUSHION COVER,102,18,13.775511093326191,238.5,4.538888888888889,14,0.14
47578A,ENGLISH ROSE SMALL SCENTED FLOWER,280,53,4.558919231279433,238.0,0.85,42,0.38
17012E,ORIGAMI OPIUM INCENSE/CANDLE SET ,240,12,54.54606060269364,236.39999999999998,2.2375,12,0.33
44217M,MULTICOLOUR FEATHERS CURTAIN,72,3,20.784609690826528,236.39999999999998,3.616666666666667,1,0.1
20616,CHERRY BLOSSOM PASSPORT COVER,188,44,8.04164635568716,236.18,1.6552272727272728,31,0.25
79328,BLUE FLOCK GLASS CANDLEHOLDER,586,11,38.6188837464029,235.38,0.6109090909090908,6,0.79
75178,ASSTD COL BUTTERFLY/CRYSTAL W/CHIME,475,16,56.808120018180496,235.19,1.0943749999999999,11,0.64
22954,HEN PARTY CORDON BARRIER TAPE,188,36,5.351160681097198,235.0,1.25,27,0.25
20855,PINK PATCH PURSE BLUE HEART,142,47,3.674171670636784,234.3,1.65,41,0.19
84597B,RETRO BROWN BALL ASHTRAY ,195,19,6.623544748036339,234.15,1.2289473684210528,11,0.26
23567,EGG CUP HENRIETTA HEN PINK,187,19,5.86195983433998,233.75,1.25,15,0.25
22129,PARTY CONES CANDY DECORATION,296,8,82.16186115571766,233.28,1.4375,6,0.4
37483,ENGLISH ROSE MUG IN GIFT BOX,143,12,34.69728397369908,232.89,2.46,10,0.19
23475,WOODLAND SMALL PINK FELT HEART,280,26,4.693039035061971,232.40000000000003,0.83,25,0.38
16212,FUNKY GIRLZ ASST MAGNETIC MEMO PAD,357,34,12.887038355485622,232.04999999999998,0.65,29,0.48
79338,DARK PINK FLOCK GLASS CANDLEHOLDER,547,10,71.66286811638693,231.99,0.8879999999999999,8,0.74
23447,PINK BUNNY EASTER EGG BASKET,158,4,69.85938257194472,231.9,1.5999999999999999,4,0.21
84926F,PSYCHEDELIC TILE COASTER,465,30,19.19186249968711,230.5,0.9886666666666667,24,0.63
23446,BLUE BUNNY EASTER EGG BASKET,157,3,79.57595951877258,230.25,1.5833333333333333,3,0.21
20736,PINK MINI TAPE MEASURE ,286,18,26.28551130518795,230.1,0.8427777777777777,18,0.39
84461,12 PINK HEN+CHICKS IN BASKET,90,34,2.7178685157972984,229.5,2.55,33,0.12
20795,LARGE BLUE PROVENCAL CERAMIC BALL,116,17,8.017444216501035,228.84,2.0758823529411763,15,0.16
84661A,WHITE SQUARE TABLE CLOCK,203,25,10.678326960093827,228.54,1.9088,22,0.28
35096A,BLUE VICTORIAN FABRIC HEART BOX,710,19,121.23494661483443,228.39,0.4131578947368421,18,0.96
20987,GEISHA GIRL CHOPSTICKS SET/5,117,12,9.411066986170155,228.15,1.95,11,0.16
23036,T-LIGHT HOLDER SILVER PETIT FOUR ,182,15,6.1512677748652145,227.5,1.25,14,0.25
72781,BLACK SILOUETTE CANDLE PLATE ,120,14,12.207905923333742,227.4,2.0414285714285714,11,0.16
84927F,PSYCHEDELIC TILE HOOK,324,53,7.702797637018969,227.25,1.0675471698113208,44,0.44
20906,VINTAGE NOTEBOOK BEAUTY GIRL,77,29,2.0920916066559783,227.15,2.95,25,0.1
10123C,HEARTS WRAPPING TAPE ,628,46,31.583552253457178,226.76000000000002,0.6217391304347827,39,0.85
72750D,F.FAIRY S/3 CANDLE/GLASS,110,11,8.590692637965812,226.5,2.6772727272727272,11,0.15
23522,WALL ART DOG AND BALL ,89,17,4.437474109286525,226.29,2.6500000000000004,17,0.12
47471,RAINBOW PEGS PHOTO CLIP STRING,381,41,20.965738601870225,226.23000000000002,0.6836585365853659,35,0.52
23003,TRAVEL CARD WALLET VINTAGE ROSE ,541,53,26.57598575533792,225.78,0.41886792452830185,38,0.73
85033G,SET/6 GOLD REINDEER T-LIGHT CANDLES,201,18,12.310922935727108,225.54999999999998,1.4444444444444444,16,0.27
20869,GOLD FABRIC MIRROR,459,32,42.67250332852035,225.49,0.713125,30,0.62
17038,PORCELAIN BUDAH INCENSE HOLDER,2524,30,49.9942985255066,225.4,0.093,21,3.42
44234,ASSORTED CIRCULAR MOBILE,1156,44,71.43849644123506,221.88,0.20795454545454548,28,1.57
37508,NEW ENGLAND CERAMIC CAKE SERVER,87,44,1.454561971364997,221.85,2.55,35,0.12
84219,BOX/12 MOTHER & CHICK IN BASKET/BOW,96,26,7.5882500262931805,220.8,2.5269230769230764,24,0.13
21144,PINK POODLE HANGING DECORATION ,505,43,12.352160064145739,220.79,0.5044186046511628,40,0.68
72739C,DARK CHOCOLATE SCENTCANDLE,291,11,37.564247992908456,219.75,1.0318181818181817,10,0.39
84499,BLACK FLOWER CANDLE PLATE,294,20,20.15753744358357,219.66,0.829,16,0.4
16258B,DAISY ERASERS IN BAG,1014,14,138.33054853986758,219.34,0.2885714285714286,13,1.37
90090,PINK CRYSTAL HEART PHONE CHARM,258,20,12.698528717097401,219.3,0.85,12,0.35
90058A,CRYSTAL STUD EARRINGS CLEAR DISPLAY,576,13,15.787044347526527,218.88,0.38,12,0.78
72225D,VANILLA SCENT CAKE CANDLE ,960,10,170.45820602130013,218.88,0.26599999999999996,9,1.3
20661,BLUE POLKADOT PURSE ,354,12,85.5787781679972,218.82,3.4283333333333332,9,0.48
84993B,75 BLACK PETIT FOUR CASES,521,77,10.101974929237857,218.82,0.41999999999999993,57,0.71
17013B,ORIGAMI JASMINE INCENSE IN TUBE,255,2,3.5355339059327378,217.6,0.845,2,0.35
17011C,ORIGAMI LAVENDER INCENSE+FLOWER,334,1,1.0,217.1,0.65,1,0.45
22588,CARDHOLDER GINGHAM HEART,102,2,63.63961030678928,216.9,2.325,2,0.14
90185C,BLACK DIAMANTE EXPANDABLE RING,51,19,2.109571614726748,216.75,4.25,17,0.07
35645,VINTAGE BEAD PINK JEWEL BOX,51,24,1.2269616060043185,216.75,4.25,18,0.07
23360,SET 8 CANDLES VINTAGE DOILEY,122,7,24.61610003539108,216.29999999999998,1.907142857142857,7,0.17
22899,CHILDRENS APRON DOLLY GIRL ,103,15,5.680375574437544,216.29999999999998,2.1,15,0.14
84807,RED POPPY ARTIFICIAL FLOWER,233,7,60.9718904789037,215.93,1.5414285714285714,7,0.32
20799,PINK MILKSHAKE GLASS,167,13,27.537387172854515,215.5,2.0,11,0.23
84902,PINK KNITTED COW STUFFED TOY,58,33,1.2507573463281914,215.34,3.728181818181818,28,0.08
23141,TRIPLE WIRE HOOK PINK HEART,68,18,3.4223410555719886,215.0,3.5900000000000003,18,0.09
22834,MINI HAND WARMER BABUSHKA DESIGN,108,5,15.646085772486357,214.8,2.05,5,0.15
72801D,4 SKY BLUE DINNER CANDLES,363,22,50.90210024668736,214.71,1.1745454545454546,19,0.49
23580,SNACK TRAY HAPPY FOREST  ,110,21,3.3000721492834355,214.5,1.9499999999999997,20,0.15
62086A,PINK RETRO BIG FLOWER BAG,110,22,5.984105932344765,214.5,1.95,20,0.15
22447,PIN CUSHION RUSSIAN DOLL BLUE,64,19,3.05887645160749,214.4,3.35,18,0.09
90114,SUMMER DAISIES BAG CHARM,84,19,9.275510105611348,214.2,2.55,19,0.11
84457,SET/3 RABBITS FLOWER SKIPPPING ROPE,252,41,5.072282403463731,214.2,0.8500000000000001,37,0.34
20980,36 PENCILS TUBE POSY,171,40,4.629822503104888,213.75,1.25,35,0.23
84705C,PINK FLOCK PHOTO FRAME ,160,6,46.603290298718896,213.6,2.9500000000000006,5,0.22
51012C,"FEATHER DUSTER, COAL BLACK",170,27,6.7699267966432854,212.5,1.25,22,0.23
84247C,PACK/12 BLUE REINDEER CARD,72,22,5.337930918764919,212.4,2.95,22,0.1
84725,FREESTYLE CANVAS ART PICTURE,133,28,10.006016708479471,212.25,2.039285714285714,24,0.18
21639,ASSORTED TUTTI FRUTTI KEYRING,249,13,12.462250691897202,211.64999999999998,0.8499999999999999,12,0.34
85094,CANDY SPOT EGG WARMER RABBIT,609,42,15.63961511596784,211.43,0.5226190476190476,40,0.83
20818,GOLD TEDDY BEAR,79,22,5.4218173978938005,211.25,3.522727272727273,20,0.11
90210B,CLEAR ACRYLIC FACETED BANGLE,95,17,5.937790240584158,211.25,2.5970588235294123,15,0.13
21395,BLUE SPOTTY BEAKER ,108,20,2.7414940221864814,210.6,1.95,18,0.15
47310M,SMALL POP BOX FUNKY MONKEY,172,35,8.678477192834848,210.48,1.356857142857143,20,0.23
21032,SPACE CADET WHITE,167,32,4.975646335061698,210.48,1.3575,28,0.23
85131B,BEADED CRYSTAL HEART GREEN ON STICK,330,24,20.785132646447913,210.18,0.9141666666666667,12,0.45
21268,VINTAGE BLUE TINSEL REEL,383,41,16.325761477030035,209.58,0.5839024390243903,31,0.52
20827,GOLD APERITIF GLASS,173,8,24.96819405334944,209.36,1.63375,5,0.23
35818P,"ACRYLIC JEWEL ICICLE, PINK",549,20,35.08107151937307,208.62,0.38,18,0.74
17129F,DEEP BLUE GLASS GEMS IN BAG,316,17,19.147646146228432,208.12,0.7388235294117648,8,0.43
21493, VINTAGE DESIGN GIFT TAGS,244,21,11.599466325983238,207.4,0.8499999999999999,20,0.33
85131C,BEADED CRYSTAL HEART BLUE ON STICK,308,27,18.92954398097417,207.34,0.9914814814814815,20,0.42
16256B,FLOWER PENCIL/RUBBER+5 MINI PENCILS,493,21,13.162898797829632,207.06,0.42000000000000004,17,0.67
22984,"CARD, GINGHAM ROSE ",492,40,1.8973665961010273,206.64,0.42000000000000004,38,0.67
37492A,YELLOW RED FLOWER PIGGY BANK,107,10,17.301573467301882,206.55,3.75,7,0.14
84247K,"FOLK ART GREETING CARD,pack/12",70,24,5.098308898368988,206.5,2.9500000000000006,20,0.09
20814,SILVER FINCH DECORATION,187,12,21.948113745142134,206.39,1.2025,7,0.25
47343A,FUSCHIA FLOWER PURSE WITH BEADS,200,24,11.40810797355249,206.26,1.1875,21,0.27
21734,SMALL MARAKESH LANTERN ON STICK,55,15,3.039423504234847,206.25,3.75,14,0.07
84882,GREEN WIRE STANDING CANDLE HOLDER,55,27,1.1259690350121836,206.25,3.75,22,0.07
20652,BLUE POLKADOT LUGGAGE TAG ,159,45,4.335896677735761,206.01,1.3844444444444444,34,0.22
21095,SET/6 POSIES PAPER PLATES,242,28,6.767100619441889,205.7,0.85,24,0.33
84805A,CREAM CLIMBING HYDRANGA ART FLOWER,145,7,33.45999743830576,205.35,2.6214285714285714,7,0.2
90210D,PURPLE ACRYLIC FACETED BANGLE,131,12,16.059312412164946,204.65,2.2,10,0.18
84927E,FLOWERS TILE HOOK,489,25,52.066527955427695,203.34,1.6648000000000003,22,0.66
21367,MIRRORED WALL ART GENTS,196,45,8.196882876367631,202.85999999999999,1.7422222222222221,37,0.27
84870C,GREEN GEISHA GIRL ,54,21,1.9639610121239313,202.5,3.75,21,0.07
84870B,BLUE GEISHA GIRL ,54,23,1.8242980132387139,202.5,3.75,22,0.07
72756, FAIRY CAKE CANDLES,153,2,44.54772721475249,202.05,1.37,2,0.21
35817P,"ACRYLIC JEWEL SNOWFLAKE,PINK",406,9,75.379779192507,202.02,1.3444444444444443,8,0.55
35991,SET/6 BLACK SNOWFLAKE T-LIGHTS ,387,49,10.108257552530967,201.91,0.5755102040816327,43,0.52
84723,CHERRY BLOSSOM CANVAS ART PICTURE,54,12,6.487750695804293,201.3,5.95,11,0.07
16202C,BEIGE PHOTO ALBUM,94,10,8.382521498133285,201.29999999999998,3.0300000000000002,10,0.13
72754A,FLOWER FAIRY POTPOURRI CUSHION LILY,292,5,72.33463900511289,201.24,1.066,4,0.4
35824B,"HANGING FLOWERS+MIRROR,BLUE",527,5,142.67375371805426,200.26000000000002,0.38,4,0.71
16201A,PASTEL PINK PHOTO ALBUM,100,8,10.528871870107588,199.8,2.55,7,0.14
35833G,4 GOLD FLOCK CHRISTMAS BALLS,126,29,4.142772209083512,198.0,1.436206896551724,23,0.17
21950,SET OF 6 DOTS CHOPSTICKS,185,2,123.74368670764582,197.05,1.155,2,0.25
21369,MIRRORED WALL ART SPLODGES,128,17,6.520330197340694,195.0,1.9852941176470589,15,0.17
22326,"ROUND SNACK BOXES ,SET4, WOODLAND ",66,3,18.33030277982336,194.70000000000002,2.9500000000000006,3,0.09
84927D,LA PALMIERA TILE HOOK,949,24,120.8959233198635,194.61,1.3616666666666666,22,1.29
17014D,ORIGAMI ROSE INCENSE CONES,476,6,93.50436709943908,194.28,1.015,5,0.64
46776E,WOVEN CANDY CUSHION COVER ,93,11,17.38599227173207,193.95,4.277272727272727,9,0.13
21372,MIRRORED WALL ART TABLE LAMP,141,37,5.481473027074615,193.23,1.7413513513513514,28,0.19
47504F,ENGLISH ROSE TORCH,526,13,132.72127145802926,193.1,1.5423076923076922,12,0.71
21582,KINGS CHOICE SMALL TUBE MATCHES,117,17,7.672046279686213,193.05,1.65,15,0.16
90208,PAIR OF ENAMEL FLOWER CLUSTER SLIDE,82,8,11.093756287724576,192.9,2.49375,5,0.11
35921,EASTER BUNNY HANGING GARLAND,154,27,4.348428671236531,192.5,1.25,23,0.21
90087,CRYSTAL SEA HORSE PHONE CHARM,276,21,15.859652311087132,191.76,0.9728571428571429,13,0.37
90129B,TURQUOISE GLASS TASSLE BAG CHARM ,65,18,5.392139037403691,191.75,2.95,17,0.09
47503H,ASS FLORAL PRINT SPIRIT LEVEL ,147,51,4.269178182383722,191.53,1.3813725490196078,45,0.2
90030B,RED KUKUI COCONUT SEED NECKLACE,122,19,4.834089475033699,191.3,2.3026315789473686,17,0.17
35962,SET/12 ZINC CHRISTMAS DECORATIONS,91,16,4.011961282631393,191.1,2.1,15,0.12
71028B,SILVER BLUE EGG T-LIGHT HOLDER,483,8,53.3316778016861,189.89,0.85625,7,0.65
23229,DONKEY TAIL GAME ,54,4,15.0,189.54000000000002,3.66,4,0.07
21400,RED PUDDING SPOON,1027,63,9.967098973922413,189.54,0.22,54,1.39
79303D,LILAC FLOWER BLOCK TABLE LAMP,64,7,14.53075555994447,188.8,2.95,5,0.09
20837,FRENCH FLORAL CUSHION COVER ,165,18,3.329900192816242,188.07000000000002,1.1844444444444444,17,0.22
21460,GREEN EASTER EGG HUNT START POST,96,20,3.9550101470360217,187.2,1.95,20,0.13
21543,BUTTERFLY WATER TRANSFER TATTOOS ,267,13,54.099623203579064,186.95,0.8346153846153845,13,0.36
23436,GIFT BAG LARGE VINTAGE CHRISTMAS,148,9,9.683892697555967,185.0,1.25,9,0.2
84803A,PINK ALLIUM  ARTIFICIAL FLOWER,109,16,4.086053515720681,184.21,1.69,16,0.15
84744,S/6 SEW ON CROCHET FLOWERS,147,31,5.495256996935229,183.75,1.25,26,0.2
84509C,SET OF 4 DOTTY PLACEMATS ,54,13,6.108002317263174,183.3,3.6884615384615387,11,0.07
17090A,LAVENDER INCENSE 40 CONES IN TIN,173,26,9.099196921453267,182.65,1.2038461538461538,24,0.23
16053,POPART COL BALLPOINT PEN ASST,4298,8,902.8291643494908,182.58,0.16499999999999998,8,5.82
35819B,"ACRYLIC HANGING JEWEL,BLUE",381,32,14.07436327557674,182.19,0.543125,26,0.52
72799D,BLUE PILLAR CANDLE SILVER FLOCK,65,14,6.4044112544779255,182.15,2.9214285714285717,12,0.09
85128,PLANTPOT SINGLE HOOK PISTACHIO,165,2,115.25840533340725,182.09,1.395,2,0.22
37379B,BLUE CHERRY BLOSSOM CUP & SAUCER,1122,3,637.3946971853469,181.5,0.8833333333333333,3,1.52
22545,MINI JIGSAW BUNNIES AT HOME,432,9,0.0,181.44,0.42,9,0.59
84509E,SET OF 4 CAROUSEL PLACEMATS ,131,10,18.87649920462537,179.81,2.408,9,0.18
90210A,GREY ACRYLIC FACETED BANGLE,78,12,7.012974987964678,179.70000000000002,2.6333333333333333,12,0.11
23697,A PRETTY THANK YOU CARD,438,27,13.500237414816462,179.64000000000001,0.41777777777777775,26,0.59
84464,S/60 PINK FLUFFY CHICKS IN BOX,82,11,14.5145694828585,179.1,2.4954545454545456,10,0.11
16043,POP ART PUSH DOWN RUBBER ,2142,12,365.53708927599075,179.04000000000002,0.31,11,2.9
84985B,SET OF 72 BLACK PAPER DOILIES ,122,19,8.506963092234006,176.89999999999998,1.45,12,0.17
35838A,S/6 MULTICOLOUR ORNAMENETAL CANDLE,171,18,17.700947133183714,176.75,1.2111111111111112,18,0.23
22384,LUNCHBAG PINK RETROSPOT,107,13,5.278160130099725,176.54999999999998,1.65,13,0.14
21018,BIRD BOX CHRISTMAS TREE DECORATION,207,39,5.146045217107815,175.95,0.85,30,0.28
84509C,DOTTY PLACEMATS ,52,9,7.155029311221893,175.8,3.6611111111111114,9,0.07
35793,S/3 PUPPIES CHRISTMAS DECORATIONS,101,9,8.120618476719889,174.05,2.016666666666667,7,0.14
84877D,BLUE ROUND COMPACT MIRROR,101,15,9.145386554875373,173.75,2.25,14,0.14
17084P,DRAGONS BLOOD INCENSE,874,26,34.60991409764193,173.54,0.20807692307692308,23,1.18
75011,BLUE DAISY MOBILE,181,15,18.238368765821555,172.51,1.3900000000000001,11,0.25
90210C,RED   ACRYLIC FACETED BANGLE,113,9,18.26958614139296,171.95,2.138888888888889,9,0.15
21368,MIRRORED WALL ART LADIES,193,39,8.681343329076494,171.75,1.2166666666666666,32,0.26
22345,PARTY PIZZA DISH BLUE RETROSPOT,202,24,7.150048140103471,171.7,0.85,23,0.27
84706C,PINK FLOCK TABLE CLOCK ,84,4,14.30617582258329,170.8,3.6999999999999997,4,0.11
47347B,BLUE FLOWER T-LIGHT HOLDER,236,7,53.18744928932728,169.72,1.1257142857142857,6,0.32
35818B,"ACRYLIC JEWEL ICICLE, BLUE",403,8,48.90789448399044,168.38,0.5387500000000001,8,0.55
85205A,IVORY FELT EASTER RABBIT GARLAND,66,23,1.6040955487888708,168.3,2.55,21,0.09
79403,FROSTED WHITE BASE ,197,23,5.914743419905902,167.45,0.85,19,0.27
22330,72 ROUND PINK DOILIES,115,15,6.683312551921141,166.75,1.45,15,0.16
90119,METALIC LEAVES BAG CHARMS,67,18,2.8861852607684635,166.17,2.485,6,0.09
21102,"CANDLE IN JAR COLLAGE , VANILLA",65,12,3.5537005893558162,165.75,2.55,10,0.09
21394,RED SPOTTY BEAKER ,85,16,2.600480724789169,165.75,1.95,14,0.12
21530,DAIRY MAID CERAMIC TOASTRACK,56,17,2.229481606852615,165.2,2.95,13,0.08
84526,GIANT BLACK SUNGLASSES,84,31,2.9461109776234022,163.79999999999998,1.95,23,0.11
85024C,PINK SMALL JEWELLED PHOTOFRAME,99,45,2.1277388766652563,163.35,1.65,33,0.13
35809B,ENAMEL BLUE RIM TEA CONTAINER,81,22,2.9981957056165447,162.48,2.0422727272727275,21,0.11
16207A,PINK STRAWBERRY HANDBAG ,55,19,1.7286711930171255,162.25,2.95,17,0.07
72801C,S/4 ROSE PINK DINNER CANDLES,165,25,10.376254944182254,161.85,1.2092,21,0.22
22889,NUMBER TILE VINTAGE FONT No ,145,8,32.41885474314512,160.38,1.77125,7,0.2
23305,SET 4 PICNIC CUTLERY BLUEBERRY,82,9,7.131697631778223,159.9,1.9500000000000002,9,0.11
22645,CERAMIC HEART CAKE MONEY BANK,120,5,26.832815729997478,159.6,1.41,5,0.16
90162B,ANT SILVER LIME GREEN BOUDICCA RING,54,19,2.1151085576221176,159.3,2.95,14,0.07
85185C,COW  SOCK PUPPET,54,27,1.941450686788302,159.3,2.95,24,0.07
90125A,PINK BERTIE GLASS BEAD BAG CHARM,140,12,13.425439443177428,159.0,1.5791666666666666,9,0.19
22864,MUG AND COASTER SET RED CIRCLES,378,2,199.4041122946064,158.76,0.42,1,0.51
21193,WHITE HONEYCOMB PAPER FAN ,84,15,10.795501708714475,158.36,2.0726666666666667,14,0.11
16012,FOOD/DRINK SPUNGE STICKERS,759,20,51.34862781951791,158.19,0.20749999999999996,18,1.03
22853,ENAMEL CAT BOWL CREAM,52,3,11.547005383792515,157.8,3.15,3,0.07
23545,WRAP RED DOILEY,375,15,0.0,157.5,0.42,15,0.51
16156L,WRAP CAROUSEL,375,14,6.68153104781061,157.5,0.42,13,0.51
10123G,ARMY CAMO WRAPPING TAPE,2246,13,413.3070194270747,157.18,0.5592307692307693,12,3.04
16054,POPART RECT PENCIL SHARPENER ASST,1205,37,23.0428833802212,156.9,0.16054054054054054,32,1.63
79030D,TUMBLER BAROQUE,402,25,10.63766891757776,156.78,0.39,22,0.54
17178,FLAT PALM T-LIGHT HOLDER,133,25,6.20966987850401,156.65,1.234,20,0.18
84926C,FAIRY CAKES TILE COASTER,125,19,4.032035458861997,156.25,1.25,17,0.17
84531B,BLUE KNITTED EGG COSY,187,38,4.999359845222178,155.60999999999999,1.1289473684210527,35,0.25
85123A,CREAM HANGING HEART T-LIGHT HOLDER,57,7,10.652520381402256,155.35,2.892857142857143,7,0.08
23416,CHAMBRE HOOK,123,18,6.437482153030658,155.07,1.16,18,0.17
21031,SPACE CADET BLACK,126,25,5.111099033802156,154.91,1.2832,23,0.17
22587,"FELTCRAFT HAIRBAND, S/2, RED/BLUE",204,6,53.88877434122992,154.68,0.8283333333333333,6,0.28
82585,SWEET VALENCIA CANDLE+CUP,131,23,9.864697307288596,154.63,1.2417391304347825,18,0.18
72140E,BEST DAD CANDLE LETTERS,216,27,18.57417562100671,153.35999999999999,0.8344444444444444,26,0.29
22289,HANGING METAL CHICKEN DECORATION,122,20,7.886697661252141,152.5,1.25,19,0.17
21226,POCKET MIRROR WOODLAND,122,21,6.0631596351988595,152.5,1.25,17,0.17
23484,HEART TRELLISTRIPLE T-LIGHT HOLDER,56,5,7.155417527999327,152.24,2.81,5,0.08
72801D,S/4 SKY BLUE DINNER CANDLES,157,25,10.346174816488137,151.85,1.2092,19,0.21
84531A,PINK KNITTED EGG COSY,181,40,4.540346197124575,151.70999999999998,1.131,35,0.25
22536,MAGIC DRAWING SLATE FIDO,360,8,8.48528137423857,151.2,0.42,8,0.49
16202E,BLACK PHOTO ALBUM ,81,13,5.293924916887377,150.6,2.723076923076923,12,0.11
79161A,ST GEORGE SET OF 10 PARTY LIGHTS,51,16,2.5617376914899,150.45,2.95,16,0.07
17107D,FLOWER FAIRY 5 DRAWER LINERS,59,20,1.9324105480761047,150.45,2.55,18,0.08
90098,NECKLACE+BRACELET PINK BUTTERFLY,59,23,2.8094982883801634,150.45,2.55,22,0.08
90093,CLEAR CRYSTAL STAR PHONE CHARM,200,18,9.880991191581165,150.44,0.8633333333333333,15,0.27
21461,BLUE EASTER EGG HUNT START POST,77,19,4.006573545930159,150.15,1.95,17,0.1
82093,HEART SHAPE BUTTON FRAME ,100,7,10.483547200483331,150.0,2.3214285714285716,7,0.14
17011A,ORIGAMI VANILLA INCENSE+FLOWER ,254,6,45.27545324639684,150.0,1.3166666666666667,6,0.34
84452,METAL RABBIT LADDER EASTER ,176,27,4.774695885364931,149.6,0.85,23,0.24
23196,RETRO LEAVES MAGNETIC NOTEPAD,103,19,4.752961526759269,149.35,1.45,17,0.14
17108D,FLOWER FAIRY SUMMER BOUQUET SACHET,355,23,9.297243418232396,149.1,0.42,17,0.48
40001, WHITE BAMBOO RIBS LAMPSHADE,210,7,50.76744363598913,148.26,0.8200000000000001,7,0.28
84510C,SET OF 4 POLKADOT COASTERS,115,38,3.1919395281922,146.17,1.3136842105263158,30,0.16
20796,SMALL BLUE PROVENCAL CERAMIC BALL,88,13,4.639573366769947,145.2,1.65,11,0.12
20672,PINK TEATIME PRINT BOWL,116,22,3.942223426078936,145.0,1.25,21,0.16
47518F,ICON PLACEMAT POP ART ELVIS,900,31,36.37809219018845,144.3,0.16838709677419353,22,1.22
35610B,BLACK CHRISTMAS FLOCK DROPLET ,179,14,16.25365554825494,144.07,1.1314285714285715,13,0.24
85095,THREE CANVAS LUGGAGE TAGS,90,11,7.427222654777246,143.85999999999999,2.200909090909091,9,0.12
47591A,CAROUSEL DES CHILD'S APRON,87,33,3.6039750781097757,143.55,1.65,30,0.12
23292,SPACE BOY CHILDRENS CUP,130,5,39.44616584663204,143.3,1.21,5,0.18
82587,TEXRIO TOMATOES CANDLE+CUP,118,33,3.5534341051149294,142.94,1.2384848484848483,26,0.16
35980C,REDWHITE STRIPE SCANDINAVIAN HEART ,375,28,12.047250449220495,142.5,0.38,28,0.51
82553,POP'S GREASY SPOON METAL SIGN,86,20,7.175249858110573,141.9,1.65,14,0.12
23694,PAISLEY PARK CARD,348,24,12.247448713915892,141.84,0.4175,23,0.47
37422,WHITE WITH BLACK CATS BOWL,344,27,43.154991326071155,141.68,0.8181481481481482,14,0.47
22195,HEART MEASURING SPOONS LARGE,84,5,6.572670690061994,138.6,1.65,4,0.11
23304,SET 4 PICNIC CUTLERY CHERRY ,71,9,4.728753653037036,138.45,1.9500000000000002,9,0.1
90086,CRYSTAL FROG PHONE CHARM,189,19,12.460933103149603,138.32999999999998,1.1026315789473684,12,0.26
23417,BATHROOM HOOK,140,22,5.916445639429894,137.76,1.1345454545454545,21,0.19
72754B,F FAIRY POTPOURRI CUSHIONS LAVENDER,170,8,16.04235465438733,137.54,1.17,8,0.23
85026B,EAU DE NILE JEWELLED T-LIGHT HOLDER,161,20,5.394685493978993,136.85,0.85,20,0.22
22869,NUMBER TILE COTTAGE GARDEN 1,70,20,3.2200032690405114,136.5,1.95,19,0.09
35824P,"HANGING FLOWERS+MIRROR,PINK",324,3,156.0,136.44,0.75,2,0.44
10120,DOGGY RUBBER,648,62,12.415851078827984,136.07999999999998,0.21,52,0.88
90214A,"LETTER ""A"" BLING KEY RING",127,45,3.5820822340243854,135.71,1.2073333333333334,27,0.17
20952,PORCELAIN CHERUB BELL SMALL,321,20,54.73522391332756,134.82,0.42000000000000004,19,0.43
22870,NUMBER TILE COTTAGE GARDEN 2,69,18,3.24037034920393,134.54999999999998,1.9500000000000002,15,0.09
21157,RED RETROSPOT WASHBAG,64,17,3.4009081832046326,134.4,2.1,13,0.09
84231,EASTER BUNNY WITH BASKET ON BACK,204,35,4.232130003880776,132.6,0.65,28,0.28
79192A,RETRO PLASTIC 70'S TRAY,106,30,4.7831120538348495,132.5,1.25,26,0.14
84510C,SET OF 4 POLKADOTS COASTERS,109,29,4.603222259723485,132.45,1.243448275862069,22,0.15
22344,PARTY PIZZA DISH PINK RETROSPOT,155,19,8.008767125918505,131.75,0.85,18,0.21
77079,DOLPHIN WINDMILL,62,11,5.1043653331776175,131.44,2.12,10,0.08
37467,PIG MUG IN TWO COLOUR DESIGNS,212,28,7.305140612272933,131.44,0.7185714285714286,28,0.29
84527,FLAMES SUNGLASSES PINK LENSES,71,20,5.586402665118412,131.25,1.9349999999999998,19,0.1
84925E,FLOWERS WALL THERMOMETER,75,3,40.70626487409524,130.05,2.2666666666666666,3,0.1
17011D,ORIGAMI ROSE INCENSE+FLOWER,207,2,125.15790027001891,129.3,0.475,2,0.28
22241,"GARLAND , WOODEN  "" HAPPY EASTER""",103,9,8.442616761275959,128.75,1.25,9,0.14
84874B,BLUE TRAVEL FIRST AID KIT,78,29,2.8170837032528877,128.7,1.65,26,0.11
37330,BIG POLKADOT MUG,78,5,18.297540818372287,128.34,1.5779999999999998,5,0.11
16119,FUNKY GIRL ADDRESS BOOK,271,7,57.944554779301114,128.21,1.0014285714285713,7,0.37
72812,LARGE ZINC GLASS CANDLEHOLDER,55,10,2.758824226207808,127.67999999999999,2.5060000000000002,9,0.07
85179C,PINK BITTY LIGHT CHAIN,77,10,7.36432843736164,126.85,2.6100000000000003,10,0.1
23303,SET 4 PICNIC CUTLERY FONDANT,65,6,7.600438583836242,126.75,1.95,6,0.09
82607E,GLASS BONBON JAR. D'AMANDES,101,26,2.8046664411572806,126.25,1.25,18,0.14
47593B,SCOTTIES DESIGN BABY BIB,101,18,5.2930463694625836,126.25,1.25,15,0.14
84255B,ORANGE COCKTAIL GLASS LAMP,60,14,4.59813626840888,126.00000000000001,2.1,11,0.08
22882,NUMBER TILE VINTAGE FONT 3,91,25,5.52177507691141,125.89,1.8363999999999998,18,0.12
35816P,"ACRYLIC JEWEL ANGEL,PINK",292,7,51.60979973388221,124.88,0.7528571428571428,7,0.4
10080,GROOVY CACTUS INFLATABLE,303,27,11.195237082497778,124.60999999999999,0.5092592592592593,23,0.41
84661C,PINK SQUARE TABLE CLOCK,137,12,13.38559832148875,124.55,1.3183333333333334,12,0.19
71496A,A4 WALL TIDY BLUE OFFICE,228,8,33.114519905495065,124.44000000000001,0.5750000000000001,8,0.31
90125D,PURPLE BERTIE GLASS BEAD BAG CHARM,102,11,13.646178286178948,124.19999999999999,1.7590909090909093,9,0.14
84927A,WAKE UP COCKEREL TILE HOOK,218,25,19.18011122665003,124.17,1.5964,22,0.3
35015,JACOBS LADDER SMALL,2064,38,45.281763683991585,123.84,0.06,35,2.8
84228,HEN HOUSE W CHICK STANDING,308,20,27.16693036143682,123.36,0.4175,16,0.42
84559D,3D SHEET OF SEA WORLD STICKERS,145,29,4.488079449258573,123.25,0.85,23,0.2
21087,SET/6 POSIES PAPER CUPS,220,21,8.09085315414294,123.22,0.5623809523809524,19,0.3
22869,"NUMBER TILE COTTAGE GARDEN, 1",63,7,17.378147196982766,122.85,1.95,7,0.09
84367,LA STREGA CANVAS PICTURE ,73,7,4.157609203101499,122.55000000000001,1.9499999999999997,6,0.1
79308B,MOSAIC CANDLE DISH BLUE PURPLE,144,2,0.0,122.4,0.85,1,0.2
16168S,FUNKY MONKEY GIFT BAG SMALL,1274,7,177.1891644542634,121.86,0.1757142857142857,4,1.73
79532,MOSAIC GLASS BALL CANDLEHOLDER,97,18,5.019244012549733,121.25,1.25,15,0.13
22534,MAGIC SLATE SPACEBOY ,288,6,0.0,120.96000000000001,0.42,6,0.39
22535,MAGIC SLATE BUNNIES AT HOME ,288,6,0.0,120.96000000000001,0.42,6,0.39
22536,MAGIC SLATE FIDO,288,6,0.0,120.96000000000001,0.42,6,0.39
23438,GIFT BAG LARGE SPOT ,96,6,6.196773353931867,120.0,1.25,6,0.13
85166A,WHITE METAL BAROQUE PHOTO FRAME,72,8,13.005493344846904,120.0,3.125,8,0.1
35911B,PINK/FLOWER RABBIT EGG WARMER ,57,13,3.1500915737605033,119.7,2.1,12,0.08
23359,SET OF 12 T-LIGHTS VINTAGE DOILEY,61,6,4.490731195102493,118.94999999999999,1.95,6,0.08
23280,FOLDING MIRROR HOT PINK ,156,5,36.595081636744574,118.92000000000002,0.808,5,0.21
22972,CHILDRENS SPACEBOY MUG,72,5,5.366563145999495,118.80000000000001,1.65,5,0.1
21228,"POCKET MIRROR ""GLAMOROUS""",95,30,3.4649310420896953,118.75,1.25,25,0.13
35933,PINK STOCKING CHRISTMAS DECORATION,312,23,12.243091138777457,118.55999999999999,0.38,20,0.42
44242B,PINK FEATHERS CURTAIN,106,8,13.090345406334505,117.78,1.135,8,0.14
90214C,"LETTER ""C"" BLING KEY RING",114,35,3.860378350421544,117.54,1.1402857142857141,21,0.15
35824C,"HANGING FLOWERS+MIRROR,CLEAR",235,8,32.96291205929129,117.05,0.935,8,0.32
23244,STORAGE TIN VINTAGE LEAF,60,7,4.720774754816659,117.0,1.95,7,0.08
22877,NUMBER TILE COTTAGE GARDEN 9,60,16,3.1937438845342623,117.0,1.95,15,0.08
47593A,CAROUSEL PONIES BABY BIB,115,30,5.017784463240748,116.87,0.962,24,0.16
84858A,NATURAL RIVIERA HANDBAG,52,7,14.81954950796574,116.7,5.278571428571429,7,0.07
72038P,PRICE'S CANDLE PEACH,1050,9,79.05694150420949,116.5,0.15222222222222223,9,1.42
16206B,RED PURSE WITH PINK HEART,96,16,6.271629240742261,116.4,1.23125,14,0.13
90030C,BROWN KUKUI COCONUT SEED NECKLACE,81,10,7.078135347674555,115.65,1.9899999999999998,10,0.11
23209,LUNCH BAG VINTAGE DOILEY ,70,4,15.0,115.5,1.65,4,0.09
22878,NUMBER TILE COTTAGE GARDEN No,55,13,3.0042704647952427,115.5,2.1,12,0.07
22872,NUMBER TILE COTTAGE GARDEN 4,59,16,3.2397273547836294,115.05,1.95,16,0.08
23185,FRENCH STYLE STORAGE JAR JAM,317,31,8.20857144461144,114.85,0.3516129032258064,27,0.43
90214S,"LETTER ""S"" BLING KEY RING",111,35,4.1194353859673125,114.75,1.1677142857142857,26,0.15
22885,NUMBER TILE VINTAGE FONT 6 ,85,16,6.74011622056079,114.19,1.7725,13,0.12
22877,"NUMBER TILE COTTAGE GARDEN, 9",58,4,22.575798250929395,113.1,1.95,4,0.08
22874,NUMBER TILE COTTAGE GARDEN 6,58,16,3.283798613394757,113.1,1.95,14,0.08
85190,PINK FLOWER HANGING HEART ,133,14,8.262519638054167,113.05,0.85,14,0.18
82607C,GLASS BONBON JAR. SUPERFINES,90,21,2.7954043919057066,112.5,1.25,16,0.12
84462,3 PINK HEN+CHICKS IN BASKET,99,13,15.997595973241634,112.35,1.2353846153846153,13,0.13
44236,PINK/PURPLE CIRCLE CURTAIN,64,13,6.130001882293599,112.32000000000001,2.868461538461539,9,0.09
90214K,"LETTER ""K"" BLING KEY RING",109,45,3.003701420285016,112.25,1.186,23,0.15
71510,SQUARE METAL CANDLEHOLDER BASE,177,17,17.468038039264066,112.05,0.7935294117647059,11,0.24
17014A,ORIGAMI VANILLA INCENSE CONES,247,9,37.55033658674417,111.81,0.7022222222222222,9,0.33
21412,VINTAGE GOLD TINSEL REEL,233,49,4.2940395329111825,111.3,0.5914285714285714,33,0.32
22873,"NUMBER TILE COTTAGE GARDEN, 5",57,3,25.357444666211933,111.14999999999999,1.95,3,0.08
84288B,SET/2 BLUE  NOODLE BASKETS,57,21,2.648449681282564,111.14999999999999,1.9499999999999997,19,0.08
84493,BLUE/PINK NEST STRIPE BOX,1142,5,309.1048365846125,111.12,1.5619999999999998,5,1.55
90170,DAISY HAIR BAND,67,10,4.877385456255112,110.55000000000001,1.65,10,0.09
23496,PANTRY KITCHEN THERMOMETER ,88,22,3.9880774697543053,110.0,1.25,21,0.12
23578,SNACK TRAY RED GINGHAM,56,11,2.9480347845486987,109.2,1.95,11,0.08
22876,"NUMBER TILE COTTAGE GARDEN, 8",56,2,28.284271247461902,109.19999999999999,1.95,2,0.08
22870,"NUMBER TILE COTTAGE GARDEN, 2",56,2,28.284271247461902,109.19999999999999,1.95,2,0.08
22871,"NUMBER TILE COTTAGE GARDEN, 3 ",56,2,28.284271247461902,109.19999999999999,1.95,2,0.08
22868,"NUMBER TILE COTTAGE GARDEN, 0 ",56,2,28.284271247461902,109.19999999999999,1.95,2,0.08
22875,"NUMBER TILE COTTAGE GARDEN, 7",56,2,28.284271247461902,109.19999999999999,1.95,2,0.08
22872,"NUMBER TILE COTTAGE GARDEN, 4",56,2,28.284271247461902,109.19999999999999,1.95,2,0.08
22874,"NUMBER TILE COTTAGE GARDEN, 6",56,2,28.284271247461902,109.19999999999999,1.95,2,0.08
72134,COLUMBIAN  CUBE CANDLE ,320,21,22.951916612572386,109.16,0.6519047619047619,15,0.43
90214L,"LETTER ""L"" BLING KEY RING",114,29,5.243574533810463,107.94,1.1837931034482758,20,0.15
84899F,YELLOW PURPLE DAISY FELT PURSE KIT,86,23,3.670736751715554,107.5,1.25,20,0.12
22868,NUMBER TILE COTTAGE GARDEN 0 ,55,12,3.579190699111471,107.25,1.95,12,0.07
22135,MINI LADLE LOVE HEART PINK,242,45,5.453476326198183,106.56,0.46555555555555556,20,0.33
71495B,CD WALL TIDY RED FLOWERS,288,12,29.667858334935776,106.56,0.39999999999999997,8,0.39
22881,NUMBER TILE VINTAGE FONT 2,81,14,6.907950507913343,106.39,1.747142857142857,9,0.11
23477,WOODLAND LARGE BLUE FELT HEART,85,8,3.8890872965260113,106.25,1.25,8,0.12
90108,BLUE BLOSSOM HAIR CLIP,101,13,6.977987366877908,106.05,1.05,12,0.14
22433,WATERING CAN PINK BUNNY,54,5,7.8230428862431785,105.3,1.95,5,0.07
22875,NUMBER TILE COTTAGE GARDEN 7,54,16,3.0304015135511886,105.3,1.95,16,0.07
17090D,VANILLA INCENSE 40 CONES IN TIN,88,30,2.8518999514943246,105.2,1.2366666666666668,21,0.12
79144B,PAINTED LIGHTBULB STAR+ MOON,259,41,6.145888969019225,105.18,0.4163414634146341,36,0.35
16169D,WRAP WINTER FOREST,250,9,8.333333333333334,105.0,0.42,9,0.34
84199,GLOW IN DARK DOLPHINS,511,65,10.852529836225,104.79,0.20907692307692308,58,0.69
84458,S/3 RABBIT FLOWER/EGG/CARROT ROPE,123,19,4.694777489137756,104.55,0.85,17,0.17
23151,ZINC SWEETHEART SOAP DISH,59,19,2.7466087542864215,104.41,1.953157894736842,18,0.08
21118,SHOPPING BAG DOORSTOP,69,7,6.491753010001008,104.25,2.5357142857142856,7,0.09
84705B,FAIRY CAKES PHOTO FRAME,83,2,24.748737341529164,103.75,1.25,2,0.11
10138,ASSORTED COLOUR JUMBO PEN,247,16,21.826493839674143,103.74,0.42,14,0.33
35607A,PINK FLUFFY CHRISTMAS DECORATION,545,28,21.850471887195518,103.55,0.19,27,0.74
72133,COLUMBIAN CANDLE RECTANGLE,99,29,4.313742503237351,102.87,1.2200000000000002,24,0.13
35096B,RED VICTORIAN FABRIC HEART BOX,288,21,29.804601753995737,102.63,0.4138095238095238,20,0.39
90030A,SPOTTED WHITE NATURAL SEED NECKLACE,77,8,7.209864274529921,101.75,1.61875,8,0.1
84249A,"GREETING CARD,SQUARE, DOUGHNUTS",238,20,6.544583939974216,101.6,0.46099999999999997,18,0.32
22871,NUMBER TILE COTTAGE GARDEN 3 ,52,10,3.259175083088085,101.39999999999999,1.95,10,0.07
22876,NUMBER TILE COTTAGE GARDEN 8,52,11,3.437758254761643,101.39999999999999,1.95,11,0.07
35910A,MULTICOLOUR EASTER RABBIT ,52,12,2.1461734799546393,101.39999999999999,1.95,12,0.07
16248B,BLUE HOLE PUNCH,81,12,13.335700547436911,101.25,1.25,12,0.11
21089,SET/6 GREEN SPRING PAPER CUPS,316,36,5.712698192178598,100.97999999999999,0.36888888888888893,32,0.43
84549,CROCHET WHITE RABBIT KEYRING ,64,9,7.131697631778223,100.8,1.6277777777777775,9,0.09
72821,CUPID SCENTED CANDLE IN GLASS,61,15,4.1656189158852435,100.65,1.65,13,0.08
22884,NUMBER TILE VINTAGE FONT 5,78,18,6.3893293397480075,100.53999999999999,1.7922222222222222,14,0.11
22883,NUMBER TILE VINTAGE FONT 4,78,11,7.542606253206455,100.53999999999999,1.6918181818181817,9,0.11
75172,PAINTED SEA SHELL METAL WINDCHIME,97,11,10.274416594806556,100.31,2.1354545454545457,11,0.13
22736,"RIBBON REEL, MAKING SNOWMEN ",60,5,4.47213595499958,99.0,1.65,5,0.08
23191,BUNDLE OF 3 RETRO EXERCISE BOOKS,60,5,0.0,99.0,1.65,5,0.08
16161G,WRAP BAD HAIR DAY,975,33,14.596855203028555,97.5,0.1,31,1.32
20957,PORCELAIN HANGING BELL SMALL,67,12,4.52183255959016,97.15,1.45,12,0.09
84951A,S/4 PISTACHIO LOVEBIRD COASTERS,68,5,25.96728711282717,95.39999999999999,2.29,5,0.09
17084J,LOVE POTION MASALA INCENSE,454,19,9.602631218358303,95.34,0.21,17,0.62
72606A,BROWN ANTIQUE CUBE CANDLE,226,18,21.87994575276161,94.92,0.42,18,0.31
90125C,TURQUOISE BERTIE GLASS BEAD CHARM,88,6,18.65118405535334,94.8,1.6833333333333336,5,0.12
90214E,"LETTER ""E"" BLING KEY RING",95,33,3.4528753937622025,94.75,1.1627272727272726,25,0.13
72740A,LARGE STRAWBERRY CHOCOLATE CANDLE,56,5,8.64291617453276,94.7,2.03,5,0.08
21241,GREEN POLKADOT CUP,111,10,10.650508595054667,94.35,0.85,9,0.15
47593A,CAROUSEL DESIGN BABY BIB,75,14,6.979168375156973,93.75,1.25,13,0.1
35610A,PINK CHRISTMAS FLOCK DROPLET ,138,8,19.09188309203678,92.82,1.0425,8,0.19
17084A,TRANQUILITY MASALA INCENSE,442,18,8.36816250982554,92.82,0.21,14,0.6
22886,NUMBER TILE VINTAGE FONT 7,74,13,7.3187500684271605,92.74,1.7315384615384615,8,0.1
35966,FOLKART CHRISTMAS TREE T-LIGHT HOLD,244,20,9.811915420065866,92.72,0.38,20,0.33
22880,NUMBER TILE VINTAGE FONT 1,73,13,7.194192814792377,90.78999999999999,1.7315384615384615,10,0.1
90214J,"LETTER ""J"" BLING KEY RING",81,30,3.3129838618631267,89.73,1.218,19,0.11
17013C,ORIGAMI LAVENDER INCENSE IN TUBE,213,2,14.849242404917497,89.46000000000001,0.42,2,0.29
84437A,S/6 PINK EASTER DECS IN BOX,105,19,4.073879137636532,89.25,0.85,17,0.14
79191D,RETRO PLASTIC DAISY TRAY,105,31,3.6576624534880073,89.25,0.85,28,0.14
84388,WISE MAN STAR SHAPE EGG PAN,70,23,3.007237646224449,89.03999999999999,1.4856521739130435,21,0.09
20660,VIP LUGGAGE TAG ,71,27,3.0018987343673027,88.75,1.25,22,0.1
90214M,"LETTER ""M"" BLING KEY RING",79,29,3.194823399144957,87.23,1.216896551724138,19,0.11
35822B,"ACRYLIC BEAD CHAIN, BLUE",229,1,1.0,87.02,0.38,1,0.31
71406C,BLACK ORANGE SQUEEZER,206,31,5.173962936967976,86.52,0.42,21,0.28
22887,NUMBER TILE VINTAGE FONT 8,70,13,7.263360810011455,84.94,1.7315384615384615,10,0.09
17027A,INCENSE BAZAAR CANNABIS,228,2,42.42640687119285,84.84,0.355,1,0.31
35271S,GOLD PRINT PAPER BAG,414,18,33.12543007489954,84.17999999999999,0.20277777777777778,17,0.56
90088,CRYSTAL KEY+LOCK PHONE CHARM,99,12,8.624752960889003,84.14999999999999,0.85,8,0.13
35838B,S/6 SILVER ORNAMENETAL CANDLE,97,24,4.657664713105715,82.45,0.85,21,0.13
35913B,WHITE/PINK CHICK EASTER DECORATION,97,21,4.1530252885841,82.45,0.8499999999999999,17,0.13
21699,SET 5 MINI CHOCOLATE FRIDGE MAGNETS,108,3,31.74901573277509,82.44,1.2266666666666666,2,0.15
16051,TEATIME PENCIL W STAMP ASST,938,3,479.2007234273894,82.2,0.3,3,1.27
35609A,PINK FEATHER CHRISTMAS DECORATION,427,18,12.337439697954094,82.19,0.2488888888888889,17,0.58
22579,WOODEN TREE CHRISTMAS SCANDISPOT,96,3,6.928203230275509,81.6,0.85,3,0.13
22566,"FELTCRAFT HAIRBAND S/2, PINK/PURPLE",96,8,0.0,81.6,0.85,8,0.13
16011, ANIMAL STICKERS,385,12,11.758620306615548,80.85,0.21,10,0.52
22531,MAGIC SLATE CIRCUS PARADE  ,192,4,0.0,80.64,0.42,4,0.26
22530,MAGIC SLATE DOLLY GIRL ,192,4,0.0,80.64,0.42,4,0.26
17011E,ORIGAMI OPIUM SCENT INCENSE+FLOWER,124,1,1.0,80.6,0.65,1,0.17
23370,SET 36 COLOUR PENCILS DOILEY,64,3,9.237604307034012,80.0,1.25,3,0.09
37471,MULTICOLOUR POLKADOT PLATE,696,2,475.1757569573599,78.60000000000001,0.475,2,0.94
35931,PINK STAR CHRISTMAS DECORATION,156,15,12.187815929971093,78.11999999999999,0.48466666666666663,14,0.21
84596I,WRAP SWEETS LIGHT PINK SMALL BOWL,71,10,17.252697051636755,78.11,1.231,9,0.1
71495A,CD WALL TIDY BLUE OFFICE,213,9,33.44772040064913,77.94000000000001,0.39999999999999997,5,0.29
23497,CLASSIC CROME BICYCLE BELL ,60,2,25.45584412271571,77.4,1.35,2,0.08
90092,BLUE CRYSTAL BOOT PHONE CHARM,91,9,8.738484485945554,77.35,0.85,6,0.12
22888,NUMBER TILE VINTAGE FONT 9 ,66,10,7.988881162104129,77.14,1.666,9,0.09
35815P,"ACRYLIC JEWEL SNOWFLAKE, PINK",168,7,21.322914122292634,75.88,1.1171428571428572,7,0.23
62043B,BLUE CHECK BAG W HANDLE 34X20CM,54,10,8.154071920757684,75.16000000000001,1.2399999999999998,8,0.07
37399,"ASS RETROSPOOF MUGS,SPORTS",143,6,31.581112498876074,75.0,0.9733333333333333,6,0.19
16161E,WRAP BOUDOIR ,750,9,156.62455107677084,75.0,0.1,8,1.02
23061,VINTAGE ENGRAVED HEART,60,4,6.0,75.0,1.25,4,0.08
46138B,BLUE CHENILLE SHAGGY CUSHION COVER ,59,19,2.845947154231498,74.35,1.3710526315789473,12,0.08
35610C,WHITE CHRISTMAS FLOCK DROPLET ,91,6,17.98239880179134,73.91,1.1116666666666666,6,0.12
15030,FAN BLACK FRAME ,254,27,11.011390114363955,73.66,0.29,23,0.34
79331,PINK FLOCK GLASS CANDLEHOLDER,60,9,3.6400549446402595,73.60000000000001,1.3677777777777775,8,0.08
90112,PINK DOLLY HAIR CLIPS,70,16,4.716990566028302,73.5,1.05,13,0.09
84454,WOBBLING METAL CHICKEN EASTER,85,13,4.370648018608236,72.25,0.8499999999999999,11,0.12
84753A,PINK EAU DE COLOGNE BOTTLE,85,15,4.3534332373864375,72.25,0.85,14,0.12
35916C,PINK FELT HANGING HEART W FLOWER,85,9,4.096068575814836,72.25,0.85,9,0.12
37471,MULTICOLOUR DOTS PLATE,688,2,480.83261120685233,71.80000000000001,0.475,2,0.93
35937,CERISE+GOLD CHRISTMAS STOCKING DEC,188,17,8.735492174423362,71.44,0.38,16,0.25
22879,NUMBER TILE VINTAGE FONT 0,63,9,8.336666000266533,71.29,1.6344444444444444,7,0.09
16256C,HEARTS PENCIL/RUBBER+5 MINI PENCILS,169,10,14.60175027560433,70.98,0.42000000000000004,8,0.23
22346,PARTY PIZZA DISH GREEN RETROSPOT,83,14,4.3582686349633715,70.55,0.85,12,0.11
37479P,CUBIC MUG FLOCK PINK ON BROWN,125,23,3.715154309245038,70.35,0.7656521739130434,17,0.17
16020C,CLEAR STATIONERY BOX SET ,82,25,3.470350606687072,69.69999999999999,0.85,22,0.11
81952V,ROUND PURPLE CLOCK WITH SUCKER,365,25,20.597329924045976,69.35,0.19,22,0.49
72140F,HAPPY ANNIVERSARY CANDLE LETTERS,175,15,17.532283147980255,69.18,0.41600000000000004,14,0.24
81952V,ROUND PURPLE CLOCK W/SUCKER,86,10,5.561774297230456,68.9,0.829,6,0.12
84251G,"GREETING CARD, OVERCROWDED POOL.",360,34,3.4912674355590934,68.39999999999999,0.19,32,0.49
79144C,PAINTED LIGHTBULB RAINBOW DESIGN,171,23,6.979359745033414,68.22,0.4134782608695652,19,0.23
71215,METAL BASE FOR CANDLES,177,12,12.835497652993435,68.1,0.4091666666666667,10,0.24
81950B,FLOWER BLUE CLOCK W/SUCKER,80,15,4.15187851918806,68.0,0.85,14,0.11
84510E,SET OF 4 GREEN CAROUSEL COASTERS,128,13,27.196342137151934,67.8,1.0230769230769232,12,0.17
84926B,SCOTTS ROSES TILE COASTER,54,10,6.703233050799691,67.5,1.25,8,0.07
47420,ASSORTED COLOUR SUCTION CUP HOOK,354,30,14.83100201232726,67.25999999999999,0.19,23,0.48
35819P,"ACRYLIC HANGING JEWEL,PINK",95,7,11.716898663286043,66.55,0.5042857142857143,7,0.13
84455,SET OF 3 RABBIT CARROTS EASTER,78,16,4.36463056855904,66.3,0.85,15,0.11
71143,SILVER BOOK MARK WITH BEADS,78,13,3.8944404818493075,66.3,0.8499999999999999,10,0.11
40002,WHITE BAMBOO RIBS LAMPSHADE,78,1,1.0,66.3,0.85,1,0.11
72369A,PINK CLEAR GLASS CANDLE PLATE,53,9,3.48010216963685,66.25,1.25,8,0.07
90089,PINK CRYSTAL SKULL PHONE CHARM,88,11,5.5497747702046425,66.22,0.73,11,0.12
47598,NEW ENGLAND EGG WARMER,120,23,3.667504994594485,66.0,0.55,17,0.16
85072,OCCASIONS GIFT CARD ASSORTMENT,120,1,1.0,66.0,0.55,1,0.16
79329,PINK FLOCK GLASS CANDLEHOLDER,100,7,25.493229726826726,65.94,1.2871428571428571,7,0.14
20835,FRENCH LATTICE CUSHION COVER ,78,8,3.1052950170405937,64.98,0.8325,8,0.11
79534,MULTICOLOUR GLASS PLATE,116,18,3.9291103950808033,63.8,0.55,14,0.16
22987,"WRAP , SUMMER ROSE DESIGN",150,6,0.0,63.0,0.42,6,0.2
72709,IVORY SCULPTED RND CANDLE ,74,13,3.660250797067859,62.9,0.8499999999999999,10,0.1
90214G,"LETTER ""G"" BLING KEY RING",69,21,4.051454765178271,62.25,1.112857142857143,13,0.09
47348A,FUSCHIA VOILE POINTY SHOE DEC,103,16,6.153251173160413,62.01,0.78,12,0.14
17136A,BLUE STONES ON WIRE FOR CANDLE,743,34,18.396528580539776,61.78,0.10676470588235294,28,1.01
22578,WOODEN STAR CHRISTMAS SCANDISPOT,72,2,0.0,61.2,0.85,2,0.1
22565,FELTCRAFT HAIRBANDS PINK + WHITE ,72,6,0.0,61.199999999999996,0.85,6,0.1
22537,MAGIC SLATE DINOSAUR,144,3,0.0,60.480000000000004,0.42,3,0.2
84251F,"GREETING CARD, RITA",312,31,5.0723793487932785,59.279999999999994,0.19,26,0.42
72051S,BAG OF SILVER STONES,141,20,10.918236796151753,59.22,0.42000000000000004,18,0.19
35607B,BLACK FEATHER CHRISTMAS DECORATION,310,16,22.34241109042024,58.9,0.19,15,0.42
90214D,"LETTER ""D"" BLING KEY RING",65,19,4.127358443278006,58.21,1.1489473684210525,11,0.09
35594,WOODEN CHRISTMAS TREE 3 HANGING,138,21,4.489670684709832,57.96,0.42000000000000004,18,0.19
44241C,BLUE BUTTERFLY ON SPRING,68,7,17.01679842307091,57.8,0.85,7,0.09
35821B,"JEWELLED DECORATION,BLUE",150,3,24.24871130596428,57.0,0.38000000000000006,3,0.2
79051A,SMOKEY GREY COLOUR GLASS,196,11,12.94463735929425,56.839999999999996,0.29,10,0.27
84226,HEN HOUSE W FAMILY IN BARN & NEST,75,17,8.070461755139942,56.61,0.8376470588235294,17,0.1
17129C,SKY BLUE COLOUR GLASS GEMS IN BAG,84,10,22.351733713517618,56.28,0.829,7,0.11
47344B,BLUE FLOWER DES PURSE,54,10,4.718756898449704,56.160000000000004,1.082,10,0.07
35817B,"ACRYLIC JEWEL SNOWFLAKE,BLUE",142,2,98.99494936611666,56.129999999999995,1.4649999999999999,2,0.19
85080,PADDED RED HEART DECORATION,113,22,4.143790012898297,55.76,0.5331818181818182,19,0.15
90084,PINK CRYSTAL GUITAR PHONE CHARM,64,9,6.132789830991366,54.4,0.85,8,0.09
46115B,GREEN POP ART MAO CUSHION COVER ,286,22,13.529509194631528,54.339999999999996,0.18999999999999997,19,0.39
79406,FROSTED WHITE BASE ,245,15,17.783084525416147,53.900000000000006,0.22,14,0.33
35816B,"ACRYLIC JEWEL ANGEL,BLUE",137,2,95.45941546018392,52.93,0.815,2,0.19
90214R,"LETTER ""R"" BLING KEY RING",52,19,3.5251809293701966,52.52,1.1489473684210525,15,0.07
84402B,PURPLE DRESS JEWELLERY STAND,62,4,11.32843031197762,51.14,1.33,4,0.08
22657,HEN & 2 CHICKS IN BASKET,59,7,6.876460883747852,50.15,0.85,7,0.08
37462B,"PET MUG, BUDGIE",119,5,19.00526242912736,49.980000000000004,0.42000000000000004,4,0.16
84537B,FAIRY CAKES GIFT BAG,117,11,7.852040846464405,49.14,0.42,10,0.16
90214P,"LETTER ""P"" BLING KEY RING",58,18,4.222566205458136,48.5,1.09,13,0.08
90104,PURPLE FRANGIPANI HAIRCLIP,57,12,4.535215741084632,48.449999999999996,0.85,11,0.08
72771B,BURG FLOCK GOLD CUP/CANDLE ,115,7,22.70724658823803,48.3,0.42,6,0.16
22344,PARTY PIZZA DISH PINK WHITE SPOT ,56,10,4.788875998951458,47.599999999999994,0.85,10,0.08
72129,COLUMBIAN CANDLE ROUND ,73,17,4.0890815882413145,47.45,0.65,16,0.1
35603C,SET/16 WHITE SHINY & MATT BAUBLES,80,23,3.1169560503418787,47.04,0.7121739130434782,19,0.11
84227,HEN HOUSE W CHICK IN NEST,112,13,11.48577715799314,47.04,0.42,13,0.15
72024U,LILAC VOTIVE CANDLE,218,10,6.957010852370434,45.78,0.21000000000000002,10,0.3
16161C,WRAP SPEED DEMONS ,450,2,176.7766952966369,45.0,0.1,2,0.61
85081,PADDED HOLLY CHRISTMAS DECORATION ,100,21,3.7403844976788396,44.49,0.45952380952380956,20,0.14
84447,6 RABBIT CHAIN EASTER,52,7,4.540820148282425,44.199999999999996,0.85,7,0.07
84251B,"GREETING CARD, STICKY GORDON",231,22,3.863750953228149,43.88999999999999,0.18999999999999997,19,0.31
79063C,"RETRO PILL BOX KEY CHAIN,THE KING",235,14,26.4725651061,43.65,0.18928571428571428,13,0.32
35916A,YELLOW FELT HANGING HEART W FLOWER,51,7,4.785891965429423,43.349999999999994,0.85,7,0.07
35822P,"ACRYLIC BEAD CHAIN, PINK",114,1,1.0,43.32,0.38,1,0.15
79026B,"S/4 ICON COASTER,ELVIS LIVES",51,22,2.4569893237042235,43.11,0.9372727272727274,17,0.07
22987,WRAP SUMMER ROSE DESIGN,100,4,0.0,42.0,0.42,4,0.14
23231,WRAP  VINTAGE DOILEY ,100,2,0.0,42.0,0.42,2,0.14
22532,MAGIC SLATE LEAP FROG ,96,2,0.0,40.32,0.42,2,0.13
17014C,ORIGAMI LAVENDER INCENSE CONES,96,1,1.0,40.32,0.42,1,0.13
22529,MAGIC SLATE GO TO THE FAIR ,96,2,0.0,40.32,0.42,2,0.13
47013A,WINE BOTTLE DRESSING LT.BLUE,141,25,5.7942500233708705,39.87,0.2764,21,0.19
35963,FOLKART ZINC CLIP ON ANGEL WINGS,101,13,9.679478689077614,38.379999999999995,0.38,10,0.14
81952B,ROUND BLUE CLOCK WITH SUCKER,200,9,30.08644951542878,38.0,0.19,9,0.27
16162M,THE KING GIFT BAG 25x24x12cm,86,12,4.407294229370491,36.12,0.42,10,0.12
35815B,"ACRYLIC JEWEL SNOWFLAKE,BLUE",93,2,2.1213203435596424,35.34,0.38,2,0.13
84745B,BLUE HANGING GINGHAM EASTER HEN,83,18,2.7254549299453474,34.86,0.42,15,0.11
79063D,"RETRO PILL BOX , REVOLUTIONARY",188,10,31.065522153452793,34.72,0.189,9,0.25
35955,SMALL FOLKART CHRISTMAS TREE DEC,135,5,40.85951541562871,34.62,0.374,4,0.18
72715,SPHERICAL IVORY CANDLE ,82,12,2.4802248187442912,34.44,0.42,8,0.11
81950B,FLOWER BLUE CLOCK WITH SUCKER,116,9,15.814901552368612,33.64,0.29,8,0.16
17014E,ORIGAMI OPIUM INCENSE CONES,93,4,43.83586811428894,33.3,1.3125,4,0.13
47013C,WINE BOTTLE DRESSING DARK BLUE,138,23,4.482288376589473,33.05,0.24565217391304345,18,0.19
16050,TEATIME PENCIL WITH RUBBER,122,4,23.9513395589196,30.5,0.25,4,0.17
84745A,PINK HANGING GINGHAM EASTER HEN,72,17,2.9692046865428856,30.240000000000002,0.42,13,0.1
44089C,LILAC GAUZE BUTTERFLY LAMPSHADE,68,18,2.5334365304058384,28.56,0.42,14,0.09
37462E,"PET MUG, GOLDFISH",81,9,9.578622030334008,28.27,0.3433333333333333,9,0.11
23380,PACK OF 12 DOILEY TISSUES,72,2,16.97056274847714,28.08,0.39,2,0.1
44235,ASSORTED COLOURED CIRCLE MOBILE ,64,8,9.9713876380658,26.88,0.42,6,0.09
35597D,PINK/WHITE CHRISTMAS TREE 30CM,58,8,9.82344135219425,25.28,0.5825,7,0.08
84251J,"GREETING CARD, THE BLACK CAT",60,4,6.0,25.2,0.42,4,0.08
84251C,"GREETING CARD, TWO SISTERS.",132,14,4.309458036856673,25.08,0.19,13,0.18
17013F,ORIGAMI SANDLEWOOD INCENSE IN TUBE,61,4,27.183021661814323,25.05,1.3125,4,0.08
35633B,BLUE TINSEL GARLAND ,130,12,12.2758694069695,24.7,0.19000000000000003,12,0.18
37468,HARDMAN MUG 3 ASSORTED,63,12,4.6539328432080875,24.57,0.38999999999999996,11,0.09
10124A,SPOTS ON RED BOOKCOVER TAPE,58,18,1.9570552775732024,24.36,0.42,18,0.08
72801E,4 FESTIVE GREEN DINNER CANDLES,51,2,31.81980515339464,23.91,0.835,2,0.07
17014F,ORIGAMI SANDLEWOOD INCENSE CONES,61,4,27.83732506306356,23.700000000000003,1.3125,4,0.08
18010,ASSORTED FRAGRANCE BATH CONFETTI,56,6,7.737355275975549,23.52,0.42,6,0.08
35611B,BLACK ASSORTED DROPLET DECORATION,59,3,24.78574859336174,22.419999999999998,0.38000000000000006,2,0.08
90214Y,"LETTER ""Y"" BLING KEY RING",63,5,20.354360712142253,21.15,0.866,4,0.09
37487B,YELLOW/ORANGE FLOWER DESIGN PLATE,68,2,36.76955262170047,19.72,0.29,2,0.09
79062D,"RETRO TIN ASHTRAY,REVOLUTIONARY",52,4,8.246211251235321,19.4,0.38,4,0.07
71050,SMALL SINGLE FLAME CANDLE HOLDER,51,8,3.4200041771068896,17.85,0.35,7,0.07
84206A,3 BLACK CATS W HEARTS BLANK CARD,79,10,6.244108334173014,15.01,0.19,9,0.11
17061,ASSORTED SHAPED STENCIL FOR HENNA,52,1,1.0,2.08,0.04,1,0.07
