Date,Revenue,TotalQuantity,Transactions,UniqueCustomers,lag_1,lag_2,lag_3,lag_7,lag_14,lag_21,lag_30,rolling_mean_7,rolling_std_7,rolling_mean_14,rolling_mean_30,rolling_std_30,day_of_week,day_of_month,month,quarter,is_weekend,sin_dow,cos_dow,sin_month,cos_month
2009-12-31,0.0,0.0,0.0,0.0,0.0,0.0,0.0,0.0,29758.87,38598.21,43894.87,0.0,0.0,7743.477142857142,22783.467,20082.306003648766,3,31,12,4,0,0.43388373911755823,-0.900968867902419,-2.4492935982947064e-16,1.0
2010-01-01,0.0,0.0,0.0,0.0,0.0,0.0,0.0,0.0,31562.72,39204.17,52762.06,0.0,0.0,5617.8435714285715,21320.304666666667,20090.176987087536,4,1,1,1,0,-0.433883739117558,-0.9009688679024191,0.49999999999999994,0.8660254037844387
2010-01-02,0.0,0.0,0.0,0.0,0.0,0.0,0.0,0.0,0.0,0.0,67413.62,0.0,0.0,3363.3635714285715,19561.569333333333,19544.836202469392,5,2,1,1,1,-0.9749279121818236,-0.2225209339563146,0.49999999999999994,0.8660254037844387
2010-01-03,0.0,0.0,0.0,0.0,0.0,0.0,0.0,0.0,11355.19,21577.35,33913.81,0.0,0.0,3363.363571428571,17314.448666666667,17635.551619033395,6,3,1,1,1,-0.7818314824680299,0.6234898018587334,0.49999999999999994,0.8660254037844387
2010-01-04,13415.09,10593.0,26.0,22.0,0.0,0.0,0.0,0.0,15549.64,51245.16,9803.05,0.0,0.0,2552.2785714285715,16183.988333333335,17621.774212329216,0,4,1,1,0,0.0,1.0,0.49999999999999994,0.8660254037844387
2010-01-05,19051.19,11288.0,33.0,31.0,13415.09,0.0,0.0,0.0,10696.59,46836.63,24390.1,1916.4414285714286,5070.427422221354,2399.8107142857148,16304.389666666666,17588.98204779648,1,5,1,1,0,0.7818314824680298,0.6234898018587336,0.49999999999999994,0.8660254037844387
2010-01-06,8731.26,7458.0,13.0,13.0,19051.19,13415.09,0.0,0.0,9485.67,36927.3,33002.49,4638.04,8086.331830451101,2996.567857142857,16126.426,17531.265138495422,2,6,1,1,0,0.9749279121818236,-0.22252093395631434,0.49999999999999994,0.8660254037844387
2010-01-07,72989.38,40592.0,45.0,41.0,8731.26,19051.19,13415.09,0.0,0.0,29758.87,44763.34,5885.362857142857,7923.434751736383,2942.6814285714286,15317.385,17283.900209568714,3,7,1,1,0,0.43388373911755823,-0.900968867902419,0.49999999999999994,0.8660254037844387
2010-01-08,30292.7,12694.0,44.0,42.0,72989.38,8731.26,19051.19,0.0,0.0,31562.72,30763.170000000002,16312.417142857144,26089.373005108624,8156.208571428572,16258.253,19560.428694610076,4,8,1,1,0,-0.433883739117558,-0.9009688679024191,0.49999999999999994,0.8660254037844387
2010-01-09,0.0,0.0,0.0,0.0,30292.7,72989.38,8731.26,0.0,0.0,0.0,38598.21,20639.945714285717,25436.827415401644,10319.972857142859,16242.570666666667,19548.58356112507,5,9,1,1,1,-0.9749279121818236,-0.2225209339563146,0.49999999999999994,0.8660254037844387
2010-01-10,23157.33,13291.0,31.0,29.0,0.0,30292.7,72989.38,0.0,0.0,11355.19,39204.17,20639.945714285717,25436.827415401644,10319.972857142859,14955.963666666668,19295.034400366523,6,10,1,1,1,-0.7818314824680299,0.6234898018587334,0.49999999999999994,0.8660254037844387
2010-01-11,19684.49,9414.0,43.0,37.0,23157.33,0.0,30292.7,13415.09,0.0,15549.64,0.0,23948.135714285716,23755.399915198836,11974.067857142858,14421.069,18816.130051235545,0,11,1,1,0,0.0,1.0,0.49999999999999994,0.8660254037844387
2010-01-12,38833.58,20782.0,36.0,32.0,19684.49,23157.33,0.0,19051.19,0.0,10696.59,21577.35,24843.76428571429,23407.736327185266,13380.102857142858,15077.21866666667,18638.27740210225,1,12,1,1,0,0.7818314824680298,0.6234898018587336,0.49999999999999994,0.8660254037844387
2010-01-13,12391.1,6541.0,25.0,25.0,38833.58,19684.49,23157.33,8731.26,0.0,9485.67,51245.16,27669.820000000003,23783.003771393138,16153.930000000002,15652.426333333335,19106.203390223724,2,13,1,1,0,0.9749279121818236,-0.22252093395631434,0.49999999999999994,0.8660254037844387
2010-01-14,23721.64,11788.0,55.0,47.0,12391.1,38833.58,19684.49,72989.38,0.0,0.0,46836.63,28192.65428571429,23333.253632506166,17039.008571428574,14357.291000000001,17888.38529490099,3,14,1,1,0,0.43388373911755823,-0.900968867902419,0.49999999999999994,0.8660254037844387
2010-01-15,13499.55,8414.0,44.0,37.0,23721.64,12391.1,38833.58,30292.7,0.0,0.0,36927.3,21154.405714285716,12470.826515129704,18733.411428571428,13586.791333333334,16912.3592876201,4,15,1,1,0,-0.433883739117558,-0.9009688679024191,0.49999999999999994,0.8660254037844387
2010-01-16,0.0,0.0,0.0,0.0,13499.55,23721.64,12391.1,0.0,0.0,0.0,29758.87,18755.38428571429,12027.263131969328,19697.665,12805.866333333335,16328.251330762312,5,16,1,1,1,-0.9749279121818236,-0.2225209339563146,0.49999999999999994,0.8660254037844387
2010-01-17,17363.25,9910.0,39.0,35.0,0.0,13499.55,23721.64,23157.33,0.0,0.0,31562.72,18755.38428571429,12027.263131969328,19697.665,11813.904,16165.95843889925,6,17,1,1,1,-0.7818314824680299,0.6234898018587334,0.49999999999999994,0.8660254037844387
2010-01-18,12078.84,8319.0,35.0,32.0,17363.25,0.0,13499.55,19684.49,13415.09,0.0,0.0,17927.658571428572,11872.203905657718,20937.897142857142,11340.588333333335,15770.844806286033,0,18,1,1,0,0.0,1.0,0.49999999999999994,0.8660254037844387
2010-01-19,21892.79,12939.0,45.0,41.0,12078.84,17363.25,0.0,38833.58,19051.19,0.0,11355.19,16841.137142857147,12031.582562676058,20842.450714285715,11743.216333333334,15624.84717034278,1,19,1,1,0,0.7818314824680298,0.6234898018587336,0.49999999999999994,0.8660254037844387
2010-01-20,13244.34,8208.0,35.0,31.0,21892.79,12078.84,17363.25,12391.1,8731.26,0.0,15549.64,14421.024285714288,7846.516252985269,21045.42214285714,12094.469666666668,15733.887804458001,2,20,1,1,0,0.9749279121818236,-0.22252093395631434,0.49999999999999994,0.8660254037844387
2010-01-21,27359.23,72900.0,48.0,47.0,13244.34,21892.79,12078.84,23721.64,72989.38,0.0,10696.59,14542.915714285715,7816.295952582783,21367.785000000003,12017.626333333332,15722.056098173909,3,21,1,1,0,0.43388373911755823,-0.900968867902419,0.49999999999999994,0.8660254037844387
2010-01-22,29345.83,16974.0,42.0,39.0,27359.23,13244.34,21892.79,13499.55,30292.7,0.0,9485.67,15062.571428571433,8608.96366621719,18108.488571428574,12573.04766666667,15966.207062606922,4,22,1,1,0,-0.433883739117558,-0.9009688679024191,0.49999999999999994,0.8660254037844387
2010-01-23,0.0,0.0,0.0,0.0,29345.83,27359.23,13244.34,0.0,0.0,0.0,0.0,17326.32571428572,10086.144684722802,18040.855000000003,13235.052999999998,16243.110014677977,5,23,1,1,1,-0.9749279121818236,-0.2225209339563146,0.49999999999999994,0.8660254037844387
2010-01-24,15552.32,8700.0,49.0,48.0,0.0,29345.83,27359.23,17363.25,23157.33,0.0,0.0,17326.32571428572,10086.144684722802,18040.855000000003,13235.052999999998,16243.110014677977,6,24,1,1,1,-0.7818314824680299,0.6234898018587334,0.49999999999999994,0.8660254037844387
2010-01-25,18346.54,9104.0,45.0,44.0,15552.32,0.0,29345.83,12078.84,19684.49,13415.09,0.0,17067.62142857143,10108.240245185167,17497.640000000003,13753.463666666667,16053.209664431914,0,25,1,1,0,0.0,1.0,0.49999999999999994,0.8660254037844387
2010-01-26,38570.37,22305.0,81.0,68.0,18346.54,15552.32,0.0,21892.79,38833.58,19051.19,0.0,17963.007142857146,9867.411081054846,17402.072142857145,14365.015000000001,15859.490155468371,1,26,1,1,0,0.7818314824680298,0.6234898018587336,0.49999999999999994,0.8660254037844387
2010-01-27,23722.72,16985.0,51.0,47.0,38570.37,18346.54,15552.32,13244.34,12391.1,8731.26,0.0,20345.518571428573,12607.408498748444,17383.27142857143,15650.694,16214.229437968153,2,27,1,1,0,0.9749279121818236,-0.22252093395631434,0.49999999999999994,0.8660254037844387
2010-01-28,18914.829999999998,10855.0,53.0,48.0,23722.72,38570.37,18346.54,27359.23,23721.64,72989.38,0.0,21842.43,12240.465949306568,18192.67285714286,16441.451333333334,16001.713612978374,3,28,1,1,0,0.43388373911755823,-0.900968867902419,0.49999999999999994,0.8660254037844387
2010-01-29,25382.44,9471.0,45.0,37.0,18914.829999999998,23722.72,38570.37,29345.83,13499.55,30292.7,0.0,20636.087142857144,12020.281179697533,17849.329285714288,17071.945666666667,15701.373654987943,4,29,1,1,0,-0.433883739117558,-0.9009688679024191,0.49999999999999994,0.8660254037844387
2010-01-30,0.0,0.0,0.0,0.0,25382.44,18914.829999999998,23722.72,0.0,0.0,0.0,0.0,20069.888571428575,11628.607948251924,18698.107142857145,17918.027,15431.26951164893,5,30,1,1,1,-0.9749279121818236,-0.2225209339563146,0.49999999999999994,0.8660254037844387
2010-01-31,18261.86,10557.0,48.0,47.0,0.0,25382.44,18914.829999999998,15552.32,17363.25,23157.33,0.0,20069.888571428575,11628.607948251924,18698.107142857145,17918.027,15431.26951164893,6,31,1,1,1,-0.7818314824680299,0.6234898018587334,0.49999999999999994,0.8660254037844387
2010-02-01,16606.93,8581.0,56.0,49.0,18261.86,0.0,25382.44,18346.54,12078.84,19684.49,0.0,20456.965714285714,11497.527831384541,18762.293571428574,18526.755666666668,15055.694644201547,0,1,2,1,0,0.0,1.0,0.8660254037844386,0.5000000000000001
2010-02-02,19532.03,10543.0,41.0,34.0,16606.93,18261.86,0.0,38570.37,21892.79,38833.58,0.0,20208.450000000004,11569.323196027222,19085.72857142857,19080.32,14650.875396097877,1,2,2,1,0,0.7818314824680298,0.6234898018587336,0.8660254037844386,0.5000000000000001
2010-02-03,17230.06,9369.0,44.0,41.0,19532.03,16606.93,18261.86,23722.72,13244.34,12391.1,13415.09,17488.687142857143,8312.77233359549,18917.102857142858,19731.387666666666,14200.807533755129,2,3,2,1,0,0.9749279121818236,-0.22252093395631434,0.8660254037844386,0.5000000000000001
2010-02-04,22486.01,12794.0,62.0,52.0,17230.06,19532.03,16606.93,18914.829999999998,27359.23,23721.64,19051.19,16561.164285714287,7850.634103928295,19201.797142857144,19858.553333333333,14159.316409554702,3,4,2,1,0,0.43388373911755823,-0.900968867902419,0.8660254037844386,0.5000000000000001
2010-02-05,19420.74,9889.0,38.0,35.0,22486.01,17230.06,19532.03,25382.44,29345.83,13499.55,8731.26,17071.33285714286,8139.787933838158,18853.71,19973.047333333332,14166.4482457584,4,5,2,1,0,-0.433883739117558,-0.9009688679024191,0.8660254037844386,0.5000000000000001
2010-02-06,0.0,0.0,0.0,0.0,19420.74,22486.01,17230.06,0.0,0.0,0.0,72989.38,16219.66142857143,7403.880604951775,18144.775,20329.363333333335,14007.483036207599,5,6,2,1,1,-0.9749279121818236,-0.2225209339563146,0.8660254037844386,0.5000000000000001
2010-02-07,17023.92,11179.0,29.0,29.0,0.0,19420.74,22486.01,18261.86,15552.32,17363.25,30292.7,16219.66142857143,7403.880604951775,18144.775,17896.384000000002,10426.593741390196,6,7,2,1,1,-0.7818314824680299,0.6234898018587334,0.8660254037844386,0.5000000000000001
2010-02-08,13016.04,7043.0,49.0,45.0,17023.92,0.0,19420.74,16606.93,18346.54,12078.84,0.0,16042.812857142859,7361.63497463192,18249.889285714286,17454.091333333334,10160.650456645439,0,8,2,1,0,0.0,1.0,0.8660254037844386,0.5000000000000001
2010-02-09,18398.26,10629.0,51.0,51.0,13016.04,17023.92,0.0,19532.03,38570.37,21892.79,23157.33,15529.828571428574,7440.464508735171,17869.139285714286,17887.959333333336,9654.960250072616,1,9,2,1,0,0.7818314824680298,0.6234898018587336,0.8660254037844386,0.5000000000000001
2010-02-10,6082.34,3066.0,27.0,24.0,18398.26,13016.04,17023.92,17230.06,23722.72,13244.34,19684.49,15367.86142857143,7350.620401622417,16428.274285714288,17729.323666666667,9604.36080335475,2,10,2,1,0,0.9749279121818236,-0.22252093395631434,0.8660254037844386,0.5000000000000001
2010-02-11,15061.87,9027.0,54.0,48.0,6082.34,18398.26,13016.04,22486.01,18914.829999999998,27359.23,38833.58,13775.330000000002,8053.878485514502,15168.247142857144,17275.91866666667,9827.356113227217,3,11,2,1,0,0.43388373911755823,-0.900968867902419,0.8660254037844386,0.5000000000000001
2010-02-12,9728.96,7324.0,28.0,27.0,15061.87,6082.34,18398.26,19420.74,25382.44,29345.83,12391.1,12714.738571428576,7154.194711464571,14893.035714285716,16483.528333333332,8948.249093295439,4,12,2,1,0,-0.433883739117558,-0.9009688679024191,0.8660254037844386,0.5000000000000001
2010-02-13,0.0,0.0,0.0,0.0,9728.96,15061.87,6082.34,0.0,0.0,0.0,23721.64,11330.198571428573,6552.617457343357,13774.930000000002,16394.790333333334,9003.263170806262,5,13,2,1,1,-0.9749279121818236,-0.2225209339563146,0.8660254037844386,0.5000000000000001
2010-02-14,17772.19,10892.0,45.0,39.0,0.0,9728.96,15061.87,17023.92,18261.86,15552.32,13499.55,11330.198571428573,6552.617457343357,13774.930000000002,15604.069,9371.73465190809,6,14,2,1,1,-0.7818314824680299,0.6234898018587334,0.8660254037844386,0.5000000000000001
2010-02-15,42318.21,96358.0,43.0,35.0,17772.19,0.0,9728.96,13016.04,16606.93,18346.54,0.0,11437.094285714289,6666.103012720042,13739.953571428572,15746.490333333331,9371.115074693153,0,15,2,1,0,0.0,1.0,0.8660254037844386,0.5000000000000001
2010-02-16,25669.01,15744.0,58.0,51.0,42318.21,17772.19,0.0,18398.26,19532.03,38570.37,17363.25,15623.118571428573,13509.94830488189,15576.473571428573,17157.09733333333,10077.503281933075,1,16,2,1,0,0.7818314824680298,0.6234898018587336,0.8660254037844386,0.5000000000000001
2010-02-17,26455.22,24986.0,46.0,42.0,25669.01,42318.21,17772.19,6082.34,17230.06,23722.72,12078.84,16661.797142857144,14028.416230555891,16014.829285714286,17433.956,10196.748528765429,2,17,2,1,0,0.9749279121818236,-0.22252093395631434,0.8660254037844386,0.5000000000000001
2010-02-18,35737.24,19851.0,62.0,58.0,26455.22,25669.01,42318.21,15061.87,22486.01,18914.829999999998,21892.79,19572.208571428575,13573.697154562615,16673.769285714287,17913.16866666667,10273.926371620582,3,18,2,1,0,0.43388373911755823,-0.900968867902419,0.8660254037844386,0.5000000000000001
2010-02-19,18931.99,10862.0,34.0,30.0,35737.24,26455.22,25669.01,9728.96,19420.74,25382.44,13244.34,22525.83285714286,14636.537265648736,17620.285714285714,18374.650333333335,10758.35601893404,4,19,2,1,0,-0.433883739117558,-0.9009688679024191,0.8660254037844386,0.5000000000000001
2010-02-20,0.0,0.0,0.0,0.0,18931.99,35737.24,26455.22,0.0,0.0,0.0,27359.23,23840.55142857143,13677.388248967029,17585.375,18564.238666666668,10714.857126467203,5,20,2,1,1,-0.9749279121818236,-0.2225209339563146,0.8660254037844386,0.5000000000000001
2010-02-21,11394.73,5555.0,37.0,34.0,0.0,18931.99,35737.24,17772.19,17023.92,18261.86,29345.83,23840.55142857143,13677.388248967029,17585.375,17652.264333333336,11097.94156613853,6,21,2,1,1,-0.7818314824680299,0.6234898018587334,0.8660254037844386,0.5000000000000001
2010-02-22,26336.24,13423.0,46.0,41.0,11394.73,0.0,18931.99,42318.21,13016.04,16606.93,0.0,22929.485714285718,14345.085519274382,17183.29,17053.894333333334,10928.357231158376,0,22,2,1,0,0.0,1.0,0.8660254037844386,0.5000000000000001
2010-02-23,20840.01,11574.0,44.0,42.0,26336.24,11394.73,0.0,25669.01,18398.26,19532.03,15552.32,20646.347142857147,11789.000272239264,18134.73285714286,17931.769000000004,10562.861865034605,1,23,2,1,0,0.7818314824680298,0.6234898018587336,0.8660254037844386,0.5000000000000001
2010-02-24,30392.66,21941.0,59.0,47.0,20840.01,26336.24,11394.73,26455.22,6082.34,17230.06,18346.54,19956.489999999998,11585.6391529629,18309.143571428573,18108.025333333335,10565.904129163484,2,24,2,1,0,0.9749279121818236,-0.22252093395631434,0.8660254037844386,0.5000000000000001
2010-02-25,44604.16,26014.0,66.0,55.0,30392.66,20840.01,26336.24,35737.24,15061.87,22486.01,38570.37,20518.981428571427,12040.401321533316,20045.595,18509.56266666667,10801.548363910426,3,25,2,1,0,0.43388373911755823,-0.900968867902419,0.8660254037844386,0.5000000000000001
2010-02-26,12778.64,6798.0,32.0,26.0,44604.16,30392.66,20840.01,18931.99,9728.96,19420.74,23722.72,21785.68428571429,14183.88912272285,22155.75857142857,18710.689,11235.424933639302,4,26,2,1,0,-0.433883739117558,-0.9009688679024191,0.8660254037844386,0.5000000000000001
2010-02-27,0.0,0.0,0.0,0.0,12778.64,44604.16,30392.66,0.0,0.0,0.0,18914.829999999998,20906.63428571429,14575.495630481853,22373.592857142856,18345.886333333332,11244.745517380927,5,27,2,1,1,-0.9749279121818236,-0.2225209339563146,0.8660254037844386,0.5000000000000001
2010-02-28,16741.49,8419.0,53.0,50.0,0.0,12778.64,44604.16,11394.73,17772.19,17023.92,25382.44,20906.63428571429,14575.495630481853,22373.592857142856,17715.392,11731.4885819406,6,28,2,1,1,-0.7818314824680299,0.6234898018587334,0.8660254037844386,0.5000000000000001
2010-03-01,23933.87,21188.0,57.0,49.0,16741.49,0.0,12778.64,26336.24,42318.21,13016.04,0.0,21670.457142857143,14127.152128234862,22299.971428571425,17427.360333333334,11642.494843044322,0,1,3,1,0,0.0,1.0,1.0,6.123233995736766e-17
2010-03-02,21667.8,11019.0,52.0,48.0,23933.87,16741.49,0.0,20840.01,25669.01,18398.26,18261.86,21327.26142857143,14023.715559303388,20986.804285714286,18225.156,11219.457146221499,1,2,3,1,0,0.7818314824680298,0.6234898018587336,1.0,6.123233995736766e-17
2010-03-03,31849.7,20031.0,60.0,53.0,21667.8,23933.87,16741.49,30392.66,26455.22,6082.34,16606.93,21445.517142857145,14022.412121289646,20701.003571428573,18338.68733333333,11237.060160758678,2,3,3,1,0,0.9749279121818236,-0.22252093395631434,1.0,6.123233995736766e-17
2010-03-04,29966.35,18044.0,73.0,67.0,31849.7,21667.8,23933.87,44604.16,35737.24,15061.87,19532.03,21653.66571428572,14187.20447574723,21086.323571428573,18846.77966666666,11497.64272074077,3,4,3,1,0,0.43388373911755823,-0.900968867902419,1.0,6.123233995736766e-17
2010-03-05,25361.64,17947.0,59.0,55.0,29966.35,31849.7,21667.8,12778.64,18931.99,9728.96,17230.06,19562.55,10950.089821409394,20674.117142857143,19194.590333333337,11675.532867502045,4,5,3,1,0,-0.433883739117558,-0.9009688679024191,1.0,6.123233995736766e-17
2010-03-06,0.0,0.0,0.0,0.0,25361.64,29966.35,31849.7,0.0,0.0,0.0,22486.01,21360.12142857143,10680.324364892416,21133.37785714286,19465.643,11722.646812136647,5,6,3,1,1,-0.9749279121818236,-0.2225209339563146,1.0,6.123233995736766e-17
2010-03-07,19034.6,10876.0,50.0,46.0,0.0,25361.64,29966.35,16741.49,11394.73,17772.19,19420.74,21360.12142857143,10680.324364892416,21133.37785714286,18716.109333333334,12230.723918075846,6,7,3,1,1,-0.7818314824680299,0.6234898018587334,1.0,6.123233995736766e-17
2010-03-08,26605.58,13876.0,69.0,66.0,19034.6,0.0,25361.64,23933.87,26336.24,42318.21,0.0,21687.708571428575,10549.416030634806,21679.08285714286,18703.238,12230.159980115406,0,8,3,1,0,0.0,1.0,1.0,6.123233995736766e-17
2010-03-09,19665.69,11984.0,53.0,51.0,26605.58,19034.6,0.0,21667.8,20840.01,25669.01,17023.92,22069.38142857143,10691.597717835002,21698.32142857143,19590.090666666667,11783.636007070003,1,9,3,1,0,0.7818314824680298,0.6234898018587336,1.0,6.123233995736766e-17
2010-03-10,22905.79,17302.0,56.0,47.0,19665.69,26605.58,19034.6,31849.7,30392.66,26455.22,13016.04,21783.36571428572,10730.838740738252,21614.441428571434,19678.149666666668,11773.664505290073,2,10,3,1,0,0.9749279121818236,-0.22252093395631434,1.0,6.123233995736766e-17
2010-03-11,21537.09,13706.0,46.0,39.0,22905.79,19665.69,26605.58,29966.35,44604.16,35737.24,18398.26,20505.66428571429,9826.88916714214,21079.665,20007.808,11719.02346617092,3,11,3,1,0,0.43388373911755823,-0.900968867902419,1.0,6.123233995736766e-17
2010-03-12,19123.05,10586.0,35.0,30.0,21537.09,22905.79,19665.69,25361.64,12778.64,18931.99,6082.34,19301.484285714287,8951.865938940451,19432.017142857145,20112.435666666668,11718.169607025595,4,12,3,1,0,-0.433883739117558,-0.9009688679024191,1.0,6.123233995736766e-17
2010-03-13,0.0,0.0,0.0,0.0,19123.05,21537.09,22905.79,0.0,0.0,0.0,15061.87,18410.257142857146,8549.481207499713,19885.18928571429,20547.126,11417.796300205064,5,13,3,1,1,-0.9749279121818236,-0.2225209339563146,1.0,6.123233995736766e-17
2010-03-14,8947.9,4927.0,24.0,22.0,0.0,19123.05,21537.09,19034.6,16741.49,11394.73,9728.96,18410.257142857146,8549.481207499713,19885.18928571429,20045.06366666667,11984.401433866948,6,14,3,1,1,-0.7818314824680299,0.6234898018587334,1.0,6.123233995736766e-17
2010-03-15,20536.68,13990.0,49.0,41.0,8947.9,0.0,19123.05,26605.58,23933.87,26336.24,0.0,16969.300000000003,9248.186036436204,19328.504285714287,20019.028333333332,12008.40964740962,0,15,3,1,0,0.0,1.0,1.0,6.123233995736766e-17
2010-03-16,21048.78,12256.0,43.0,42.0,20536.68,8947.9,0.0,19665.69,21667.8,20840.01,17772.19,16102.314285714287,8443.73858757455,19085.847857142857,20703.584333333336,11397.67539194322,1,16,3,1,0,0.7818314824680298,0.6234898018587336,1.0,6.123233995736766e-17
2010-03-17,29543.78,78565.0,44.0,40.0,21048.78,20536.68,8947.9,22905.79,31849.7,30392.66,42318.21,16299.898571428572,8556.449105241098,19041.632142857143,20812.804,11384.307628313627,2,17,3,1,0,0.9749279121818236,-0.22252093395631434,1.0,6.123233995736766e-17
2010-03-18,37570.75,20574.0,81.0,70.0,29543.78,21048.78,20536.68,21537.09,29966.35,44604.16,25669.01,17248.18285714286,9701.759461267358,18876.92357142857,20386.989666666665,10774.777802973227,3,18,3,1,0,0.43388373911755823,-0.900968867902419,1.0,6.123233995736766e-17
2010-03-19,35274.3,12780.0,52.0,47.0,37570.75,29543.78,21048.78,19123.05,25361.64,12778.64,26455.22,19538.705714285716,12400.479600590543,19420.095,20783.714333333333,11187.183909550915,4,19,3,1,0,-0.433883739117558,-0.9009688679024191,1.0,6.123233995736766e-17
2010-03-20,0.0,0.0,0.0,0.0,35274.3,37570.75,29543.78,0.0,0.0,0.0,35737.24,21846.027142857143,13740.459711963455,20128.14214285714,21077.683666666668,11454.043087298598,5,20,3,1,1,-0.9749279121818236,-0.2225209339563146,1.0,6.123233995736766e-17
2010-03-21,20485.48,12262.0,55.0,51.0,0.0,35274.3,37570.75,8947.9,19034.6,16741.49,18931.99,21846.027142857143,13740.459711963455,20128.14214285714,19886.442333333332,11731.849470212055,6,21,3,1,1,-0.7818314824680299,0.6234898018587334,1.0,6.123233995736766e-17
2010-03-22,21494.16,12051.0,52.0,49.0,20485.48,0.0,35274.3,20536.68,26605.58,23933.87,0.0,23494.25285714286,12578.250191465062,20231.776428571433,19938.225333333332,11730.919783817615,0,22,3,1,0,0.0,1.0,1.0,6.123233995736766e-17
2010-03-23,41826.29,54157.0,65.0,58.0,21494.16,20485.48,0.0,21048.78,19665.69,21667.8,11394.73,23631.035714285717,12545.89198805977,19866.675,20654.69733333333,11111.20594606026,1,23,3,1,0,0.7818314824680298,0.6234898018587336,1.0,6.123233995736766e-17
2010-03-24,25970.5,13663.0,66.0,59.0,41826.29,21494.16,20485.48,29543.78,22905.79,31849.7,26336.24,26599.251428571435,14184.049356692236,21449.575,21669.082666666665,11614.390661338737,2,24,3,1,0,0.9749279121818236,-0.22252093395631434,1.0,6.123233995736766e-17
2010-03-25,30503.38,16603.0,75.0,67.0,25970.5,41826.29,21494.16,37570.75,21537.09,29966.35,20840.01,26088.78285714286,14124.591850342353,21668.48285714286,21656.891333333333,11609.51366297715,3,25,3,1,0,0.43388373911755823,-0.900968867902419,1.0,6.123233995736766e-17
2010-03-26,29867.35,20215.0,56.0,48.0,30503.38,25970.5,41826.29,35274.3,19123.05,25361.64,30392.66,25079.15857142858,13401.133532332806,22308.932142857142,21979.003666666667,11719.60307847481,4,26,3,1,0,-0.433883739117558,-0.9009688679024191,1.0,6.123233995736766e-17
2010-03-27,0.0,0.0,0.0,0.0,29867.35,30503.38,25970.5,0.0,0.0,0.0,44604.16,24306.737142857142,12860.480188503496,23076.382142857146,21961.493333333332,11706.984343012804,5,27,3,1,1,-0.9749279121818236,-0.2225209339563146,1.0,6.123233995736766e-17
2010-03-28,22402.0,14517.0,59.0,56.0,0.0,29867.35,30503.38,20485.48,8947.9,19034.6,12778.64,24306.737142857142,12860.480188503496,23076.382142857146,20474.688,11563.691873324102,6,28,3,1,1,-0.7818314824680299,0.6234898018587334,1.0,6.123233995736766e-17
2010-03-29,31740.38,18251.0,58.0,41.0,22402.0,0.0,29867.35,21494.16,20536.68,26605.58,0.0,24580.52571428571,12785.753792352734,24037.389285714286,20795.466666666667,11475.984715665807,0,29,3,1,0,0.0,1.0,1.0,6.123233995736766e-17
2010-03-30,33524.51,18224.0,68.0,54.0,31740.38,22402.0,0.0,41826.29,21048.78,19665.69,16741.49,26044.271428571432,12958.864402984858,24837.653571428575,21853.479333333333,10943.438437990548,1,30,3,1,0,0.7818314824680298,0.6234898018587336,1.0,6.123233995736766e-17
2010-03-31,24591.07,12506.0,67.0,59.0,33524.51,31740.38,22402.0,25970.5,29543.78,22905.79,23933.87,24858.302857142862,11580.365627642806,25728.777142857143,22412.913333333334,11100.94439971921,2,31,3,1,0,0.9749279121818236,-0.22252093395631434,1.0,6.123233995736766e-17
2010-04-01,28646.66,16895.0,74.0,72.0,24591.07,33524.51,31740.38,30503.38,37570.75,21537.09,21667.8,24661.241428571433,11570.017335684857,25375.01214285714,22434.820000000003,11104.697189781347,3,1,4,2,0,0.43388373911755823,-0.900968867902419,0.8660254037844387,-0.4999999999999998
2010-04-02,0.0,0.0,0.0,0.0,28646.66,24591.07,33524.51,29867.35,35274.3,19123.05,31849.7,24395.99571428572,11434.2489767028,24737.577142857142,22667.448666666667,11161.031104625225,4,2,4,2,0,-0.433883739117558,-0.9009688679024191,0.8660254037844387,-0.4999999999999998
2010-04-03,0.0,0.0,0.0,0.0,0.0,28646.66,24591.07,0.0,0.0,0.0,29966.35,20129.23142857143,14272.609226826095,22217.984285714287,21605.792,11756.400879293702,5,3,4,2,1,-0.9749279121818236,-0.2225209339563146,0.8660254037844387,-0.4999999999999998
2010-04-04,0.0,0.0,0.0,0.0,0.0,0.0,28646.66,22402.0,20485.48,8947.9,25361.64,20129.23142857143,14272.609226826095,22217.984285714287,20606.913666666664,12282.808939013363,6,4,4,2,1,-0.7818314824680299,0.6234898018587334,0.8660254037844387,-0.4999999999999998
2010-04-05,0.0,0.0,0.0,0.0,0.0,0.0,0.0,31740.38,21494.16,20536.68,0.0,16928.945714285717,16075.7162888852,20754.735714285718,19761.525666666665,12805.913921769237,0,5,4,2,0,0.0,1.0,0.8660254037844387,-0.4999999999999998
2010-04-06,17900.83,12715.0,53.0,46.0,0.0,0.0,0.0,33524.51,41826.29,21048.78,19034.6,12394.605714285717,15673.017513933371,19219.43857142857,19761.525666666665,12805.913921769237,1,6,4,2,0,0.7818314824680298,0.6234898018587336,0.8660254037844387,-0.4999999999999998
2010-04-07,32146.75,22970.0,59.0,46.0,17900.83,0.0,0.0,24591.07,25970.5,29543.78,26605.58,10162.651428571431,13056.51292892355,17510.477142857144,19723.733333333334,12809.80555103766,2,7,4,2,0,0.9749279121818236,-0.22252093395631434,0.8660254037844387,-0.4999999999999998
2010-04-08,39866.6,25830.0,81.0,70.0,32146.75,17900.83,0.0,28646.66,30503.38,37570.75,19665.69,11242.034285714288,14661.747481335986,17951.637857142858,19908.439000000002,12951.621484778447,3,8,4,2,0,0.43388373911755823,-0.900968867902419,0.8660254037844387,-0.4999999999999998
2010-04-09,14668.53,8676.0,35.0,33.0,39866.6,32146.75,17900.83,0.0,29867.35,35274.3,22905.79,12844.882857142858,17263.940919902696,18620.43928571429,20581.802666666666,13453.953627429375,4,9,4,2,0,-0.433883739117558,-0.9009688679024191,0.8660254037844387,-0.4999999999999998
2010-04-10,0.0,0.0,0.0,0.0,14668.53,39866.6,32146.75,0.0,0.0,0.0,21537.09,14940.387142857144,16308.784148034789,17534.809285714287,20307.227333333336,13488.898764074647,5,10,4,2,1,-0.9749279121818236,-0.2225209339563146,0.8660254037844387,-0.4999999999999998
2010-04-11,19732.05,11585.0,42.0,40.0,0.0,14668.53,39866.6,0.0,22402.0,20485.48,19123.05,14940.387142857144,16308.784148034789,17534.809285714287,19589.324333333334,13985.177725527014,6,11,4,2,1,-0.7818314824680299,0.6234898018587334,0.8660254037844387,-0.4999999999999998
2010-04-12,25912.47,12188.0,44.0,37.0,19732.05,0.0,14668.53,0.0,31740.38,21494.16,0.0,17759.25142857143,14944.238222206175,17344.09857142857,19609.624333333333,13984.919563321662,0,12,4,2,0,0.0,1.0,0.8660254037844387,-0.4999999999999998
2010-04-13,25736.04,14373.0,49.0,43.0,25912.47,19732.05,0.0,17900.83,33524.51,41826.29,8947.9,21461.032857142858,12878.555805473334,16927.81928571429,20473.373333333337,13524.64915414414,1,13,4,2,0,0.7818314824680298,0.6234898018587336,0.8660254037844387,-0.4999999999999998
2010-04-14,27054.25,16322.0,43.0,39.0,25736.04,25912.47,19732.05,32146.75,24591.07,25970.5,20536.68,22580.348571428574,12858.030991160664,16371.5,21032.978,13377.841059438648,2,14,4,2,0,0.9749279121818236,-0.22252093395631434,0.8660254037844387,-0.4999999999999998
2010-04-15,19538.34,10700.0,64.0,57.0,27054.25,25736.04,25912.47,39866.6,28646.66,30503.38,21048.78,21852.84857142857,12361.018901961443,16547.44142857143,21250.23033333333,13422.351094786136,3,15,4,2,0,0.43388373911755823,-0.900968867902419,0.8660254037844387,-0.4999999999999998
2010-04-16,19363.82,14781.0,38.0,37.0,19538.34,27054.25,25736.04,14668.53,0.0,29867.35,29543.78,18948.811428571433,9474.495739220885,15896.847142857145,21199.882333333335,13425.965189837258,4,16,4,2,0,-0.433883739117558,-0.9009688679024191,0.8660254037844387,-0.4999999999999998
2010-04-17,0.0,0.0,0.0,0.0,19363.82,19538.34,27054.25,0.0,0.0,0.0,37570.75,19619.567142857148,9285.279097258785,17279.977142857144,20860.550333333333,13336.152326659745,5,17,4,2,1,-0.9749279121818236,-0.2225209339563146,0.8660254037844387,-0.4999999999999998
2010-04-18,23934.46,12961.0,54.0,43.0,0.0,19363.82,19538.34,19732.05,0.0,22402.0,35274.3,19619.567142857148,9285.279097258785,17279.977142857144,19608.192,13476.18020290498,6,18,4,2,1,-0.7818314824680299,0.6234898018587334,0.8660254037844387,-0.4999999999999998
2010-04-19,24561.04,14564.0,61.0,44.0,23934.46,0.0,19363.82,25912.47,0.0,31740.38,0.0,20219.911428571428,9428.513515127825,18989.58142857143,19230.19733333333,13177.330074494557,0,19,4,2,0,0.0,1.0,0.8660254037844387,-0.4999999999999998
2010-04-20,21202.35,12416.0,62.0,53.0,24561.04,23934.46,0.0,25736.04,17900.83,33524.51,20485.48,20026.850000000002,9305.558086504025,20743.941428571434,20048.898666666664,12695.543674760711,1,20,4,2,0,0.7818314824680298,0.6234898018587336,0.8660254037844387,-0.4999999999999998
2010-04-21,25873.86,11566.0,60.0,51.0,21202.35,24561.04,23934.46,27054.25,32146.75,24591.07,21494.16,19379.18,8994.545408184918,20979.764285714286,20072.79433333333,12697.068305886578,2,21,4,2,0,0.9749279121818236,-0.22252093395631434,0.8660254037844387,-0.4999999999999998
2010-04-22,35741.2,21229.0,77.0,67.0,25873.86,21202.35,24561.04,19538.34,39866.6,28646.66,41826.29,19210.552857142855,8836.347337406496,20531.700714285715,20218.78433333333,12739.083837401167,3,22,4,2,0,0.43388373911755823,-0.900968867902419,0.8660254037844387,-0.4999999999999998
2010-04-23,14969.64,9829.0,52.0,43.0,35741.2,25873.86,21202.35,19363.82,14668.53,0.0,25970.5,21525.247142857144,10833.100423394846,20237.02928571429,20015.948,12427.819548432844,4,23,4,2,0,-0.433883739117558,-0.9009688679024191,0.8660254037844387,-0.4999999999999998
2010-04-24,0.0,0.0,0.0,0.0,14969.64,35741.2,25873.86,0.0,0.0,0.0,30503.38,20897.507142857143,11103.169246244857,20258.537142857145,19649.25266666667,12408.3465152172,5,24,4,2,1,-0.9749279121818236,-0.2225209339563146,0.8660254037844387,-0.4999999999999998
2010-04-25,16574.53,8380.0,46.0,44.0,0.0,14969.64,35741.2,23934.46,19732.05,0.0,29867.35,20897.507142857143,11103.169246244857,20258.537142857145,18632.473333333335,12733.760012766039,6,25,4,2,1,-0.7818314824680299,0.6234898018587334,0.8660254037844387,-0.4999999999999998
2010-04-26,29734.03,17979.0,73.0,66.0,16574.53,0.0,14969.64,24561.04,25912.47,0.0,0.0,19846.088571428572,11116.121067315464,20033.0,18189.379333333334,12559.422051937028,0,26,4,2,0,0.0,1.0,0.8660254037844387,-0.4999999999999998
2010-04-27,43534.06,22759.0,74.0,63.0,29734.03,16574.53,0.0,21202.35,25736.04,17900.83,22402.0,20585.087142857144,11641.353529553922,20305.96857142857,19180.51366666667,12243.77168416364,1,27,4,2,0,0.7818314824680298,0.6234898018587336,0.8660254037844387,-0.4999999999999998
2010-04-28,31181.87,19058.0,70.0,62.0,43534.06,29734.03,16574.53,25873.86,27054.25,32146.75,31740.38,23775.33142857143,14538.2105933851,21577.255714285715,19884.91566666667,13018.84600274134,2,28,4,2,0,0.9749279121818236,-0.22252093395631434,0.8660254037844387,-0.4999999999999998
2010-04-29,29575.67,16370.0,76.0,71.0,31181.87,43534.06,29734.03,35741.2,19538.34,39866.6,33524.51,24533.618571428575,14801.94468785261,21872.085714285717,19866.29866666667,13001.696084211131,3,29,4,2,0,0.43388373911755823,-0.900968867902419,0.8660254037844387,-0.4999999999999998
2010-04-30,24532.95,16441.0,42.0,36.0,29575.67,31181.87,43534.06,14969.64,19363.82,14668.53,24591.07,23652.828571428574,14194.877381266153,22589.03785714286,19734.670666666665,12878.05445237346,4,30,4,2,0,-0.433883739117558,-0.9009688679024191,0.8660254037844387,-0.4999999999999998
2010-05-01,0.0,0.0,0.0,0.0,24532.95,29575.67,31181.87,0.0,0.0,0.0,28646.66,25019.015714285717,13670.39893353503,22958.26142857143,19732.733333333334,12877.303028502702,5,1,5,2,1,-0.9749279121818236,-0.2225209339563146,0.49999999999999994,-0.8660254037844387
2010-05-02,12342.17,6296.0,40.0,39.0,0.0,24532.95,29575.67,16574.53,23934.46,19732.05,0.0,25019.015714285713,13670.39893353503,22958.26142857143,18777.844666666668,13250.232750802243,6,2,5,2,1,-0.7818314824680299,0.6234898018587334,0.49999999999999994,-0.8660254037844387
2010-05-03,0.0,0.0,0.0,0.0,12342.17,0.0,24532.95,29734.03,24561.04,25912.47,0.0,24414.392857142862,14189.861044077363,22130.240714285716,19189.250333333333,12832.104391041876,0,3,5,2,0,0.0,1.0,0.49999999999999994,-0.8660254037844387
2010-05-04,18945.33,10501.0,48.0,43.0,0.0,12342.17,0.0,43534.06,21202.35,25736.04,0.0,20166.67428571429,16580.989046285176,20375.880714285715,19189.250333333333,12832.104391041876,1,4,5,2,0,0.7818314824680298,0.6234898018587336,0.49999999999999994,-0.8660254037844387
2010-05-05,23625.22,14814.0,66.0,57.0,18945.33,0.0,12342.17,31181.87,25873.86,27054.25,0.0,16653.998571428576,13029.837032404306,20214.665,19820.761333333336,12310.76368741702,2,5,5,2,0,0.9749279121818236,-0.22252093395631434,0.49999999999999994,-0.8660254037844387
2010-05-06,51704.13,30422.0,76.0,68.0,23625.22,18945.33,0.0,29575.67,35741.2,19538.34,17900.83,15574.477142857146,11888.658691542576,20054.047857142858,20608.268666666667,11741.612510958093,3,6,5,2,0,0.43388373911755823,-0.900968867902419,0.49999999999999994,-0.8660254037844387
2010-05-07,31976.09,22834.0,63.0,48.0,51704.13,23625.22,18945.33,24532.95,14969.64,19363.82,32146.75,18735.685714285715,17736.060111320166,21194.257142857143,21735.04533333333,13024.68751971311,4,7,5,2,0,-0.433883739117558,-0.9009688679024191,0.49999999999999994,-0.8660254037844387
2010-05-08,0.0,0.0,0.0,0.0,31976.09,51704.13,23625.22,0.0,0.0,0.0,39866.6,19798.99142857143,18353.89454035432,22409.00357142857,21729.356666666667,13020.019725036522,5,8,5,2,1,-0.9749279121818236,-0.2225209339563146,0.49999999999999994,-0.8660254037844387
2010-05-09,22852.06,11825.0,62.0,52.0,0.0,31976.09,51704.13,12342.17,16574.53,23934.46,14668.53,19798.99142857143,18353.89454035432,22409.003571428573,20400.469999999998,13138.957140949062,6,9,5,2,1,-0.7818314824680299,0.6234898018587334,0.49999999999999994,-0.8660254037844387
2010-05-10,26496.43,14734.0,70.0,65.0,22852.06,0.0,31976.09,0.0,29734.03,24561.04,0.0,21300.40428571429,18069.910656031545,22857.398571428574,20673.254333333334,13100.745525493408,0,10,5,2,0,0.0,1.0,0.49999999999999994,-0.8660254037844387
2010-05-11,25201.04,17134.0,62.0,59.0,26496.43,22852.06,0.0,18945.33,43534.06,21202.35,19732.05,25085.608571428573,15449.525811484144,22626.14142857143,21556.468666666664,12540.115450362711,1,11,5,2,0,0.7818314824680298,0.6234898018587336,0.49999999999999994,-0.8660254037844387
2010-05-12,29744.74,21360.0,64.0,51.0,25201.04,26496.43,22852.06,23625.22,31181.87,25873.86,25912.47,25979.281428571434,15214.285129712189,21316.640000000003,21738.768333333333,12552.424922236054,2,12,5,2,0,0.9749279121818236,-0.22252093395631434,0.49999999999999994,-0.8660254037844387
2010-05-13,38966.0,26351.0,64.0,58.0,29744.74,25201.04,26496.43,51704.13,29575.67,35741.2,25736.04,26853.498571428576,15232.27995520636,21213.98785714286,21866.510666666665,12615.70453297463,3,13,5,2,0,0.43388373911755823,-0.900968867902419,0.49999999999999994,-0.8660254037844387
2010-05-14,16895.24,13848.0,40.0,36.0,38966.0,29744.74,25201.04,31976.09,24532.95,14969.64,27054.25,25033.765714285717,12234.602095161456,21884.725714285716,22307.509333333335,12981.563728817804,4,14,5,2,0,-0.433883739117558,-0.9009688679024191,0.49999999999999994,-0.8660254037844387
2010-05-15,0.0,0.0,0.0,0.0,16895.24,38966.0,29744.74,0.0,0.0,0.0,19538.34,22879.358571428573,12135.776131719582,21339.175,21968.875666666667,12985.973650760763,5,15,5,2,1,-0.9749279121818236,-0.2225209339563146,0.49999999999999994,-0.8660254037844387
2010-05-16,18370.09,11028.0,44.0,38.0,0.0,16895.24,38966.0,22852.06,12342.17,16574.53,19363.82,22879.358571428573,12135.776131719582,21339.175,21317.597666666665,13588.063907051472,6,16,5,2,1,-0.7818314824680299,0.6234898018587334,0.49999999999999994,-0.8660254037844387
2010-05-17,23290.76,13483.0,46.0,42.0,18370.09,0.0,16895.24,26496.43,0.0,29734.03,0.0,22239.07714285715,12255.103763997984,21769.740714285716,21284.47333333333,13594.200816260689,0,17,5,2,0,0.0,1.0,0.49999999999999994,-0.8660254037844387
2010-05-18,26164.579999999998,21947.0,60.0,51.0,23290.76,18370.09,0.0,25201.04,18945.33,43534.06,23934.46,21781.12428571429,12128.742359538448,23433.36642857143,22060.832,12988.29841644483,1,18,5,2,0,0.7818314824680298,0.6234898018587336,0.49999999999999994,-0.8660254037844387
2010-05-19,16575.5,9421.0,58.0,56.0,26164.579999999998,23290.76,18370.09,29744.74,23625.22,31181.87,24561.04,21918.772857142856,12179.385438423848,23949.027142857143,22135.169333333335,13005.761934586959,2,19,5,2,0,0.9749279121818236,-0.22252093395631434,0.49999999999999994,-0.8660254037844387
2010-05-20,25331.44,15470.0,66.0,57.0,16575.5,26164.579999999998,23290.76,38966.0,51704.13,29575.67,21202.35,20037.45285714286,11779.599784190072,23445.475714285716,21868.984666666667,13036.083751591781,3,20,5,2,0,0.43388373911755823,-0.900968867902419,0.49999999999999994,-0.8660254037844387
2010-05-21,22494.36,9052.0,44.0,39.0,25331.44,16575.5,26164.579999999998,16895.24,31976.09,24532.95,25873.86,18089.658571428572,8904.426907698658,21561.712142857144,22006.621,13050.592257832677,4,21,5,2,0,-0.433883739117558,-0.9009688679024191,0.49999999999999994,-0.8660254037844387
2010-05-22,0.0,0.0,0.0,0.0,22494.36,25331.44,16575.5,0.0,0.0,0.0,35741.2,18889.532857142858,9029.849372753904,20884.445714285714,21893.971,13030.630282609674,5,22,5,2,1,-0.9749279121818236,-0.2225209339563146,0.49999999999999994,-0.8660254037844387
2010-05-23,24824.93,13755.0,48.0,41.0,0.0,22494.36,25331.44,18370.09,22852.06,12342.17,14969.64,18889.532857142858,9029.849372753904,20884.445714285714,20702.597666666665,13350.889863005425,6,23,5,2,1,-0.7818314824680299,0.6234898018587334,0.49999999999999994,-0.8660254037844387
2010-05-24,33536.19,32351.0,67.0,61.0,24824.93,0.0,22494.36,23290.76,26496.43,0.0,0.0,19811.652857142857,9293.69014859495,21025.364999999998,21031.107333333333,13326.187345837958,0,24,5,2,0,0.0,1.0,0.49999999999999994,-0.8660254037844387
2010-05-25,20415.92,14606.0,57.0,52.0,33536.19,24824.93,0.0,26164.579999999998,25201.04,18945.33,16574.53,21275.285714285714,10641.892412843166,21528.204999999998,22148.98033333333,12900.963906282474,1,25,5,2,0,0.7818314824680298,0.6234898018587336,0.49999999999999994,-0.8660254037844387
2010-05-26,29586.64,18023.0,69.0,64.0,20415.92,33536.19,24824.93,16575.5,29744.74,23625.22,29734.03,20454.048571428575,10421.224675824556,21186.410714285714,22277.02666666667,12862.734663012265,2,26,5,2,0,0.9749279121818236,-0.22252093395631434,0.49999999999999994,-0.8660254037844387
2010-05-27,29221.67,17496.0,83.0,77.0,29586.64,20415.92,33536.19,25331.44,38966.0,51704.13,43534.06,22312.782857142858,10768.692102805438,21175.117857142857,22272.113666666668,12859.816016760666,3,27,5,2,0,0.43388373911755823,-0.900968867902419,0.49999999999999994,-0.8660254037844387
2010-05-28,18569.88,12005.0,49.0,43.0,29221.67,29586.64,20415.92,22494.36,16895.24,31976.09,31181.87,22868.530000000002,11047.223060036418,20479.094285714287,21795.033999999996,12296.998502103468,4,28,5,2,0,-0.433883739117558,-0.9009688679024191,0.49999999999999994,-0.8660254037844387
2010-05-29,0.0,0.0,0.0,0.0,18569.88,29221.67,29586.64,0.0,0.0,0.0,29575.67,22307.890000000003,11168.29584281328,20598.71142857143,21374.63433333333,12180.051305738343,5,29,5,2,1,-0.9749279121818236,-0.2225209339563146,0.49999999999999994,-0.8660254037844387
2010-05-30,10702.97,6204.0,31.0,30.0,0.0,18569.88,29221.67,24824.93,18370.09,22852.06,24532.95,22307.890000000003,11168.29584281328,20598.71142857143,20388.778666666665,12680.036589628135,6,30,5,2,1,-0.7818314824680299,0.6234898018587334,0.49999999999999994,-0.8660254037844387
2010-05-31,0.0,0.0,0.0,0.0,10702.97,0.0,18569.88,33536.19,23290.76,26496.43,0.0,20290.467142857142,11890.007745643292,20051.06,19927.779333333332,12775.220669451413,0,31,5,2,0,0.0,1.0,0.49999999999999994,-0.8660254037844387
2010-06-01,13093.789999999999,7769.0,36.0,33.0,0.0,10702.97,0.0,20415.92,26164.579999999998,25201.04,12342.17,15499.58285714286,12408.462047746181,18387.434285714284,19927.779333333332,12775.220669451413,1,1,6,2,0,0.7818314824680298,0.6234898018587336,1.2246467991473532e-16,-1.0
2010-06-02,13714.76,11289.0,42.0,38.0,13093.789999999999,0.0,10702.97,29586.64,16575.5,29744.74,0.0,14453.564285714287,12232.32034917451,17453.806428571428,19952.833333333332,12760.55984828044,2,2,6,2,0,0.9749279121818236,-0.22252093395631434,1.2246467991473532e-16,-1.0
2010-06-03,26644.63,16947.0,62.0,52.0,13714.76,13093.789999999999,0.0,29221.67,25331.44,38966.0,18945.33,12186.152857142859,10273.96171430755,17249.46785714286,20409.992000000002,12256.81080347586,3,3,6,2,0,0.43388373911755823,-0.900968867902419,1.2246467991473532e-16,-1.0
2010-06-04,11447.73,6389.0,34.0,29.0,26644.63,13714.76,13093.789999999999,18569.88,22494.36,16895.24,23625.22,11818.004285714287,9584.8467142479,17343.26714285714,20666.63533333333,12305.595059515425,4,4,6,2,0,-0.433883739117558,-0.9009688679024191,1.2246467991473532e-16,-1.0
2010-06-05,0.0,0.0,0.0,0.0,11447.73,26644.63,13714.76,0.0,0.0,0.0,51704.13,10800.554285714286,9115.175671024052,16554.222142857143,20260.718999999997,12405.080123883989,5,5,6,2,1,-0.9749279121818236,-0.2225209339563146,1.2246467991473532e-16,-1.0
2010-06-06,25457.15,14079.0,68.0,62.0,0.0,11447.73,26644.63,10702.97,24824.93,18370.09,31976.09,10800.554285714286,9115.175671024052,16554.222142857143,18537.248,11440.087478515119,6,6,6,2,1,-0.7818314824680299,0.6234898018587334,1.2246467991473532e-16,-1.0
2010-06-07,45523.11,28736.0,99.0,81.0,25457.15,0.0,11447.73,0.0,33536.19,23290.76,0.0,12908.294285714288,10663.230162320833,16599.380714285715,18319.95,11236.115509789748,0,7,6,2,0,0.0,1.0,1.2246467991473532e-16,-1.0
2010-06-08,48215.48,25001.0,74.0,61.0,45523.11,25457.15,0.0,13093.789999999999,20415.92,26164.579999999998,22852.06,19411.595714285715,14624.628208276916,17455.589285714286,19837.387,11739.369887403234,1,8,6,2,0,0.7818314824680298,0.6234898018587336,1.2246467991473532e-16,-1.0
2010-06-09,36508.94,24843.0,63.0,59.0,48215.48,45523.11,25457.15,13714.76,29586.64,16575.5,26496.43,24428.980000000003,17780.178883565837,19441.272142857142,20682.83433333333,12826.9057580639,2,9,6,2,0,0.9749279121818236,-0.22252093395631434,1.2246467991473532e-16,-1.0
2010-06-10,18009.12,9677.0,62.0,56.0,36508.94,48215.48,45523.11,26644.63,29221.67,25331.44,25201.04,27685.291428571432,17577.042514522025,19935.722142857143,21016.58466666667,13110.514174809236,3,10,6,2,0,0.43388373911755823,-0.900968867902419,1.2246467991473532e-16,-1.0
2010-06-11,30835.29,20517.0,74.0,65.0,18009.12,36508.94,48215.48,11447.73,18569.88,22494.36,29744.74,26451.647142857146,17961.10014765403,19134.825714285715,20776.854,13097.108037479265,4,11,6,2,0,-0.433883739117558,-0.9009688679024191,1.2246467991473532e-16,-1.0
2010-06-12,0.0,0.0,0.0,0.0,30835.29,18009.12,36508.94,0.0,0.0,0.0,38966.0,29221.298571428575,16713.3116751443,20010.92642857143,20813.20566666667,13124.34227128818,5,12,6,2,1,-0.9749279121818236,-0.2225209339563146,1.2246467991473532e-16,-1.0
2010-06-13,21147.77,10942.0,69.0,61.0,0.0,30835.29,18009.12,25457.15,10702.97,24824.93,16895.24,29221.298571428575,16713.3116751443,20010.92642857143,19514.339,13193.854879744618,6,13,6,2,1,-0.7818314824680299,0.6234898018587334,1.2246467991473532e-16,-1.0
2010-06-14,21317.37,15586.0,51.0,48.0,21147.77,0.0,30835.29,45523.11,0.0,33536.19,0.0,28605.67285714286,16952.72252908239,20756.983571428573,19656.09,13187.588218923745,0,14,6,2,0,0.0,1.0,1.2246467991473532e-16,-1.0
2010-06-15,26937.46,18633.0,46.0,41.0,21317.37,21147.77,0.0,48215.48,13093.789999999999,20415.92,18370.09,25147.710000000003,15316.58108115517,22279.65285714286,20366.669,12655.532127694421,1,15,6,2,0,0.7818314824680298,0.6234898018587336,1.2246467991473532e-16,-1.0
2010-06-16,29229.94,18495.0,77.0,65.0,26937.46,21317.37,21147.77,36508.94,13714.76,29586.64,23290.76,22107.992857142857,11647.517376556727,23268.48642857143,20652.248000000003,12705.48973845188,2,16,6,2,0,0.9749279121818236,-0.22252093395631434,1.2246467991473532e-16,-1.0
2010-06-17,22635.35,12892.0,69.0,61.0,29229.94,26937.46,21317.37,18009.12,26644.63,29221.67,26164.579999999998,21068.135714285716,10406.357820859434,24376.713571428572,20850.220666666668,12793.982791617022,3,17,6,2,0,0.43388373911755823,-0.900968867902419,1.2246467991473532e-16,-1.0
2010-06-18,17788.69,9315.0,47.0,44.0,22635.35,29229.94,26937.46,30835.29,11447.73,18569.88,16575.5,21729.02571428571,10326.300183729682,24090.336428571427,20732.579666666665,12759.611608995667,4,18,6,2,0,-0.433883739117558,-0.9009688679024191,1.2246467991473532e-16,-1.0
2010-06-19,0.0,0.0,0.0,0.0,17788.69,22635.35,29229.94,0.0,0.0,0.0,25331.44,19865.225714285716,9557.551954056837,24543.26214285714,20773.019333333334,12747.899188622769,5,19,6,2,1,-0.9749279121818236,-0.2225209339563146,1.2246467991473532e-16,-1.0
2010-06-20,9078.58,4487.0,26.0,26.0,0.0,17788.69,22635.35,21147.77,25457.15,10702.97,22494.36,19865.225714285716,9557.551954056837,24543.26214285714,19928.638,13264.041117378445,6,20,6,2,1,-0.7818314824680299,0.6234898018587334,1.2246467991473532e-16,-1.0
2010-06-21,18116.21,11305.0,43.0,40.0,9078.58,0.0,17788.69,21317.37,45523.11,0.0,0.0,18141.055714285718,10343.905345060071,23373.364285714288,19481.445333333333,13400.013132945367,0,21,6,2,0,0.0,1.0,1.2246467991473532e-16,-1.0
2010-06-22,12414.03,6355.0,41.0,36.0,18116.21,9078.58,0.0,26937.46,48215.48,13093.789999999999,24824.93,17683.747142857144,10250.414574435068,21415.72857142857,20085.319000000003,12890.316413562581,1,22,6,2,0,0.7818314824680298,0.6234898018587336,1.2246467991473532e-16,-1.0
2010-06-23,25098.239999999998,15489.0,61.0,54.0,12414.03,18116.21,9078.58,29229.94,36508.94,13714.76,33536.19,15608.971428571429,9508.170617578404,18858.48214285714,19671.62233333333,12932.04770107158,2,23,6,2,0,0.9749279121818236,-0.22252093395631434,1.2246467991473532e-16,-1.0
2010-06-24,17217.85,9410.0,47.0,42.0,25098.239999999998,12414.03,18116.21,22635.35,18009.12,26644.63,20415.92,15018.728571428572,8607.25060382125,18043.432142857146,19390.357333333333,12709.956072051358,3,24,6,2,0,0.43388373911755823,-0.900968867902419,1.2246467991473532e-16,-1.0
2010-06-25,12371.59,6502.0,40.0,37.0,17217.85,25098.239999999998,12414.03,17788.69,30835.29,11447.73,29586.64,14244.800000000001,8032.631706333878,17986.91285714286,19283.755,12714.468550132227,4,25,6,2,0,-0.433883739117558,-0.9009688679024191,1.2246467991473532e-16,-1.0
2010-06-26,0.0,0.0,0.0,0.0,12371.59,17217.85,25098.239999999998,0.0,0.0,0.0,29221.67,13470.92857142857,7894.055286879779,16668.077142857142,18709.92,12621.579211952283,5,26,6,2,1,-0.9749279121818236,-0.2225209339563146,1.2246467991473532e-16,-1.0
2010-06-27,18706.92,10851.0,55.0,52.0,0.0,12371.59,17217.85,9078.58,21147.77,25457.15,18569.88,13470.92857142857,7894.055286879779,16668.077142857142,17735.864333333335,12906.726764452673,6,27,6,2,1,-0.7818314824680299,0.6234898018587334,1.2246467991473532e-16,-1.0
2010-06-28,51132.78,33808.0,68.0,64.0,18706.92,0.0,12371.59,18116.21,21317.37,45523.11,0.0,14846.405714285715,7839.812624327334,16493.730714285713,17740.432333333334,12907.056367808416,0,28,6,2,0,0.0,1.0,1.2246467991473532e-16,-1.0
2010-06-29,32236.92,20301.0,68.0,56.0,51132.78,18706.92,0.0,12414.03,26937.46,48215.48,10702.97,19563.058571428573,15911.513710831583,18623.402857142857,19444.858333333334,13826.941370214854,1,29,6,2,0,0.7818314824680298,0.6234898018587336,1.2246467991473532e-16,-1.0
2010-06-30,31491.43,20254.0,75.0,67.0,32236.92,51132.78,18706.92,25098.239999999998,29229.94,36508.94,0.0,22394.899999999998,16188.681664872134,19001.93571428571,20162.656666666666,13916.133181010055,2,30,6,2,0,0.9749279121818236,-0.22252093395631434,1.2246467991473532e-16,-1.0
2010-07-01,28830.02,16217.0,81.0,80.0,31491.43,32236.92,51132.78,17217.85,22635.35,18009.12,13093.789999999999,23308.21285714286,16543.07666134863,19163.47071428571,21212.371,13525.015768451087,3,1,7,3,0,0.43388373911755823,-0.900968867902419,-0.4999999999999997,-0.8660254037844388
2010-07-02,16726.13,8599.0,44.0,36.0,28830.02,31491.43,32236.92,12371.59,17788.69,30835.29,13714.76,24967.094285714287,16412.266417593353,19605.947142857145,21736.912,13504.428923035068,4,2,7,3,0,-0.433883739117558,-0.9009688679024191,-0.4999999999999997,-0.8660254037844388
2010-07-03,0.0,0.0,0.0,0.0,16726.13,28830.02,31491.43,0.0,0.0,0.0,26644.63,25589.17142857143,15930.750338667298,19530.05,21837.291,13453.840819136274,5,3,7,3,1,-0.9749279121818236,-0.2225209339563146,-0.4999999999999997,-0.8660254037844388
2010-07-04,10376.29,5302.0,21.0,20.0,0.0,16726.13,28830.02,18706.92,9078.58,21147.77,11447.73,25589.17142857143,15930.750338667298,19530.05,20949.136666666665,13994.163040817215,6,4,7,3,1,-0.7818314824680299,0.6234898018587334,-0.4999999999999997,-0.8660254037844388
2010-07-05,30963.57,16155.0,81.0,65.0,10376.29,0.0,16726.13,51132.78,18116.21,21317.37,0.0,24399.08142857143,16817.07968750168,19622.74357142857,20913.422,14020.590116270347,0,5,7,3,0,0.0,1.0,-0.4999999999999997,-0.8660254037844388
2010-07-06,19917.28,11148.0,54.0,47.0,30963.57,10376.29,0.0,32236.92,12414.03,26937.46,25457.15,21517.765714285717,12696.279143075571,20540.412142857145,21945.541,13560.093117384817,1,6,7,3,0,0.7818314824680298,0.6234898018587336,-0.4999999999999997,-0.8660254037844388
2010-07-07,24902.95,13410.0,60.0,56.0,19917.28,30963.57,10376.29,31491.43,25098.239999999998,29229.94,45523.11,19757.817142857148,11783.83339987138,21076.35857142857,21760.878666666667,13548.33884054316,2,7,7,3,0,0.9749279121818236,-0.22252093395631434,-0.4999999999999997,-0.8660254037844388
2010-07-08,19973.45,11697.0,65.0,58.0,24902.95,19917.28,30963.57,28830.02,17217.85,22635.35,48215.48,18816.605714285717,10922.041524206712,21062.409285714286,21073.539999999997,12803.855852223463,3,8,7,3,0,0.43388373911755823,-0.900968867902419,-0.4999999999999997,-0.8660254037844388
2010-07-09,33408.64,13024.0,25.0,23.0,19973.45,24902.95,19917.28,16726.13,12371.59,17788.69,36508.94,17551.38142857143,10046.643070622215,21259.23785714286,20132.139,11732.891038637204,4,9,7,3,0,-0.433883739117558,-0.9009688679024191,-0.4999999999999997,-0.8660254037844388
2010-07-10,0.0,0.0,0.0,0.0,33408.64,19973.45,24902.95,0.0,0.0,0.0,18009.12,19934.597142857147,11666.36055378844,22761.884285714284,20028.795666666665,11596.531443503105,5,10,7,3,1,-0.9749279121818236,-0.2225209339563146,-0.4999999999999997,-0.8660254037844388
2010-07-11,7609.23,5711.0,26.0,24.0,0.0,33408.64,19973.45,10376.29,18706.92,9078.58,30835.29,19934.597142857147,11666.36055378844,22761.884285714284,19428.491666666665,12157.258826939296,6,11,7,3,1,-0.7818314824680299,0.6234898018587334,-0.4999999999999997,-0.8660254037844388
2010-07-12,16101.17,8861.0,47.0,38.0,7609.23,0.0,33408.64,30963.57,51132.78,18116.21,0.0,19539.302857142855,12083.62147832584,21969.192142857144,18654.289666666664,12145.337631618562,0,12,7,3,0,0.0,1.0,-0.4999999999999997,-0.8660254037844388
2010-07-13,17419.12,8822.0,49.0,38.0,16101.17,7609.23,0.0,19917.28,32236.92,12414.03,21147.77,17416.102857142858,10998.745976252212,19466.934285714287,19190.995333333332,11637.72383729286,1,13,7,3,0,0.7818314824680298,0.6234898018587336,-0.4999999999999997,-0.8660254037844388
2010-07-14,19418.63,12055.0,52.0,47.0,17419.12,16101.17,7609.23,24902.95,31491.43,25098.239999999998,21317.37,17059.22285714286,10944.458696551612,18408.52,19066.707,11636.015751768038,2,14,7,3,0,0.9749279121818236,-0.22252093395631434,-0.4999999999999997,-0.8660254037844388
2010-07-15,55836.909999999996,27673.0,78.0,64.0,19418.63,17419.12,16101.17,19973.45,28830.02,17217.85,26937.46,16275.748571428574,10475.630290048486,17546.177142857145,19003.415666666664,11628.51312397385,3,15,7,3,0,0.43388373911755823,-0.900968867902419,-0.4999999999999997,-0.8660254037844388
2010-07-16,21137.76,14039.0,62.0,56.0,55836.909999999996,19418.63,17419.12,33408.64,16726.13,12371.59,29229.94,21399.100000000002,18376.181905484802,19475.240714285716,19966.730666666666,13374.403213759226,4,16,7,3,0,-0.433883739117558,-0.9009688679024191,-0.4999999999999997,-0.8660254037844388
2010-07-17,0.0,0.0,0.0,0.0,21137.76,55836.909999999996,19418.63,0.0,0.0,0.0,22635.35,19646.117142857143,17608.866014230563,19790.35714285714,19696.99133333333,13262.270390888556,5,17,7,3,1,-0.9749279121818236,-0.2225209339563146,-0.4999999999999997,-0.8660254037844388
2010-07-18,14581.99,9382.0,39.0,37.0,0.0,21137.76,55836.909999999996,7609.23,10376.29,18706.92,17788.69,19646.117142857143,17608.866014230563,19790.35714285714,18942.479666666666,13725.141217774208,6,18,7,3,1,-0.7818314824680299,0.6234898018587334,-0.4999999999999997,-0.8660254037844388
2010-07-19,28611.56,18120.0,56.0,54.0,14581.99,0.0,21137.76,16101.17,30963.57,51132.78,0.0,20642.225714285712,17001.206229114912,20090.764285714286,18835.58966666667,13746.90613137808,0,19,7,3,0,0.0,1.0,-0.4999999999999997,-0.8660254037844388
2010-07-20,23124.39,11707.0,54.0,48.0,28611.56,14581.99,0.0,17419.12,19917.28,32236.92,9078.58,22429.424285714285,17101.542962993008,19922.76357142857,19789.308333333334,13382.758074033825,1,20,7,3,0,0.7818314824680298,0.6234898018587336,-0.4999999999999997,-0.8660254037844388
2010-07-21,19142.73,12555.0,46.0,42.0,23124.39,28611.56,14581.99,19418.63,24902.95,31491.43,18116.21,23244.462857142855,16958.313809106265,20151.842857142856,20257.501999999997,13240.058216070409,2,21,7,3,0,0.9749279121818236,-0.22252093395631434,-0.4999999999999997,-0.8660254037844388
2010-07-22,21620.39,13161.0,61.0,57.0,19142.73,23124.39,28611.56,55836.909999999996,19973.45,28830.02,12414.03,23205.04857142857,16969.005001609494,19740.398571428574,20291.71933333333,13235.659208455458,3,22,7,3,0,0.43388373911755823,-0.900968867902419,-0.4999999999999997,-0.8660254037844388
2010-07-23,23886.33,12828.0,38.0,37.0,21620.39,19142.73,23124.39,21137.76,33408.64,16726.13,25098.239999999998,18316.97428571429,9111.372521961897,19858.037142857145,20598.597999999998,13153.18200234174,4,23,7,3,0,-0.433883739117558,-0.9009688679024191,-0.4999999999999997,-0.8660254037844388
2010-07-24,0.0,0.0,0.0,0.0,23886.33,21620.39,19142.73,0.0,0.0,0.0,17217.85,18709.627142857145,9310.24805045982,19177.872142857144,20558.201,13140.741007897412,5,24,7,3,1,-0.9749279121818236,-0.2225209339563146,-0.4999999999999997,-0.8660254037844388
2010-07-25,17230.6,11531.0,54.0,51.0,0.0,23886.33,21620.39,14581.99,7609.23,10376.29,12371.59,18709.627142857145,9310.24805045982,19177.872142857144,19984.272666666668,13657.501443202887,6,25,7,3,1,-0.7818314824680299,0.6234898018587334,-0.4999999999999997,-0.8660254037844388
2010-07-26,20232.85,14216.0,52.0,47.0,17230.6,0.0,23886.33,28611.56,16101.17,30963.57,0.0,19088.0,9167.263162467509,19865.11285714286,20146.23966666667,13592.766586732927,0,26,7,3,0,0.0,1.0,-0.4999999999999997,-0.8660254037844388
2010-07-27,28265.86,14179.0,64.0,56.0,20232.85,17230.6,0.0,23124.39,17419.12,19917.28,18706.92,17891.04142857143,8213.969818105497,20160.23285714286,20820.668,13049.80740021658,1,27,7,3,0,0.7818314824680298,0.6234898018587336,-0.4999999999999997,-0.8660254037844388
2010-07-28,23252.72,13351.0,63.0,60.0,28265.86,20232.85,17230.6,19142.73,19418.63,24902.95,51132.78,18625.537142857145,8956.267232840788,20935.0,21139.299333333332,13112.962654553306,2,28,7,3,0,0.9749279121818236,-0.22252093395631434,-0.4999999999999997,-0.8660254037844388
2010-07-29,32801.91,12799.0,65.0,60.0,23252.72,28265.86,20232.85,21620.39,55836.909999999996,19973.45,32236.92,19212.678571428576,9128.87838873875,21208.863571428574,20209.963999999996,11840.159070125987,3,29,7,3,0,0.43388373911755823,-0.900968867902419,-0.4999999999999997,-0.8660254037844388
2010-07-30,14363.69,8090.0,44.0,39.0,32801.91,23252.72,28265.86,23886.33,21137.76,33408.64,31491.43,20810.038571428573,10496.25129532038,19563.50642857143,20228.797000000002,11860.380918397334,4,30,7,3,0,-0.433883739117558,-0.9009688679024191,-0.4999999999999997,-0.8660254037844388
2010-07-31,0.0,0.0,0.0,0.0,14363.69,32801.91,23252.72,0.0,0.0,0.0,28830.02,19449.661428571428,10647.106075379423,19079.644285714287,19657.87233333333,11710.83253192579,5,31,7,3,1,-0.9749279121818236,-0.2225209339563146,-0.4999999999999997,-0.8660254037844388
2010-08-01,30637.95,9702.0,32.0,27.0,0.0,14363.69,32801.91,17230.6,14581.99,7609.23,16726.13,19449.661428571428,10647.106075379423,19079.644285714287,18696.871666666662,12108.364653024826,6,1,8,3,1,-0.7818314824680299,0.6234898018587334,-0.8660254037844385,-0.5000000000000004
2010-08-02,26124.16,11762.0,57.0,49.0,30637.95,0.0,14363.69,20232.85,28611.56,16101.17,0.0,21364.997142857144,11363.238959668335,20226.498571428576,19160.599,12295.242394160465,0,2,8,3,0,0.0,1.0,-0.8660254037844385,-0.5000000000000004
2010-08-03,22362.79,15479.0,50.0,47.0,26124.16,30637.95,0.0,28265.86,23124.39,17419.12,10376.29,22206.61285714286,11482.95006231083,20048.827142857142,20031.404333333332,11806.821742781513,1,3,8,3,0,0.7818314824680298,0.6234898018587336,-0.8660254037844385,-0.5000000000000004
2010-08-04,17555.5,10923.0,49.0,47.0,22362.79,26124.16,30637.95,23252.72,19142.73,19418.63,30963.57,21363.317142857148,11176.468841057282,19994.427142857145,20430.954333333335,11670.85239118899,2,4,8,3,0,0.9749279121818236,-0.22252093395631434,-0.8660254037844385,-0.5000000000000004
2010-08-05,23145.06,16453.0,51.0,48.0,17555.5,22362.79,26124.16,32801.91,21620.39,55836.909999999996,19917.28,20549.428571428576,11223.290222573538,19881.053571428572,19984.018666666663,11509.208862693447,3,5,8,3,0,0.43388373911755823,-0.900968867902419,-0.8660254037844385,-0.5000000000000004
2010-08-06,14728.15,9731.0,34.0,31.0,23145.06,17555.5,22362.79,14363.69,23886.33,21137.76,24902.95,19169.878571428573,9992.208251588569,19989.958571428575,20091.61133333333,11523.641685999326,4,6,8,3,0,-0.433883739117558,-0.9009688679024191,-0.8660254037844385,-0.5000000000000004
2010-08-07,0.0,0.0,0.0,0.0,14728.15,23145.06,17555.5,0.0,0.0,0.0,19973.45,19221.94428571429,9963.900530637035,19335.802857142855,19752.451333333334,11526.883219692669,5,7,8,3,1,-0.9749279121818236,-0.2225209339563146,-0.8660254037844385,-0.5000000000000004
2010-08-08,13950.71,8116.0,43.0,41.0,0.0,14728.15,23145.06,30637.95,17230.6,14581.99,33408.64,19221.94428571429,9963.900530637035,19335.802857142855,19086.66966666667,12077.357844312164,6,8,8,3,1,-0.7818314824680299,0.6234898018587334,-0.8660254037844385,-0.5000000000000004
2010-08-09,31336.59,100084.0,49.0,41.0,13950.71,0.0,14728.15,26124.16,20232.85,28611.56,0.0,16838.05285714286,8692.487548935047,19101.525,18438.072,11801.013226458013,0,9,8,3,0,0.0,1.0,-0.8660254037844385,-0.5000000000000004
2010-08-10,28209.739999999998,18426.0,39.0,33.0,31336.59,13950.71,0.0,22362.79,28265.86,23124.39,7609.23,17582.685714285715,9776.250862003742,19894.649285714288,19482.625,11495.621385891092,1,10,8,3,0,0.7818314824680298,0.6234898018587336,-0.8660254037844385,-0.5000000000000004
2010-08-11,18629.86,7532.0,39.0,35.0,28209.739999999998,31336.59,13950.71,17555.5,23252.72,19142.73,16101.17,18417.964285714286,10477.368779636212,19890.640714285713,20169.308666666668,11376.577592822987,2,11,8,3,0,0.9749279121818236,-0.22252093395631434,-0.8660254037844385,-0.5000000000000004
2010-08-12,26031.28,17702.0,71.0,56.0,18629.86,28209.739999999998,31336.59,23145.06,32801.91,21620.39,17419.12,18571.44428571429,10470.495862531803,19560.43642857143,20253.59833333333,11354.743838634158,3,12,8,3,0,0.43388373911755823,-0.900968867902419,-0.8660254037844385,-0.5000000000000004
2010-08-13,15150.14,12562.0,40.0,34.0,26031.28,18629.86,28209.739999999998,14728.15,14363.69,23886.33,19418.63,18983.76142857143,10734.126667176111,19076.820000000003,20540.67033333333,11389.424994738867,4,13,8,3,0,-0.433883739117558,-0.9009688679024191,-0.8660254037844385,-0.5000000000000004
2010-08-14,0.0,0.0,0.0,0.0,15150.14,26031.28,18629.86,0.0,0.0,0.0,55836.909999999996,19044.045714285716,10707.394929850847,19132.995000000003,20398.387333333332,11430.513547480588,5,14,8,3,1,-0.9749279121818236,-0.2225209339563146,-0.8660254037844385,-0.5000000000000004
2010-08-15,20484.46,16575.0,56.0,52.0,0.0,15150.14,26031.28,13950.71,30637.95,17230.6,21137.76,19044.045714285716,10707.394929850847,19132.995000000003,18537.157,9905.279896841193,6,15,8,3,1,-0.7818314824680299,0.6234898018587334,-0.8660254037844385,-0.5000000000000004
2010-08-16,14270.74,10076.0,34.0,32.0,20484.46,0.0,15150.14,31336.59,26124.16,20232.85,0.0,19977.43857142857,10471.580636326178,18407.745714285713,18515.38033333333,9900.082116556145,0,16,8,3,0,0.0,1.0,-0.8660254037844385,-0.5000000000000004
2010-08-17,28802.52,18060.0,44.0,40.0,14270.74,20484.46,0.0,28209.739999999998,22362.79,28265.86,14581.99,17539.460000000003,9308.185617537592,17561.07285714286,18991.071666666663,9304.700975119327,1,17,8,3,0,0.7818314824680298,0.6234898018587336,-0.8660254037844385,-0.5000000000000004
2010-08-18,35122.52,22420.0,55.0,47.0,28802.52,14270.74,20484.46,18629.86,17555.5,23252.72,28611.56,17624.14285714286,9423.422625956604,18021.053571428572,19465.08933333333,9433.670587152319,2,18,8,3,0,0.9749279121818236,-0.22252093395631434,-0.8660254037844385,-0.5000000000000004
2010-08-19,30663.35,22152.0,67.0,55.0,35122.52,28802.52,14270.74,26031.28,23145.06,32801.91,23124.39,19980.237142857142,11540.71659823272,19275.840714285714,19682.121333333333,9721.845653519353,3,19,8,3,0,0.43388373911755823,-0.900968867902419,-0.8660254037844385,-0.5000000000000004
2010-08-20,23250.77,18521.0,56.0,49.0,30663.35,35122.52,28802.52,15150.14,14728.15,14363.69,19142.73,20641.96142857143,12066.326871723697,19812.86142857143,19933.42,9909.517966067799,4,20,8,3,0,-0.433883739117558,-0.9009688679024191,-0.8660254037844385,-0.5000000000000004
2010-08-21,0.0,0.0,0.0,0.0,23250.77,30663.35,35122.52,0.0,0.0,0.0,21620.39,21799.19428571429,11838.137025528791,20421.620000000003,20070.354666666666,9926.583831817887,5,21,8,3,1,-0.9749279121818236,-0.2225209339563146,-0.8660254037844385,-0.5000000000000004
2010-08-22,22677.01,13884.0,60.0,51.0,0.0,23250.77,30663.35,20484.46,13950.71,30637.95,23886.33,21799.19428571429,11838.137025528791,20421.620000000003,19349.675,10573.894467338505,6,22,8,3,1,-0.7818314824680299,0.6234898018587334,-0.8660254037844385,-0.5000000000000004
2010-08-23,20655.35,12896.0,44.0,37.0,22677.01,0.0,23250.77,14270.74,31336.59,26124.16,0.0,22112.41571428572,11826.55352694502,21044.92714285714,19309.36433333333,10558.296710046085,0,23,8,3,0,0.0,1.0,-0.8660254037844385,-0.5000000000000004
2010-08-24,26577.16,18872.0,60.0,53.0,20655.35,22677.01,0.0,28802.52,28209.739999999998,22362.79,17230.6,23024.502857142856,11357.905116032223,20281.981428571427,19997.875999999997,9909.225812877114,1,24,8,3,0,0.7818314824680298,0.6234898018587336,-0.8660254037844385,-0.5000000000000004
2010-08-25,30466.76,17238.0,69.0,62.0,26577.16,20655.35,22677.01,35122.52,18629.86,17555.5,20232.85,22706.594285714287,11199.25950976056,20165.36857142857,20309.428,9965.988976546032,2,25,8,3,0,0.9749279121818236,-0.22252093395631434,-0.8660254037844385,-0.5000000000000004
2010-08-26,31964.34,16961.0,70.0,64.0,30466.76,26577.16,20655.35,30663.35,26031.28,23145.06,28265.86,22041.485714285718,10452.34308731599,21010.86142857143,20650.558333333334,10136.961362325312,3,26,8,3,0,0.43388373911755823,-0.900968867902419,-0.8660254037844385,-0.5000000000000004
2010-08-27,12166.64,6611.0,31.0,29.0,31964.34,30466.76,26577.16,23250.77,15150.14,14728.15,23252.72,22227.34142857143,10641.06474213842,21434.651428571433,20773.841,10254.577551154585,4,27,8,3,0,-0.433883739117558,-0.9009688679024191,-0.8660254037844385,-0.5000000000000004
2010-08-28,0.0,0.0,0.0,0.0,12166.64,31964.34,30466.76,0.0,0.0,0.0,32801.91,20643.894285714287,11269.521775514508,21221.544285714284,20404.305,10361.361953023863,5,28,8,3,1,-0.9749279121818236,-0.2225209339563146,-0.8660254037844385,-0.5000000000000004
2010-08-29,14449.3,8766.0,39.0,36.0,0.0,12166.64,31964.34,22677.01,20484.46,13950.71,14363.69,20643.894285714287,11269.521775514508,21221.544285714284,19310.908,10732.076263648521,6,29,8,3,1,-0.7818314824680299,0.6234898018587334,-0.8660254037844385,-0.5000000000000004
2010-08-30,0.0,0.0,0.0,0.0,14449.3,0.0,12166.64,20655.35,14270.74,31336.59,0.0,19468.507142857146,11449.755605838242,20790.46142857143,19313.76166666667,10730.726730922022,0,30,8,3,0,0.0,1.0,-0.8660254037844385,-0.5000000000000004
2010-08-31,22811.75,11038.0,54.0,48.0,0.0,14449.3,0.0,26577.16,28802.52,28209.739999999998,30637.95,16517.742857142857,13560.030272308544,19771.12285714286,19313.76166666667,10730.726730922022,1,31,8,3,0,0.7818314824680298,0.6234898018587336,-0.8660254037844385,-0.5000000000000004
2010-09-01,20351.36,11835.0,37.0,35.0,22811.75,0.0,14449.3,30466.76,35122.52,18629.86,26124.16,15979.827142857144,13163.3563688885,19343.210714285717,19052.888333333332,10539.357147064502,2,1,9,3,0,0.9749279121818236,-0.22252093395631434,-1.0,-1.8369701987210297e-16
2010-09-02,33430.57,21102.0,87.0,77.0,20351.36,22811.75,0.0,31964.34,30663.35,26031.28,22362.79,14534.770000000002,11791.702239689583,18288.12785714286,18860.461666666666,10458.185588253113,3,2,9,3,0,0.43388373911755823,-0.900968867902419,-1.0,-1.8369701987210297e-16
2010-09-03,34739.16,30598.0,54.0,49.0,33430.57,20351.36,22811.75,12166.64,23250.77,15150.14,17555.5,14744.23142857143,12160.178719092959,18485.786428571428,19229.387666666666,10776.369885618557,4,3,9,3,0,-0.433883739117558,-0.9009688679024191,-1.0,-1.8369701987210297e-16
2010-09-04,0.0,0.0,0.0,0.0,34739.16,33430.57,20351.36,0.0,0.0,0.0,23145.06,17968.877142857145,14186.757264005902,19306.385714285716,19802.176333333333,11135.037620749492,5,4,9,3,1,-0.9749279121818236,-0.2225209339563146,-1.0,-1.8369701987210297e-16
2010-09-05,12286.71,7222.0,35.0,35.0,0.0,34739.16,33430.57,14449.3,22677.01,20484.46,14728.15,17968.877142857145,14186.757264005902,19306.385714285716,19030.674333333332,11683.731214808948,6,5,9,3,1,-0.7818314824680299,0.6234898018587334,-1.0,-1.8369701987210297e-16
2010-09-06,23717.79,14951.0,49.0,41.0,12286.71,0.0,34739.16,0.0,20655.35,14270.74,0.0,17659.935714285715,14299.277234285735,18564.22142857143,18949.292999999998,11723.169410137934,0,6,9,3,0,0.0,1.0,-1.0,-1.8369701987210297e-16
2010-09-07,24397.45,14936.0,49.0,45.0,23717.79,12286.71,0.0,22811.75,26577.16,28802.52,13950.71,21048.191428571434,12050.43780777479,18782.967142857146,19739.886,11188.756778546614,1,7,9,3,0,0.7818314824680298,0.6234898018587336,-1.0,-1.8369701987210297e-16
2010-09-08,16175.22,9924.0,48.0,45.0,24397.45,23717.79,12286.71,20351.36,30466.76,35122.52,31336.59,21274.720000000005,12103.90085841477,18627.273571428574,20088.110666666664,11164.909006123604,2,8,9,3,0,0.9749279121818236,-0.22252093395631434,-1.0,-1.8369701987210297e-16
2010-09-09,23526.38,12862.0,63.0,59.0,16175.22,24397.45,23717.79,33430.57,31964.34,30663.35,28209.739999999998,20678.128571428573,12258.924321855544,17606.449285714287,19582.73166666667,10979.794590728618,3,9,9,3,0,0.43388373911755823,-0.900968867902419,-1.0,-1.8369701987210297e-16
2010-09-10,15988.35,9905.0,43.0,38.0,23526.38,16175.22,24397.45,34739.16,12166.64,23250.77,18629.86,19263.24428571429,11054.123244227121,17003.73785714286,19426.61966666667,10885.79705646305,4,10,9,3,0,-0.433883739117558,-0.9009688679024191,-1.0,-1.8369701987210297e-16
2010-09-11,0.0,0.0,0.0,0.0,15988.35,23526.38,16175.22,0.0,0.0,0.0,26031.28,16584.557142857146,8700.146128209044,17276.717142857146,19338.569333333337,10903.133108042019,5,11,9,3,1,-0.9749279121818236,-0.2225209339563146,-1.0,-1.8369701987210297e-16
2010-09-12,15528.75,9278.0,48.0,46.0,0.0,15988.35,23526.38,12286.71,14449.3,22677.01,15150.14,16584.557142857146,8700.146128209044,17276.717142857146,18470.86,11377.64192700723,6,12,9,3,1,-0.7818314824680299,0.6234898018587334,-1.0,-1.8369701987210297e-16
2010-09-13,32892.16,27446.0,66.0,52.0,15528.75,0.0,15988.35,23717.79,0.0,20655.35,0.0,17047.70571428572,8517.598922018004,17353.820714285717,18483.480333333333,11374.040907661996,0,13,9,3,0,0.0,1.0,-1.0,-1.8369701987210297e-16
2010-09-14,19705.02,11071.0,62.0,56.0,32892.16,15528.75,0.0,24397.45,22811.75,26577.16,20484.46,18358.330000000005,10245.564109112474,19703.260714285716,19579.885666666665,11113.215580095943,1,14,9,3,0,0.7818314824680298,0.6234898018587336,-1.0,-1.8369701987210297e-16
2010-09-15,33812.4,21295.0,65.0,61.0,19705.02,32892.16,15528.75,16175.22,20351.36,30466.76,14270.74,17687.98285714286,9933.332354768505,19481.35142857143,19553.904333333332,11111.938916981837,2,15,9,3,0,0.9749279121818236,-0.22252093395631434,-1.0,-1.8369701987210297e-16
2010-09-16,27099.27,14409.0,65.0,51.0,33812.4,19705.02,32892.16,23526.38,33430.57,31964.34,28802.52,20207.580000000005,11585.165359347866,20442.854285714286,20205.293,11361.526223663523,3,16,9,3,0,0.43388373911755823,-0.900968867902419,-1.0,-1.8369701987210297e-16
2010-09-17,19486.54,11401.0,45.0,41.0,27099.27,33812.4,19705.02,15988.35,34739.16,12166.64,35122.52,20717.992857142857,11831.833100042342,19990.618571428575,20148.518,11321.267704340684,4,17,9,3,0,-0.433883739117558,-0.9009688679024191,-1.0,-1.8369701987210297e-16
2010-09-18,0.0,0.0,0.0,0.0,19486.54,27099.27,33812.4,0.0,0.0,0.0,30663.35,21217.734285714287,11671.563813808143,18901.145714285718,19627.31866666667,10962.365065723317,5,18,9,3,1,-0.9749279121818236,-0.2225209339563146,-1.0,-1.8369701987210297e-16
2010-09-19,22783.53,13649.0,57.0,54.0,0.0,19486.54,27099.27,15528.75,12286.71,14449.3,23250.77,21217.734285714287,11671.563813808143,18901.145714285718,18605.207000000002,11321.517916187408,6,19,9,3,1,-0.7818314824680299,0.6234898018587334,-1.0,-1.8369701987210297e-16
2010-09-20,38563.96,24263.0,72.0,59.0,22783.53,0.0,19486.54,32892.16,23717.79,0.0,0.0,22254.13142857143,11401.175026508516,19650.918571428574,18589.63233333333,11315.226421718791,0,20,9,3,0,0.0,1.0,-1.0,-1.8369701987210297e-16
2010-09-21,54698.89,35197.0,100.0,76.0,38563.96,22783.53,0.0,19705.02,24397.45,22811.75,22677.01,23064.388571428575,12437.631014991619,20711.359285714287,19875.09766666667,11321.055790320497,1,21,9,3,0,0.7818314824680298,0.6234898018587336,-1.0,-1.8369701987210297e-16
2010-09-22,27208.8,14065.0,70.0,39.0,54698.89,38563.96,22783.53,33812.4,16175.22,20351.36,20655.35,28063.51285714286,17042.52333457865,22875.74785714286,20942.49366666667,12982.067997348857,2,22,9,3,0,0.9749279121818236,-0.22252093395631434,-1.0,-1.8369701987210297e-16
2010-09-23,34305.1,20697.0,81.0,72.0,27208.8,54698.89,38563.96,27099.27,23526.38,33430.57,26577.16,27120.141428571427,16852.975962616063,23663.860714285718,21160.942,13032.11040745879,3,23,9,3,0,0.43388373911755823,-0.900968867902419,-1.0,-1.8369701987210297e-16
2010-09-24,47106.39,27622.0,55.0,45.0,34305.1,27208.8,54698.89,19486.54,15988.35,34739.16,30466.76,28149.545714285716,17070.160488171434,24433.769285714287,21418.539999999997,13217.913548523504,4,24,9,3,0,-0.433883739117558,-0.9009688679024191,-1.0,-1.8369701987210297e-16
2010-09-25,0.0,0.0,0.0,0.0,47106.39,34305.1,27208.8,0.0,0.0,0.0,31964.34,32095.23857142857,17905.665336974078,26656.48642857143,21973.194333333333,13940.081170644462,5,25,9,3,1,-0.9749279121818236,-0.2225209339563146,-1.0,-1.8369701987210297e-16
2010-09-26,21703.9,13359.0,63.0,51.0,0.0,47106.39,34305.1,22783.53,15528.75,12286.71,12166.64,32095.23857142857,17905.665336974078,26656.48642857143,20907.716333333334,14365.177009248118,6,26,9,3,1,-0.7818314824680299,0.6234898018587334,-1.0,-1.8369701987210297e-16
2010-09-27,115172.24,124721.0,90.0,69.0,21703.9,0.0,47106.39,38563.96,32892.16,23717.79,0.0,31941.005714285715,18003.62275268312,27097.568571428572,21225.625,14270.280813102867,0,27,9,3,0,0.0,1.0,-1.0,-1.8369701987210297e-16
2010-09-28,40015.409999999996,22204.0,109.0,91.0,115172.24,21703.9,0.0,54698.89,19705.02,24397.45,14449.3,42885.04571428571,36491.90172702061,32974.717142857146,25064.699666666667,21844.963914611675,1,28,9,3,0,0.7818314824680298,0.6234898018587336,-1.0,-1.8369701987210297e-16
2010-09-29,36740.03,20250.0,95.0,83.0,40015.409999999996,115172.24,21703.9,27208.8,33812.4,16175.22,0.0,40787.40571428571,36119.75587603359,34425.459285714285,25916.903333333332,21915.13451318098,2,29,9,3,0,0.9749279121818236,-0.22252093395631434,-1.0,-1.8369701987210297e-16
2010-09-30,37578.57,22891.0,81.0,74.0,36740.03,40015.409999999996,115172.24,34305.1,27099.27,23526.38,22811.75,42149.01,35699.77950603711,34634.57571428572,27141.571,21438.267723728626,3,30,9,3,0,0.43388373911755823,-0.900968867902419,-1.0,-1.8369701987210297e-16
2010-10-01,34550.89,21567.0,64.0,55.0,37578.57,36740.03,40015.409999999996,47106.39,19486.54,15988.35,20351.36,42616.64857142857,35601.209571092506,35383.09714285714,27633.798333333332,21504.84735463405,4,1,10,4,0,-0.433883739117558,-0.9009688679024191,-0.8660254037844386,0.5000000000000001
2010-10-02,0.0,0.0,0.0,0.0,34550.89,37578.57,36740.03,0.0,0.0,0.0,33430.57,40823.00571428572,35653.55367489889,36459.12214285714,28107.115999999998,21495.297555733476,5,2,10,4,1,-0.9749279121818236,-0.2225209339563146,-0.8660254037844386,0.5000000000000001
2010-10-03,38335.52,20272.0,75.0,64.0,0.0,34550.89,37578.57,21703.9,22783.53,15528.75,34739.16,40823.00571428572,35653.55367489889,36459.12214285714,26992.76366666667,22068.70468437563,6,3,10,4,1,-0.7818314824680299,0.6234898018587334,-0.8660254037844386,0.5000000000000001
2010-10-04,34956.56,22556.0,76.0,72.0,38335.52,0.0,34550.89,115172.24,38563.96,32892.16,0.0,43198.951428571425,34708.75704462658,37569.978571428575,27112.642333333333,22121.938249231815,0,4,10,4,0,0.0,1.0,-0.8660254037844386,0.5000000000000001
2010-10-05,55108.909999999996,34051.0,116.0,101.0,34956.56,38335.52,0.0,40015.409999999996,54698.89,19705.02,12286.71,31739.56857142857,14122.956807429338,37312.30714285714,28277.860999999997,21558.040374616034,1,5,10,4,0,0.7818314824680298,0.6234898018587336,-0.8660254037844386,0.5000000000000001
2010-10-06,30355.01,21523.0,59.0,58.0,55108.909999999996,34956.56,38335.52,36740.03,27208.8,33812.4,23717.79,33895.782857142854,16542.063560511157,37341.59428571429,29705.267666666667,21878.022057565177,2,6,10,4,0,0.9749279121818236,-0.22252093395631434,-0.8660254037844386,0.5000000000000001
2010-10-07,47610.92,28267.0,112.0,92.0,30355.01,55108.909999999996,34956.56,37578.57,34305.1,27099.27,24397.45,32983.637142857144,16535.126564516857,37566.32357142858,29926.508333333335,21848.926020083385,3,7,10,4,0,0.43388373911755823,-0.900968867902419,-0.8660254037844386,0.5000000000000001
2010-10-08,51836.73,39626.0,65.0,58.0,47610.92,30355.01,55108.909999999996,34550.89,47106.39,19486.54,16175.22,34416.83,17411.33809948948,38516.739285714284,30700.290666666664,22056.430163890353,4,8,10,4,0,-0.433883739117558,-0.9009688679024191,-0.8660254037844386,0.5000000000000001
2010-10-09,0.0,0.0,0.0,0.0,51836.73,47610.92,30355.01,0.0,0.0,0.0,23526.38,36886.235714285714,18617.542615960247,38854.62071428571,31889.007666666665,22207.07962782477,5,9,10,4,1,-0.9749279121818236,-0.2225209339563146,-0.8660254037844386,0.5000000000000001
2010-10-10,23139.31,12412.0,67.0,59.0,0.0,51836.73,47610.92,38335.52,21703.9,22783.53,15988.35,36886.235714285714,18617.542615960247,38854.62071428571,31104.795000000002,22916.642624036627,6,10,10,4,1,-0.7818314824680299,0.6234898018587334,-0.8660254037844386,0.5000000000000001
2010-10-11,39962.9,23986.0,85.0,78.0,23139.31,0.0,51836.73,34956.56,115172.24,38563.96,0.0,34715.34857142857,19294.06490386223,38957.15,31343.16033333333,22790.833204465845,0,11,10,4,0,0.0,1.0,-0.8660254037844386,0.5000000000000001
2010-10-12,46566.35,28703.0,104.0,94.0,39962.9,23139.31,0.0,55108.909999999996,40015.409999999996,54698.89,15528.75,35430.54,19397.009067862342,33585.05428571429,32675.256999999998,22051.594697842414,1,12,10,4,0,0.7818314824680298,0.6234898018587336,-0.8660254037844386,0.5000000000000001
2010-10-13,51564.7,39725.0,81.0,74.0,46566.35,39962.9,23139.31,30355.01,36740.03,27208.8,32892.16,34210.17428571429,18183.356565072423,34052.978571428575,33709.84366666667,21947.24136944189,2,13,10,4,0,0.9749279121818236,-0.22252093395631434,-0.8660254037844386,0.5000000000000001
2010-10-14,86945.13,37066.0,96.0,81.0,51564.7,46566.35,39962.9,47610.92,37578.57,34305.1,19705.02,37240.13,19174.02577064262,35111.883571428574,34332.26166666667,22186.72006592762,3,14,10,4,0,0.43388373911755823,-0.900968867902419,-0.8660254037844386,0.5000000000000001
2010-10-15,42398.82,20610.0,95.0,80.0,86945.13,51564.7,46566.35,51836.73,34550.89,47106.39,33812.4,42859.30285714286,26919.22361469076,38638.06642857143,36573.598666666665,23981.829213464614,4,15,10,4,0,-0.433883739117558,-0.9009688679024191,-0.8660254037844386,0.5000000000000001
2010-10-16,0.0,0.0,0.0,0.0,42398.82,86945.13,51564.7,0.0,0.0,0.0,27099.27,41511.02999999999,26629.43411772521,39198.63285714285,36859.812666666665,23998.97071943841,5,16,10,4,1,-0.9749279121818236,-0.2225209339563146,-0.8660254037844386,0.5000000000000001
2010-10-17,31176.14,18342.0,70.0,62.0,0.0,42398.82,86945.13,23139.31,38335.52,21703.9,19486.54,41511.02999999999,26629.43411772521,39198.63285714285,35956.50366666667,24873.102668497504,6,17,10,4,1,-0.7818314824680299,0.6234898018587334,-0.8660254037844386,0.5000000000000001
2010-10-18,36591.44,18509.0,97.0,90.0,31176.14,0.0,42398.82,39962.9,34956.56,115172.24,0.0,42659.148571428566,25867.686374950794,38687.24857142857,36346.157,24697.13311323307,0,18,10,4,0,0.0,1.0,-0.8660254037844386,0.5000000000000001
2010-10-19,46577.64,26330.0,73.0,65.0,36591.44,31176.14,0.0,46566.35,55108.909999999996,40015.409999999996,22783.53,42177.51142857143,25957.486720097055,38804.025714285715,37565.87166666667,23724.633680838146,1,19,10,4,0,0.7818314824680298,0.6234898018587336,-0.8660254037844386,0.5000000000000001
2010-10-20,43387.26,23589.0,103.0,89.0,46577.64,36591.44,31176.14,51564.7,30355.01,36740.03,38563.96,42179.124285714286,25957.805217230187,38194.64928571428,38359.00866666667,23610.862060332467,2,20,10,4,0,0.9749279121818236,-0.22252093395631434,-0.8660254037844386,0.5000000000000001
2010-10-21,32847.8,15231.0,89.0,76.0,43387.26,46577.64,36591.44,86945.13,47610.92,37578.57,54698.89,41010.91857142857,25647.168584638763,39125.52428571428,38519.78533333333,23628.721011146412,3,21,10,4,0,0.43388373911755823,-0.900968867902419,-0.8660254037844386,0.5000000000000001
2010-10-22,32843.94,21524.0,77.0,68.0,32847.8,43387.26,46577.64,42398.82,51836.73,34550.89,27208.8,33282.728571428575,15733.583078705065,38071.01571428571,37791.41566666667,23448.8949528045,4,22,10,4,0,-0.433883739117558,-0.9009688679024191,-0.8660254037844386,0.5000000000000001
2010-10-23,0.0,0.0,0.0,0.0,32843.94,32847.8,43387.26,0.0,0.0,0.0,34305.1,31917.745714285713,15216.8819848295,36714.38785714286,37979.253666666664,23383.678974003768,5,23,10,4,1,-0.9749279121818236,-0.2225209339563146,-0.8660254037844386,0.5000000000000001
2010-10-24,28634.59,15444.0,82.0,74.0,0.0,32843.94,32847.8,31176.14,23139.31,38335.52,47106.39,31917.745714285713,15216.8819848295,36714.38785714286,36835.75033333334,24386.820307168116,6,24,10,4,1,-0.7818314824680299,0.6234898018587334,-0.8660254037844386,0.5000000000000001
2010-10-25,27945.06,14106.0,69.0,63.0,28634.59,0.0,32843.94,36591.44,39962.9,34956.56,0.0,31554.667142857146,15267.761973664983,37106.90785714286,36220.02366666667,24351.727650909692,0,25,10,4,0,0.0,1.0,-0.8660254037844386,0.5000000000000001
2010-10-26,42545.95,25020.0,98.0,85.0,27945.06,28634.59,0.0,46577.64,46566.35,55108.909999999996,21703.9,30319.47,15141.595761049535,36248.49071428572,37151.52566666667,23435.71293172537,1,26,10,4,0,0.7818314824680298,0.6234898018587336,-0.8660254037844386,0.5000000000000001
2010-10-27,30480.55,15563.0,70.0,66.0,42545.95,27945.06,28634.59,43387.26,51564.7,30355.01,115172.24,29743.514285714286,14482.427165902192,35961.319285714286,37846.26066666667,23270.328563002644,2,27,10,4,0,0.9749279121818236,-0.22252093395631434,-0.8660254037844386,0.5000000000000001
2010-10-28,30701.3,13564.0,57.0,52.0,30480.55,42545.95,27945.06,32847.8,86945.13,47610.92,40015.409999999996,27899.698571428573,13222.6951961661,34455.30857142858,35023.204333333335,18137.021343671953,3,28,10,4,0,0.43388373911755823,-0.900968867902419,-0.8660254037844386,0.5000000000000001
2010-10-29,36100.95,22499.0,71.0,62.0,30701.3,30480.55,42545.95,32843.94,42398.82,51836.73,36740.03,27593.055714285718,13113.257054272532,30437.892142857145,34712.734000000004,18128.33535372403,4,29,10,4,0,-0.433883739117558,-0.9009688679024191,-0.8660254037844386,0.5000000000000001
2010-10-30,0.0,0.0,0.0,0.0,36100.95,30701.3,30480.55,0.0,0.0,0.0,37578.57,28058.342857142856,13385.577424640931,29988.044285714284,34691.431333333334,18126.246295984594,5,30,10,4,1,-0.9749279121818236,-0.2225209339563146,-0.8660254037844386,0.5000000000000001
2010-10-31,29947.64,16347.0,82.0,79.0,0.0,36100.95,30701.3,28634.59,31176.14,23139.31,34550.89,28058.342857142856,13385.577424640931,29988.044285714284,33438.812333333335,19187.23672958609,6,31,10,4,1,-0.7818314824680299,0.6234898018587334,-0.8660254037844386,0.5000000000000001
2010-11-01,20730.239999999998,12325.0,52.0,47.0,29947.64,0.0,36100.95,27945.06,36591.44,39962.9,0.0,28245.92142857143,13404.185794168205,29900.294285714284,33285.37066666667,19196.44074711768,0,1,11,4,0,0.0,1.0,-0.5000000000000004,0.8660254037844384
2010-11-02,42866.909999999996,23626.0,86.0,79.0,20730.239999999998,29947.64,0.0,42545.95,46577.64,46566.35,38335.52,27215.23285714286,13705.180881970275,28767.351428571426,33976.378666666664,18309.58617145501,1,2,11,4,0,0.7818314824680298,0.6234898018587336,-0.5000000000000004,0.8660254037844384
2010-11-03,42870.87,23025.0,86.0,75.0,42866.909999999996,20730.239999999998,29947.64,30480.55,43387.26,51564.7,34956.56,27261.08428571428,13765.423415455174,28502.29928571429,34127.425,18365.393253869293,2,3,11,4,0,0.9749279121818236,-0.22252093395631434,-0.5000000000000004,0.8660254037844384
2010-11-04,83876.12,58902.0,126.0,104.0,42870.87,42866.909999999996,20730.239999999998,30701.3,32847.8,86945.13,55108.909999999996,29031.13,14990.498705215463,28465.41428571429,34391.23533333334,18434.427032583168,3,4,11,4,0,0.43388373911755823,-0.900968867902419,-0.5000000000000004,0.8660254037844384
2010-11-05,40907.93,19838.0,65.0,57.0,83876.12,42870.87,42866.909999999996,36100.95,32843.94,42398.82,30355.01,36627.532857142854,25656.501496636756,32110.294285714284,35350.14233333334,20211.77668691453,4,5,11,4,0,-0.433883739117558,-0.9009688679024191,-0.5000000000000004,0.8660254037844384
2010-11-06,0.0,0.0,0.0,0.0,40907.93,83876.12,42870.87,0.0,0.0,0.0,47610.92,37314.24428571428,25704.344368134134,32686.293571428574,35701.90633333333,20213.675046584704,5,6,11,4,1,-0.9749279121818236,-0.2225209339563146,-0.5000000000000004,0.8660254037844384
2010-11-07,31345.79,18341.0,81.0,75.0,0.0,40907.93,83876.12,29947.64,28634.59,31176.14,51836.73,37314.24428571428,25704.344368134134,32686.29357142857,34114.87566666667,21096.190722491006,6,7,11,4,1,-0.7818314824680299,0.6234898018587334,-0.5000000000000004,0.8660254037844384
2010-11-08,32303.99,18193.0,76.0,67.0,31345.79,0.0,40907.93,20730.239999999998,27945.06,36591.44,0.0,37513.979999999996,25642.92054266051,32879.95071428572,33431.844333333334,20832.69677060206,0,8,11,4,0,0.0,1.0,-0.5000000000000004,0.8660254037844384
2010-11-09,53013.21,32781.0,113.0,99.0,32303.99,31345.79,0.0,42866.909999999996,42545.95,46577.64,23139.31,39167.37285714286,24737.523304942184,33191.30285714286,34508.644,19857.106173118682,1,9,11,4,0,0.7818314824680298,0.6234898018587336,-0.5000000000000004,0.8660254037844384
2010-11-10,73575.93,33426.0,127.0,100.0,53013.21,32303.99,31345.79,42870.87,30480.55,43387.26,39962.9,40616.84428571429,25281.693689093085,33938.96428571428,35504.44066666667,20015.721561113936,2,10,11,4,0,0.9749279121818236,-0.22252093395631434,-0.5000000000000004,0.8660254037844384
2010-11-11,59712.61,33217.0,119.0,99.0,73575.93,53013.21,32303.99,83876.12,30701.3,32847.8,46566.35,45003.28142857143,28229.768856882532,37017.205714285716,36624.875,21180.784579197672,3,11,11,4,0,0.43388373911755823,-0.900968867902419,-0.5000000000000004,0.8660254037844384
2010-11-12,36167.25,20025.0,99.0,81.0,59712.61,73575.93,53013.21,40907.93,36100.95,32843.94,51564.7,41551.35142857143,23816.57378670607,39089.442142857144,37063.08366666666,21526.722129443024,4,12,11,4,0,-0.433883739117558,-0.9009688679024191,-0.5000000000000004,0.8660254037844384
2010-11-13,0.0,0.0,0.0,0.0,36167.25,59712.61,73575.93,0.0,0.0,0.0,86945.13,40874.111428571436,23905.156698088136,39094.17785714286,36549.835333333336,21351.892534740706,5,13,11,4,1,-0.9749279121818236,-0.2225209339563146,-0.5000000000000004,0.8660254037844384
2010-11-14,27934.71,16462.0,86.0,76.0,0.0,36167.25,59712.61,31345.79,29947.64,28634.59,42398.82,40874.111428571436,23905.156698088136,39094.17785714286,33651.664333333334,20142.097803318295,6,14,11,4,1,-0.7818314824680299,0.6234898018587334,-0.5000000000000004,0.8660254037844384
2010-11-15,42964.04,21740.0,98.0,83.0,27934.71,0.0,36167.25,32303.99,20730.239999999998,27945.06,0.0,40386.81428571429,24165.112907889805,38950.397142857146,33169.52733333333,20098.564166956014,0,15,11,4,0,0.0,1.0,-0.5000000000000004,0.8660254037844384
2010-11-16,63788.84,37378.0,106.0,95.0,42964.04,27934.71,0.0,53013.21,42866.909999999996,42545.95,31176.14,41909.67857142857,23905.342239849822,40538.525714285715,34601.662,19162.46403544403,1,16,11,4,0,0.7818314824680298,0.6234898018587336,-0.5000000000000004,0.8660254037844384
2010-11-17,45726.74,27327.0,113.0,97.0,63788.84,42964.04,27934.71,73575.93,42870.87,30480.55,36591.44,43449.05428571429,25058.64414106163,42032.94928571429,35688.752,19873.309971927516,2,17,11,4,0,0.9749279121818236,-0.22252093395631434,-0.5000000000000004,0.8660254037844384
2010-11-18,37074.97,19353.0,96.0,91.0,45726.74,63788.84,42964.04,59712.61,83876.12,30701.3,46577.64,39470.59857142857,21425.748994863978,42236.94,35993.262,19957.428480633895,3,18,11,4,0,0.43388373911755823,-0.900968867902419,-0.5000000000000004,0.8660254037844384
2010-11-19,39999.42,23892.0,100.0,90.0,37074.97,45726.74,63788.84,36167.25,40907.93,36100.95,43387.26,36236.65,19481.475671283228,38894.000714285714,35676.50633333333,19858.812518938677,4,19,11,4,0,-0.433883739117558,-0.9009688679024191,-0.5000000000000004,0.8660254037844384
2010-11-20,0.0,0.0,0.0,0.0,39999.42,37074.97,45726.74,0.0,0.0,0.0,32847.8,36784.102857142854,19532.976626217456,38829.107142857145,35563.57833333334,19823.053353725016,5,20,11,4,1,-0.9749279121818236,-0.2225209339563146,-0.5000000000000004,0.8660254037844384
2010-11-21,32056.05,17985.0,96.0,89.0,0.0,39999.42,37074.97,27934.71,31345.79,29947.64,32843.94,36784.102857142854,19532.976626217456,38829.107142857145,34468.651666666665,20858.37019075955,6,21,11,4,1,-0.7818314824680299,0.6234898018587334,-0.5000000000000004,0.8660254037844384
2010-11-22,31724.88,16898.0,89.0,80.0,32056.05,0.0,39999.42,42964.04,32303.99,20730.239999999998,0.0,37372.86571428571,19282.285883025615,38879.840000000004,34442.388666666666,20860.982280799723,0,22,11,4,0,0.0,1.0,-0.5000000000000004,0.8660254037844384
2010-11-23,49805.35,24919.0,128.0,112.0,31724.88,32056.05,0.0,63788.84,53013.21,42866.909999999996,28634.59,35767.271428571425,19206.909672093214,38838.475,35499.884666666665,19833.61362423047,1,23,11,4,0,0.7818314824680298,0.6234898018587336,-0.5000000000000004,0.8660254037844384
2010-11-24,41138.6,24336.0,117.0,104.0,49805.35,31724.88,32056.05,45726.74,73575.93,42870.87,27945.06,33769.63,16316.441711486408,38609.342142857146,36205.57666666666,19957.168519399565,2,24,11,4,0,0.9749279121818236,-0.22252093395631434,-0.5000000000000004,0.8660254037844384
2010-11-25,67870.96,36908.0,146.0,133.0,41138.6,49805.35,31724.88,37074.97,59712.61,83876.12,42545.95,33114.18142857143,15841.293982533363,36292.39,36645.36133333333,19914.182219832037,3,25,11,4,0,0.43388373911755823,-0.900968867902419,-0.5000000000000004,0.8660254037844384
2010-11-26,28828.04,14797.0,78.0,72.0,67870.96,41138.6,49805.35,39999.42,36167.25,40907.93,30480.55,37513.60857142857,20666.158595252968,36875.12928571429,37489.52833333333,20694.416604000013,4,26,11,4,0,-0.433883739117558,-0.9009688679024191,-0.5000000000000004,0.8660254037844384
2010-11-27,0.0,0.0,0.0,0.0,28828.04,67870.96,41138.6,0.0,0.0,0.0,30701.3,35917.69714285714,20872.51772243646,36350.9,37434.44466666666,20715.90431443399,5,27,11,4,1,-0.9749279121818236,-0.2225209339563146,-0.5000000000000004,0.8660254037844384
2010-11-28,27125.16,16290.0,90.0,83.0,0.0,28828.04,67870.96,32056.05,27934.71,31345.79,36100.95,35917.69714285714,20872.51772243646,36350.9,36411.068,21790.456208705535,6,28,11,4,1,-0.7818314824680299,0.6234898018587334,-0.5000000000000004,0.8660254037844384
2010-11-29,63245.18,36434.0,98.0,89.0,27125.16,0.0,28828.04,31724.88,42964.04,32303.99,0.0,35213.28428571429,21106.456298488276,36293.075,36111.87499999999,21856.382238727056,0,29,11,4,0,0.0,1.0,-0.5000000000000004,0.8660254037844384
2010-11-30,49806.229999999996,24650.0,116.0,101.0,63245.18,27125.16,0.0,49805.35,63788.84,53013.21,29947.64,39716.18428571429,23468.34903611662,37741.72785714286,38220.04766666667,21296.072858650812,1,30,11,4,0,0.7818314824680298,0.6234898018587336,-0.5000000000000004,0.8660254037844384
2010-12-01,46192.49,24114.0,121.0,95.0,49806.229999999996,63245.18,27125.16,41138.6,45726.74,73575.93,20730.239999999998,39716.31,23468.412091154227,36742.97000000001,38882.00066666667,21338.665162062032,2,1,12,4,0,0.9749279121818236,-0.22252093395631434,-2.4492935982947064e-16,1.0
2010-12-02,47197.57,31077.0,137.0,99.0,46192.49,49806.229999999996,63245.18,67870.96,37074.97,59712.61,42866.909999999996,40438.294285714284,23596.8478328073,36776.237857142856,39730.742333333335,21096.793564630283,3,2,12,4,0,0.43388373911755823,-0.900968867902419,-2.4492935982947064e-16,1.0
2010-12-03,23876.63,11798.0,57.0,50.0,47197.57,46192.49,49806.229999999996,28828.04,39999.42,36167.25,42870.87,37484.95285714285,20708.083955716203,37499.28071428572,39875.097666666676,21133.77675375781,4,3,12,4,0,-0.433883739117558,-0.9009688679024191,-2.4492935982947064e-16,1.0
2010-12-04,0.0,0.0,0.0,0.0,23876.63,47197.57,46192.49,0.0,0.0,0.0,83876.12,36777.608571428565,21133.26921349482,36347.652857142864,39241.95633333333,21324.592694352967,5,4,12,4,1,-0.9749279121818236,-0.2225209339563146,-2.4492935982947064e-16,1.0
2010-12-05,31361.28,16241.0,87.0,75.0,0.0,23876.63,47197.57,27125.16,32056.05,27934.71,40907.93,36777.608571428565,21133.26921349482,36347.652857142864,36446.085666666666,20761.88910822452,6,5,12,4,1,-0.7818314824680299,0.6234898018587334,-2.4492935982947064e-16,1.0
2010-12-06,31009.329999999998,16115.0,94.0,82.0,31361.28,0.0,23876.63,63245.18,31724.88,42964.04,0.0,37382.76857142857,20869.809643320852,36298.02642857143,36127.863999999994,20764.30490202451,0,6,12,4,0,0.0,1.0,-2.4492935982947064e-16,1.0
2010-12-07,53730.96,19404.0,71.0,65.0,31009.329999999998,31361.28,0.0,49806.229999999996,49805.35,63788.84,31345.79,32777.647142857146,17495.714322897016,36246.915714285715,37161.50833333333,19645.5299809455,1,7,12,4,0,0.7818314824680298,0.6234898018587336,-2.4492935982947064e-16,1.0
2010-12-08,39094.2,21497.0,111.0,99.0,53730.96,31009.329999999998,31361.28,46192.49,41138.6,45726.74,32303.99,33338.322857142855,18181.80547865156,36527.31642857143,37907.68066666667,19841.161980194363,2,8,12,4,0,0.9749279121818236,-0.22252093395631434,-2.4492935982947064e-16,1.0
2010-12-09,38193.91,17383.0,98.0,90.0,39094.2,53730.96,31009.329999999998,47197.57,67870.96,37074.97,53013.21,32324.281428571423,17531.737180497763,36381.28785714286,38134.02099999999,19813.744040047382,3,9,12,4,0,0.43388373911755823,-0.900968867902419,-2.4492935982947064e-16,1.0
2010-12-10,33488.38,15927.0,72.0,53.0,38193.91,39094.2,53730.96,23876.63,28828.04,39999.42,73575.93,31038.044285714284,16562.1447691222,34261.49857142857,37640.04433333333,19613.71974658445,4,10,12,4,0,-0.433883739117558,-0.9009688679024191,-2.4492935982947064e-16,1.0
2010-12-11,0.0,0.0,0.0,0.0,33488.38,38193.91,39094.2,0.0,0.0,0.0,59712.61,32411.15142857143,16265.23984904048,34594.380000000005,36303.79266666667,18409.633393883007,5,11,12,4,1,-0.9749279121818236,-0.2225209339563146,-2.4492935982947064e-16,1.0
2010-12-12,17102.35,10533.0,43.0,42.0,0.0,33488.38,38193.91,31361.28,27125.16,32056.05,36167.25,32411.15142857143,16265.239849040481,34594.380000000005,34313.37233333333,19009.67348044107,6,12,12,4,1,-0.7818314824680299,0.6234898018587334,-2.4492935982947064e-16,1.0
2010-12-13,27578.34,15309.0,64.0,59.0,17102.35,0.0,33488.38,31009.329999999998,63245.18,31724.88,0.0,30374.161428571428,17279.853574915334,33878.465000000004,33677.87566666667,19262.550441753418,0,13,12,4,0,0.0,1.0,-2.4492935982947064e-16,1.0
2010-12-14,29235.13,17707.0,81.0,73.0,27578.34,17102.35,0.0,53730.96,49806.229999999996,49805.35,27934.71,29884.019999999997,17307.47211192033,31330.833571428575,34597.153666666665,18230.310588841065,1,14,12,4,0,0.7818314824680298,0.6234898018587336,-2.4492935982947064e-16,1.0
2010-12-15,30251.47,18388.0,70.0,66.0,29235.13,27578.34,17102.35,39094.2,46192.49,41138.6,42964.04,26384.615714285716,13804.076957030788,29861.46928571429,34640.501000000004,18215.462618008496,2,15,12,4,0,0.9749279121818236,-0.22252093395631434,-2.4492935982947064e-16,1.0
2010-12-16,48791.87,29711.0,113.0,98.0,30251.47,29235.13,27578.34,38193.91,47197.57,67870.96,63788.84,25121.36857142857,12816.41993536341,28722.825000000004,34216.74866666667,18162.94502142524,3,16,12,4,0,0.43388373911755823,-0.900968867902419,-2.4492935982947064e-16,1.0
2010-12-17,19966.36,11395.0,55.0,51.0,48791.87,30251.47,29235.13,33488.38,23876.63,28828.04,45726.74,26635.362857142853,15049.472678223323,28836.703571428574,33716.84966666667,17515.81865297816,4,17,12,4,0,-0.433883739117558,-0.9009688679024191,-2.4492935982947064e-16,1.0
2010-12-18,0.0,0.0,0.0,0.0,19966.36,48791.87,30251.47,0.0,0.0,0.0,37074.97,24703.645714285718,14890.213814581764,28557.398571428574,32858.170333333335,17538.167033315844,5,18,12,4,1,-0.9749279121818236,-0.2225209339563146,-2.4492935982947064e-16,1.0
2010-12-19,7292.95,3674.0,18.0,17.0,0.0,19966.36,48791.87,17102.35,31361.28,27125.16,39999.42,24703.645714285718,14890.213814581764,28557.398571428574,31622.337999999996,18510.10096593888,6,19,12,4,1,-0.7818314824680299,0.6234898018587334,-2.4492935982947064e-16,1.0
2010-12-20,19599.06,13419.0,50.0,41.0,7292.95,0.0,19966.36,27578.34,31009.329999999998,63245.18,0.0,23302.302857142855,16134.420249683288,26838.23214285714,30532.122333333336,18957.464008099047,0,20,12,4,0,0.0,1.0,-2.4492935982947064e-16,1.0
2010-12-21,15929.16,11062.0,27.0,23.0,19599.06,7292.95,0.0,29235.13,53730.96,49806.229999999996,32056.05,22162.405714285716,16063.680858270358,26023.21285714286,31185.424333333332,18191.220940279225,1,21,12,4,0,0.7818314824680298,0.6234898018587336,-2.4492935982947064e-16,1.0
2010-12-22,4886.5199999999995,3074.0,14.0,13.0,15929.16,19599.06,7292.95,30251.47,39094.2,46192.49,31724.88,20261.552857142855,15873.396446673178,23323.08428571429,30647.86133333333,18401.669201490615,2,22,12,4,0,0.9749279121818236,-0.22252093395631434,-2.4492935982947064e-16,1.0
2010-12-23,5644.77,3220.0,17.0,15.0,4886.5199999999995,15929.16,19599.06,48791.87,38193.91,47197.57,49805.35,16637.98857142857,16106.261476144828,20879.678571428572,29753.249333333333,18990.467910016294,3,23,12,4,0,0.43388373911755823,-0.900968867902419,-2.4492935982947064e-16,1.0
2010-12-24,0.0,0.0,0.0,0.0,5644.77,4886.5199999999995,15929.16,19966.36,33488.38,23876.63,41138.6,10474.117142857142,7931.95582384464,18554.74,28281.23,19093.802098648095,4,24,12,4,0,-0.433883739117558,-0.9009688679024191,-2.4492935982947064e-16,1.0
2010-12-25,0.0,0.0,0.0,0.0,0.0,5644.77,4886.5199999999995,0.0,0.0,0.0,67870.96,7621.78,7529.378066128634,16162.71285714286,26909.943333333336,19608.872263743513,5,25,12,4,1,-0.9749279121818236,-0.2225209339563146,-2.4492935982947064e-16,1.0
2010-12-26,0.0,0.0,0.0,0.0,0.0,0.0,5644.77,7292.95,17102.35,31361.28,28828.04,7621.78,7529.378066128634,16162.71285714286,24647.578,18609.896819194306,6,26,12,4,1,-0.7818314824680299,0.6234898018587334,-2.4492935982947064e-16,1.0
2010-12-27,0.0,0.0,0.0,0.0,0.0,0.0,0.0,19599.06,27578.34,31009.329999999998,0.0,6579.93,8067.780008756989,14941.116428571431,23686.643333333333,19123.77515098299,0,27,12,4,0,0.0,1.0,-2.4492935982947064e-16,1.0
2010-12-28,0.0,0.0,0.0,0.0,0.0,0.0,0.0,15929.16,29235.13,53730.96,27125.16,3780.0642857142857,5908.432425214608,12971.235000000002,23686.643333333333,19123.77515098299,1,28,12,4,0,0.7818314824680298,0.6234898018587336,-2.4492935982947064e-16,1.0
2010-12-29,0.0,0.0,0.0,0.0,0.0,0.0,0.0,4886.5199999999995,30251.47,39094.2,63245.18,1504.47,2578.678479279397,10883.011428571432,22782.471333333335,19591.124283541012,2,29,12,4,0,0.9749279121818236,-0.22252093395631434,-2.4492935982947064e-16,1.0
2010-12-30,0.0,0.0,0.0,0.0,0.0,0.0,0.0,5644.77,48791.87,38193.91,49806.229999999996,806.3957142857143,2133.5225183079847,8722.192142857146,20674.298666666666,18456.875008906536,3,30,12,4,0,0.43388373911755823,-0.900968867902419,-2.4492935982947064e-16,1.0
2010-12-31,0.0,0.0,0.0,0.0,0.0,0.0,0.0,0.0,19966.36,33488.38,46192.49,0.0,0.0,5237.058571428574,19014.091,17979.969060416293,4,31,12,4,0,-0.433883739117558,-0.9009688679024191,-2.4492935982947064e-16,1.0
2011-01-01,0.0,0.0,0.0,0.0,0.0,0.0,0.0,0.0,0.0,0.0,47197.57,0.0,0.0,3810.890000000002,17474.341333333334,17544.863427761575,5,1,1,1,1,-0.9749279121818236,-0.2225209339563146,0.49999999999999994,0.8660254037844387
2011-01-02,0.0,0.0,0.0,0.0,0.0,0.0,0.0,0.0,7292.95,17102.35,23876.63,0.0,0.0,3810.890000000002,15901.089000000002,16891.615287695855,6,2,1,1,1,-0.7818314824680299,0.6234898018587334,0.49999999999999994,0.8660254037844387
2011-01-03,0.0,0.0,0.0,0.0,0.0,0.0,0.0,0.0,19599.06,27578.34,0.0,0.0,0.0,3289.9650000000024,15105.201333333334,17064.487833532683,0,3,1,1,0,0.0,1.0,0.49999999999999994,0.8660254037844387
2011-01-04,12105.11,6950.0,35.0,34.0,0.0,0.0,0.0,0.0,15929.16,29235.13,31361.28,0.0,0.0,1890.032142857145,15105.201333333334,17064.487833532683,1,4,1,1,0,0.7818314824680298,0.6234898018587336,0.49999999999999994,0.8660254037844387
2011-01-05,28799.43,18369.0,48.0,45.0,12105.11,0.0,0.0,0.0,4886.5199999999995,30251.47,31009.329999999998,1729.3014285714287,4575.301521868727,1616.8857142857164,14463.329,16791.917244076285,2,5,1,1,0,0.9749279121818236,-0.22252093395631434,0.49999999999999994,0.8660254037844387
2011-01-06,34343.79,21534.0,46.0,45.0,28799.43,12105.11,0.0,0.0,5644.77,48791.87,53730.96,5843.505714285714,11082.38048440535,3324.950714285716,14389.665666666668,16721.52949551829,3,6,1,1,0,0.43388373911755823,-0.900968867902419,0.49999999999999994,0.8660254037844387
2011-01-07,23797.79,15122.0,47.0,45.0,34343.79,28799.43,12105.11,0.0,0.0,19966.36,39094.2,10749.761428571428,14980.738592176098,5374.880714285718,13743.426666666666,15476.988261943408,4,7,1,1,0,-0.433883739117558,-0.9009688679024191,0.49999999999999994,0.8660254037844387
2011-01-08,0.0,0.0,0.0,0.0,23797.79,34343.79,28799.43,0.0,0.0,0.0,38193.91,14149.445714285714,14834.216520905149,7074.7228571428595,13233.546333333334,14852.385131758929,5,8,1,1,1,-0.9749279121818236,-0.2225209339563146,0.49999999999999994,0.8660254037844387
2011-01-09,15590.68,8125.0,48.0,48.0,0.0,23797.79,34343.79,0.0,0.0,7292.95,33488.38,14149.445714285714,14834.216520905149,7074.7228571428595,11960.416000000001,14264.361363050974,6,9,1,1,1,-0.7818314824680299,0.6234898018587334,0.49999999999999994,0.8660254037844387
2011-01-10,15330.83,9380.0,34.0,32.0,15590.68,0.0,23797.79,0.0,0.0,19599.06,0.0,16376.685714285715,13462.726536974667,8188.34285714286,11363.826000000001,13695.87924643727,0,10,1,1,0,0.0,1.0,0.49999999999999994,0.8660254037844387
2011-01-11,60243.73,26072.0,53.0,47.0,15330.83,15590.68,0.0,12105.11,0.0,15929.16,17102.35,18566.804285714286,11451.285797880017,9283.402142857145,11874.853666666666,13542.401155644342,1,11,1,1,0,0.7818314824680298,0.6234898018587336,0.49999999999999994,0.8660254037844387
2011-01-12,17124.74,7883.0,42.0,42.0,60243.73,15330.83,15590.68,28799.43,0.0,4886.5199999999995,27578.34,25443.75,18933.90981810061,13586.525714285717,13312.899666666668,16155.157640873062,2,12,1,1,0,0.9749279121818236,-0.22252093395631434,0.49999999999999994,0.8660254037844387
2011-01-13,15159.46,8309.0,41.0,41.0,17124.74,60243.73,15330.83,34343.79,0.0,5644.77,29235.13,23775.937142857147,19102.494544920668,14809.72142857143,12964.446333333333,15948.266775031807,3,13,1,1,0,0.43388373911755823,-0.900968867902419,0.49999999999999994,0.8660254037844387
2011-01-14,39509.7,21098.0,38.0,37.0,15159.46,17124.74,60243.73,23797.79,0.0,0.0,30251.47,21035.318571428572,18705.69886557341,15892.540000000005,12495.257333333335,15657.484680612026,4,14,1,1,0,-0.433883739117558,-0.9009688679024191,0.49999999999999994,0.8660254037844387
2011-01-15,0.0,0.0,0.0,0.0,39509.7,15159.46,17124.74,0.0,0.0,0.0,48791.87,23279.877142857145,19990.93227277367,18714.66142857143,12803.864999999998,16104.387743025267,5,15,1,1,1,-0.9749279121818236,-0.2225209339563146,0.49999999999999994,0.8660254037844387
2011-01-16,6976.39,4086.0,25.0,22.0,0.0,39509.7,15159.46,15590.68,0.0,0.0,19966.36,23279.877142857145,19990.93227277367,18714.66142857143,11177.469333333333,14751.546268308104,6,16,1,1,1,-0.7818314824680299,0.6234898018587334,0.49999999999999994,0.8660254037844387
2011-01-17,16527.05,8692.0,46.0,45.0,6976.39,0.0,39509.7,15330.83,0.0,0.0,0.0,22049.264285714286,20792.239430030022,19212.975000000002,10744.470333333333,14675.119956355546,0,17,1,1,0,0.0,1.0,0.49999999999999994,0.8660254037844387
2011-01-18,87559.21,80605.0,32.0,31.0,16527.05,6976.39,0.0,60243.73,12105.11,0.0,7292.95,22220.152857142857,20732.648946903137,20393.47857142857,11295.372,14567.683923241622,1,18,1,1,0,0.7818314824680298,0.6234898018587336,0.49999999999999994,0.8660254037844387
2011-01-19,21586.78,15869.0,33.0,33.0,87559.21,16527.05,6976.39,17124.74,28799.43,0.0,19599.06,26122.364285714288,29709.329582582224,25783.057142857146,13970.913999999999,20120.07308424714,2,19,1,1,0,0.9749279121818236,-0.22252093395631434,0.49999999999999994,0.8660254037844387
2011-01-20,15197.08,8171.0,34.0,30.0,21586.78,87559.21,16527.05,15159.46,34343.79,0.0,15929.16,26759.79857142857,29531.43977251105,25267.867857142865,14037.171333333334,20142.506583953735,3,20,1,1,0,0.43388373911755823,-0.900968867902419,0.49999999999999994,0.8660254037844387
2011-01-21,24276.01,12694.0,34.0,32.0,15197.08,21586.78,87559.21,39509.7,23797.79,0.0,4886.5199999999995,26765.172857142858,29528.980154627596,23900.245714285713,14012.768666666667,20140.578763856374,4,21,1,1,0,-0.433883739117558,-0.9009688679024191,0.49999999999999994,0.8660254037844387
2011-01-22,0.0,0.0,0.0,0.0,24276.01,15197.08,21586.78,0.0,0.0,0.0,5644.77,24588.93142857143,28989.60959315333,23934.40428571429,14659.085,20148.721563969204,5,22,1,1,1,-0.9749279121818236,-0.2225209339563146,0.49999999999999994,0.8660254037844387
2011-01-23,10306.1,5200.0,27.0,27.0,0.0,24276.01,15197.08,6976.39,15590.68,0.0,0.0,24588.93142857143,28989.60959315333,23934.40428571429,14470.926,20261.843895266193,6,23,1,1,1,-0.7818314824680299,0.6234898018587334,0.49999999999999994,0.8660254037844387
2011-01-24,17601.87,9587.0,44.0,43.0,10306.1,0.0,24276.01,16527.05,15330.83,0.0,0.0,25064.604285714286,28678.094403090345,23556.93428571429,14814.462666666666,20094.710897973066,0,24,1,1,0,0.0,1.0,0.49999999999999994,0.8660254037844387
2011-01-25,23994.38,14443.0,59.0,57.0,17601.87,10306.1,0.0,87559.21,60243.73,12105.11,0.0,25218.15,28627.597778450312,23719.151428571433,15401.191666666668,19903.29948740698,1,25,1,1,0,0.7818314824680298,0.6234898018587336,0.49999999999999994,0.8660254037844387
2011-01-26,17424.45,10418.0,53.0,49.0,23994.38,17601.87,10306.1,21586.78,17124.74,28799.43,0.0,16137.460000000001,8709.31936055661,21129.91214285715,16201.004333333334,19744.535477986843,2,26,1,1,0,0.9749279121818236,-0.22252093395631434,0.49999999999999994,0.8660254037844387
2011-01-27,22050.49,10902.0,50.0,50.0,17424.45,23994.38,17601.87,15197.08,15159.46,34343.79,0.0,15542.841428571428,8412.289803459014,21151.32,16781.819333333333,19506.371772397688,3,27,1,1,0,0.43388373911755823,-0.900968867902419,0.49999999999999994,0.8660254037844387
2011-01-28,17247.2,9164.0,37.0,36.0,22050.49,17424.45,23994.38,24276.01,39509.7,23797.79,0.0,16521.9,8757.090152023458,21643.536428571435,17516.835666666666,19266.175122895238,4,28,1,1,0,-0.433883739117558,-0.9009688679024191,0.49999999999999994,0.8660254037844387
2011-01-29,0.0,0.0,0.0,0.0,17247.2,22050.49,17424.45,0.0,0.0,0.0,0.0,15517.784285714286,8097.961340240401,20053.35785714286,18091.742333333335,18980.659170155246,5,29,1,1,1,-0.9749279121818236,-0.2225209339563146,0.49999999999999994,0.8660254037844387
2011-01-30,6542.61,3383.0,24.0,22.0,0.0,17247.2,22050.49,10306.1,6976.39,15590.68,0.0,15517.784285714286,8097.961340240401,20053.35785714286,18091.742333333335,18980.659170155246,6,30,1,1,1,-0.7818314824680299,0.6234898018587334,0.49999999999999994,0.8660254037844387
2011-01-31,18806.43,12417.0,57.0,50.0,6542.61,0.0,17247.2,17601.87,16527.05,15330.83,0.0,14980.142857142857,8610.367388920755,20022.373571428576,18309.829333333335,18802.367525434962,0,31,1,1,0,0.0,1.0,0.49999999999999994,0.8660254037844387
2011-02-01,26358.7,14995.0,58.0,57.0,18806.43,6542.61,0.0,23994.38,87559.21,60243.73,0.0,15152.222857142857,8683.224236387658,20185.186428571433,18936.710333333333,18481.630283968658,1,1,2,1,0,0.7818314824680298,0.6234898018587336,0.8660254037844386,0.5000000000000001
2011-02-02,17091.15,8908.0,56.0,55.0,26358.7,18806.43,6542.61,17424.45,21586.78,17124.74,0.0,15489.982857142857,9119.513082099833,15813.721428571429,19815.333666666666,18174.325054254245,2,2,2,1,0,0.9749279121818236,-0.22252093395631434,0.8660254037844386,0.5000000000000001
2011-02-03,22171.9,15427.0,45.0,44.0,17091.15,26358.7,18806.43,22050.49,15197.08,15159.46,12105.11,15442.368571428571,9108.593162308169,15492.605000000001,20385.038666666667,17795.692484293595,3,3,2,1,0,0.43388373911755823,-0.900968867902419,0.8660254037844386,0.5000000000000001
2011-02-04,18087.96,11254.0,45.0,41.0,22171.9,17091.15,26358.7,17247.2,24276.01,39509.7,28799.43,15459.712857142858,9123.376887994378,15990.806428571432,20720.59833333333,17728.966269798013,4,4,2,1,0,-0.433883739117558,-0.9009688679024191,0.8660254037844386,0.5000000000000001
2011-02-05,0.0,0.0,0.0,0.0,18087.96,22171.9,17091.15,0.0,0.0,0.0,34343.79,15579.82142857143,9156.305890094567,15548.802857142859,20363.549333333336,17668.41117373154,5,5,2,1,1,-0.9749279121818236,-0.2225209339563146,0.8660254037844386,0.5000000000000001
2011-02-06,3439.67,2036.0,11.0,11.0,0.0,18087.96,22171.9,6542.61,10306.1,6976.39,23797.79,15579.82142857143,9156.305890094567,15548.80285714286,19218.756333333335,17843.10968208922,6,6,2,1,1,-0.7818314824680299,0.6234898018587334,0.8660254037844386,0.5000000000000001
2011-02-07,23382.97,8567.0,38.0,35.0,3439.67,0.0,18087.96,18806.43,17601.87,16527.05,0.0,15136.544285714286,9724.233039544117,15058.343571428575,18540.15233333333,18048.896465659473,0,7,2,1,0,0.0,1.0,0.8660254037844386,0.5000000000000001
2011-02-08,14153.34,8664.0,38.0,37.0,23382.97,3439.67,0.0,26358.7,23994.38,87559.21,15590.68,15790.335714285715,10156.341389537283,15471.27928571429,19319.58466666667,17722.58196799502,1,8,2,1,0,0.7818314824680298,0.6234898018587336,0.8660254037844386,0.5000000000000001
2011-02-09,11910.83,6144.0,23.0,22.0,14153.34,23382.97,3439.67,17091.15,17424.45,21586.78,15330.83,14046.712857142858,9024.185181521376,14768.34785714286,19271.673333333336,17734.948864750062,2,9,2,1,0,0.9749279121818236,-0.22252093395631434,0.8660254037844386,0.5000000000000001
2011-02-10,14155.36,11767.0,40.0,39.0,11910.83,14153.34,23382.97,22171.9,22050.49,15197.08,60243.73,13306.667142857144,8944.972830127732,14374.517857142859,19157.673333333332,17772.1069853118,3,10,2,1,0,0.43388373911755823,-0.900968867902419,0.8660254037844386,0.5000000000000001
2011-02-11,18579.96,9575.0,38.0,34.0,14155.36,11910.83,14153.34,18087.96,17247.2,24276.01,17124.74,12161.447142857143,8093.438264070672,13810.580000000004,17621.394333333334,16001.875219331656,4,11,2,1,0,-0.433883739117558,-0.9009688679024191,0.8660254037844386,0.5000000000000001
2011-02-12,0.0,0.0,0.0,0.0,18579.96,14155.36,11910.83,0.0,0.0,0.0,15159.46,12231.732857142857,8155.382983914569,13905.777142857145,17669.90166666667,16002.523399382377,5,12,2,1,1,-0.9749279121818236,-0.2225209339563146,0.8660254037844386,0.5000000000000001
2011-02-13,5645.48,2723.0,20.0,20.0,0.0,18579.96,14155.36,3439.67,6542.61,10306.1,39509.7,12231.732857142857,8155.382983914569,13905.777142857145,17164.586333333333,16320.713197789504,6,13,2,1,1,-0.7818314824680299,0.6234898018587334,0.8660254037844386,0.5000000000000001
2011-02-14,22999.39,12339.0,36.0,36.0,5645.48,0.0,18579.96,23382.97,18806.43,17601.87,0.0,12546.848571428573,7793.6395189334,13841.696428571433,16035.779000000002,15887.279910105583,0,14,2,1,0,0.0,1.0,0.8660254037844386,0.5000000000000001
2011-02-15,37750.62,22082.0,53.0,47.0,22999.39,5645.48,0.0,14153.34,26358.7,23994.38,6976.39,12492.051428571429,7705.603776037309,14141.193571428574,16802.425333333333,15639.778525340513,1,15,2,1,0,0.7818314824680298,0.6234898018587336,0.8660254037844386,0.5000000000000001
2011-02-16,23413.97,15729.0,62.0,56.0,37750.62,22999.39,5645.48,11910.83,17091.15,17424.45,16527.05,15863.091428571428,12328.463063905432,14954.902142857147,17828.233,15978.633304035615,2,16,2,1,0,0.9749279121818236,-0.22252093395631434,0.8660254037844386,0.5000000000000001
2011-02-17,17659.64,12747.0,55.0,50.0,23413.97,37750.62,22999.39,14155.36,22171.9,22050.49,87559.21,17506.397142857142,12479.571508502342,15406.532142857144,18057.797000000002,16008.738279141056,3,17,2,1,0,0.43388373911755823,-0.900968867902419,0.8660254037844386,0.5000000000000001
2011-02-18,14438.73,8610.0,35.0,34.0,17659.64,23413.97,37750.62,18579.96,18087.96,17247.2,21586.78,18007.00857142857,12392.72623382014,15084.22785714286,15727.811333333335,9170.7151249845,4,18,2,1,0,-0.433883739117558,-0.9009688679024191,0.8660254037844386,0.5000000000000001
2011-02-19,0.0,0.0,0.0,0.0,14438.73,17659.64,23413.97,0.0,0.0,0.0,15197.08,17415.404285714285,12459.483337643987,14823.568571428576,15489.543,9105.870641575038,5,19,2,1,1,-0.9749279121818236,-0.2225209339563146,0.8660254037844386,0.5000000000000001
2011-02-20,9437.8,5218.0,26.0,26.0,0.0,14438.73,17659.64,5645.48,3439.67,6542.61,24276.01,17415.404285714285,12459.483337643987,14823.568571428576,14982.973666666667,9535.291177135734,6,20,2,1,1,-0.7818314824680299,0.6234898018587334,0.8660254037844386,0.5000000000000001
2011-02-21,32724.38,20376.0,33.0,31.0,9437.8,0.0,14438.73,22999.39,23382.97,18806.43,0.0,17957.164285714283,11933.767744031842,15252.00642857143,14488.366666666667,9420.778394733203,0,21,2,1,0,0.0,1.0,0.8660254037844386,0.5000000000000001
2011-02-22,29116.63,20921.0,50.0,47.0,32724.38,9437.8,0.0,37750.62,14153.34,26358.7,10306.1,19346.44857142857,13125.196629788597,15919.250000000002,15579.179333333333,9578.575494714494,1,22,2,1,0,0.7818314824680298,0.6234898018587336,0.8660254037844386,0.5000000000000001
2011-02-23,19315.97,12139.0,53.0,49.0,29116.63,32724.38,9437.8,23413.97,11910.83,17091.15,17601.87,18113.02142857143,11399.694739929688,16988.05642857143,16206.196999999998,9833.76803110491,2,23,2,1,0,0.9749279121818236,-0.22252093395631434,0.8660254037844386,0.5000000000000001
2011-02-24,21463.94,11558.0,53.0,52.0,19315.97,29116.63,32724.38,17659.64,14155.36,22171.9,23994.38,17527.592857142856,11185.304229243093,17516.995000000003,16263.333666666667,9847.127471967464,3,24,2,1,0,0.43388373911755823,-0.900968867902419,0.8660254037844386,0.5000000000000001
2011-02-25,18377.14,10038.0,45.0,42.0,21463.94,19315.97,29116.63,14438.73,18579.96,18087.96,17424.45,18071.064285714285,11284.76885178845,18039.03642857143,16178.985666666667,9789.289459085574,4,25,2,1,0,-0.433883739117558,-0.9009688679024191,0.8660254037844386,0.5000000000000001
2011-02-26,0.0,0.0,0.0,0.0,18377.14,21463.94,19315.97,0.0,0.0,0.0,22050.49,18633.694285714286,11171.093728839991,18024.54928571429,16210.742,9795.012633857648,5,26,2,1,1,-0.9749279121818236,-0.2225209339563146,0.8660254037844386,0.5000000000000001
2011-02-27,9382.71,4823.0,33.0,31.0,0.0,18377.14,21463.94,9437.8,5645.48,3439.67,17247.2,18633.694285714286,11171.093728839991,18024.54928571429,15475.725666666667,10162.140576168596,6,27,2,1,1,-0.7818314824680299,0.6234898018587334,0.8660254037844386,0.5000000000000001
2011-02-28,15026.68,8387.0,51.0,49.0,9382.71,0.0,18377.14,32724.38,22999.39,23382.97,0.0,18625.824285714287,11178.6687905535,18291.494285714285,15213.576000000001,10216.161936672455,0,28,2,1,0,0.0,1.0,0.8660254037844386,0.5000000000000001
2011-03-01,23621.59,11566.0,56.0,52.0,15026.68,9382.71,0.0,29116.63,37750.62,14153.34,6542.61,16097.581428571428,9302.475461949927,17722.015000000003,15714.465333333334,9804.615922866275,1,1,3,1,0,0.7818314824680298,0.6234898018587336,1.0,6.123233995736766e-17
2011-03-02,18666.14,8608.0,42.0,40.0,23621.59,15026.68,9382.71,19315.97,23413.97,11910.83,18806.43,15312.575714285715,8185.533374991196,16712.79857142857,16283.764666666666,9749.378312210412,2,2,3,1,0,0.9749279121818236,-0.22252093395631434,1.0,6.123233995736766e-17
2011-03-03,32818.19,19119.0,47.0,46.0,18666.14,23621.59,15026.68,21463.94,17659.64,14155.36,26358.7,15219.742857142859,8136.0990021276975,16373.667857142858,16279.088333333335,9748.160149246614,3,3,3,1,0,0.43388373911755823,-0.900968867902419,1.0,6.123233995736766e-17
2011-03-04,17302.55,12930.0,45.0,38.0,32818.19,18666.14,23621.59,18377.14,14438.73,18579.96,17091.15,16841.778571428575,10404.125677719418,17456.42142857143,16494.404666666665,10045.284777297195,4,4,3,1,0,-0.433883739117558,-0.9009688679024191,1.0,6.123233995736766e-17
2011-03-05,0.0,0.0,0.0,0.0,17302.55,32818.19,18666.14,0.0,0.0,0.0,22171.9,16688.265714285713,10385.607018999652,17660.980000000003,16501.451333333334,10045.791957717598,5,5,3,1,1,-0.9749279121818236,-0.2225209339563146,1.0,6.123233995736766e-17
2011-03-06,9951.67,5026.0,26.0,24.0,0.0,17302.55,32818.19,9382.71,9437.8,5645.48,18087.96,16688.265714285713,10385.607018999652,17660.980000000003,15762.388,10422.749679194458,6,6,3,1,1,-0.7818314824680299,0.6234898018587334,1.0,6.123233995736766e-17
2011-03-07,20247.85,11088.0,58.0,49.0,9951.67,0.0,17302.55,15026.68,32724.38,22999.39,0.0,16769.545714285712,10320.928021686235,17697.685,15491.178333333333,10465.916987732024,0,7,3,1,0,0.0,1.0,1.0,6.123233995736766e-17
2011-03-08,22184.11,13811.0,44.0,41.0,20247.85,9951.67,0.0,23621.59,29116.63,37750.62,3439.67,17515.427142857145,10362.560634648016,16806.504285714287,16166.106666666665,10078.16110238659,1,8,3,1,0,0.7818314824680298,0.6234898018587336,1.0,6.123233995736766e-17
2011-03-09,20320.23,11457.0,51.0,47.0,22184.11,20247.85,9951.67,18666.14,19315.97,23413.97,23382.97,17310.072857142855,10234.843750187723,16311.324285714289,16790.921333333335,9840.19374953451,2,9,3,1,0,0.9749279121818236,-0.22252093395631434,1.0,6.123233995736766e-17
2011-03-10,24429.77,15222.0,52.0,46.0,20320.23,22184.11,20247.85,32818.19,21463.94,17659.64,14153.34,17546.371428571427,10290.314445869986,16383.057142857144,16688.83,9785.177412191142,3,10,3,1,0,0.43388373911755823,-0.900968867902419,1.0,6.123233995736766e-17
2011-03-11,20894.75,9249.0,48.0,42.0,24429.77,20320.23,22184.11,17302.55,18377.14,14438.73,11910.83,16348.025714285715,8558.075471225688,16594.902142857143,17031.377666666667,9872.837149575236,4,11,3,1,0,-0.433883739117558,-0.9009688679024191,1.0,6.123233995736766e-17
2011-03-12,0.0,0.0,0.0,0.0,20894.75,24429.77,20320.23,0.0,0.0,0.0,14155.36,16861.197142857145,8730.808528230555,16774.73142857143,17330.841666666667,9848.38471761676,5,12,3,1,1,-0.9749279121818236,-0.2225209339563146,1.0,6.123233995736766e-17
2011-03-13,4117.22,2733.0,16.0,16.0,0.0,20894.75,24429.77,9951.67,9382.71,9437.8,18579.96,16861.197142857145,8730.808528230555,16774.73142857143,16858.996333333333,10332.948661745064,6,13,3,1,1,-0.7818314824680299,0.6234898018587334,1.0,6.123233995736766e-17
2011-03-14,25866.33,16729.0,48.0,41.0,4117.22,0.0,20894.75,20247.85,15026.68,32724.38,0.0,16027.704285714286,9722.538428990381,16398.625000000004,16376.905,10584.216941891986,0,14,3,1,0,0.0,1.0,1.0,6.123233995736766e-17
2011-03-15,14896.28,7918.0,41.0,40.0,25866.33,4117.22,0.0,22184.11,23621.59,29116.63,5645.48,16830.344285714287,10341.226799627215,17172.885714285716,17239.116,10252.481171713638,1,15,3,1,0,0.7818314824680298,0.6234898018587336,1.0,6.123233995736766e-17
2011-03-16,21715.11,12843.0,50.0,46.0,14896.28,25866.33,4117.22,20320.23,18666.14,19315.97,22999.39,15789.225714285714,10075.846800702564,16549.649285714288,17547.476000000002,10028.427943030918,2,16,3,1,0,0.9749279121818236,-0.22252093395631434,1.0,6.123233995736766e-17
2011-03-17,31976.51,19025.0,56.0,51.0,21715.11,14896.28,25866.33,24429.77,32818.19,21463.94,37750.62,15988.494285714287,10193.496958788388,16767.43285714286,17504.666666666668,10007.070726055932,3,17,3,1,0,0.43388373911755823,-0.900968867902419,1.0,6.123233995736766e-17
2011-03-18,23334.6,13214.0,52.0,48.0,31976.51,21715.11,14896.28,20894.75,17302.55,18377.14,23413.97,17066.6,11544.62074424273,16707.31285714286,17312.196333333333,9653.52669018429,4,18,3,1,0,-0.433883739117558,-0.9009688679024191,1.0,6.123233995736766e-17
2011-03-19,0.0,0.0,0.0,0.0,23334.6,31976.51,21715.11,0.0,0.0,0.0,17659.64,17415.15,11715.035144565278,17138.17357142857,17309.550666666666,9651.807483474191,5,19,3,1,1,-0.9749279121818236,-0.2225209339563146,1.0,6.123233995736766e-17
2011-03-20,19880.99,13473.0,57.0,56.0,0.0,23334.6,31976.51,4117.22,9951.67,9382.71,14438.73,17415.15,11715.035144565278,17138.17357142857,16720.896,10155.118966495016,6,20,3,1,1,-0.7818314824680299,0.6234898018587334,1.0,6.123233995736766e-17
2011-03-21,16020.1,9443.0,48.0,47.0,19880.99,0.0,23334.6,25866.33,20247.85,15026.68,0.0,19667.117142857143,10142.305976811032,17847.410714285717,16902.304666666667,10161.55268273058,0,21,3,1,0,0.0,1.0,1.0,6.123233995736766e-17
2011-03-22,19016.94,13484.0,41.0,40.0,16020.1,19880.99,0.0,14896.28,22184.11,23621.59,9437.8,18260.512857142858,9816.813534607692,17545.428571428572,17436.308,9650.78705030927,1,22,3,1,0,0.7818314824680298,0.6234898018587336,1.0,6.123233995736766e-17
2011-03-23,21566.02,13918.0,59.0,55.0,19016.94,16020.1,19880.99,21715.11,20320.23,18666.14,32724.38,18849.178571428572,9704.358092138153,17319.202142857142,17755.612666666668,9534.794056345645,2,23,3,1,0,0.9749279121818236,-0.22252093395631434,1.0,6.123233995736766e-17
2011-03-24,36496.79,18164.0,68.0,63.0,21566.02,19016.94,16020.1,31976.51,24429.77,32818.19,29116.63,18827.88,9697.180731819237,17408.187142857143,17383.667333333335,9140.213424369302,3,24,3,1,0,0.43388373911755823,-0.900968867902419,1.0,6.123233995736766e-17
2011-03-25,27271.1,13325.0,52.0,45.0,36496.79,21566.02,19016.94,23334.6,20894.75,17302.55,19315.97,19473.634285714284,10805.837962277377,18270.117142857147,17629.67266666667,9556.718215133382,4,25,3,1,0,-0.433883739117558,-0.9009688679024191,1.0,6.123233995736766e-17
2011-03-26,0.0,0.0,0.0,0.0,27271.1,36496.79,21566.02,0.0,0.0,0.0,21463.94,20035.99142857143,11137.59774238954,18725.570714285714,17894.843666666664,9714.18990679084,5,26,3,1,1,-0.9749279121818236,-0.2225209339563146,1.0,6.123233995736766e-17
2011-03-27,9189.77,4495.0,31.0,31.0,0.0,27271.1,36496.79,19880.99,4117.22,9951.67,18377.14,20035.99142857143,11137.59774238954,18725.570714285714,17179.379,10219.53735937653,6,27,3,1,1,-0.7818314824680299,0.6234898018587334,1.0,6.123233995736766e-17
2011-03-28,19961.67,11574.0,58.0,52.0,9189.77,0.0,27271.1,16020.1,25866.33,20247.85,0.0,18508.674285714285,11871.282653799246,19087.895714285718,16873.133333333335,10319.574636482883,0,28,3,1,0,0.0,1.0,1.0,6.123233995736766e-17
2011-03-29,37190.52,24183.0,50.0,46.0,19961.67,9189.77,0.0,19016.94,14896.28,22184.11,9382.71,19071.755714285715,11826.966931425326,18666.134285714288,17538.52233333333,9825.844096894036,1,29,3,1,0,0.7818314824680298,0.6234898018587336,1.0,6.123233995736766e-17
2011-03-30,29523.85,20055.0,66.0,63.0,37190.52,19961.67,9189.77,21566.02,21715.11,20320.23,15026.68,21667.981428571427,13664.837964305101,20258.579999999998,18465.449333333334,10328.696352382392,2,30,3,1,0,0.9749279121818236,-0.22252093395631434,1.0,6.123233995736766e-17
2011-03-31,25621.11,14930.0,59.0,57.0,29523.85,37190.52,19961.67,36496.79,31976.51,24429.77,23621.59,22804.814285714285,13982.276470633396,20816.347142857147,18948.68833333333,10499.974671061129,3,31,3,1,0,0.43388373911755823,-0.900968867902419,1.0,6.123233995736766e-17
2011-04-01,24487.9,18279.0,68.0,59.0,25621.11,29523.85,37190.52,27271.1,23334.6,20894.75,18666.14,21251.145714285714,12757.928594852754,20362.390000000003,19015.339,10536.94077546702,4,1,4,2,0,-0.433883739117558,-0.9009688679024191,0.8660254037844387,-0.4999999999999998
2011-04-02,0.0,0.0,0.0,0.0,24487.9,25621.11,29523.85,0.0,0.0,0.0,32818.19,20853.545714285716,12581.193508382325,20444.768571428573,19209.397666666664,10583.7932826386,5,2,4,2,1,-0.9749279121818236,-0.2225209339563146,0.8660254037844387,-0.4999999999999998
2011-04-03,6872.53,5646.0,19.0,18.0,0.0,24487.9,25621.11,9189.77,19880.99,4117.22,17302.55,20853.545714285716,12581.193508382325,20444.768571428573,18115.458,10822.047000825638,6,3,4,2,1,-0.7818314824680299,0.6234898018587334,0.8660254037844387,-0.4999999999999998
2011-04-04,28998.01,12861.0,54.0,49.0,6872.53,0.0,24487.9,19961.67,16020.1,25866.33,0.0,20522.51142857143,12963.902647826153,19515.59285714286,17767.790666666664,11014.881423925455,0,4,4,2,0,0.0,1.0,0.8660254037844387,-0.4999999999999998
2011-04-05,28667.42,15175.0,46.0,45.0,28998.01,6872.53,0.0,37190.52,19016.94,14896.28,9951.67,21813.417142857146,13343.10746639091,20442.58642857143,18734.391,10668.831053958367,1,5,4,2,0,0.7818314824680298,0.6234898018587336,0.8660254037844387,-0.4999999999999998
2011-04-06,12698.32,8011.0,37.0,36.0,28667.42,28998.01,6872.53,29523.85,21566.02,21715.11,20247.85,20595.83142857143,12030.347454410752,21131.90642857143,19358.249333333333,10684.741982956435,2,6,4,2,0,0.9749279121818236,-0.22252093395631434,0.8660254037844387,-0.4999999999999998
2011-04-07,16780.32,10063.0,61.0,57.0,12698.32,28667.42,28998.01,25621.11,36496.79,31976.51,22184.11,18192.184285714284,11623.210208344404,20498.499285714286,19106.59833333333,10751.76176202514,3,7,4,2,0,0.43388373911755823,-0.900968867902419,0.8660254037844387,-0.4999999999999998
2011-04-08,22673.91,12272.0,65.0,63.0,16780.32,12698.32,28667.42,24487.9,27271.1,23334.6,20320.23,16929.214285714283,11152.225967871236,19090.18,18926.472,10743.688085344287,4,8,4,2,0,-0.433883739117558,-0.9009688679024191,0.8660254037844387,-0.4999999999999998
2011-04-09,0.0,0.0,0.0,0.0,22673.91,16780.32,12698.32,0.0,0.0,0.0,24429.77,16670.072857142855,10966.848403203938,18761.809285714287,19004.928,10762.79390477484,5,9,4,2,1,-0.9749279121818236,-0.2225209339563146,0.8660254037844387,-0.4999999999999998
2011-04-10,9879.75,5603.0,32.0,31.0,0.0,22673.91,16780.32,6872.53,9189.77,19880.99,20894.75,16670.072857142855,10966.848403203938,18761.809285714287,18190.602333333332,11251.296990801815,6,10,4,2,1,-0.7818314824680299,0.6234898018587334,0.8660254037844387,-0.4999999999999998
2011-04-11,20179.7,13127.0,59.0,54.0,9879.75,0.0,22673.91,28998.01,19961.67,16020.1,0.0,17099.675714285713,10570.834968249268,18811.093571428577,17823.435666666664,11339.391740591966,0,11,4,2,0,0.0,1.0,0.8660254037844387,-0.4999999999999998
2011-04-12,23988.6,14577.0,60.0,54.0,20179.7,9879.75,0.0,28667.42,37190.52,19016.94,4117.22,15839.917142857143,9374.278290209335,18826.667142857146,18496.092333333334,10832.861021240678,1,12,4,2,0,0.7818314824680298,0.6234898018587336,0.8660254037844387,-0.4999999999999998
2011-04-13,24450.27,18752.0,60.0,54.0,23988.6,20179.7,9879.75,12698.32,29523.85,21566.02,25866.33,15171.514285714287,8426.064985843717,17883.672857142858,19158.471666666668,10526.532550742224,2,13,4,2,0,0.9749279121818236,-0.22252093395631434,0.8660254037844387,-0.4999999999999998
2011-04-14,35682.73,18507.0,82.0,75.0,24450.27,23988.6,20179.7,16780.32,25621.11,36496.79,14896.28,16850.364285714284,9002.22456995093,17521.274285714288,19111.26966666667,10498.554357016563,3,14,4,2,0,0.43388373911755823,-0.900968867902419,0.8660254037844387,-0.4999999999999998
2011-04-15,17999.18,11088.0,41.0,40.0,35682.73,24450.27,23988.6,22673.91,24487.9,27271.1,21715.11,19550.708571428575,11473.522857808202,18239.96142857143,19804.151333333335,10889.435363593851,4,15,4,2,0,-0.433883739117558,-0.9009688679024191,0.8660254037844387,-0.4999999999999998
2011-04-16,0.0,0.0,0.0,0.0,17999.18,35682.73,24450.27,0.0,0.0,0.0,31976.51,18882.890000000003,11397.231702230722,17776.48142857143,19680.287,10888.082952278204,5,16,4,2,1,-0.9749279121818236,-0.2225209339563146,0.8660254037844387,-0.4999999999999998
2011-04-17,12630.34,8136.0,42.0,39.0,0.0,17999.18,35682.73,9879.75,6872.53,9189.77,23334.6,18882.890000000003,11397.231702230722,17776.48142857143,18614.403333333332,11203.437769052121,6,17,4,2,1,-0.7818314824680299,0.6234898018587334,0.8660254037844387,-0.4999999999999998
2011-04-18,43671.37,26219.0,62.0,56.0,12630.34,0.0,17999.18,20179.7,28998.01,19961.67,0.0,19275.83142857143,11078.044154429095,18187.753571428573,18257.594666666668,11218.369944553171,0,18,4,2,0,0.0,1.0,0.8660254037844387,-0.4999999999999998
2011-04-19,18811.19,12902.0,53.0,52.0,43671.37,12630.34,0.0,23988.6,28667.42,37190.52,19880.99,22631.784285714286,14444.299685717835,19235.850714285716,19713.307000000004,11594.663106332433,1,19,4,2,0,0.7818314824680298,0.6234898018587336,0.8660254037844387,-0.4999999999999998
2011-04-20,25715.8,17851.0,62.0,58.0,18811.19,43671.37,12630.34,24450.27,12698.32,29523.85,16020.1,21892.154285714285,14495.708471361273,18531.83428571429,19677.646999999997,11595.774664991119,2,20,4,2,0,0.9749279121818236,-0.22252093395631434,0.8660254037844387,-0.4999999999999998
2011-04-21,27771.04,17075.0,71.0,64.0,25715.8,18811.19,43671.37,35682.73,16780.32,25621.11,19016.94,22072.94428571429,14540.752501688545,19461.65428571429,20000.837,11625.396990874298,3,21,4,2,0,0.43388373911755823,-0.900968867902419,0.8660254037844387,-0.4999999999999998
2011-04-22,0.0,0.0,0.0,0.0,27771.04,25715.8,18811.19,17999.18,22673.91,24487.9,21566.02,20942.702857142856,13582.469140185452,20246.705714285716,20292.640333333333,11709.411667634204,4,22,4,2,0,-0.433883739117558,-0.9009688679024191,0.8660254037844387,-0.4999999999999998
2011-04-23,0.0,0.0,0.0,0.0,0.0,27771.04,25715.8,0.0,0.0,0.0,36496.79,18371.39142857143,15761.513181257287,18627.140714285717,19573.772999999997,12276.787706180685,5,23,4,2,1,-0.9749279121818236,-0.2225209339563146,0.8660254037844387,-0.4999999999999998
2011-04-24,0.0,0.0,0.0,0.0,0.0,0.0,27771.04,12630.34,9879.75,6872.53,27271.1,18371.391428571427,15761.513181257287,18627.140714285717,18357.21333333333,12350.079627682266,6,24,4,2,1,-0.7818314824680299,0.6234898018587334,0.8660254037844387,-0.4999999999999998
2011-04-25,0.0,0.0,0.0,0.0,0.0,0.0,0.0,43671.37,20179.7,28998.01,0.0,16567.057142857142,17186.771960782997,17921.44428571429,17448.176666666666,12670.831305923124,0,25,4,2,0,0.0,1.0,0.8660254037844387,-0.4999999999999998
2011-04-26,21536.86,14458.0,59.0,55.0,0.0,0.0,0.0,18811.19,23988.6,28667.42,9189.77,10328.289999999999,13163.579055288594,16480.037142857145,17448.176666666666,12670.831305923124,1,26,4,2,0,0.7818314824680298,0.6234898018587336,0.8660254037844387,-0.4999999999999998
2011-04-27,23566.91,17658.0,61.0,56.0,21536.86,0.0,0.0,25715.8,24450.27,12698.32,19961.67,10717.671428571428,13492.52882787039,16304.91285714286,17859.746333333333,12593.626434697055,2,27,4,2,0,0.9749279121818236,-0.22252093395631434,0.8660254037844387,-0.4999999999999998
2011-04-28,21312.18,13106.0,55.0,49.0,23566.91,21536.86,0.0,27771.04,35682.73,16780.32,37190.52,10410.687142857143,13113.53881035511,16241.815714285714,17979.921,12631.520169560894,3,28,4,2,0,0.43388373911755823,-0.900968867902419,0.8660254037844387,-0.4999999999999998
2011-04-29,0.0,0.0,0.0,0.0,21312.18,23566.91,21536.86,0.0,17999.18,22673.91,29523.85,9487.992857142857,11855.312049595728,15215.347857142859,17450.643,12121.164920818072,4,29,4,2,0,-0.433883739117558,-0.9009688679024191,0.8660254037844387,-0.4999999999999998
2011-04-30,0.0,0.0,0.0,0.0,0.0,21312.18,23566.91,0.0,0.0,0.0,25621.11,9487.992857142857,11855.312049595728,13929.692142857146,16466.514666666666,12304.28000758548,5,30,4,2,1,-0.9749279121818236,-0.2225209339563146,0.8660254037844387,-0.4999999999999998
2011-05-01,6958.11,3814.0,18.0,18.0,0.0,0.0,21312.18,0.0,12630.34,9879.75,24487.9,9487.992857142857,11855.312049595728,13929.692142857146,15612.477666666668,12533.984151066437,6,1,5,2,1,-0.7818314824680299,0.6234898018587334,0.49999999999999994,-0.8660254037844387
2011-05-02,0.0,0.0,0.0,0.0,6958.11,0.0,0.0,0.0,43671.37,20179.7,0.0,10482.00857142857,11200.836061738733,13524.532857142858,15028.151333333333,12514.548557684104,0,2,5,2,0,0.0,1.0,0.49999999999999994,-0.8660254037844387
2011-05-03,28877.21,11134.0,59.0,50.0,0.0,6958.11,0.0,21536.86,18811.19,23988.6,6872.53,10482.00857142857,11200.836061738733,10405.149285714288,15028.151333333333,12514.548557684104,1,3,5,2,0,0.7818314824680298,0.6234898018587336,0.49999999999999994,-0.8660254037844387
2011-05-04,27509.81,17359.0,62.0,55.0,28877.21,0.0,6958.11,23566.91,25715.8,24450.27,28998.01,11530.630000000001,12657.203601628044,11124.150714285715,15761.640666666668,12664.021683810977,2,4,5,2,0,0.9749279121818236,-0.22252093395631434,0.49999999999999994,-0.8660254037844387
2011-05-05,25191.79,16188.0,82.0,76.0,27509.81,28877.21,0.0,21312.18,27771.04,35682.73,28667.42,12093.901428571427,13350.842997083751,11252.29428571429,15712.034000000001,12613.197926348386,3,5,5,2,0,0.43388373911755823,-0.900968867902419,0.49999999999999994,-0.8660254037844387
2011-05-06,30783.33,18285.0,77.0,64.0,25191.79,27509.81,28877.21,0.0,0.0,17999.18,12698.32,12648.13142857143,13867.815745792375,11068.062142857145,15596.179666666667,12505.600368279025,4,6,5,2,0,-0.433883739117558,-0.9009688679024191,0.49999999999999994,-0.8660254037844387
2011-05-07,0.0,0.0,0.0,0.0,30783.33,25191.79,27509.81,0.0,0.0,0.0,16780.32,17045.75,14067.899252362908,13266.871428571432,16199.013333333334,12793.668784788777,5,7,5,2,1,-0.9749279121818236,-0.2225209339563146,0.49999999999999994,-0.8660254037844387
2011-05-08,18731.98,10621.0,63.0,58.0,0.0,30783.33,25191.79,6958.11,0.0,12630.34,22673.91,17045.75,14067.899252362908,13266.871428571432,15639.669333333333,13129.783217075077,6,8,5,2,1,-0.7818314824680299,0.6234898018587334,0.49999999999999994,-0.8660254037844387
2011-05-09,21608.16,11679.0,63.0,59.0,18731.98,0.0,30783.33,0.0,0.0,43671.37,0.0,18727.731428571427,13346.124258929278,14604.87,15508.271666666667,13076.576710619318,0,9,5,2,0,0.0,1.0,0.49999999999999994,-0.8660254037844387
2011-05-10,29807.25,16381.0,70.0,63.0,21608.16,18731.98,0.0,28877.21,21536.86,18811.19,9879.75,21814.61142857143,10484.761511850458,16148.310000000001,16228.543666666668,12784.752894413363,1,10,5,2,0,0.7818314824680298,0.6234898018587336,0.49999999999999994,-0.8660254037844387
2011-05-11,31848.3,18422.0,73.0,56.0,29807.25,21608.16,18731.98,27509.81,23566.91,25715.8,20179.7,21947.47428571429,10594.493449767273,16739.052142857145,16892.79366666667,12959.9975167025,2,11,5,2,0,0.9749279121818236,-0.22252093395631434,0.49999999999999994,-0.8660254037844387
2011-05-12,59827.74,37090.0,84.0,68.0,31848.3,29807.25,21608.16,25191.79,21312.18,27771.04,23988.6,22567.25857142857,11089.466413700016,17330.580000000005,17281.747,13234.24164930275,3,12,5,2,0,0.43388373911755823,-0.900968867902419,0.49999999999999994,-0.8660254037844387
2011-05-13,25815.72,13265.0,67.0,52.0,59827.74,31848.3,29807.25,30783.33,0.0,0.0,24450.27,27515.25142857143,18018.20593137436,20081.691428571434,18476.385000000002,15314.60228759959,4,13,5,2,0,-0.433883739117558,-0.9009688679024191,0.49999999999999994,-0.8660254037844387
2011-05-14,0.0,0.0,0.0,0.0,25815.72,59827.74,31848.3,0.0,0.0,0.0,35682.73,26805.59285714286,17965.78800769276,21925.67142857143,18521.9,15334.984390427973,5,14,5,2,1,-0.9749279121818236,-0.2225209339563146,0.49999999999999994,-0.8660254037844387
2011-05-15,9667.15,4768.0,30.0,29.0,0.0,25815.72,59827.74,18731.98,6958.11,0.0,17999.18,26805.59285714286,17965.78800769276,21925.67142857143,17332.47566666667,15341.869044259192,6,15,5,2,1,-0.7818314824680299,0.6234898018587334,0.49999999999999994,-0.8660254037844387
2011-05-16,35706.7,15135.0,64.0,52.0,9667.15,0.0,25815.72,21608.16,0.0,0.0,0.0,25510.617142857143,18944.750797694778,22119.17428571429,17054.74133333333,15404.672443299709,0,16,5,2,0,0.0,1.0,0.49999999999999994,-0.8660254037844387
2011-05-17,46361.09,25164.0,72.0,56.0,35706.7,9667.15,0.0,29807.25,28877.21,21536.86,12630.34,27524.694285714282,19208.31800478103,24669.652857142857,18244.964666666663,15420.928985093004,1,17,5,2,0,0.7818314824680298,0.6234898018587336,0.49999999999999994,-0.8660254037844387
2011-05-18,32775.69,18591.0,71.0,62.0,46361.09,35706.7,9667.15,31848.3,27509.81,23566.91,43671.37,29889.528571428567,20511.011424601853,25918.50142857143,19369.323,16207.079674716071,2,18,5,2,0,0.9749279121818236,-0.22252093395631434,0.49999999999999994,-0.8660254037844387
2011-05-19,31521.87,17160.0,92.0,82.0,32775.69,46361.09,35706.7,59827.74,25191.79,21312.18,18811.19,30022.012857142858,20528.75956490286,26294.635714285716,19006.13366666667,15759.6139337541,3,19,5,2,0,0.43388373911755823,-0.900968867902419,0.49999999999999994,-0.8660254037844387
2011-05-20,25351.44,15063.0,69.0,58.0,31521.87,32775.69,46361.09,25815.72,30783.33,0.0,25715.8,25978.31714285714,15958.214662924873,26746.78428571429,19429.822999999997,15924.193025929995,4,20,5,2,0,-0.433883739117558,-0.9009688679024191,0.49999999999999994,-0.8660254037844387
2011-05-21,0.0,0.0,0.0,0.0,25351.44,31521.87,32775.69,0.0,0.0,0.0,27771.04,25911.99142857143,15959.967809004114,26358.792142857146,19417.67766666667,15919.371628196013,5,21,5,2,1,-0.9749279121818236,-0.2225209339563146,0.49999999999999994,-0.8660254037844387
2011-05-22,24102.0,12645.0,61.0,57.0,0.0,25351.44,31521.87,9667.15,18731.98,6958.11,0.0,25911.99142857143,15959.967809004114,26358.792142857146,18491.976333333336,16221.447332212221,6,22,5,2,1,-0.7818314824680299,0.6234898018587334,0.49999999999999994,-0.8660254037844387
2011-05-23,31232.53,17479.0,64.0,55.0,24102.0,0.0,25351.44,35706.7,21608.16,0.0,0.0,27974.112857142853,14363.949185463951,26742.365,19295.376333333334,15866.991200589891,0,23,5,2,0,0.0,1.0,0.49999999999999994,-0.8660254037844387
2011-05-24,32460.829999999998,14577.0,62.0,53.0,31232.53,24102.0,0.0,46361.09,29807.25,28877.21,0.0,27334.945714285714,14058.821981914485,27429.82,20336.460666666666,15579.329005040516,1,24,5,2,0,0.7818314824680298,0.6234898018587336,0.49999999999999994,-0.8660254037844387
2011-05-25,21870.71,12435.0,60.0,52.0,32460.829999999998,31232.53,24102.0,32775.69,31848.3,27509.81,0.0,25349.19428571429,11708.835092158479,27619.36142857143,21418.488333333335,15241.79197799401,2,25,5,2,0,0.9749279121818236,-0.22252093395631434,0.49999999999999994,-0.8660254037844387
2011-05-26,32764.38,16146.0,61.0,50.0,21870.71,32460.829999999998,31232.53,31521.87,59827.74,25191.79,21536.86,23791.34,11273.416812685195,26906.67642857143,22147.512,14695.252640724273,3,26,5,2,0,0.43388373911755823,-0.900968867902419,0.49999999999999994,-0.8660254037844387
2011-05-27,21109.22,14828.0,56.0,49.0,32764.38,21870.71,32460.829999999998,25351.44,25815.72,30783.33,23566.91,23968.84142857143,11424.19483126262,24973.579285714288,22521.762666666666,14821.589726367369,4,27,5,2,0,-0.433883739117558,-0.9009688679024191,0.49999999999999994,-0.8660254037844387
2011-05-28,0.0,0.0,0.0,0.0,21109.22,32764.38,21870.71,0.0,0.0,0.0,21312.18,23362.81,11451.115684464981,24637.40071428571,22439.839666666663,14822.405850818428,5,28,5,2,1,-0.9749279121818236,-0.2225209339563146,0.49999999999999994,-0.8660254037844387
2011-05-29,7338.94,4067.0,24.0,20.0,0.0,21109.22,32764.38,24102.0,9667.15,18731.98,0.0,23362.81,11451.115684464981,24637.40071428571,21729.433666666668,15378.603842712562,6,29,5,2,1,-0.7818314824680299,0.6234898018587334,0.49999999999999994,-0.8660254037844387
2011-05-30,0.0,0.0,0.0,0.0,7338.94,0.0,21109.22,31232.53,35706.7,21608.16,0.0,20968.087142857144,12928.285704203927,24471.100000000002,21974.065000000002,15076.431611785567,0,30,5,2,0,0.0,1.0,0.49999999999999994,-0.8660254037844387
2011-05-31,18133.2,10568.0,51.0,48.0,0.0,7338.94,0.0,32460.829999999998,46361.09,29807.25,6958.11,16506.297142857144,14129.120807345258,21920.62142857143,21974.065000000002,15076.431611785567,1,31,5,2,0,0.7818314824680298,0.6234898018587336,0.49999999999999994,-0.8660254037844387
2011-06-01,15380.39,9555.0,37.0,35.0,18133.2,0.0,7338.94,21870.71,32775.69,31848.3,0.0,14459.492857142859,12359.653234483967,19904.34357142857,22346.567999999996,14828.64829684767,2,1,6,2,0,0.9749279121818236,-0.22252093395631434,1.2246467991473532e-16,-1.0
2011-06-02,28078.91,13703.0,42.0,33.0,15380.39,18133.2,0.0,32764.38,31521.87,59827.74,28877.21,13532.304285714286,11947.596201331102,18661.822142857145,22859.247666666666,14285.329851920735,3,2,6,2,0,0.43388373911755823,-0.900968867902419,1.2246467991473532e-16,-1.0
2011-06-03,15024.11,7237.0,41.0,37.0,28078.91,15380.39,18133.2,21109.22,25351.44,25815.72,27509.81,12862.951428571429,10763.093566564108,18415.89642857143,22832.637666666666,14274.472732375663,4,3,6,2,0,-0.433883739117558,-0.9009688679024191,1.2246467991473532e-16,-1.0
2011-06-04,0.0,0.0,0.0,0.0,15024.11,28078.91,15380.39,0.0,0.0,0.0,25191.79,11993.65,10217.998539655375,17678.230000000003,22416.447666666667,14315.36107875052,5,4,6,2,1,-0.9749279121818236,-0.2225209339563146,1.2246467991473532e-16,-1.0
2011-06-05,25423.76,13397.0,67.0,62.0,0.0,15024.11,28078.91,7338.94,24102.0,9667.15,30783.33,11993.65,10217.998539655375,17678.230000000003,21576.721333333335,14874.877818233137,6,5,6,2,1,-0.7818314824680299,0.6234898018587334,1.2246467991473532e-16,-1.0
2011-06-06,16269.03,9139.0,56.0,54.0,25423.76,0.0,15024.11,0.0,31232.53,35706.7,0.0,14577.195714285714,11093.718456569377,17772.64142857143,21398.069000000003,14792.447137072078,0,6,6,2,0,0.0,1.0,1.2246467991473532e-16,-1.0
2011-06-07,33807.85,17659.0,71.0,68.0,16269.03,25423.76,0.0,18133.2,32460.829999999998,46361.09,18731.98,16901.342857142856,9045.989755391984,16703.82,21940.370000000003,14269.916813045375,1,7,6,2,0,0.7818314824680298,0.6234898018587336,1.2246467991473532e-16,-1.0
2011-06-08,30122.23,18809.0,82.0,71.0,33807.85,16269.03,25423.76,15380.39,21870.71,32775.69,21608.16,19140.57857142857,11107.001242385242,16800.035714285717,22442.898999999998,14417.72436844471,2,8,6,2,0,0.9749279121818236,-0.22252093395631434,1.2246467991473532e-16,-1.0
2011-06-09,42862.8,27153.0,82.0,76.0,30122.23,33807.85,16269.03,28078.91,32764.38,31521.87,29807.25,21246.55571428571,11659.07751862878,17389.430000000004,22726.701333333334,14484.369132044238,3,9,6,2,0,0.43388373911755823,-0.900968867902419,1.2246467991473532e-16,-1.0
2011-06-10,58245.12,9833.0,44.0,41.0,42862.8,30122.23,33807.85,15024.11,21109.22,25351.44,31848.3,23358.54,14171.34514954267,18110.745714285717,23161.886333333336,14894.75520514209,4,10,6,2,0,-0.433883739117558,-0.9009688679024191,1.2246467991473532e-16,-1.0
2011-06-11,0.0,0.0,0.0,0.0,58245.12,42862.8,30122.23,0.0,0.0,0.0,59827.74,29532.97,18644.515636785356,20763.31,24041.780333333336,16152.19782696024,5,11,6,2,1,-0.9749279121818236,-0.2225209339563146,1.2246467991473532e-16,-1.0
2011-06-12,12397.09,9454.0,38.0,38.0,0.0,58245.12,42862.8,25423.76,7338.94,24102.0,25815.72,29532.97,18644.515636785356,20763.31,22047.522333333334,15249.614678921263,6,12,6,2,1,-0.7818314824680299,0.6234898018587334,1.2246467991473532e-16,-1.0
2011-06-13,19696.66,10653.0,52.0,49.0,12397.09,0.0,58245.12,16269.03,0.0,31232.53,0.0,27672.01714285714,19740.89890631775,21124.60642857143,21600.234666666667,15331.847888575581,0,13,6,2,0,0.0,1.0,1.2246467991473532e-16,-1.0
2011-06-14,33324.49,12960.0,52.0,42.0,19696.66,12397.09,0.0,33807.85,18133.2,32460.829999999998,9667.15,28161.678571428572,19451.299722427666,22531.510714285716,22256.79,14787.019869908294,1,14,6,2,0,0.7818314824680298,0.6234898018587336,1.2246467991473532e-16,-1.0
2011-06-15,44954.18,29446.0,50.0,42.0,33324.49,19696.66,12397.09,30122.23,15380.39,21870.71,35706.7,28092.627142857145,19428.760291116298,23616.602857142858,23045.368000000002,14723.148595578064,2,15,6,2,0,0.9749279121818236,-0.22252093395631434,1.2246467991473532e-16,-1.0
2011-06-16,32252.1,19616.0,81.0,74.0,44954.18,33324.49,19696.66,42862.8,28078.91,32764.38,46361.09,30211.477142857148,20467.968301865174,25729.016428571427,23353.617333333335,15089.615312558277,3,16,6,2,0,0.43388373911755823,-0.900968867902419,1.2246467991473532e-16,-1.0
2011-06-17,19053.53,11345.0,46.0,35.0,32252.1,44954.18,33324.49,58245.12,15024.11,21109.22,32775.69,28695.66285714286,19755.381880241075,26027.10142857143,22883.317666666662,14558.327348168332,4,17,6,2,0,-0.433883739117558,-0.9009688679024191,1.2246467991473532e-16,-1.0
2011-06-18,0.0,0.0,0.0,0.0,19053.53,32252.1,44954.18,0.0,0.0,0.0,31521.87,23096.864285714284,14955.629764396257,26314.917142857146,22425.912333333334,14451.981864016452,5,18,6,2,1,-0.9749279121818236,-0.2225209339563146,1.2246467991473532e-16,-1.0
2011-06-19,22421.48,15069.0,60.0,57.0,0.0,19053.53,32252.1,12397.09,25423.76,7338.94,25351.44,23096.864285714284,14955.629764396257,26314.917142857146,21375.183333333334,14906.60322243628,6,19,6,2,1,-0.7818314824680299,0.6234898018587334,1.2246467991473532e-16,-1.0
2011-06-20,26110.99,14865.0,59.0,49.0,22421.48,0.0,19053.53,19696.66,16269.03,0.0,0.0,24528.920000000002,14222.286847788111,26100.468571428577,21277.517999999996,14889.24135236314,0,20,6,2,0,0.0,1.0,1.2246467991473532e-16,-1.0
2011-06-21,19827.91,13122.0,48.0,45.0,26110.99,22421.48,0.0,33324.49,33807.85,18133.2,24102.0,25445.25285714286,14064.821402624488,26803.465714285714,22147.88433333333,14356.1824794649,1,21,6,2,0,0.7818314824680298,0.6234898018587336,1.2246467991473532e-16,-1.0
2011-06-22,21143.75,15269.0,57.0,55.0,19827.91,26110.99,22421.48,44954.18,30122.23,15380.39,31232.53,23517.170000000002,13725.674511777797,25804.898571428574,22005.414666666664,14357.329103761946,2,22,6,2,0,0.9749279121818236,-0.22252093395631434,1.2246467991473532e-16,-1.0
2011-06-23,22469.62,13972.0,69.0,64.0,21143.75,19827.91,26110.99,32252.1,42862.8,28078.91,32460.829999999998,20115.679999999997,9962.108461860196,25163.578571428574,21669.122,14251.514253134643,3,23,6,2,0,0.43388373911755823,-0.900968867902419,1.2246467991473532e-16,-1.0
2011-06-24,16016.039999999999,9063.0,45.0,40.0,22469.62,21143.75,19827.91,19053.53,58245.12,15024.11,21870.71,18718.182857142856,8563.867752485261,23706.92285714286,21336.081666666665,14106.633871428687,4,24,6,2,0,-0.433883739117558,-0.9009688679024191,1.2246467991473532e-16,-1.0
2011-06-25,0.0,0.0,0.0,0.0,16016.039999999999,22469.62,21143.75,0.0,0.0,0.0,32764.38,18284.255714285715,8620.808684508376,20690.56,21140.926,14139.442143981418,5,25,6,2,1,-0.9749279121818236,-0.2225209339563146,1.2246467991473532e-16,-1.0
2011-06-26,7032.36,3760.0,26.0,24.0,0.0,16016.039999999999,22469.62,22421.48,12397.09,25423.76,21109.22,18284.255714285715,8620.808684508376,20690.56,20048.780000000002,14472.139086981051,6,26,6,2,1,-0.7818314824680299,0.6234898018587334,1.2246467991473532e-16,-1.0
2011-06-27,13381.75,9151.0,35.0,31.0,7032.36,0.0,16016.039999999999,26110.99,19696.66,16269.03,0.0,16085.81,9323.504721165733,20307.365,19579.551333333333,14663.5119202322,0,27,6,2,0,0.0,1.0,1.2246467991473532e-16,-1.0
2011-06-28,30470.88,20821.0,49.0,41.0,13381.75,7032.36,0.0,19827.91,33324.49,33807.85,7338.94,14267.347142857141,8218.135413270871,19856.3,20025.609666666667,14244.931031967386,1,28,6,2,0,0.7818314824680298,0.6234898018587336,1.2246467991473532e-16,-1.0
2011-06-29,12569.78,7468.0,39.0,36.0,30470.88,13381.75,7032.36,21143.75,44954.18,30122.23,0.0,15787.771428571428,10170.867594337631,19652.470714285715,20796.674333333332,14160.337525881267,2,29,6,2,0,0.9749279121818236,-0.22252093395631434,1.2246467991473532e-16,-1.0
2011-06-30,41709.24,20495.0,65.0,55.0,12569.78,30470.88,13381.75,22469.62,32252.1,42862.8,18133.2,14562.91857142857,9931.820884195773,17339.29928571429,21215.667,13702.319320368597,3,30,6,2,0,0.43388373911755823,-0.900968867902419,1.2246467991473532e-16,-1.0
2011-07-01,12146.44,7433.0,42.0,35.0,41709.24,12569.78,30470.88,16016.039999999999,19053.53,58245.12,15380.39,17311.43571428571,14220.717344102643,18014.809285714287,22001.535,14186.941985454101,4,1,7,3,0,-0.433883739117558,-0.9009688679024191,-0.4999999999999997,-0.8660254037844388
2011-07-02,0.0,0.0,0.0,0.0,12146.44,41709.24,12569.78,0.0,0.0,0.0,28078.91,16758.635714285712,14354.051846529665,17521.445714285717,21893.736666666668,14251.128311033272,5,2,7,3,1,-0.9749279121818236,-0.2225209339563146,-0.4999999999999997,-0.8660254037844388
2011-07-03,5972.73,3091.0,25.0,24.0,0.0,12146.44,41709.24,7032.36,22421.48,12397.09,15024.11,16758.635714285712,14354.051846529665,17521.445714285717,20957.772999999997,14744.424524842869,6,3,7,3,1,-0.7818314824680299,0.6234898018587334,-0.4999999999999997,-0.8660254037844388
2011-07-04,30941.37,12056.0,37.0,32.0,5972.73,0.0,12146.44,13381.75,26110.99,19696.66,0.0,16607.260000000002,14478.764605657247,16346.535000000002,20656.06033333333,14961.048072742344,0,4,7,3,0,0.0,1.0,-0.4999999999999997,-0.8660254037844388
2011-07-05,25988.51,17631.0,64.0,58.0,30941.37,5972.73,0.0,30470.88,19827.91,33324.49,25423.76,19115.777142857143,15323.30433237852,16691.562142857143,21687.439333333332,14548.798162009696,1,5,7,3,0,0.7818314824680298,0.6234898018587336,-0.4999999999999997,-0.8660254037844388
2011-07-06,22934.22,17805.0,66.0,61.0,25988.51,30941.37,5972.73,12569.78,21143.75,44954.18,16269.03,18475.43857142857,14856.24333180658,17131.605000000003,21706.264333333333,14554.163755629563,2,6,7,3,0,0.9749279121818236,-0.22252093395631434,-0.4999999999999997,-0.8660254037844388
2011-07-07,27860.38,17638.0,73.0,67.0,22934.22,25988.51,30941.37,41709.24,22469.62,32252.1,33807.85,19956.07285714286,14685.059181882461,17259.495714285717,21928.43733333333,14519.131645938398,3,7,7,3,0,0.43388373911755823,-0.900968867902419,-0.4999999999999997,-0.8660254037844388
2011-07-08,17538.5,10153.0,46.0,42.0,27860.38,22934.22,25988.51,12146.44,16016.039999999999,19053.53,30122.23,17977.664285714287,11942.814202044749,17644.55,21730.18833333333,14391.375227624496,4,8,7,3,0,-0.433883739117558,-0.9009688679024191,-0.4999999999999997,-0.8660254037844388
2011-07-09,0.0,0.0,0.0,0.0,17538.5,27860.38,22934.22,0.0,0.0,0.0,42862.8,18747.958571428575,11674.909578384217,17753.297142857144,21310.730666666663,14321.558734578182,5,9,7,3,1,-0.9749279121818236,-0.2225209339563146,-0.4999999999999997,-0.8660254037844388
2011-07-10,5959.54,4204.0,24.0,20.0,0.0,17538.5,27860.38,5972.73,7032.36,22421.48,58245.12,18747.958571428575,11674.909578384217,17753.297142857144,19881.970666666664,14235.118288477686,6,10,7,3,1,-0.7818314824680299,0.6234898018587334,-0.4999999999999997,-0.8660254037844388
2011-07-11,20008.829999999998,14097.0,48.0,43.0,5959.54,0.0,17538.5,30941.37,13381.75,26110.99,0.0,18746.074285714283,11677.315913290824,17676.667142857146,18139.118,12467.192774039606,0,11,7,3,0,0.0,1.0,-0.4999999999999997,-0.8660254037844388
2011-07-12,17938.49,11537.0,45.0,41.0,20008.829999999998,5959.54,0.0,25988.51,30470.88,19827.91,12397.09,17184.282857142858,10439.93302024604,18150.030000000002,18806.079,11989.39054872565,1,12,7,3,0,0.7818314824680298,0.6234898018587336,-0.4999999999999997,-0.8660254037844388
2011-07-13,19411.52,15251.0,56.0,50.0,17938.49,20008.829999999998,5959.54,22934.22,12569.78,21143.75,19696.66,16034.28,9727.53887711411,17254.859285714287,18990.792333333335,11929.784641770613,2,13,7,3,0,0.9749279121818236,-0.22252093395631434,-0.4999999999999997,-0.8660254037844388
2011-07-14,31979.04,17049.0,69.0,61.0,19411.52,17938.49,20008.829999999998,27860.38,41709.24,22469.62,33324.49,15531.037142857143,9396.576327185532,17743.555,18981.287666666663,11929.316451235403,3,14,7,3,0,0.43388373911755823,-0.900968867902419,-0.4999999999999997,-0.8660254037844388
2011-07-15,11814.7,6359.0,37.0,34.0,31979.04,19411.52,17938.49,17538.5,12146.44,16016.039999999999,44954.18,16119.417142857143,10375.248154177176,17048.54071428572,18936.439333333332,11875.943389273158,4,15,7,3,0,-0.433883739117558,-0.9009688679024191,-0.4999999999999997,-0.8660254037844388
2011-07-16,0.0,0.0,0.0,0.0,11814.7,31979.04,19411.52,0.0,0.0,0.0,32252.1,15301.731428571427,10469.88673607698,17024.845,17831.79,10871.17629554603,5,16,7,3,1,-0.9749279121818236,-0.2225209339563146,-0.4999999999999997,-0.8660254037844388
2011-07-17,16926.15,10809.0,50.0,45.0,0.0,11814.7,31979.04,5959.54,5972.73,7032.36,19053.53,15301.731428571427,10469.88673607698,17024.845,16756.719999999998,10990.036045840632,6,17,7,3,1,-0.7818314824680299,0.6234898018587334,-0.4999999999999997,-0.8660254037844388
2011-07-18,22001.63,12701.0,46.0,45.0,16926.15,0.0,11814.7,20008.829999999998,30941.37,13381.75,0.0,16868.390000000003,9625.421471714013,17807.23214285715,16685.807333333334,10981.565098770352,0,18,7,3,0,0.0,1.0,-0.4999999999999997,-0.8660254037844388
2011-07-19,46583.01,28400.0,62.0,57.0,22001.63,16926.15,0.0,17938.49,25988.51,30470.88,22421.48,17153.075714285715,9762.281998089811,17168.67928571429,17419.195,10555.198864013306,1,19,7,3,0,0.7818314824680298,0.6234898018587336,-0.4999999999999997,-0.8660254037844388
2011-07-20,27021.06,15341.0,53.0,47.0,46583.01,22001.63,16926.15,19411.52,22934.22,12569.78,26110.99,21245.149999999998,14832.967513863616,18639.715000000004,18224.579333333335,11798.597814277007,2,20,7,3,0,0.9749279121818236,-0.22252093395631434,-0.4999999999999997,-0.8660254037844388
2011-07-21,30271.94,19533.0,70.0,59.0,27021.06,46583.01,22001.63,31979.04,27860.38,41709.24,19827.91,22332.227142857144,14954.532935721885,18931.632142857146,18254.914999999997,11820.723171244012,3,21,7,3,0,0.43388373911755823,-0.900968867902419,-0.4999999999999997,-0.8660254037844388
2011-07-22,14628.88,8325.0,37.0,34.0,30271.94,27021.06,46583.01,11814.7,17538.5,12146.44,21143.75,22088.355714285713,14783.944337191006,19103.88642857143,18603.049333333332,12020.749365021966,4,22,7,3,0,-0.433883739117558,-0.9009688679024191,-0.4999999999999997,-0.8660254037844388
2011-07-23,0.0,0.0,0.0,0.0,14628.88,30271.94,27021.06,0.0,0.0,0.0,22469.62,22490.381428571425,14493.414967165183,18896.05642857143,18385.887,12032.109513850482,5,23,7,3,1,-0.9749279121818236,-0.2225209339563146,-0.4999999999999997,-0.8660254037844388
2011-07-24,26777.92,17569.0,57.0,53.0,0.0,14628.88,30271.94,16926.15,5959.54,5972.73,16016.039999999999,22490.381428571425,14493.414967165183,18896.05642857143,17636.899666666668,12460.852666405535,6,24,7,3,1,-0.7818314824680299,0.6234898018587334,-0.4999999999999997,-0.8660254037844388
2011-07-25,19676.55,14271.0,53.0,49.0,26777.92,0.0,14628.88,22001.63,20008.829999999998,30941.37,0.0,23897.777142857143,14340.568568443303,20383.083571428575,17995.629,12567.038290812508,0,25,7,3,0,0.0,1.0,-0.4999999999999997,-0.8660254037844388
2011-07-26,17284.3,12637.0,46.0,44.0,19676.55,26777.92,0.0,46583.01,17938.49,25988.51,7032.36,23565.622857142855,14418.521309499483,20359.34928571429,18651.514,12100.242757589811,1,26,7,3,0,0.7818314824680298,0.6234898018587336,-0.4999999999999997,-0.8660254037844388
2011-07-27,22846.13,13224.0,44.0,39.0,17284.3,19676.55,26777.92,27021.06,19411.52,22934.22,13381.75,19380.092857142856,10282.564667112823,20312.62142857143,18993.245333333332,11903.956882433387,2,27,7,3,0,0.9749279121818236,-0.22252093395631434,-0.4999999999999997,-0.8660254037844388
2011-07-28,54171.95,29683.0,78.0,68.0,22846.13,17284.3,19676.55,30271.94,31979.04,27860.38,30470.88,18783.674285714285,9878.645703495755,20557.95071428572,19308.724666666665,11875.491305106241,3,28,7,3,0,0.43388373911755823,-0.900968867902419,-0.4999999999999997,-0.8660254037844388
2011-07-29,17166.75,11165.0,62.0,57.0,54171.95,22846.13,17284.3,14628.88,11814.7,17538.5,12569.78,22197.961428571427,16453.33885903955,22143.158571428572,20098.76033333333,13341.557574259454,4,29,7,3,0,-0.433883739117558,-0.9009688679024191,-0.4999999999999997,-0.8660254037844388
2011-07-30,0.0,0.0,0.0,0.0,17166.75,54171.95,22846.13,0.0,0.0,0.0,41709.24,22560.514285714282,16285.86370859388,22525.44785714286,20251.992666666665,13278.352011381745,5,30,7,3,1,-0.9749279121818236,-0.2225209339563146,-0.4999999999999997,-0.8660254037844388
2011-07-31,33112.36,19398.0,41.0,37.0,0.0,17166.75,54171.95,26777.92,16926.15,5959.54,12146.44,22560.514285714282,16285.86370859388,22525.44785714286,18861.684666666664,13137.030297135418,6,31,7,3,1,-0.7818314824680299,0.6234898018587334,-0.4999999999999997,-0.8660254037844388
2011-08-01,19778.12,11256.0,39.0,35.0,33112.36,0.0,17166.75,19676.55,22001.63,20008.829999999998,0.0,23465.434285714287,16729.2105610903,23681.605714285717,19560.548666666666,13323.818826623301,0,1,8,3,0,0.0,1.0,-0.8660254037844385,-0.5000000000000004
2011-08-02,20272.0,14223.0,41.0,39.0,19778.12,33112.36,0.0,17284.3,46583.01,17938.49,5972.73,23479.944285714282,16725.42019758234,23522.783571428572,20219.819333333337,12801.661307063188,1,2,8,3,0,0.7818314824680298,0.6234898018587336,-0.8660254037844385,-0.5000000000000004
2011-08-03,26572.829999999998,16125.0,62.0,59.0,20272.0,19778.12,33112.36,22846.13,27021.06,19411.52,30941.37,23906.75857142857,16578.43875891156,21643.425714285717,20696.46166666667,12515.92222528793,2,3,8,3,0,0.9749279121818236,-0.22252093395631434,-0.8660254037844385,-0.5000000000000004
2011-08-04,62074.19,40092.0,79.0,76.0,26572.829999999998,20272.0,19778.12,54171.95,30271.94,31979.04,25988.51,24439.144285714287,16598.527806968163,21611.40928571429,20550.843666666668,12417.643711889054,3,4,8,3,0,0.43388373911755823,-0.900968867902419,-0.8660254037844385,-0.5000000000000004
2011-08-05,19703.95,12162.0,52.0,47.0,62074.19,26572.829999999998,20272.0,17166.75,14628.88,11814.7,22934.22,25568.035714285714,19046.009693295222,23882.998571428576,21753.699666666667,14530.529790956452,4,5,8,3,0,-0.433883739117558,-0.9009688679024191,-0.8660254037844385,-0.5000000000000004
2011-08-06,0.0,0.0,0.0,0.0,19703.95,62074.19,26572.829999999998,0.0,0.0,0.0,27860.38,25930.492857142857,18882.925200522404,24245.503571428573,21646.023999999998,14533.448469595374,5,6,8,3,1,-0.9749279121818236,-0.2225209339563146,-0.8660254037844385,-0.5000000000000004
2011-08-07,7541.91,5174.0,29.0,28.0,0.0,19703.95,62074.19,33112.36,26777.92,16926.15,17538.5,25930.492857142857,18882.925200522404,24245.503571428573,20717.344666666668,15005.1386411021,6,7,8,3,1,-0.7818314824680299,0.6234898018587334,-0.8660254037844385,-0.5000000000000004
2011-08-08,19743.98,12430.0,38.0,38.0,7541.91,0.0,19703.95,19778.12,19676.55,22001.63,0.0,22277.571428571428,19716.926331895167,22871.50285714286,20384.125,15188.048100937527,0,8,8,3,0,0.0,1.0,-0.8660254037844385,-0.5000000000000004
2011-08-09,25949.92,15821.0,40.0,38.0,19743.98,7541.91,0.0,20272.0,17284.3,46583.01,5959.54,22272.694285714282,19717.651843977143,22876.31928571429,21042.25766666667,14694.041043874233,1,9,8,3,0,0.7818314824680298,0.6234898018587336,-0.8660254037844385,-0.5000000000000004
2011-08-10,19853.41,12326.0,43.0,42.0,25949.92,19743.98,7541.91,26572.829999999998,22846.13,27021.06,20008.829999999998,23083.825714285715,19738.407726265443,23495.29214285715,21708.603666666666,14437.507057931598,2,10,8,3,0,0.9749279121818236,-0.22252093395631434,-0.8660254037844385,-0.5000000000000004
2011-08-11,54325.27,36444.0,64.0,58.0,19853.41,25949.92,19743.98,62074.19,54171.95,30271.94,17938.49,22123.90857142857,19703.81006194439,23281.526428571433,21703.423,14438.165896547569,3,11,8,3,0,0.43388373911755823,-0.900968867902419,-0.8660254037844385,-0.5000000000000004
2011-08-12,17970.17,11049.0,46.0,40.0,54325.27,19853.41,25949.92,19703.95,17166.75,14628.88,19411.52,21016.920000000002,17135.5649235423,23292.47785714286,22916.315666666665,15593.140978628322,4,12,8,3,0,-0.433883739117558,-0.9009688679024191,-0.8660254037844385,-0.5000000000000004
2011-08-13,0.0,0.0,0.0,0.0,17970.17,54325.27,19853.41,0.0,0.0,0.0,31979.04,20769.237142857142,17170.201315317292,23349.865,22868.270666666667,15606.52696838399,5,13,8,3,1,-0.9749279121818236,-0.2225209339563146,-0.8660254037844385,-0.5000000000000004
2011-08-14,5701.87,3172.0,25.0,21.0,0.0,17970.17,54325.27,7541.91,33112.36,26777.92,11814.7,20769.237142857142,17170.201315317292,23349.865,21802.302666666666,16048.643608557171,6,14,8,3,1,-0.7818314824680299,0.6234898018587334,-0.8660254037844385,-0.5000000000000004
2011-08-15,17235.95,10173.0,48.0,46.0,5701.87,0.0,17970.17,19743.98,19778.12,19676.55,0.0,20506.374285714286,17418.73785301799,21391.972857142857,21598.541666666664,16217.73832740902,0,15,8,3,0,0.0,1.0,-0.8660254037844385,-0.5000000000000004
2011-08-16,16072.71,10461.0,50.0,44.0,17235.95,5701.87,0.0,25949.92,20272.0,17284.3,16926.15,20148.084285714285,17462.771822012157,21210.389285714286,22173.07333333333,15723.986357414196,1,16,8,3,0,0.7818314824680298,0.6234898018587336,-0.8660254037844385,-0.5000000000000004
2011-08-17,48554.44,24794.0,51.0,45.0,16072.71,17235.95,5701.87,19853.41,26572.829999999998,22846.13,22001.63,18737.054285714286,17314.255862981667,20910.44,22144.625333333333,15734.574944400763,2,17,8,3,0,0.9749279121818236,-0.22252093395631434,-0.8660254037844385,-0.5000000000000004
2011-08-18,54034.98,34016.0,67.0,64.0,48554.44,16072.71,17235.95,54325.27,62074.19,54171.95,46583.01,22837.20142857143,20691.594634596942,22480.555,23029.719,16456.509822755594,3,18,8,3,0,0.43388373911755823,-0.900968867902419,-0.8660254037844385,-0.5000000000000004
2011-08-19,17326.07,10663.0,55.0,54.0,54034.98,48554.44,16072.71,17970.17,19703.95,17166.75,27021.06,22795.731428571427,20618.12882813523,21906.32571428572,23278.118000000002,16875.203581605703,4,19,8,3,0,-0.433883739117558,-0.9009688679024191,-0.8660254037844385,-0.5000000000000004
2011-08-20,0.0,0.0,0.0,0.0,17326.07,54034.98,48554.44,0.0,0.0,0.0,30271.94,22703.717142857142,20644.673666922517,21736.477142857148,22954.951666666664,16893.87416818893,5,20,8,3,1,-0.9749279121818236,-0.2225209339563146,-0.8660254037844385,-0.5000000000000004
2011-08-21,14410.25,8075.0,38.0,36.0,0.0,17326.07,54034.98,5701.87,7541.91,33112.36,14628.88,22703.717142857142,20644.673666922517,21736.477142857148,21945.887,17339.939635788465,6,21,8,3,1,-0.7818314824680299,0.6234898018587334,-0.8660254037844385,-0.5000000000000004
2011-08-22,29617.26,15527.0,63.0,57.0,14410.25,0.0,17326.07,17235.95,19743.98,19778.12,0.0,23947.77142857143,19689.677491866507,22227.07285714286,21938.59933333333,17343.166527548423,0,22,8,3,0,0.0,1.0,-0.8660254037844385,-0.5000000000000004
2011-08-23,22384.02,13698.0,60.0,56.0,29617.26,14410.25,0.0,16072.71,25949.92,20272.0,26777.92,25716.530000000002,19541.81586575653,22932.307142857142,22925.841333333334,16888.271401299295,1,23,8,3,0,0.7818314824680298,0.6234898018587336,-0.8660254037844385,-0.5000000000000004
2011-08-24,38371.37,27328.0,72.0,59.0,22384.02,29617.26,14410.25,48554.44,19853.41,26572.829999999998,19676.55,26618.145714285714,19164.669691999974,22677.600000000002,22779.378,16872.758223362234,2,24,8,3,0,0.9749279121818236,-0.22252093395631434,-0.8660254037844385,-0.5000000000000004
2011-08-25,22441.26,13151.0,72.0,68.0,38371.37,22384.02,29617.26,54034.98,54325.27,62074.19,17284.3,25163.42142857143,17539.627045205794,24000.31142857143,23402.538666666667,17097.93487055368,3,25,8,3,0,0.43388373911755823,-0.900968867902419,-0.8660254037844385,-0.5000000000000004
2011-08-26,24095.49,16763.0,44.0,41.0,22441.26,38371.37,22384.02,17326.07,17970.17,19703.95,22846.13,20650.032857142858,12090.489616721778,21722.882142857146,23574.43733333333,17060.18420286799,4,26,8,3,0,-0.433883739117558,-0.9009688679024191,-0.8660254037844385,-0.5000000000000004
2011-08-27,0.0,0.0,0.0,0.0,24095.49,22441.26,38371.37,0.0,0.0,0.0,54171.95,21617.092857142856,12050.972613408589,22160.405000000002,23616.082666666665,17059.86993152281,5,27,8,3,1,-0.9749279121818236,-0.2225209339563146,-0.8660254037844385,-0.5000000000000004
2011-08-28,10686.56,6701.0,37.0,36.0,0.0,24095.49,22441.26,14410.25,5701.87,7541.91,17166.75,21617.092857142856,12050.972613408589,22160.405000000002,21810.351000000002,16574.153150260372,6,28,8,3,1,-0.7818314824680299,0.6234898018587334,-0.8660254037844385,-0.5000000000000004
2011-08-29,0.0,0.0,0.0,0.0,10686.56,0.0,24095.49,29617.26,17235.95,19743.98,0.0,21085.13714285714,12496.084533261761,22516.454285714288,21594.344666666668,16678.656566137375,0,29,8,3,0,0.0,1.0,-0.8660254037844385,-0.5000000000000004
2011-08-30,8805.17,4207.0,23.0,23.0,0.0,10686.56,0.0,22384.02,16072.71,25949.92,33112.36,16854.1,14043.901005588381,21285.315000000002,21594.344666666668,16678.656566137375,1,30,8,3,0,0.7818314824680298,0.6234898018587336,-0.8660254037844385,-0.5000000000000004
2011-08-31,20527.89,11542.0,42.0,39.0,8805.17,0.0,10686.56,38371.37,48554.44,19853.41,19778.12,14914.264285714284,14090.49001678182,20766.205000000005,20784.104999999996,16690.234211075367,2,31,8,3,0,0.9749279121818236,-0.22252093395631434,-0.8660254037844385,-0.5000000000000004
2011-09-01,37358.62,27850.0,76.0,69.0,20527.89,8805.17,0.0,22441.26,54034.98,54325.27,20272.0,12365.195714285714,10222.884333479205,18764.308571428573,20809.09733333333,16689.237213618268,3,1,9,3,0,0.43388373911755823,-0.900968867902419,-1.0,-1.8369701987210297e-16
2011-09-02,30203.86,15375.0,64.0,58.0,37358.62,20527.89,8805.17,24095.49,17326.07,17970.17,26572.829999999998,14496.247142857144,13652.830654431702,17573.140000000003,21378.65133333333,16959.642764802447,4,2,9,3,0,-0.433883739117558,-0.9009688679024191,-1.0,-1.8369701987210297e-16
2011-09-03,0.0,0.0,0.0,0.0,30203.86,37358.62,20527.89,0.0,0.0,0.0,62074.19,15368.871428571429,14535.3135243269,18492.98214285715,21499.685666666664,17010.869076376814,5,3,9,3,1,-0.9749279121818236,-0.2225209339563146,-1.0,-1.8369701987210297e-16
2011-09-04,16930.43,10863.0,49.0,45.0,0.0,30203.86,37358.62,10686.56,14410.25,5701.87,19703.95,15368.871428571429,14535.3135243269,18492.98214285715,19430.546,15624.059969891192,6,4,9,3,1,-0.7818314824680299,0.6234898018587334,-1.0,-1.8369701987210297e-16
2011-09-05,35439.909999999996,22266.0,67.0,57.0,16930.43,0.0,30203.86,0.0,29617.26,17235.95,0.0,16260.852857142858,14390.952274944262,18672.995000000003,19338.095333333335,15630.59076787783,0,5,9,3,0,0.0,1.0,-1.0,-1.8369701987210297e-16
2011-09-06,25466.97,14451.0,61.0,54.0,35439.909999999996,16930.43,0.0,8805.17,22384.02,16072.71,7541.91,21323.697142857145,13943.882742956634,19088.898571428574,20519.425666666666,15456.932301005507,1,6,9,3,0,0.7818314824680298,0.6234898018587336,-1.0,-1.8369701987210297e-16
2011-09-07,21967.42,13731.0,46.0,42.0,25466.97,35439.909999999996,16930.43,20527.89,38371.37,48554.44,19743.98,23703.954285714284,12828.256671474452,19309.109285714287,21116.92766666667,15283.457308170857,2,7,9,3,0,0.9749279121818236,-0.22252093395631434,-1.0,-1.8369701987210297e-16
2011-09-08,23048.38,15979.0,72.0,63.0,21967.42,25466.97,35439.909999999996,37358.62,22441.26,54034.98,25949.92,23909.60142857143,12780.30481588948,18137.398571428574,21191.042333333335,15281.960871009565,3,8,9,3,0,0.43388373911755823,-0.900968867902419,-1.0,-1.8369701987210297e-16
2011-09-09,25082.86,15989.0,58.0,52.0,23048.38,21967.42,25466.97,30203.86,24095.49,17326.07,19853.41,21865.28142857143,11333.049303547905,18180.76428571429,21094.324333333334,15259.969798457205,4,9,9,3,0,-0.433883739117558,-0.9009688679024191,-1.0,-1.8369701987210297e-16
2011-09-10,0.0,0.0,0.0,0.0,25082.86,23048.38,21967.42,0.0,0.0,0.0,54325.27,21133.71,10860.49861566831,18251.290714285715,21268.639333333336,15275.166510802817,5,10,9,3,1,-0.9749279121818236,-0.2225209339563146,-1.0,-1.8369701987210297e-16
2011-09-11,35206.92,20906.0,75.0,68.0,0.0,25082.86,23048.38,16930.43,10686.56,14410.25,17970.17,21133.71,10860.49861566831,18251.290714285715,19457.797000000002,14417.219512196643,6,11,9,3,1,-0.7818314824680299,0.6234898018587334,-1.0,-1.8369701987210297e-16
2011-09-12,27777.36,16323.0,67.0,62.0,35206.92,0.0,25082.86,35439.909999999996,0.0,29617.26,0.0,23744.637142857147,11834.776960397576,20002.745000000003,20032.355333333333,14696.643597878656,0,12,9,3,0,0.0,1.0,-1.0,-1.8369701987210297e-16
2011-09-13,48116.5,35000.0,63.0,61.0,27777.36,35206.92,0.0,25466.97,8805.17,22384.02,5701.87,22649.987142857142,10889.34731971376,21986.842142857146,20958.267333333333,14259.563160575002,1,13,9,3,0,0.7818314824680298,0.6234898018587336,-1.0,-1.8369701987210297e-16
2011-09-14,22013.75,13433.0,65.0,58.0,48116.5,27777.36,35206.92,21967.42,20527.89,38371.37,17235.95,25885.634285714284,14599.025697800142,24794.794285714288,22372.088333333333,14787.651362521967,2,14,9,3,0,0.9749279121818236,-0.22252093395631434,-1.0,-1.8369701987210297e-16
2011-09-15,71926.69,27638.0,79.0,70.0,22013.75,48116.5,27777.36,23048.38,37358.62,22441.26,16072.71,25892.25285714286,14596.96364570925,24900.927142857145,22531.34833333333,14756.123134341304,3,15,9,3,0,0.43388373911755823,-0.900968867902419,-1.0,-1.8369701987210297e-16
2011-09-16,23245.03,14125.0,46.0,44.0,71926.69,22013.75,48116.5,25082.86,30203.86,24095.49,48554.44,32874.868571428575,22539.637015649012,27370.075000000004,24393.147666666668,17229.434312603615,4,16,9,3,0,-0.433883739117558,-0.9009688679024191,-1.0,-1.8369701987210297e-16
2011-09-17,0.0,0.0,0.0,0.0,23245.03,71926.69,22013.75,0.0,0.0,0.0,54034.98,32612.321428571428,22655.931148017622,26873.015714285717,23549.500666666667,16614.23020556195,5,17,9,3,1,-0.9749279121818236,-0.2225209339563146,-1.0,-1.8369701987210297e-16
2011-09-18,15639.55,8937.0,27.0,25.0,0.0,23245.03,71926.69,35206.92,16930.43,10686.56,17326.07,32612.321428571428,22655.931148017622,26873.015714285717,21748.33466666667,16116.85268866783,6,18,9,3,1,-0.7818314824680299,0.6234898018587334,-1.0,-1.8369701987210297e-16
2011-09-19,46588.21,29241.0,69.0,63.0,15639.55,0.0,23245.03,27777.36,35439.909999999996,0.0,0.0,29816.98285714286,23474.78399339579,26780.81,21692.117333333335,16135.740251789104,0,19,9,3,0,0.0,1.0,-1.0,-1.8369701987210297e-16
2011-09-20,103377.68,42599.0,67.0,53.0,46588.21,15639.55,0.0,48116.5,25466.97,8805.17,14410.25,32504.24714285714,24265.74119449252,27577.117142857143,23245.057666666668,16217.721316213236,1,20,9,3,0,0.7818314824680298,0.6234898018587336,-1.0,-1.8369701987210297e-16
2011-09-21,38472.1,19615.0,67.0,65.0,103377.68,46588.21,15639.55,22013.75,21967.42,20527.89,29617.26,40398.701428571425,36230.74514070541,33142.16785714286,26210.63866666667,21740.446392891256,2,21,9,3,0,0.9749279121818236,-0.22252093395631434,-1.0,-1.8369701987210297e-16
2011-09-22,57734.979999999996,32749.0,111.0,94.0,38472.1,103377.68,46588.21,71926.69,23048.38,37358.62,22384.02,42749.89428571429,35362.43289089374,34321.07357142858,26505.8,21848.13416656177,3,22,9,3,0,0.43388373911755823,-0.900968867902419,-1.0,-1.8369701987210297e-16
2011-09-23,31753.75,19786.0,58.0,56.0,57734.979999999996,38472.1,103377.68,23245.03,25082.86,30203.86,38371.37,40722.50714285714,33782.40482632921,36798.68785714286,27684.16533333333,22559.88528460561,4,23,9,3,0,-0.433883739117558,-0.9009688679024191,-1.0,-1.8369701987210297e-16
2011-09-24,0.0,0.0,0.0,0.0,31753.75,57734.979999999996,38472.1,0.0,0.0,0.0,22441.26,41938.038571428566,33196.73436733271,37275.18,27463.577999999998,22484.009421414565,5,24,9,3,1,-0.9749279121818236,-0.2225209339563146,-1.0,-1.8369701987210297e-16
2011-09-25,31164.78,19424.0,75.0,74.0,0.0,31753.75,57734.979999999996,15639.55,35206.92,16930.43,24095.49,41938.038571428566,33196.73436733271,37275.18,26715.536,23023.696296657996,6,25,9,3,1,-0.7818314824680299,0.6234898018587334,-1.0,-1.8369701987210297e-16
2011-09-26,29265.51,15238.0,65.0,62.0,31164.78,0.0,31753.75,46588.21,27777.36,35439.909999999996,0.0,44155.92857142857,31628.46392800872,36986.455714285716,26951.179,23032.13081469203,0,26,9,3,0,0.0,1.0,-1.0,-1.8369701987210297e-16
2011-09-27,29212.32,19505.0,75.0,67.0,29265.51,31164.78,0.0,103377.68,48116.5,25466.97,10686.56,41681.25714285714,32080.884662056287,37092.75214285714,27926.696,22464.01990774884,1,27,9,3,0,0.7818314824680298,0.6234898018587336,-1.0,-1.8369701987210297e-16
2011-09-28,39001.909999999996,24026.0,80.0,72.0,29212.32,29265.51,31164.78,38472.1,22013.75,21967.42,0.0,31086.205714285712,17021.25612720545,35742.453571428574,28544.22133333333,22227.1377589524,2,28,9,3,0,0.9749279121818236,-0.22252093395631434,-1.0,-1.8369701987210297e-16
2011-09-29,44671.27,26957.0,103.0,93.0,39001.909999999996,29212.32,29265.51,57734.979999999996,71926.69,23048.38,8805.17,31161.89285714286,17060.704367158793,36955.89357142857,29844.284999999996,21632.677748313516,3,29,9,3,0,0.43388373911755823,-0.900968867902419,-1.0,-1.8369701987210297e-16
2011-09-30,40023.44,21646.0,70.0,60.0,44671.27,39001.909999999996,29212.32,31753.75,23245.03,25082.86,20527.89,29295.64857142857,14132.704608872577,35009.07785714286,31039.821666666667,21419.87921089905,4,30,9,3,0,-0.433883739117558,-0.9009688679024191,-1.0,-1.8369701987210297e-16
2011-10-01,0.0,0.0,0.0,0.0,40023.44,44671.27,39001.909999999996,0.0,0.0,0.0,37358.62,30477.032857142854,14706.424910323754,36207.53571428572,31689.673333333332,21385.671171499715,5,1,10,4,1,-0.9749279121818236,-0.2225209339563146,-0.8660254037844386,0.5000000000000001
2011-10-02,11479.98,8322.0,34.0,32.0,0.0,40023.44,44671.27,31164.78,15639.55,35206.92,30203.86,30477.032857142854,14706.424910323754,36207.53571428572,30444.386,22119.298202059195,6,2,10,4,1,-0.7818314824680299,0.6234898018587334,-0.8660254037844386,0.5000000000000001
2011-10-03,62143.07,24553.0,65.0,48.0,11479.98,0.0,40023.44,29265.51,46588.21,27777.36,0.0,27664.91857142857,16343.87100052641,35910.42357142857,29820.256666666668,22388.83800948304,0,3,10,4,0,0.0,1.0,-0.8660254037844386,0.5000000000000001
2011-10-04,38532.09,23016.0,74.0,65.0,62143.07,11479.98,0.0,29212.32,103377.68,48116.5,16930.43,32361.712857142855,20954.293962356685,37021.485,31891.692333333332,22409.460084828996,1,4,10,4,0,0.7818314824680298,0.6234898018587336,-0.8660254037844386,0.5000000000000001
2011-10-05,73975.57,45854.0,94.0,82.0,38532.09,62143.07,11479.98,39001.909999999996,38472.1,22013.75,35439.909999999996,33693.10857142857,21016.82337892468,32389.65714285714,32611.747666666666,22258.693967933596,2,5,10,4,0,0.9749279121818236,-0.22252093395631434,-0.8660254037844386,0.5000000000000001
2011-10-06,60258.53,34513.0,116.0,98.0,73975.57,38532.09,62143.07,44671.27,57734.979999999996,71926.69,25466.97,38689.345714285715,26044.826155010065,34925.61928571429,33896.26966666667,23504.586236535248,3,6,10,4,0,0.43388373911755823,-0.900968867902419,-0.8660254037844386,0.5000000000000001
2011-10-07,49089.47,29636.0,85.0,74.0,60258.53,73975.57,38532.09,40023.44,31753.75,23245.03,21967.42,40916.09714285714,27278.609311408418,35105.87285714286,35055.98833333333,23928.8232673258,4,7,10,4,0,-0.433883739117558,-0.9009688679024191,-0.8660254037844386,0.5000000000000001
2011-10-08,0.0,0.0,0.0,0.0,49089.47,60258.53,73975.57,0.0,0.0,0.0,23048.38,42211.24428571429,27443.883653807632,36344.13857142858,35960.056666666664,23929.621454663113,5,8,10,4,1,-0.9749279121818236,-0.2225209339563146,-0.8660254037844386,0.5000000000000001
2011-10-09,12215.51,7263.0,38.0,35.0,0.0,49089.47,60258.53,11479.98,31164.78,15639.55,25082.86,42211.24428571429,27443.883653807632,36344.13857142858,35191.777333333324,24715.542640938365,6,9,10,4,1,-0.7818314824680299,0.6234898018587334,-0.8660254037844386,0.5000000000000001
2011-10-10,42962.8,24990.0,90.0,83.0,12215.51,0.0,49089.47,62143.07,29265.51,46588.21,0.0,42316.32000000001,27307.681106308428,34990.61928571428,34762.865666666665,25006.952886548603,0,10,10,4,0,0.0,1.0,-0.8660254037844386,0.5000000000000001
2011-10-11,46401.14,26633.0,78.0,69.0,42962.8,12215.51,0.0,38532.09,29212.32,103377.68,35206.92,39576.281428571434,25913.381117486035,35968.99714285715,36194.959,24163.47945492059,1,11,10,4,0,0.7818314824680298,0.6234898018587336,-0.8660254037844386,0.5000000000000001
2011-10-12,27655.2,16151.0,82.0,73.0,46401.14,42962.8,12215.51,73975.57,39001.909999999996,38472.1,27777.36,40700.43142857143,26030.950462425466,37196.770000000004,36568.09966666667,24234.025191516295,2,12,10,4,0,0.9749279121818236,-0.22252093395631434,-0.8660254037844386,0.5000000000000001
2011-10-13,32850.25,17813.0,74.0,67.0,27655.2,46401.14,42962.8,60258.53,44671.27,57734.979999999996,48116.5,34083.235714285714,21687.533108879914,36386.290714285715,36564.02766666666,24235.563432373783,3,13,10,4,0,0.43388373911755823,-0.900968867902419,-0.8660254037844386,0.5000000000000001
2011-10-14,32071.62,17189.0,70.0,61.0,32850.25,27655.2,46401.14,49089.47,40023.44,31753.75,22013.75,30167.76714285714,18399.060292958555,35541.93214285715,36055.15266666666,24144.734148699597,4,14,10,4,0,-0.433883739117558,-0.9009688679024191,-0.8660254037844386,0.5000000000000001
2011-10-15,0.0,0.0,0.0,0.0,32071.62,32850.25,27655.2,0.0,0.0,0.0,71926.69,27736.645714285718,16509.461301871586,34973.945,36390.415,24012.506041159122,5,15,10,4,1,-0.9749279121818236,-0.2225209339563146,-0.8660254037844386,0.5000000000000001
2011-10-16,21767.94,8649.0,35.0,32.0,0.0,32071.62,32850.25,12215.51,11479.98,31164.78,23245.03,27736.645714285718,16509.461301871586,34973.945,33992.85866666667,23932.66424407978,6,16,10,4,1,-0.7818314824680299,0.6234898018587334,-0.8660254037844386,0.5000000000000001
2011-10-17,46868.65,30056.0,85.0,76.0,21767.94,0.0,32071.62,42962.8,62143.07,29265.51,0.0,29101.278571428575,15368.03017667352,35708.79928571429,33943.62233333333,23957.045040884994,0,17,10,4,0,0.0,1.0,-0.8660254037844386,0.5000000000000001
2011-10-18,37248.159999999996,26865.0,77.0,73.0,46868.65,21767.94,0.0,46401.14,38532.09,29212.32,15639.55,29659.257142857143,16012.58067702676,34617.76928571429,35505.91066666666,23182.874701710338,1,18,10,4,0,0.7818314824680298,0.6234898018587336,-0.8660254037844386,0.5000000000000001
2011-10-19,37227.88,18185.0,77.0,71.0,37248.159999999996,46868.65,21767.94,27655.2,73975.57,39001.909999999996,46588.21,28351.68857142857,14740.81123739852,34526.060000000005,36226.19766666667,22878.030004224114,2,19,10,4,0,0.9749279121818236,-0.22252093395631434,-0.8660254037844386,0.5000000000000001
2011-10-20,60910.3,40833.0,86.0,76.0,37227.88,37248.159999999996,46868.65,32850.25,60258.53,44671.27,103377.68,29719.214285714286,15104.965450206393,31901.225000000002,35914.18666666666,22795.519063099855,3,20,10,4,0,0.43388373911755823,-0.900968867902419,-0.8660254037844386,0.5000000000000001
2011-10-21,60364.01,24211.0,62.0,56.0,60910.3,37227.88,37248.159999999996,32071.62,49089.47,40023.44,38472.1,33727.79285714286,19233.47522662916,31947.78,34498.60733333333,19549.055709530632,4,21,10,4,0,-0.433883739117558,-0.9009688679024191,-0.8660254037844386,0.5000000000000001
2011-10-22,0.0,0.0,0.0,0.0,60364.01,60910.3,37227.88,0.0,0.0,0.0,57734.979999999996,37769.56285714286,21648.53050354899,32753.104285714286,35228.33766666667,20103.231010900046,5,22,10,4,1,-0.9749279121818236,-0.2225209339563146,-0.8660254037844386,0.5000000000000001
2011-10-23,12156.57,6953.0,42.0,39.0,0.0,60364.01,60910.3,21767.94,12215.51,11479.98,31753.75,37769.56285714286,21648.53050354899,32753.104285714286,33303.83833333333,20630.938359630112,6,23,10,4,1,-0.7818314824680299,0.6234898018587334,-0.8660254037844386,0.5000000000000001
2011-10-24,38897.89,23661.0,73.0,61.0,12156.57,0.0,60364.01,46868.65,42962.8,62143.07,0.0,36396.51,23089.42682909504,32748.894285714287,32650.599000000002,20988.860301310007,0,24,10,4,0,0.0,1.0,-0.8660254037844386,0.5000000000000001
2011-10-25,36113.86,25608.0,72.0,65.0,38897.89,12156.57,0.0,37248.159999999996,46401.14,38532.09,31164.78,35257.83,22679.817858266273,32458.543571428574,33947.19533333333,20084.277273117783,1,25,10,4,0,0.7818314824680298,0.6234898018587336,-0.8660254037844386,0.5000000000000001
2011-10-26,34105.36,20101.0,92.0,77.0,36113.86,38897.89,12156.57,37227.88,27655.2,73975.57,29265.51,35095.787142857145,22667.275961702828,31723.73785714286,34112.16466666667,20080.960074746385,2,26,10,4,0,0.9749279121818236,-0.22252093395631434,-0.8660254037844386,0.5000000000000001
2011-10-27,55747.2,32418.0,104.0,91.0,34105.36,36113.86,38897.89,60910.3,32850.25,60258.53,29212.32,34649.712857142855,22649.042096150355,32184.463571428572,34273.493,20060.110485561134,3,27,10,4,0,0.43388373911755823,-0.900968867902419,-0.8660254037844386,0.5000000000000001
2011-10-28,37194.58,22966.0,65.0,60.0,55747.2,34105.36,36113.86,60364.01,32071.62,49089.47,39001.909999999996,33912.12714285714,21716.16888055666,33819.96,35157.98900000001,20411.176428833533,4,28,10,4,0,-0.433883739117558,-0.9009688679024191,-0.8660254037844386,0.5000000000000001
2011-10-29,0.0,0.0,0.0,0.0,37194.58,55747.2,34105.36,0.0,0.0,0.0,44671.27,30602.20857142857,18546.946777111712,34185.885714285716,35097.74466666667,20402.104916689183,5,29,10,4,1,-0.9749279121818236,-0.2225209339563146,-0.8660254037844386,0.5000000000000001
2011-10-30,34397.95,19943.0,96.0,88.0,0.0,37194.58,55747.2,12156.57,21767.94,12215.51,40023.44,30602.20857142857,18546.94677711171,34185.885714285716,33608.702333333335,21290.124428444622,6,30,10,4,1,-0.7818314824680299,0.6234898018587334,-0.8660254037844386,0.5000000000000001
2011-10-31,33006.87,15161.0,63.0,61.0,34397.95,0.0,37194.58,38897.89,46868.65,42962.8,0.0,33779.54857142857,16670.498157292157,35088.029285714285,33421.186,21256.424366383886,0,31,10,4,0,0.0,1.0,-0.8660254037844386,0.5000000000000001
2011-11-01,29069.56,16530.0,76.0,74.0,33006.87,34397.95,0.0,36113.86,37248.159999999996,46401.14,11479.98,32937.974285714285,16517.036331822026,34097.90214285715,34521.415,20299.577536794983,1,1,11,4,0,0.7818314824680298,0.6234898018587336,-0.5000000000000004,0.8660254037844384
2011-11-02,38536.44,26592.0,83.0,79.0,29069.56,33006.87,34397.95,34105.36,37227.88,27655.2,62143.07,31931.645714285714,16505.87993100425,33513.71642857143,35107.734333333334,19860.38726074906,2,2,11,4,0,0.9749279121818236,-0.22252093395631434,-0.5000000000000004,0.8660254037844384
2011-11-03,60536.09,33435.0,100.0,86.0,38536.44,29069.56,33006.87,55747.2,60910.3,32850.25,38532.09,32564.657142857144,16687.109712090867,33607.185000000005,34320.846666666665,19209.269820621274,3,3,11,4,0,0.43388373911755823,-0.900968867902419,-0.5000000000000004,0.8660254037844384
2011-11-04,55716.47,33416.0,87.0,73.0,60536.09,38536.44,29069.56,37194.58,60364.01,32071.62,73975.57,33248.78428571428,17853.348595269985,33580.455714285716,35054.31333333334,19787.0129615549,4,4,11,4,0,-0.433883739117558,-0.9009688679024191,-0.5000000000000004,0.8660254037844384
2011-11-05,0.0,0.0,0.0,0.0,55716.47,60536.09,38536.44,0.0,0.0,0.0,60258.53,35894.76857142857,19801.81516949346,33248.48857142857,34445.676666666666,18804.986422467577,5,5,11,4,1,-0.9749279121818236,-0.2225209339563146,-0.5000000000000004,0.8660254037844384
2011-11-06,42508.59,23085.0,101.0,88.0,0.0,55716.47,60536.09,34397.95,12156.57,21767.94,49089.47,35894.76857142857,19801.81516949346,33248.48857142857,32437.059,19167.46778017513,6,6,11,4,1,-0.7818314824680299,0.6234898018587334,-0.5000000000000004,0.8660254037844384
2011-11-07,28602.73,16358.0,90.0,81.0,42508.59,0.0,55716.47,33006.87,38897.89,46868.65,0.0,37053.43142857143,19936.465646223452,35416.49,32217.696333333333,19007.305453251323,0,7,11,4,0,0.0,1.0,-0.5000000000000004,0.8660254037844384
2011-11-08,38151.91,21582.0,99.0,95.0,28602.73,42508.59,0.0,29069.56,36113.86,37248.159999999996,12215.51,36424.26857142857,20153.762050430716,34681.12142857143,33171.12066666667,18027.63170609287,1,8,11,4,0,0.7818314824680298,0.6234898018587336,-0.5000000000000004,0.8660254037844384
2011-11-09,61241.58,36888.0,118.0,101.0,38151.91,28602.73,42508.59,38536.44,34105.36,37227.88,42962.8,37721.74714285714,19892.01515241792,34826.69642857143,34035.66733333333,17604.97290519811,2,9,11,4,0,0.9749279121818236,-0.22252093395631434,-0.5000000000000004,0.8660254037844384
2011-11-10,70373.03,37955.0,125.0,112.0,61241.58,38151.91,28602.73,60536.09,55747.2,60910.3,46401.14,40965.33857142857,21806.062676207308,36764.99785714286,34644.96,18229.804998823183,3,10,11,4,0,0.43388373911755823,-0.900968867902419,-0.5000000000000004,0.8660254037844384
2011-11-11,36932.07,23844.0,93.0,87.0,70373.03,61241.58,38151.91,55716.47,37194.58,60364.01,27655.2,42370.61571428571,23526.582813821387,37809.700000000004,35444.023,19259.1940300729,4,11,11,4,0,-0.433883739117558,-0.9009688679024191,-0.5000000000000004,0.8660254037844384
2011-11-12,0.0,0.0,0.0,0.0,36932.07,70373.03,61241.58,0.0,0.0,0.0,32850.25,39687.13,22811.031239267413,37790.94928571429,35753.252,19204.22001833642,5,12,11,4,1,-0.9749279121818236,-0.2225209339563146,-0.5000000000000004,0.8660254037844384
2011-11-13,28416.01,19610.0,83.0,75.0,0.0,36932.07,70373.03,42508.59,34397.95,12156.57,32071.62,39687.13,22811.031239267413,37790.94928571429,34658.24366666666,20281.77051317941,6,13,11,4,1,-0.7818314824680299,0.6234898018587334,-0.5000000000000004,0.8660254037844384
2011-11-14,58595.22,32050.0,104.0,93.0,28416.01,0.0,36932.07,28602.73,33006.87,38897.89,0.0,37673.904285714285,23140.026081370976,37363.66785714286,34536.39,20308.810427991542,0,14,11,4,0,0.0,1.0,-0.5000000000000004,0.8660254037844384
2011-11-15,47535.51,26773.0,104.0,93.0,58595.22,28416.01,0.0,38151.91,29069.56,36113.86,21767.94,41958.54571428571,23943.242001917002,39191.40714285715,36489.564,19680.73104150296,1,15,11,4,0,0.7818314824680298,0.6234898018587336,-0.5000000000000004,0.8660254037844384
2011-11-16,48154.12,29010.0,124.0,111.0,47535.51,58595.22,28416.01,61241.58,38536.44,34105.36,46868.65,43299.060000000005,23957.275271844544,40510.40357142857,37348.483,19578.100458994628,2,16,11,4,0,0.9749279121818236,-0.22252093395631434,-0.5000000000000004,0.8660254037844384
2011-11-17,55683.49,30235.0,136.0,125.0,48154.12,47535.51,58595.22,70373.03,60536.09,55747.2,37248.159999999996,41429.42285714286,22806.705932821405,41197.38071428571,37391.33200000001,19601.04821269545,3,17,11,4,0,0.43388373911755823,-0.900968867902419,-0.5000000000000004,0.8660254037844384
2011-11-18,36606.25,20224.0,103.0,98.0,55683.49,48154.12,47535.51,36932.07,55716.47,37194.58,37227.88,39330.91714285714,20229.90758373991,40850.76642857143,38005.843,19883.3542173604,4,18,11,4,0,-0.433883739117558,-0.9009688679024191,-0.5000000000000004,0.8660254037844384
2011-11-19,0.0,0.0,0.0,0.0,36606.25,55683.49,48154.12,0.0,0.0,0.0,60910.3,39284.37142857142,20236.7205140387,39485.750714285714,37985.122,19884.516785852575,5,19,11,4,1,-0.9749279121818236,-0.2225209339563146,-0.5000000000000004,0.8660254037844384
2011-11-20,29642.39,18457.0,98.0,91.0,0.0,36606.25,55683.49,28416.01,42508.59,34397.95,60364.01,39284.37142857142,20236.7205140387,39485.750714285714,35954.77866666667,20561.14775399399,6,20,11,4,1,-0.7818314824680299,0.6234898018587334,-0.5000000000000004,0.8660254037844384
2011-11-21,45202.01,24494.0,96.0,85.0,29642.39,0.0,36606.25,58595.22,28602.73,33006.87,0.0,39459.56857142858,20131.984545471783,38566.736428571436,34930.72466666667,20062.521406526757,0,21,11,4,0,0.0,1.0,-0.5000000000000004,0.8660254037844384
2011-11-22,49438.55,31596.0,130.0,120.0,45202.01,29642.39,0.0,47535.51,38151.91,29069.56,12156.57,37546.25285714286,18587.441321322956,39752.399285714295,36437.458333333336,19018.9330140777,1,22,11,4,0,0.7818314824680298,0.6234898018587336,-0.5000000000000004,0.8660254037844384
2011-11-23,71722.75,38287.0,130.0,107.0,49438.55,45202.01,29642.39,48154.12,61241.58,38536.44,38897.89,37818.11571428571,18770.908148950304,40558.587857142855,37680.191,18590.8856874494,2,23,11,4,0,0.9749279121818236,-0.22252093395631434,-0.5000000000000004,0.8660254037844384
2011-11-24,38359.69,22812.0,109.0,98.0,71722.75,49438.55,45202.01,55683.49,70373.03,60536.09,36113.86,41185.06285714286,22647.36506539685,41307.24285714286,38774.353,19603.40154035297,3,24,11,4,0,0.43388373911755823,-0.900968867902419,-0.5000000000000004,0.8660254037844384
2011-11-25,26542.33,14142.0,73.0,69.0,38359.69,71722.75,49438.55,36606.25,36932.07,55716.47,34105.36,38710.23428571429,21726.802853432648,39020.57571428572,38849.214,19597.178547748754,4,25,11,4,0,-0.433883739117558,-0.9009688679024191,-0.5000000000000004,0.8660254037844384
2011-11-26,0.0,0.0,0.0,0.0,26542.33,38359.69,71722.75,0.0,0.0,0.0,55747.2,37272.53142857143,22216.682889536292,38278.45142857143,38597.113000000005,19708.637524881706,5,26,11,4,1,-0.9749279121818236,-0.2225209339563146,-0.5000000000000004,0.8660254037844384
2011-11-27,16969.25,10307.0,56.0,51.0,0.0,26542.33,38359.69,29642.39,28416.01,42508.59,37194.58,37272.53142857143,22216.682889536292,38278.45142857143,36738.873,20641.85684846847,6,27,11,4,1,-0.7818314824680299,0.6234898018587334,-0.5000000000000004,0.8660254037844384
2011-11-28,51632.21,27932.0,114.0,97.0,16969.25,0.0,26542.33,45202.01,58595.22,28602.73,0.0,35462.08285714286,23425.577552554758,37460.82571428572,36064.69533333334,20954.380851591333,0,28,11,4,0,0.0,1.0,-0.5000000000000004,0.8660254037844384
2011-11-29,48640.57,25886.0,126.0,109.0,51632.21,16969.25,0.0,49438.55,47535.51,38151.91,34397.95,36380.682857142856,23990.43612001994,36963.46785714286,37785.769,19988.202258056714,1,29,11,4,0,0.7818314824680298,0.6234898018587336,-0.5000000000000004,0.8660254037844384
2011-11-30,41396.79,24423.0,99.0,92.0,48640.57,51632.21,16969.25,71722.75,48154.12,61241.58,33006.87,36266.68571428571,23919.838775820837,37042.400714285715,38260.52300000001,20073.920550802402,2,30,11,4,0,0.9749279121818236,-0.22252093395631434,-0.5000000000000004,0.8660254037844384
2011-12-01,44405.37,24810.0,118.0,111.0,41396.79,48640.57,51632.21,38359.69,55683.49,70373.03,29069.56,31934.405714285713,18577.571817150783,36559.73428571429,38540.187000000005,20056.639836483322,3,1,12,4,0,0.43388373911755823,-0.900968867902419,-2.4492935982947064e-16,1.0
2011-12-02,44526.1,25524.0,114.0,95.0,44405.37,41396.79,48640.57,26542.33,36606.25,36932.07,38536.44,32798.07428571429,19060.326404964715,35754.154285714285,39051.380666666664,20002.295791756816,4,2,12,4,0,-0.433883739117558,-0.9009688679024191,-2.4492935982947064e-16,1.0
2011-12-03,0.0,0.0,0.0,0.0,44526.1,44405.37,41396.79,0.0,0.0,0.0,60536.09,35367.184285714284,19287.241997517303,36319.85785714286,39251.036,20026.8567881782,5,3,12,4,1,-0.9749279121818236,-0.2225209339563146,-2.4492935982947064e-16,1.0
2011-12-04,20232.0,11321.0,62.0,58.0,0.0,44526.1,44405.37,16969.25,29642.39,28416.01,55716.47,35367.184285714284,19287.241997517303,36319.85785714286,37233.166333333334,20841.446732456265,6,4,12,4,1,-0.7818314824680299,0.6234898018587334,-2.4492935982947064e-16,1.0
2011-12-05,58081.09,38347.0,116.0,105.0,20232.0,0.0,44526.1,51632.21,45202.01,58595.22,0.0,35833.29142857143,18801.840554962902,35647.68714285715,36050.350666666665,20763.069594314966,0,5,12,4,0,0.0,1.0,-2.4492935982947064e-16,1.0
2011-12-06,45989.659999999996,27736.0,110.0,103.0,58081.09,20232.0,0.0,48640.57,49438.55,47535.51,42508.59,36754.560000000005,19834.619617850003,36567.62142857143,37986.386999999995,19978.717385082284,1,6,12,4,0,0.7818314824680298,0.6234898018587336,-2.4492935982947064e-16,1.0
2011-12-07,69230.6,41011.0,104.0,94.0,45989.659999999996,58081.09,20232.0,41396.79,71722.75,48154.12,28602.73,36375.85857142857,19593.701144307775,36321.272142857146,38102.42266666667,20015.962106742365,2,7,12,4,0,0.9749279121818236,-0.22252093395631434,-2.4492935982947064e-16,1.0
2011-12-08,50395.96,27476.0,113.0,105.0,69230.6,45989.659999999996,58081.09,44405.37,38359.69,55683.49,38151.91,40352.11714285715,23263.091667326255,36143.26142857143,39456.685000000005,20713.332289904167,3,8,12,4,0,0.43388373911755823,-0.900968867902419,-2.4492935982947064e-16,1.0
2011-12-09,184347.66,90553.0,41.0,35.0,50395.96,69230.6,45989.659999999996,44526.1,26542.33,36606.25,61241.58,41207.91571428571,23545.529603251565,37002.995,39864.81999999999,20807.152265329725,4,9,12,4,0,-0.433883739117558,-0.9009688679024191,-2.4492935982947064e-16,1.0
